truth,epsilon,n,replicate,q,selected,h2_loss,tv_loss
point_+0.0,0.0,100,0,-6.0,point_+0.0,0.0,0.0
point_+0.0,0.0,200,0,-6.0,point_+0.0,0.0,0.0
point_+0.0,0.0,400,0,-6.0,point_+0.0,0.0,0.0
point_+0.0,0.0,800,0,-6.0,point_+0.0,0.0,0.0
point_+0.0,0.0,1600,0,-6.0,point_+0.0,0.0,0.0
point_+0.0,0.0,100,1,-6.0,point_+0.0,0.0,0.0
point_+0.0,0.0,200,1,-6.0,point_+0.0,0.0,0.0
point_+0.0,0.0,400,1,-6.0,point_+0.0,0.0,0.0
point_+0.0,0.0,800,1,-6.0,point_+0.0,0.0,0.0
point_+0.0,0.0,1600,1,-6.0,point_+0.0,0.0,0.0
point_+0.0,0.0,100,2,-6.0,point_+0.0,0.0,0.0
point_+0.0,0.0,200,2,-6.0,point_+0.0,0.0,0.0
point_+0.0,0.0,400,2,-6.0,point_+0.0,0.0,0.0
point_+0.0,0.0,800,2,-6.0,point_+0.0,0.0,0.0
point_+0.0,0.0,1600,2,-6.0,point_+0.0,0.0,0.0
point_+0.0,0.0,100,3,-6.0,point_+0.0,0.0,0.0
point_+0.0,0.0,200,3,-6.0,point_+0.0,0.0,0.0
point_+0.0,0.0,400,3,-6.0,point_+0.0,0.0,0.0
point_+0.0,0.0,800,3,-6.0,point_+0.0,0.0,0.0
point_+0.0,0.0,1600,3,-6.0,point_+0.0,0.0,0.0
point_+0.0,0.0,100,4,-6.0,mix_-1.0_+0.5_w0.25,0.010624828263526075,0.11221544160342153
point_+0.0,0.0,200,4,-6.0,point_+0.0,0.0,0.0
point_+0.0,0.0,400,4,-6.0,point_+0.0,0.0,0.0
point_+0.0,0.0,800,4,-6.0,point_+0.0,0.0,0.0
point_+0.0,0.0,1600,4,-6.0,point_+0.0,0.0,0.0
point_+0.0,0.0,100,5,-6.0,point_+0.0,0.0,0.0
point_+0.0,0.0,200,5,-6.0,point_+0.0,0.0,0.0
point_+0.0,0.0,400,5,-6.0,point_+0.0,0.0,0.0
point_+0.0,0.0,800,5,-6.0,point_+0.0,0.0,0.0
point_+0.0,0.0,1600,5,-6.0,point_+0.0,0.0,0.0
point_+0.0,0.0,100,6,-6.0,mix_-0.5_+0.5_w0.50,0.0031927021410996796,0.058058797347417035
point_+0.0,0.0,200,6,-6.0,point_+0.0,0.0,0.0
point_+0.0,0.0,400,6,-6.0,point_+0.0,0.0,0.0
point_+0.0,0.0,800,6,-6.0,point_+0.0,0.0,0.0
point_+0.0,0.0,1600,6,-6.0,point_+0.0,0.0,0.0
point_+0.0,0.0,100,7,-6.0,mix_-0.5_+0.5_w0.50,0.0031927021410996796,0.058058797347417035
point_+0.0,0.0,200,7,-6.0,point_+0.0,0.0,0.0
point_+0.0,0.0,400,7,-6.0,point_+0.0,0.0,0.0
point_+0.0,0.0,800,7,-6.0,point_+0.0,0.0,0.0
point_+0.0,0.0,1600,7,-6.0,point_+0.0,0.0,0.0
point_+0.0,0.0,100,8,-6.0,point_+0.0,0.0,0.0
point_+0.0,0.0,200,8,-6.0,point_+0.0,0.0,0.0
point_+0.0,0.0,400,8,-6.0,point_+0.0,0.0,0.0
point_+0.0,0.0,800,8,-6.0,point_+0.0,0.0,0.0
point_+0.0,0.0,1600,8,-6.0,point_+0.0,0.0,0.0
point_+0.0,0.0,100,9,-6.0,point_+0.0,0.0,0.0
point_+0.0,0.0,200,9,-6.0,point_+0.0,0.0,0.0
point_+0.0,0.0,400,9,-6.0,mix_-0.5_+0.5_w0.50,0.0031927021410996796,0.058058797347417035
point_+0.0,0.0,800,9,-6.0,point_+0.0,0.0,0.0
point_+0.0,0.0,1600,9,-6.0,point_+0.0,0.0,0.0
point_+0.0,0.0,100,10,-6.0,point_+0.0,0.0,0.0
point_+0.0,0.0,200,10,-6.0,point_+0.0,0.0,0.0
point_+0.0,0.0,400,10,-6.0,point_+0.0,0.0,0.0
point_+0.0,0.0,800,10,-6.0,point_+0.0,0.0,0.0
point_+0.0,0.0,1600,10,-6.0,point_+0.0,0.0,0.0
point_+0.0,0.0,100,11,-6.0,mix_-0.5_+0.5_w0.25,0.009232113867112179,0.10690992617970946
point_+0.0,0.0,200,11,-6.0,point_+0.0,0.0,0.0
point_+0.0,0.0,400,11,-6.0,point_+0.0,0.0,0.0
point_+0.0,0.0,800,11,-6.0,point_+0.0,0.0,0.0
point_+0.0,0.0,1600,11,-6.0,point_+0.0,0.0,0.0
point_+0.0,0.0,100,12,-6.0,point_+0.0,0.0,0.0
point_+0.0,0.0,200,12,-6.0,point_+0.0,0.0,0.0
point_+0.0,0.0,400,12,-6.0,point_+0.0,0.0,0.0
point_+0.0,0.0,800,12,-6.0,point_+0.0,0.0,0.0
point_+0.0,0.0,1600,12,-6.0,point_+0.0,0.0,0.0
point_+0.0,0.0,100,13,-6.0,point_+0.0,0.0,0.0
point_+0.0,0.0,200,13,-6.0,point_+0.0,0.0,0.0
point_+0.0,0.0,400,13,-6.0,point_+0.0,0.0,0.0
point_+0.0,0.0,800,13,-6.0,point_+0.0,0.0,0.0
point_+0.0,0.0,1600,13,-6.0,point_+0.0,0.0,0.0
point_+0.0,0.0,100,14,-6.0,point_+0.0,0.0,0.0
point_+0.0,0.0,200,14,-6.0,point_+0.0,0.0,0.0
point_+0.0,0.0,400,14,-6.0,point_+0.0,0.0,0.0
point_+0.0,0.0,800,14,-6.0,point_+0.0,0.0,0.0
point_+0.0,0.0,1600,14,-6.0,point_+0.0,0.0,0.0
point_+0.0,0.0,100,15,-6.0,point_+0.0,0.0,0.0
point_+0.0,0.0,200,15,-6.0,point_+0.0,0.0,0.0
point_+0.0,0.0,400,15,-6.0,point_+0.0,0.0,0.0
point_+0.0,0.0,800,15,-6.0,point_+0.0,0.0,0.0
point_+0.0,0.0,1600,15,-6.0,point_+0.0,0.0,0.0
point_+0.0,0.0,100,16,-6.0,point_+0.0,0.0,0.0
point_+0.0,0.0,200,16,-6.0,point_+0.0,0.0,0.0
point_+0.0,0.0,400,16,-6.0,point_+0.0,0.0,0.0
point_+0.0,0.0,800,16,-6.0,point_+0.0,0.0,0.0
point_+0.0,0.0,1600,16,-6.0,point_+0.0,0.0,0.0
point_+0.0,0.0,100,17,-6.0,mix_-0.5_+0.5_w0.50,0.0031927021410996796,0.058058797347417035
point_+0.0,0.0,200,17,-6.0,mix_-0.5_+0.5_w0.50,0.0031927021410996796,0.058058797347417035
point_+0.0,0.0,400,17,-6.0,point_+0.0,0.0,0.0
point_+0.0,0.0,800,17,-6.0,point_+0.0,0.0,0.0
point_+0.0,0.0,1600,17,-6.0,point_+0.0,0.0,0.0
point_+0.0,0.0,100,18,-6.0,point_+0.0,0.0,0.0
point_+0.0,0.0,200,18,-6.0,point_+0.0,0.0,0.0
point_+0.0,0.0,400,18,-6.0,point_+0.0,0.0,0.0
point_+0.0,0.0,800,18,-6.0,point_+0.0,0.0,0.0
point_+0.0,0.0,1600,18,-6.0,point_+0.0,0.0,0.0
point_+0.0,0.0,100,19,-6.0,mix_-0.5_+0.5_w0.50,0.0031927021410996796,0.058058797347417035
point_+0.0,0.0,200,19,-6.0,point_+0.0,0.0,0.0
point_+0.0,0.0,400,19,-6.0,point_+0.0,0.0,0.0
point_+0.0,0.0,800,19,-6.0,point_+0.0,0.0,0.0
point_+0.0,0.0,1600,19,-6.0,point_+0.0,0.0,0.0
point_+0.0,0.0,100,20,-6.0,mix_-0.5_+0.5_w0.25,0.009232113867112179,0.10690992617970946
point_+0.0,0.0,200,20,-6.0,point_+0.0,0.0,0.0
point_+0.0,0.0,400,20,-6.0,point_+0.0,0.0,0.0
point_+0.0,0.0,800,20,-6.0,point_+0.0,0.0,0.0
point_+0.0,0.0,1600,20,-6.0,point_+0.0,0.0,0.0
point_+0.0,0.0,100,21,-6.0,mix_-0.5_+0.5_w0.50,0.0031927021410996796,0.058058797347417035
point_+0.0,0.0,200,21,-6.0,point_+0.0,0.0,0.0
point_+0.0,0.0,400,21,-6.0,point_+0.0,0.0,0.0
point_+0.0,0.0,800,21,-6.0,point_+0.0,0.0,0.0
point_+0.0,0.0,1600,21,-6.0,point_+0.0,0.0,0.0
point_+0.0,0.0,100,22,-6.0,point_+0.0,0.0,0.0
point_+0.0,0.0,200,22,-6.0,point_+0.0,0.0,0.0
point_+0.0,0.0,400,22,-6.0,point_+0.0,0.0,0.0
point_+0.0,0.0,800,22,-6.0,point_+0.0,0.0,0.0
point_+0.0,0.0,1600,22,-6.0,point_+0.0,0.0,0.0
point_+0.0,0.0,100,23,-6.0,point_+0.0,0.0,0.0
point_+0.0,0.0,200,23,-6.0,point_+0.0,0.0,0.0
point_+0.0,0.0,400,23,-6.0,point_+0.0,0.0,0.0
point_+0.0,0.0,800,23,-6.0,point_+0.0,0.0,0.0
point_+0.0,0.0,1600,23,-6.0,point_+0.0,0.0,0.0
point_+0.0,0.0,100,24,-6.0,point_+0.0,0.0,0.0
point_+0.0,0.0,200,24,-6.0,point_+0.0,0.0,0.0
point_+0.0,0.0,400,24,-6.0,point_+0.0,0.0,0.0
point_+0.0,0.0,800,24,-6.0,point_+0.0,0.0,0.0
point_+0.0,0.0,1600,24,-6.0,point_+0.0,0.0,0.0
point_+0.0,0.0,100,25,-6.0,mix_-0.5_+0.5_w0.50,0.0031927021410996796,0.058058797347417035
point_+0.0,0.0,200,25,-6.0,point_+0.0,0.0,0.0
point_+0.0,0.0,400,25,-6.0,point_+0.0,0.0,0.0
point_+0.0,0.0,800,25,-6.0,mix_-0.5_+0.5_w0.50,0.0031927021410996796,0.058058797347417035
point_+0.0,0.0,1600,25,-6.0,point_+0.0,0.0,0.0
point_+0.0,0.0,100,26,-6.0,mix_-0.5_+0.5_w0.50,0.0031927021410996796,0.058058797347417035
point_+0.0,0.0,200,26,-6.0,point_+0.0,0.0,0.0
point_+0.0,0.0,400,26,-6.0,mix_-0.5_+0.5_w0.50,0.0031927021410996796,0.058058797347417035
point_+0.0,0.0,800,26,-6.0,point_+0.0,0.0,0.0
point_+0.0,0.0,1600,26,-6.0,point_+0.0,0.0,0.0
point_+0.0,0.0,100,27,-6.0,point_+0.0,0.0,0.0
point_+0.0,0.0,200,27,-6.0,mix_-0.5_+0.5_w0.50,0.0031927021410996796,0.058058797347417035
point_+0.0,0.0,400,27,-6.0,point_+0.0,0.0,0.0
point_+0.0,0.0,800,27,-6.0,point_+0.0,0.0,0.0
point_+0.0,0.0,1600,27,-6.0,point_+0.0,0.0,0.0
point_+0.0,0.0,100,28,-6.0,mix_-0.5_+0.5_w0.25,0.009232113867112179,0.10690992617970946
point_+0.0,0.0,200,28,-6.0,mix_-0.5_+0.5_w0.50,0.0031927021410996796,0.058058797347417035
point_+0.0,0.0,400,28,-6.0,point_+0.0,0.0,0.0
point_+0.0,0.0,800,28,-6.0,point_+0.0,0.0,0.0
point_+0.0,0.0,1600,28,-6.0,point_+0.0,0.0,0.0
point_+0.0,0.0,100,29,-6.0,point_+0.0,0.0,0.0
point_+0.0,0.0,200,29,-6.0,point_+0.0,0.0,0.0
point_+0.0,0.0,400,29,-6.0,point_+0.0,0.0,0.0
point_+0.0,0.0,800,29,-6.0,point_+0.0,0.0,0.0
point_+0.0,0.0,1600,29,-6.0,point_+0.0,0.0,0.0
point_+0.0,0.0,100,30,-6.0,point_+0.0,0.0,0.0
point_+0.0,0.0,200,30,-6.0,point_+0.0,0.0,0.0
point_+0.0,0.0,400,30,-6.0,point_+0.0,0.0,0.0
point_+0.0,0.0,800,30,-6.0,point_+0.0,0.0,0.0
point_+0.0,0.0,1600,30,-6.0,point_+0.0,0.0,0.0
point_+0.0,0.0,100,31,-6.0,point_+0.0,0.0,0.0
point_+0.0,0.0,200,31,-6.0,point_+0.0,0.0,0.0
point_+0.0,0.0,400,31,-6.0,point_+0.0,0.0,0.0
point_+0.0,0.0,800,31,-6.0,point_+0.0,0.0,0.0
point_+0.0,0.0,1600,31,-6.0,point_+0.0,0.0,0.0
point_+0.0,0.0,100,32,-6.0,point_+0.0,0.0,0.0
point_+0.0,0.0,200,32,-6.0,point_+0.0,0.0,0.0
point_+0.0,0.0,400,32,-6.0,point_+0.0,0.0,0.0
point_+0.0,0.0,800,32,-6.0,point_+0.0,0.0,0.0
point_+0.0,0.0,1600,32,-6.0,point_+0.0,0.0,0.0
point_+0.0,0.0,100,33,-6.0,point_+0.0,0.0,0.0
point_+0.0,0.0,200,33,-6.0,point_+0.0,0.0,0.0
point_+0.0,0.0,400,33,-6.0,point_+0.0,0.0,0.0
point_+0.0,0.0,800,33,-6.0,point_+0.0,0.0,0.0
point_+0.0,0.0,1600,33,-6.0,point_+0.0,0.0,0.0
point_+0.0,0.0,100,34,-6.0,point_+0.0,0.0,0.0
point_+0.0,0.0,200,34,-6.0,mix_-0.5_+0.5_w0.25,0.009232113867112179,0.10690992617970946
point_+0.0,0.0,400,34,-6.0,point_+0.0,0.0,0.0
point_+0.0,0.0,800,34,-6.0,point_+0.0,0.0,0.0
point_+0.0,0.0,1600,34,-6.0,point_+0.0,0.0,0.0
point_+0.0,0.0,100,35,-6.0,mix_-0.5_+0.5_w0.75,0.009232113867112179,0.10690992617970946
point_+0.0,0.0,200,35,-6.0,point_+0.0,0.0,0.0
point_+0.0,0.0,400,35,-6.0,point_+0.0,0.0,0.0
point_+0.0,0.0,800,35,-6.0,point_+0.0,0.0,0.0
point_+0.0,0.0,1600,35,-6.0,point_+0.0,0.0,0.0
point_+0.0,0.0,100,36,-6.0,point_+0.0,0.0,0.0
point_+0.0,0.0,200,36,-6.0,mix_-0.5_+0.5_w0.50,0.0031927021410996796,0.058058797347417035
point_+0.0,0.0,400,36,-6.0,point_+0.0,0.0,0.0
point_+0.0,0.0,800,36,-6.0,point_+0.0,0.0,0.0
point_+0.0,0.0,1600,36,-6.0,point_+0.0,0.0,0.0
point_+0.0,0.0,100,37,-6.0,mix_-0.5_+1.0_w0.75,0.010624828263526075,0.11221544160342153
point_+0.0,0.0,200,37,-6.0,mix_-0.5_+0.5_w0.50,0.0031927021410996796,0.058058797347417035
point_+0.0,0.0,400,37,-6.0,point_+0.0,0.0,0.0
point_+0.0,0.0,800,37,-6.0,point_+0.0,0.0,0.0
point_+0.0,0.0,1600,37,-6.0,point_+0.0,0.0,0.0
point_+0.0,0.0,100,38,-6.0,point_+0.0,0.0,0.0
point_+0.0,0.0,200,38,-6.0,point_+0.0,0.0,0.0
point_+0.0,0.0,400,38,-6.0,point_+0.0,0.0,0.0
point_+0.0,0.0,800,38,-6.0,point_+0.0,0.0,0.0
point_+0.0,0.0,1600,38,-6.0,point_+0.0,0.0,0.0
point_+0.0,0.0,100,39,-6.0,point_+0.0,0.0,0.0
point_+0.0,0.0,200,39,-6.0,point_+0.0,0.0,0.0
point_+0.0,0.0,400,39,-6.0,point_+0.0,0.0,0.0
point_+0.0,0.0,800,39,-6.0,point_+0.0,0.0,0.0
point_+0.0,0.0,1600,39,-6.0,point_+0.0,0.0,0.0
point_+0.0,0.02,100,0,-6.0,mix_-0.5_+0.5_w0.25,0.009232113867112179,0.10690992617970946
point_+0.0,0.02,200,0,-6.0,point_+0.0,0.0,0.0
point_+0.0,0.02,400,0,-6.0,point_+0.0,0.0,0.0
point_+0.0,0.02,800,0,-6.0,point_+0.0,0.0,0.0
point_+0.0,0.02,1600,0,-6.0,point_+0.0,0.0,0.0
point_+0.0,0.02,100,1,-6.0,mix_-0.5_+0.5_w0.50,0.0031927021410996796,0.058058797347417035
point_+0.0,0.02,200,1,-6.0,point_+0.0,0.0,0.0
point_+0.0,0.02,400,1,-6.0,point_+0.0,0.0,0.0
point_+0.0,0.02,800,1,-6.0,point_+0.0,0.0,0.0
point_+0.0,0.02,1600,1,-6.0,point_+0.0,0.0,0.0
point_+0.0,0.02,100,2,-6.0,point_+0.0,0.0,0.0
point_+0.0,0.02,200,2,-6.0,point_+0.0,0.0,0.0
point_+0.0,0.02,400,2,-6.0,point_+0.0,0.0,0.0
point_+0.0,0.02,800,2,-6.0,mix_-0.5_+0.5_w0.50,0.0031927021410996796,0.058058797347417035
point_+0.0,0.02,1600,2,-6.0,point_+0.0,0.0,0.0
point_+0.0,0.02,100,3,-6.0,mix_-0.5_+0.5_w0.75,0.009232113867112179,0.10690992617970946
point_+0.0,0.02,200,3,-6.0,mix_-0.5_+0.5_w0.50,0.0031927021410996796,0.058058797347417035
point_+0.0,0.02,400,3,-6.0,point_+0.0,0.0,0.0
point_+0.0,0.02,800,3,-6.0,point_+0.0,0.0,0.0
point_+0.0,0.02,1600,3,-6.0,point_+0.0,0.0,0.0
point_+0.0,0.02,100,4,-6.0,mix_-1.0_+0.5_w0.25,0.010624828263526075,0.11221544160342153
point_+0.0,0.02,200,4,-6.0,point_+0.0,0.0,0.0
point_+0.0,0.02,400,4,-6.0,point_+0.0,0.0,0.0
point_+0.0,0.02,800,4,-6.0,point_+0.0,0.0,0.0
point_+0.0,0.02,1600,4,-6.0,point_+0.0,0.0,0.0
point_+0.0,0.02,100,5,-6.0,mix_-0.5_+0.5_w0.50,0.0031927021410996796,0.058058797347417035
point_+0.0,0.02,200,5,-6.0,point_+0.0,0.0,0.0
point_+0.0,0.02,400,5,-6.0,mix_-0.5_+0.5_w0.50,0.0031927021410996796,0.058058797347417035
point_+0.0,0.02,800,5,-6.0,point_+0.0,0.0,0.0
point_+0.0,0.02,1600,5,-6.0,point_+0.0,0.0,0.0
point_+0.0,0.02,100,6,-6.0,mix_-0.5_+0.5_w0.75,0.009232113867112179,0.10690992617970946
point_+0.0,0.02,200,6,-6.0,point_+0.0,0.0,0.0
point_+0.0,0.02,400,6,-6.0,point_+0.0,0.0,0.0
point_+0.0,0.02,800,6,-6.0,point_+0.0,0.0,0.0
point_+0.0,0.02,1600,6,-6.0,point_+0.0,0.0,0.0
point_+0.0,0.02,100,7,-6.0,mix_-0.5_+0.5_w0.75,0.009232113867112179,0.10690992617970946
point_+0.0,0.02,200,7,-6.0,mix_-0.5_+0.5_w0.50,0.0031927021410996796,0.058058797347417035
point_+0.0,0.02,400,7,-6.0,point_+0.0,0.0,0.0
point_+0.0,0.02,800,7,-6.0,point_+0.0,0.0,0.0
point_+0.0,0.02,1600,7,-6.0,point_+0.0,0.0,0.0
point_+0.0,0.02,100,8,-6.0,mix_-0.5_+0.5_w0.75,0.009232113867112179,0.10690992617970946
point_+0.0,0.02,200,8,-6.0,point_+0.0,0.0,0.0
point_+0.0,0.02,400,8,-6.0,point_+0.0,0.0,0.0
point_+0.0,0.02,800,8,-6.0,mix_-0.5_+0.5_w0.50,0.0031927021410996796,0.058058797347417035
point_+0.0,0.02,1600,8,-6.0,point_+0.0,0.0,0.0
point_+0.0,0.02,100,9,-6.0,mix_-0.5_+0.5_w0.25,0.009232113867112179,0.10690992617970946
point_+0.0,0.02,200,9,-6.0,point_+0.0,0.0,0.0
point_+0.0,0.02,400,9,-6.0,point_+0.0,0.0,0.0
point_+0.0,0.02,800,9,-6.0,point_+0.0,0.0,0.0
point_+0.0,0.02,1600,9,-6.0,point_+0.0,0.0,0.0
point_+0.0,0.02,100,10,-6.0,mix_-0.5_+1.0_w0.75,0.010624828263526075,0.11221544160342153
point_+0.0,0.02,200,10,-6.0,point_+0.0,0.0,0.0
point_+0.0,0.02,400,10,-6.0,point_+0.0,0.0,0.0
point_+0.0,0.02,800,10,-6.0,mix_-0.5_+0.5_w0.50,0.0031927021410996796,0.058058797347417035
point_+0.0,0.02,1600,10,-6.0,point_+0.0,0.0,0.0
point_+0.0,0.02,100,11,-6.0,point_+0.0,0.0,0.0
point_+0.0,0.02,200,11,-6.0,mix_-0.5_+0.5_w0.50,0.0031927021410996796,0.058058797347417035
point_+0.0,0.02,400,11,-6.0,point_+0.0,0.0,0.0
point_+0.0,0.02,800,11,-6.0,point_+0.0,0.0,0.0
point_+0.0,0.02,1600,11,-6.0,point_+0.0,0.0,0.0
point_+0.0,0.02,100,12,-6.0,mix_-0.5_+0.5_w0.50,0.0031927021410996796,0.058058797347417035
point_+0.0,0.02,200,12,-6.0,mix_-0.5_+0.5_w0.50,0.0031927021410996796,0.058058797347417035
point_+0.0,0.02,400,12,-6.0,point_+0.0,0.0,0.0
point_+0.0,0.02,800,12,-6.0,point_+0.0,0.0,0.0
point_+0.0,0.02,1600,12,-6.0,mix_-0.5_+0.5_w0.50,0.0031927021410996796,0.058058797347417035
point_+0.0,0.02,100,13,-6.0,point_+0.0,0.0,0.0
point_+0.0,0.02,200,13,-6.0,point_+0.0,0.0,0.0
point_+0.0,0.02,400,13,-6.0,point_+0.0,0.0,0.0
point_+0.0,0.02,800,13,-6.0,point_+0.0,0.0,0.0
point_+0.0,0.02,1600,13,-6.0,point_+0.0,0.0,0.0
point_+0.0,0.02,100,14,-6.0,mix_-0.5_+0.5_w0.50,0.0031927021410996796,0.058058797347417035
point_+0.0,0.02,200,14,-6.0,point_+0.0,0.0,0.0
point_+0.0,0.02,400,14,-6.0,mix_-0.5_+0.5_w0.50,0.0031927021410996796,0.058058797347417035
point_+0.0,0.02,800,14,-6.0,mix_-0.5_+0.5_w0.50,0.0031927021410996796,0.058058797347417035
point_+0.0,0.02,1600,14,-6.0,point_+0.0,0.0,0.0
point_+0.0,0.02,100,15,-6.0,point_+0.0,0.0,0.0
point_+0.0,0.02,200,15,-6.0,point_+0.0,0.0,0.0
point_+0.0,0.02,400,15,-6.0,point_+0.0,0.0,0.0
point_+0.0,0.02,800,15,-6.0,mix_-0.5_+0.5_w0.50,0.0031927021410996796,0.058058797347417035
point_+0.0,0.02,1600,15,-6.0,point_+0.0,0.0,0.0
point_+0.0,0.02,100,16,-6.0,mix_-0.5_+0.5_w0.50,0.0031927021410996796,0.058058797347417035
point_+0.0,0.02,200,16,-6.0,point_+0.0,0.0,0.0
point_+0.0,0.02,400,16,-6.0,mix_-0.5_+0.5_w0.50,0.0031927021410996796,0.058058797347417035
point_+0.0,0.02,800,16,-6.0,point_+0.0,0.0,0.0
point_+0.0,0.02,1600,16,-6.0,point_+0.0,0.0,0.0
point_+0.0,0.02,100,17,-6.0,mix_-0.5_+0.5_w0.50,0.0031927021410996796,0.058058797347417035
point_+0.0,0.02,200,17,-6.0,point_+0.0,0.0,0.0
point_+0.0,0.02,400,17,-6.0,point_+0.0,0.0,0.0
point_+0.0,0.02,800,17,-6.0,point_+0.0,0.0,0.0
point_+0.0,0.02,1600,17,-6.0,point_+0.0,0.0,0.0
point_+0.0,0.02,100,18,-6.0,point_+0.0,0.0,0.0
point_+0.0,0.02,200,18,-6.0,point_+0.0,0.0,0.0
point_+0.0,0.02,400,18,-6.0,point_+0.0,0.0,0.0
point_+0.0,0.02,800,18,-6.0,point_+0.0,0.0,0.0
point_+0.0,0.02,1600,18,-6.0,point_+0.0,0.0,0.0
point_+0.0,0.02,100,19,-6.0,point_+0.0,0.0,0.0
point_+0.0,0.02,200,19,-6.0,mix_-0.5_+0.5_w0.50,0.0031927021410996796,0.058058797347417035
point_+0.0,0.02,400,19,-6.0,point_+0.0,0.0,0.0
point_+0.0,0.02,800,19,-6.0,point_+0.0,0.0,0.0
point_+0.0,0.02,1600,19,-6.0,point_+0.0,0.0,0.0
point_+0.0,0.02,100,20,-6.0,point_+0.0,0.0,0.0
point_+0.0,0.02,200,20,-6.0,point_+0.0,0.0,0.0
point_+0.0,0.02,400,20,-6.0,point_+0.0,0.0,0.0
point_+0.0,0.02,800,20,-6.0,point_+0.0,0.0,0.0
point_+0.0,0.02,1600,20,-6.0,point_+0.0,0.0,0.0
point_+0.0,0.02,100,21,-6.0,point_+0.0,0.0,0.0
point_+0.0,0.02,200,21,-6.0,mix_-0.5_+0.5_w0.50,0.0031927021410996796,0.058058797347417035
point_+0.0,0.02,400,21,-6.0,point_+0.0,0.0,0.0
point_+0.0,0.02,800,21,-6.0,point_+0.0,0.0,0.0
point_+0.0,0.02,1600,21,-6.0,point_+0.0,0.0,0.0
point_+0.0,0.02,100,22,-6.0,mix_-0.5_+0.5_w0.50,0.0031927021410996796,0.058058797347417035
point_+0.0,0.02,200,22,-6.0,mix_-0.5_+0.5_w0.50,0.0031927021410996796,0.058058797347417035
point_+0.0,0.02,400,22,-6.0,point_+0.0,0.0,0.0
point_+0.0,0.02,800,22,-6.0,mix_-0.5_+0.5_w0.50,0.0031927021410996796,0.058058797347417035
point_+0.0,0.02,1600,22,-6.0,point_+0.0,0.0,0.0
point_+0.0,0.02,100,23,-6.0,mix_-0.5_+0.5_w0.50,0.0031927021410996796,0.058058797347417035
point_+0.0,0.02,200,23,-6.0,mix_-0.5_+0.5_w0.25,0.009232113867112179,0.10690992617970946
point_+0.0,0.02,400,23,-6.0,point_+0.0,0.0,0.0
point_+0.0,0.02,800,23,-6.0,point_+0.0,0.0,0.0
point_+0.0,0.02,1600,23,-6.0,point_+0.0,0.0,0.0
point_+0.0,0.02,100,24,-6.0,mix_-0.5_+0.5_w0.50,0.0031927021410996796,0.058058797347417035
point_+0.0,0.02,200,24,-6.0,point_+0.0,0.0,0.0
point_+0.0,0.02,400,24,-6.0,mix_-0.5_+0.5_w0.50,0.0031927021410996796,0.058058797347417035
point_+0.0,0.02,800,24,-6.0,point_+0.0,0.0,0.0
point_+0.0,0.02,1600,24,-6.0,mix_-0.5_+0.5_w0.50,0.0031927021410996796,0.058058797347417035
point_+0.0,0.02,100,25,-6.0,mix_-0.5_+1.0_w0.75,0.010624828263526075,0.11221544160342153
point_+0.0,0.02,200,25,-6.0,mix_-0.5_+0.5_w0.50,0.0031927021410996796,0.058058797347417035
point_+0.0,0.02,400,25,-6.0,point_+0.0,0.0,0.0
point_+0.0,0.02,800,25,-6.0,point_+0.0,0.0,0.0
point_+0.0,0.02,1600,25,-6.0,mix_-0.5_+0.5_w0.50,0.0031927021410996796,0.058058797347417035
point_+0.0,0.02,100,26,-6.0,mix_-0.5_+0.5_w0.25,0.009232113867112179,0.10690992617970946
point_+0.0,0.02,200,26,-6.0,point_+0.0,0.0,0.0
point_+0.0,0.02,400,26,-6.0,point_+0.0,0.0,0.0
point_+0.0,0.02,800,26,-6.0,point_+0.0,0.0,0.0
point_+0.0,0.02,1600,26,-6.0,point_+0.0,0.0,0.0
point_+0.0,0.02,100,27,-6.0,point_+0.0,0.0,0.0
point_+0.0,0.02,200,27,-6.0,point_+0.0,0.0,0.0
point_+0.0,0.02,400,27,-6.0,point_+0.0,0.0,0.0
point_+0.0,0.02,800,27,-6.0,point_+0.0,0.0,0.0
point_+0.0,0.02,1600,27,-6.0,point_+0.0,0.0,0.0
point_+0.0,0.02,100,28,-6.0,point_+0.0,0.0,0.0
point_+0.0,0.02,200,28,-6.0,point_+0.0,0.0,0.0
point_+0.0,0.02,400,28,-6.0,point_+0.0,0.0,0.0
point_+0.0,0.02,800,28,-6.0,point_+0.0,0.0,0.0
point_+0.0,0.02,1600,28,-6.0,point_+0.0,0.0,0.0
point_+0.0,0.02,100,29,-6.0,mix_-0.5_+0.5_w0.75,0.009232113867112179,0.10690992617970946
point_+0.0,0.02,200,29,-6.0,point_+0.0,0.0,0.0
point_+0.0,0.02,400,29,-6.0,point_+0.0,0.0,0.0
point_+0.0,0.02,800,29,-6.0,point_+0.0,0.0,0.0
point_+0.0,0.02,1600,29,-6.0,point_+0.0,0.0,0.0
point_+0.0,0.02,100,30,-6.0,point_+0.0,0.0,0.0
point_+0.0,0.02,200,30,-6.0,point_+0.0,0.0,0.0
point_+0.0,0.02,400,30,-6.0,mix_-0.5_+0.5_w0.50,0.0031927021410996796,0.058058797347417035
point_+0.0,0.02,800,30,-6.0,point_+0.0,0.0,0.0
point_+0.0,0.02,1600,30,-6.0,mix_-0.5_+0.5_w0.50,0.0031927021410996796,0.058058797347417035
point_+0.0,0.02,100,31,-6.0,mix_-0.5_+0.5_w0.50,0.0031927021410996796,0.058058797347417035
point_+0.0,0.02,200,31,-6.0,point_+0.0,0.0,0.0
point_+0.0,0.02,400,31,-6.0,point_+0.0,0.0,0.0
point_+0.0,0.02,800,31,-6.0,point_+0.0,0.0,0.0
point_+0.0,0.02,1600,31,-6.0,point_+0.0,0.0,0.0
point_+0.0,0.02,100,32,-6.0,mix_-0.5_+0.5_w0.50,0.0031927021410996796,0.058058797347417035
point_+0.0,0.02,200,32,-6.0,mix_-0.5_+0.5_w0.50,0.0031927021410996796,0.058058797347417035
point_+0.0,0.02,400,32,-6.0,point_+0.0,0.0,0.0
point_+0.0,0.02,800,32,-6.0,point_+0.0,0.0,0.0
point_+0.0,0.02,1600,32,-6.0,point_+0.0,0.0,0.0
point_+0.0,0.02,100,33,-6.0,point_+0.0,0.0,0.0
point_+0.0,0.02,200,33,-6.0,point_+0.0,0.0,0.0
point_+0.0,0.02,400,33,-6.0,point_+0.0,0.0,0.0
point_+0.0,0.02,800,33,-6.0,point_+0.0,0.0,0.0
point_+0.0,0.02,1600,33,-6.0,point_+0.0,0.0,0.0
point_+0.0,0.02,100,34,-6.0,mix_-0.5_+0.5_w0.25,0.009232113867112179,0.10690992617970946
point_+0.0,0.02,200,34,-6.0,mix_-0.5_+0.5_w0.50,0.0031927021410996796,0.058058797347417035
point_+0.0,0.02,400,34,-6.0,point_+0.0,0.0,0.0
point_+0.0,0.02,800,34,-6.0,point_+0.0,0.0,0.0
point_+0.0,0.02,1600,34,-6.0,point_+0.0,0.0,0.0
point_+0.0,0.02,100,35,-6.0,mix_-0.5_+0.5_w0.75,0.009232113867112179,0.10690992617970946
point_+0.0,0.02,200,35,-6.0,mix_-0.5_+0.5_w0.50,0.0031927021410996796,0.058058797347417035
point_+0.0,0.02,400,35,-6.0,point_+0.0,0.0,0.0
point_+0.0,0.02,800,35,-6.0,point_+0.0,0.0,0.0
point_+0.0,0.02,1600,35,-6.0,point_+0.0,0.0,0.0
point_+0.0,0.02,100,36,-6.0,point_+0.0,0.0,0.0
point_+0.0,0.02,200,36,-6.0,point_+0.0,0.0,0.0
point_+0.0,0.02,400,36,-6.0,point_+0.0,0.0,0.0
point_+0.0,0.02,800,36,-6.0,mix_-0.5_+0.5_w0.50,0.0031927021410996796,0.058058797347417035
point_+0.0,0.02,1600,36,-6.0,point_+0.0,0.0,0.0
point_+0.0,0.02,100,37,-6.0,point_+0.0,0.0,0.0
point_+0.0,0.02,200,37,-6.0,mix_-0.5_+0.5_w0.50,0.0031927021410996796,0.058058797347417035
point_+0.0,0.02,400,37,-6.0,point_+0.0,0.0,0.0
point_+0.0,0.02,800,37,-6.0,point_+0.0,0.0,0.0
point_+0.0,0.02,1600,37,-6.0,point_+0.0,0.0,0.0
point_+0.0,0.02,100,38,-6.0,point_+0.0,0.0,0.0
point_+0.0,0.02,200,38,-6.0,point_+0.0,0.0,0.0
point_+0.0,0.02,400,38,-6.0,point_+0.0,0.0,0.0
point_+0.0,0.02,800,38,-6.0,point_+0.0,0.0,0.0
point_+0.0,0.02,1600,38,-6.0,point_+0.0,0.0,0.0
point_+0.0,0.02,100,39,-6.0,mix_-0.5_+1.0_w0.75,0.010624828263526075,0.11221544160342153
point_+0.0,0.02,200,39,-6.0,point_+0.0,0.0,0.0
point_+0.0,0.02,400,39,-6.0,mix_-0.5_+0.5_w0.50,0.0031927021410996796,0.058058797347417035
point_+0.0,0.02,800,39,-6.0,point_+0.0,0.0,0.0
point_+0.0,0.02,1600,39,-6.0,point_+0.0,0.0,0.0
point_+0.0,0.05,100,0,-6.0,mix_-0.5_+0.5_w0.50,0.0031927021410996796,0.058058797347417035
point_+0.0,0.05,200,0,-6.0,mix_-0.5_+0.5_w0.50,0.0031927021410996796,0.058058797347417035
point_+0.0,0.05,400,0,-6.0,mix_-0.5_+0.5_w0.50,0.0031927021410996796,0.058058797347417035
point_+0.0,0.05,800,0,-6.0,point_+0.0,0.0,0.0
point_+0.0,0.05,1600,0,-6.0,mix_-0.5_+0.5_w0.50,0.0031927021410996796,0.058058797347417035
point_+0.0,0.05,100,1,-6.0,mix_-0.5_+0.5_w0.50,0.0031927021410996796,0.058058797347417035
point_+0.0,0.05,200,1,-6.0,mix_-0.5_+0.5_w0.50,0.0031927021410996796,0.058058797347417035
point_+0.0,0.05,400,1,-6.0,point_+0.0,0.0,0.0
point_+0.0,0.05,800,1,-6.0,mix_-0.5_+0.5_w0.50,0.0031927021410996796,0.058058797347417035
point_+0.0,0.05,1600,1,-6.0,point_+0.0,0.0,0.0
point_+0.0,0.05,100,2,-6.0,mix_-0.5_+1.0_w0.75,0.010624828263526075,0.11221544160342153
point_+0.0,0.05,200,2,-6.0,mix_-0.5_+0.5_w0.50,0.0031927021410996796,0.058058797347417035
point_+0.0,0.05,400,2,-6.0,point_+0.0,0.0,0.0
point_+0.0,0.05,800,2,-6.0,mix_-0.5_+0.5_w0.50,0.0031927021410996796,0.058058797347417035
point_+0.0,0.05,1600,2,-6.0,point_+0.0,0.0,0.0
point_+0.0,0.05,100,3,-6.0,point_+0.0,0.0,0.0
point_+0.0,0.05,200,3,-6.0,mix_-0.5_+1.0_w0.75,0.010624828263526075,0.11221544160342153
point_+0.0,0.05,400,3,-6.0,mix_-0.5_+0.5_w0.50,0.0031927021410996796,0.058058797347417035
point_+0.0,0.05,800,3,-6.0,mix_-0.5_+0.5_w0.50,0.0031927021410996796,0.058058797347417035
point_+0.0,0.05,1600,3,-6.0,mix_-0.5_+0.5_w0.50,0.0031927021410996796,0.058058797347417035
point_+0.0,0.05,100,4,-6.0,point_+0.0,0.0,0.0
point_+0.0,0.05,200,4,-6.0,mix_-0.5_+0.5_w0.25,0.009232113867112179,0.10690992617970946
point_+0.0,0.05,400,4,-6.0,mix_-0.5_+0.5_w0.50,0.0031927021410996796,0.058058797347417035
point_+0.0,0.05,800,4,-6.0,point_+0.0,0.0,0.0
point_+0.0,0.05,1600,4,-6.0,mix_-0.5_+0.5_w0.50,0.0031927021410996796,0.058058797347417035
point_+0.0,0.05,100,5,-6.0,point_+0.0,0.0,0.0
point_+0.0,0.05,200,5,-6.0,point_+0.0,0.0,0.0
point_+0.0,0.05,400,5,-6.0,mix_-0.5_+0.5_w0.50,0.0031927021410996796,0.058058797347417035
point_+0.0,0.05,800,5,-6.0,point_+0.0,0.0,0.0
point_+0.0,0.05,1600,5,-6.0,mix_-0.5_+0.5_w0.50,0.0031927021410996796,0.058058797347417035
point_+0.0,0.05,100,6,-6.0,mix_-1.0_+0.5_w0.25,0.010624828263526075,0.11221544160342153
point_+0.0,0.05,200,6,-6.0,mix_-1.0_+0.5_w0.25,0.010624828263526075,0.11221544160342153
point_+0.0,0.05,400,6,-6.0,mix_-0.5_+0.5_w0.50,0.0031927021410996796,0.058058797347417035
point_+0.0,0.05,800,6,-6.0,mix_-0.5_+0.5_w0.50,0.0031927021410996796,0.058058797347417035
point_+0.0,0.05,1600,6,-6.0,point_+0.0,0.0,0.0
point_+0.0,0.05,100,7,-6.0,point_+0.0,0.0,0.0
point_+0.0,0.05,200,7,-6.0,mix_-0.5_+0.5_w0.50,0.0031927021410996796,0.058058797347417035
point_+0.0,0.05,400,7,-6.0,mix_-0.5_+0.5_w0.50,0.0031927021410996796,0.058058797347417035
point_+0.0,0.05,800,7,-6.0,mix_-0.5_+0.5_w0.50,0.0031927021410996796,0.058058797347417035
point_+0.0,0.05,1600,7,-6.0,mix_-0.5_+0.5_w0.50,0.0031927021410996796,0.058058797347417035
point_+0.0,0.05,100,8,-6.0,mix_-1.0_+0.5_w0.25,0.010624828263526075,0.11221544160342153
point_+0.0,0.05,200,8,-6.0,mix_-0.5_+0.5_w0.50,0.0031927021410996796,0.058058797347417035
point_+0.0,0.05,400,8,-6.0,mix_-0.5_+1.0_w0.75,0.010624828263526075,0.11221544160342153
point_+0.0,0.05,800,8,-6.0,mix_-0.5_+0.5_w0.50,0.0031927021410996796,0.058058797347417035
point_+0.0,0.05,1600,8,-6.0,mix_-0.5_+0.5_w0.50,0.0031927021410996796,0.058058797347417035
point_+0.0,0.05,100,9,-6.0,mix_-0.5_+0.5_w0.50,0.0031927021410996796,0.058058797347417035
point_+0.0,0.05,200,9,-6.0,point_+0.0,0.0,0.0
point_+0.0,0.05,400,9,-6.0,mix_-0.5_+0.5_w0.50,0.0031927021410996796,0.058058797347417035
point_+0.0,0.05,800,9,-6.0,point_+0.0,0.0,0.0
point_+0.0,0.05,1600,9,-6.0,mix_-0.5_+0.5_w0.50,0.0031927021410996796,0.058058797347417035
point_+0.0,0.05,100,10,-6.0,point_+0.0,0.0,0.0
point_+0.0,0.05,200,10,-6.0,point_+0.0,0.0,0.0
point_+0.0,0.05,400,10,-6.0,mix_-0.5_+0.5_w0.50,0.0031927021410996796,0.058058797347417035
point_+0.0,0.05,800,10,-6.0,point_+0.0,0.0,0.0
point_+0.0,0.05,1600,10,-6.0,mix_-0.5_+0.5_w0.50,0.0031927021410996796,0.058058797347417035
point_+0.0,0.05,100,11,-6.0,point_+0.0,0.0,0.0
point_+0.0,0.05,200,11,-6.0,mix_-0.5_+0.5_w0.50,0.0031927021410996796,0.058058797347417035
point_+0.0,0.05,400,11,-6.0,mix_-0.5_+0.5_w0.50,0.0031927021410996796,0.058058797347417035
point_+0.0,0.05,800,11,-6.0,mix_-0.5_+0.5_w0.50,0.0031927021410996796,0.058058797347417035
point_+0.0,0.05,1600,11,-6.0,mix_-0.5_+0.5_w0.50,0.0031927021410996796,0.058058797347417035
point_+0.0,0.05,100,12,-6.0,mix_-1.0_+0.5_w0.25,0.010624828263526075,0.11221544160342153
point_+0.0,0.05,200,12,-6.0,mix_-0.5_+0.5_w0.75,0.009232113867112179,0.10690992617970946
point_+0.0,0.05,400,12,-6.0,point_+0.0,0.0,0.0
point_+0.0,0.05,800,12,-6.0,point_+0.0,0.0,0.0
point_+0.0,0.05,1600,12,-6.0,mix_-0.5_+0.5_w0.50,0.0031927021410996796,0.058058797347417035
point_+0.0,0.05,100,13,-6.0,mix_-0.5_+0.5_w0.50,0.0031927021410996796,0.058058797347417035
point_+0.0,0.05,200,13,-6.0,mix_-0.5_+0.5_w0.50,0.0031927021410996796,0.058058797347417035
point_+0.0,0.05,400,13,-6.0,mix_-0.5_+0.5_w0.50,0.0031927021410996796,0.058058797347417035
point_+0.0,0.05,800,13,-6.0,point_+0.0,0.0,0.0
point_+0.0,0.05,1600,13,-6.0,mix_-0.5_+0.5_w0.50,0.0031927021410996796,0.058058797347417035
point_+0.0,0.05,100,14,-6.0,mix_-0.5_+0.5_w0.75,0.009232113867112179,0.10690992617970946
point_+0.0,0.05,200,14,-6.0,mix_-0.5_+0.5_w0.75,0.009232113867112179,0.10690992617970946
point_+0.0,0.05,400,14,-6.0,point_+0.0,0.0,0.0
point_+0.0,0.05,800,14,-6.0,mix_-0.5_+1.0_w0.75,0.010624828263526075,0.11221544160342153
point_+0.0,0.05,1600,14,-6.0,point_+0.0,0.0,0.0
point_+0.0,0.05,100,15,-6.0,mix_-0.5_+0.5_w0.50,0.0031927021410996796,0.058058797347417035
point_+0.0,0.05,200,15,-6.0,point_+0.0,0.0,0.0
point_+0.0,0.05,400,15,-6.0,point_+0.0,0.0,0.0
point_+0.0,0.05,800,15,-6.0,mix_-0.5_+0.5_w0.50,0.0031927021410996796,0.058058797347417035
point_+0.0,0.05,1600,15,-6.0,mix_-0.5_+0.5_w0.50,0.0031927021410996796,0.058058797347417035
point_+0.0,0.05,100,16,-6.0,mix_-0.5_+0.5_w0.50,0.0031927021410996796,0.058058797347417035
point_+0.0,0.05,200,16,-6.0,mix_-0.5_+0.5_w0.50,0.0031927021410996796,0.058058797347417035
point_+0.0,0.05,400,16,-6.0,point_+0.0,0.0,0.0
point_+0.0,0.05,800,16,-6.0,point_+0.0,0.0,0.0
point_+0.0,0.05,1600,16,-6.0,point_+0.0,0.0,0.0
point_+0.0,0.05,100,17,-6.0,mix_-0.5_+1.0_w0.50,0.019355627343942024,0.142027167605705
point_+0.0,0.05,200,17,-6.0,mix_-0.5_+0.5_w0.50,0.0031927021410996796,0.058058797347417035
point_+0.0,0.05,400,17,-6.0,mix_-0.5_+0.5_w0.50,0.0031927021410996796,0.058058797347417035
point_+0.0,0.05,800,17,-6.0,mix_-0.5_+0.5_w0.50,0.0031927021410996796,0.058058797347417035
point_+0.0,0.05,1600,17,-6.0,mix_-0.5_+0.5_w0.50,0.0031927021410996796,0.058058797347417035
point_+0.0,0.05,100,18,-6.0,mix_-0.5_+0.5_w0.50,0.0031927021410996796,0.058058797347417035
point_+0.0,0.05,200,18,-6.0,mix_-0.5_+0.5_w0.50,0.0031927021410996796,0.058058797347417035
point_+0.0,0.05,400,18,-6.0,point_+0.0,0.0,0.0
point_+0.0,0.05,800,18,-6.0,mix_-0.5_+0.5_w0.50,0.0031927021410996796,0.058058797347417035
point_+0.0,0.05,1600,18,-6.0,mix_-0.5_+0.5_w0.50,0.0031927021410996796,0.058058797347417035
point_+0.0,0.05,100,19,-6.0,point_+0.0,0.0,0.0
point_+0.0,0.05,200,19,-6.0,point_+0.0,0.0,0.0
point_+0.0,0.05,400,19,-6.0,mix_-0.5_+0.5_w0.50,0.0031927021410996796,0.058058797347417035
point_+0.0,0.05,800,19,-6.0,mix_-0.5_+0.5_w0.50,0.0031927021410996796,0.058058797347417035
point_+0.0,0.05,1600,19,-6.0,point_+0.0,0.0,0.0
point_+0.0,0.05,100,20,-6.0,point_+0.0,0.0,0.0
point_+0.0,0.05,200,20,-6.0,mix_-0.5_+0.5_w0.50,0.0031927021410996796,0.058058797347417035
point_+0.0,0.05,400,20,-6.0,mix_-0.5_+1.0_w0.75,0.010624828263526075,0.11221544160342153
point_+0.0,0.05,800,20,-6.0,mix_-0.5_+0.5_w0.50,0.0031927021410996796,0.058058797347417035
point_+0.0,0.05,1600,20,-6.0,point_+0.0,0.0,0.0
point_+0.0,0.05,100,21,-6.0,mix_-0.5_+0.5_w0.50,0.0031927021410996796,0.058058797347417035
point_+0.0,0.05,200,21,-6.0,mix_-0.5_+0.5_w0.50,0.0031927021410996796,0.058058797347417035
point_+0.0,0.05,400,21,-6.0,point_+0.0,0.0,0.0
point_+0.0,0.05,800,21,-6.0,mix_-0.5_+0.5_w0.50,0.0031927021410996796,0.058058797347417035
point_+0.0,0.05,1600,21,-6.0,mix_-0.5_+0.5_w0.50,0.0031927021410996796,0.058058797347417035
point_+0.0,0.05,100,22,-6.0,mix_-0.5_+0.5_w0.50,0.0031927021410996796,0.058058797347417035
point_+0.0,0.05,200,22,-6.0,point_+0.0,0.0,0.0
point_+0.0,0.05,400,22,-6.0,mix_-0.5_+0.5_w0.50,0.0031927021410996796,0.058058797347417035
point_+0.0,0.05,800,22,-6.0,point_+0.0,0.0,0.0
point_+0.0,0.05,1600,22,-6.0,point_+0.0,0.0,0.0
point_+0.0,0.05,100,23,-6.0,mix_-0.5_+0.5_w0.25,0.009232113867112179,0.10690992617970946
point_+0.0,0.05,200,23,-6.0,point_+0.0,0.0,0.0
point_+0.0,0.05,400,23,-6.0,mix_-0.5_+0.5_w0.50,0.0031927021410996796,0.058058797347417035
point_+0.0,0.05,800,23,-6.0,mix_-0.5_+0.5_w0.50,0.0031927021410996796,0.058058797347417035
point_+0.0,0.05,1600,23,-6.0,point_+0.0,0.0,0.0
point_+0.0,0.05,100,24,-6.0,mix_-0.5_+0.5_w0.50,0.0031927021410996796,0.058058797347417035
point_+0.0,0.05,200,24,-6.0,point_+0.0,0.0,0.0
point_+0.0,0.05,400,24,-6.0,mix_-0.5_+1.0_w0.75,0.010624828263526075,0.11221544160342153
point_+0.0,0.05,800,24,-6.0,mix_-0.5_+0.5_w0.50,0.0031927021410996796,0.058058797347417035
point_+0.0,0.05,1600,24,-6.0,mix_-0.5_+0.5_w0.50,0.0031927021410996796,0.058058797347417035
point_+0.0,0.05,100,25,-6.0,point_+0.0,0.0,0.0
point_+0.0,0.05,200,25,-6.0,mix_-0.5_+0.5_w0.25,0.009232113867112179,0.10690992617970946
point_+0.0,0.05,400,25,-6.0,point_+0.0,0.0,0.0
point_+0.0,0.05,800,25,-6.0,point_+0.0,0.0,0.0
point_+0.0,0.05,1600,25,-6.0,point_+0.0,0.0,0.0
point_+0.0,0.05,100,26,-6.0,mix_-0.5_+0.5_w0.50,0.0031927021410996796,0.058058797347417035
point_+0.0,0.05,200,26,-6.0,mix_-0.5_+0.5_w0.75,0.009232113867112179,0.10690992617970946
point_+0.0,0.05,400,26,-6.0,mix_-0.5_+0.5_w0.50,0.0031927021410996796,0.058058797347417035
point_+0.0,0.05,800,26,-6.0,point_+0.0,0.0,0.0
point_+0.0,0.05,1600,26,-6.0,mix_-0.5_+0.5_w0.50,0.0031927021410996796,0.058058797347417035
point_+0.0,0.05,100,27,-6.0,mix_-0.5_+0.5_w0.50,0.0031927021410996796,0.058058797347417035
point_+0.0,0.05,200,27,-6.0,point_+0.0,0.0,0.0
point_+0.0,0.05,400,27,-6.0,point_+0.0,0.0,0.0
point_+0.0,0.05,800,27,-6.0,point_+0.0,0.0,0.0
point_+0.0,0.05,1600,27,-6.0,point_+0.0,0.0,0.0
point_+0.0,0.05,100,28,-6.0,mix_-0.5_+0.5_w0.50,0.0031927021410996796,0.058058797347417035
point_+0.0,0.05,200,28,-6.0,point_+0.0,0.0,0.0
point_+0.0,0.05,400,28,-6.0,mix_-0.5_+0.5_w0.50,0.0031927021410996796,0.058058797347417035
point_+0.0,0.05,800,28,-6.0,point_+0.0,0.0,0.0
point_+0.0,0.05,1600,28,-6.0,point_+0.0,0.0,0.0
point_+0.0,0.05,100,29,-6.0,mix_-0.5_+0.5_w0.50,0.0031927021410996796,0.058058797347417035
point_+0.0,0.05,200,29,-6.0,mix_-0.5_+0.5_w0.50,0.0031927021410996796,0.058058797347417035
point_+0.0,0.05,400,29,-6.0,point_+0.0,0.0,0.0
point_+0.0,0.05,800,29,-6.0,point_+0.0,0.0,0.0
point_+0.0,0.05,1600,29,-6.0,point_+0.0,0.0,0.0
point_+0.0,0.05,100,30,-6.0,mix_-0.5_+0.5_w0.50,0.0031927021410996796,0.058058797347417035
point_+0.0,0.05,200,30,-6.0,mix_-0.5_+0.5_w0.50,0.0031927021410996796,0.058058797347417035
point_+0.0,0.05,400,30,-6.0,point_+0.0,0.0,0.0
point_+0.0,0.05,800,30,-6.0,mix_-0.5_+0.5_w0.50,0.0031927021410996796,0.058058797347417035
point_+0.0,0.05,1600,30,-6.0,point_+0.0,0.0,0.0
point_+0.0,0.05,100,31,-6.0,point_+0.0,0.0,0.0
point_+0.0,0.05,200,31,-6.0,point_+0.0,0.0,0.0
point_+0.0,0.05,400,31,-6.0,point_+0.0,0.0,0.0
point_+0.0,0.05,800,31,-6.0,mix_-0.5_+0.5_w0.50,0.0031927021410996796,0.058058797347417035
point_+0.0,0.05,1600,31,-6.0,mix_-0.5_+0.5_w0.50,0.0031927021410996796,0.058058797347417035
point_+0.0,0.05,100,32,-6.0,mix_-1.0_+0.5_w0.25,0.010624828263526075,0.11221544160342153
point_+0.0,0.05,200,32,-6.0,mix_-0.5_+0.5_w0.50,0.0031927021410996796,0.058058797347417035
point_+0.0,0.05,400,32,-6.0,point_+0.0,0.0,0.0
point_+0.0,0.05,800,32,-6.0,point_+0.0,0.0,0.0
point_+0.0,0.05,1600,32,-6.0,mix_-0.5_+0.5_w0.50,0.0031927021410996796,0.058058797347417035
point_+0.0,0.05,100,33,-6.0,mix_-0.5_+1.0_w0.75,0.010624828263526075,0.11221544160342153
point_+0.0,0.05,200,33,-6.0,mix_-0.5_+0.5_w0.50,0.0031927021410996796,0.058058797347417035
point_+0.0,0.05,400,33,-6.0,mix_-0.5_+0.5_w0.50,0.0031927021410996796,0.058058797347417035
point_+0.0,0.05,800,33,-6.0,mix_-0.5_+0.5_w0.50,0.0031927021410996796,0.058058797347417035
point_+0.0,0.05,1600,33,-6.0,mix_-0.5_+0.5_w0.50,0.0031927021410996796,0.058058797347417035
point_+0.0,0.05,100,34,-6.0,mix_-1.0_+0.5_w0.25,0.010624828263526075,0.11221544160342153
point_+0.0,0.05,200,34,-6.0,point_+0.0,0.0,0.0
point_+0.0,0.05,400,34,-6.0,point_+0.0,0.0,0.0
point_+0.0,0.05,800,34,-6.0,mix_-0.5_+0.5_w0.50,0.0031927021410996796,0.058058797347417035
point_+0.0,0.05,1600,34,-6.0,point_+0.0,0.0,0.0
point_+0.0,0.05,100,35,-6.0,point_+0.0,0.0,0.0
point_+0.0,0.05,200,35,-6.0,point_+0.0,0.0,0.0
point_+0.0,0.05,400,35,-6.0,mix_-0.5_+0.5_w0.50,0.0031927021410996796,0.058058797347417035
point_+0.0,0.05,800,35,-6.0,point_+0.0,0.0,0.0
point_+0.0,0.05,1600,35,-6.0,mix_-0.5_+0.5_w0.50,0.0031927021410996796,0.058058797347417035
point_+0.0,0.05,100,36,-6.0,mix_-1.0_+0.5_w0.25,0.010624828263526075,0.11221544160342153
point_+0.0,0.05,200,36,-6.0,point_+0.0,0.0,0.0
point_+0.0,0.05,400,36,-6.0,mix_-0.5_+0.5_w0.50,0.0031927021410996796,0.058058797347417035
point_+0.0,0.05,800,36,-6.0,mix_-0.5_+0.5_w0.50,0.0031927021410996796,0.058058797347417035
point_+0.0,0.05,1600,36,-6.0,mix_-0.5_+0.5_w0.50,0.0031927021410996796,0.058058797347417035
point_+0.0,0.05,100,37,-6.0,mix_-0.5_+0.5_w0.75,0.009232113867112179,0.10690992617970946
point_+0.0,0.05,200,37,-6.0,mix_-0.5_+0.5_w0.50,0.0031927021410996796,0.058058797347417035
point_+0.0,0.05,400,37,-6.0,point_+0.0,0.0,0.0
point_+0.0,0.05,800,37,-6.0,point_+0.0,0.0,0.0
point_+0.0,0.05,1600,37,-6.0,mix_-0.5_+0.5_w0.50,0.0031927021410996796,0.058058797347417035
point_+0.0,0.05,100,38,-6.0,mix_-1.0_+0.5_w0.50,0.019355627343942024,0.14202716760570502
point_+0.0,0.05,200,38,-6.0,mix_-0.5_+0.5_w0.50,0.0031927021410996796,0.058058797347417035
point_+0.0,0.05,400,38,-6.0,mix_-0.5_+0.5_w0.50,0.0031927021410996796,0.058058797347417035
point_+0.0,0.05,800,38,-6.0,mix_-0.5_+0.5_w0.50,0.0031927021410996796,0.058058797347417035
point_+0.0,0.05,1600,38,-6.0,point_+0.0,0.0,0.0
point_+0.0,0.05,100,39,-6.0,mix_-0.5_+0.5_w0.50,0.0031927021410996796,0.058058797347417035
point_+0.0,0.05,200,39,-6.0,mix_-0.5_+0.5_w0.50,0.0031927021410996796,0.058058797347417035
point_+0.0,0.05,400,39,-6.0,point_+0.0,0.0,0.0
point_+0.0,0.05,800,39,-6.0,point_+0.0,0.0,0.0
point_+0.0,0.05,1600,39,-6.0,point_+0.0,0.0,0.0
point_+0.0,0.1,100,0,-6.0,point_+0.0,0.0,0.0
point_+0.0,0.1,200,0,-6.0,mix_-0.5_+0.5_w0.50,0.0031927021410996796,0.058058797347417035
point_+0.0,0.1,400,0,-6.0,mix_-0.5_+0.5_w0.50,0.0031927021410996796,0.058058797347417035
point_+0.0,0.1,800,0,-6.0,mix_-0.5_+0.5_w0.50,0.0031927021410996796,0.058058797347417035
point_+0.0,0.1,1600,0,-6.0,mix_-0.5_+0.5_w0.50,0.0031927021410996796,0.058058797347417035
point_+0.0,0.1,100,1,-6.0,mix_-0.5_+0.5_w0.50,0.0031927021410996796,0.058058797347417035
point_+0.0,0.1,200,1,-6.0,point_+0.0,0.0,0.0
point_+0.0,0.1,400,1,-6.0,mix_-1.0_+0.5_w0.25,0.010624828263526075,0.11221544160342153
point_+0.0,0.1,800,1,-6.0,mix_-0.5_+0.5_w0.50,0.0031927021410996796,0.058058797347417035
point_+0.0,0.1,1600,1,-6.0,mix_-0.5_+0.5_w0.50,0.0031927021410996796,0.058058797347417035
point_+0.0,0.1,100,2,-6.0,point_+0.0,0.0,0.0
point_+0.0,0.1,200,2,-6.0,mix_-0.5_+0.5_w0.50,0.0031927021410996796,0.058058797347417035
point_+0.0,0.1,400,2,-6.0,mix_-0.5_+0.5_w0.50,0.0031927021410996796,0.058058797347417035
point_+0.0,0.1,800,2,-6.0,mix_-0.5_+0.5_w0.50,0.0031927021410996796,0.058058797347417035
point_+0.0,0.1,1600,2,-6.0,mix_-0.5_+0.5_w0.50,0.0031927021410996796,0.058058797347417035
point_+0.0,0.1,100,3,-6.0,point_+0.0,0.0,0.0
point_+0.0,0.1,200,3,-6.0,mix_-0.5_+0.5_w0.50,0.0031927021410996796,0.058058797347417035
point_+0.0,0.1,400,3,-6.0,mix_-0.5_+0.5_w0.50,0.0031927021410996796,0.058058797347417035
point_+0.0,0.1,800,3,-6.0,point_+0.0,0.0,0.0
point_+0.0,0.1,1600,3,-6.0,mix_-0.5_+0.5_w0.50,0.0031927021410996796,0.058058797347417035
point_+0.0,0.1,100,4,-6.0,mix_-1.0_+0.5_w0.50,0.019355627343942024,0.14202716760570502
point_+0.0,0.1,200,4,-6.0,mix_-0.5_+0.5_w0.50,0.0031927021410996796,0.058058797347417035
point_+0.0,0.1,400,4,-6.0,mix_-0.5_+0.5_w0.50,0.0031927021410996796,0.058058797347417035
point_+0.0,0.1,800,4,-6.0,mix_-0.5_+0.5_w0.50,0.0031927021410996796,0.058058797347417035
point_+0.0,0.1,1600,4,-6.0,mix_-0.5_+0.5_w0.50,0.0031927021410996796,0.058058797347417035
point_+0.0,0.1,100,5,-6.0,mix_-0.5_+1.0_w0.75,0.010624828263526075,0.11221544160342153
point_+0.0,0.1,200,5,-6.0,mix_-0.5_+0.5_w0.50,0.0031927021410996796,0.058058797347417035
point_+0.0,0.1,400,5,-6.0,mix_-0.5_+1.0_w0.75,0.010624828263526075,0.11221544160342153
point_+0.0,0.1,800,5,-6.0,mix_-0.5_+0.5_w0.50,0.0031927021410996796,0.058058797347417035
point_+0.0,0.1,1600,5,-6.0,mix_-0.5_+0.5_w0.50,0.0031927021410996796,0.058058797347417035
point_+0.0,0.1,100,6,-6.0,mix_-1.0_+0.5_w0.25,0.010624828263526075,0.11221544160342153
point_+0.0,0.1,200,6,-6.0,mix_-1.0_+0.5_w0.25,0.010624828263526075,0.11221544160342153
point_+0.0,0.1,400,6,-6.0,mix_-0.5_+0.5_w0.50,0.0031927021410996796,0.058058797347417035
point_+0.0,0.1,800,6,-6.0,mix_-0.5_+0.5_w0.50,0.0031927021410996796,0.058058797347417035
point_+0.0,0.1,1600,6,-6.0,mix_-0.5_+0.5_w0.50,0.0031927021410996796,0.058058797347417035
point_+0.0,0.1,100,7,-6.0,mix_-0.5_+0.5_w0.25,0.009232113867112179,0.10690992617970946
point_+0.0,0.1,200,7,-6.0,mix_-0.5_+0.5_w0.50,0.0031927021410996796,0.058058797347417035
point_+0.0,0.1,400,7,-6.0,mix_-0.5_+0.5_w0.50,0.0031927021410996796,0.058058797347417035
point_+0.0,0.1,800,7,-6.0,mix_-0.5_+0.5_w0.50,0.0031927021410996796,0.058058797347417035
point_+0.0,0.1,1600,7,-6.0,mix_-0.5_+0.5_w0.50,0.0031927021410996796,0.058058797347417035
point_+0.0,0.1,100,8,-6.0,mix_-1.0_+0.5_w0.25,0.010624828263526075,0.11221544160342153
point_+0.0,0.1,200,8,-6.0,mix_-1.0_+1.0_w0.525,0.035112875813237424,0.20718418174688202
point_+0.0,0.1,400,8,-6.0,mix_-0.5_+0.5_w0.50,0.0031927021410996796,0.058058797347417035
point_+0.0,0.1,800,8,-6.0,mix_-0.5_+0.5_w0.50,0.0031927021410996796,0.058058797347417035
point_+0.0,0.1,1600,8,-6.0,mix_-0.5_+0.5_w0.50,0.0031927021410996796,0.058058797347417035
point_+0.0,0.1,100,9,-6.0,point_+0.0,0.0,0.0
point_+0.0,0.1,200,9,-6.0,mix_-0.5_+0.5_w0.50,0.0031927021410996796,0.058058797347417035
point_+0.0,0.1,400,9,-6.0,mix_-0.5_+0.5_w0.50,0.0031927021410996796,0.058058797347417035
point_+0.0,0.1,800,9,-6.0,mix_-0.5_+1.0_w0.75,0.010624828263526075,0.11221544160342153
point_+0.0,0.1,1600,9,-6.0,mix_-0.5_+0.5_w0.50,0.0031927021410996796,0.058058797347417035
point_+0.0,0.1,100,10,-6.0,mix_-0.5_+0.5_w0.75,0.009232113867112179,0.10690992617970946
point_+0.0,0.1,200,10,-6.0,mix_-0.5_+0.5_w0.50,0.0031927021410996796,0.058058797347417035
point_+0.0,0.1,400,10,-6.0,point_+0.0,0.0,0.0
point_+0.0,0.1,800,10,-6.0,mix_-0.5_+0.5_w0.50,0.0031927021410996796,0.058058797347417035
point_+0.0,0.1,1600,10,-6.0,mix_-0.5_+0.5_w0.50,0.0031927021410996796,0.058058797347417035
point_+0.0,0.1,100,11,-6.0,mix_-1.0_+1.0_w0.525,0.035112875813237424,0.20718418174688202
point_+0.0,0.1,200,11,-6.0,mix_-0.5_+0.5_w0.50,0.0031927021410996796,0.058058797347417035
point_+0.0,0.1,400,11,-6.0,point_+0.0,0.0,0.0
point_+0.0,0.1,800,11,-6.0,mix_-0.5_+0.5_w0.50,0.0031927021410996796,0.058058797347417035
point_+0.0,0.1,1600,11,-6.0,mix_-0.5_+0.5_w0.50,0.0031927021410996796,0.058058797347417035
point_+0.0,0.1,100,12,-6.0,point_+0.0,0.0,0.0
point_+0.0,0.1,200,12,-6.0,point_+0.0,0.0,0.0
point_+0.0,0.1,400,12,-6.0,mix_-0.5_+0.5_w0.50,0.0031927021410996796,0.058058797347417035
point_+0.0,0.1,800,12,-6.0,mix_-0.5_+0.5_w0.50,0.0031927021410996796,0.058058797347417035
point_+0.0,0.1,1600,12,-6.0,mix_-0.5_+0.5_w0.50,0.0031927021410996796,0.058058797347417035
point_+0.0,0.1,100,13,-6.0,mix_-0.5_+0.5_w0.75,0.009232113867112179,0.10690992617970946
point_+0.0,0.1,200,13,-6.0,mix_-0.5_+1.0_w0.75,0.010624828263526075,0.11221544160342153
point_+0.0,0.1,400,13,-6.0,mix_-1.0_+0.5_w0.50,0.019355627343942024,0.14202716760570502
point_+0.0,0.1,800,13,-6.0,mix_-0.5_+0.5_w0.50,0.0031927021410996796,0.058058797347417035
point_+0.0,0.1,1600,13,-6.0,mix_-0.5_+0.5_w0.50,0.0031927021410996796,0.058058797347417035
point_+0.0,0.1,100,14,-6.0,mix_-0.5_+0.5_w0.50,0.0031927021410996796,0.058058797347417035
point_+0.0,0.1,200,14,-6.0,mix_-0.5_+1.0_w0.75,0.010624828263526075,0.11221544160342153
point_+0.0,0.1,400,14,-6.0,mix_-1.0_+0.5_w0.25,0.010624828263526075,0.11221544160342153
point_+0.0,0.1,800,14,-6.0,mix_-0.5_+0.5_w0.50,0.0031927021410996796,0.058058797347417035
point_+0.0,0.1,1600,14,-6.0,mix_-0.5_+0.5_w0.50,0.0031927021410996796,0.058058797347417035
point_+0.0,0.1,100,15,-6.0,mix_-0.5_+1.0_w0.75,0.010624828263526075,0.11221544160342153
point_+0.0,0.1,200,15,-6.0,mix_-0.5_+0.5_w0.50,0.0031927021410996796,0.058058797347417035
point_+0.0,0.1,400,15,-6.0,mix_-0.5_+0.5_w0.50,0.0031927021410996796,0.058058797347417035
point_+0.0,0.1,800,15,-6.0,mix_-0.5_+0.5_w0.50,0.0031927021410996796,0.058058797347417035
point_+0.0,0.1,1600,15,-6.0,mix_-0.5_+0.5_w0.50,0.0031927021410996796,0.058058797347417035
point_+0.0,0.1,100,16,-6.0,mix_-0.5_+0.5_w0.50,0.0031927021410996796,0.058058797347417035
point_+0.0,0.1,200,16,-6.0,point_+0.0,0.0,0.0
point_+0.0,0.1,400,16,-6.0,point_+0.0,0.0,0.0
point_+0.0,0.1,800,16,-6.0,mix_-0.5_+1.0_w0.75,0.010624828263526075,0.11221544160342153
point_+0.0,0.1,1600,16,-6.0,mix_-0.5_+0.5_w0.50,0.0031927021410996796,0.058058797347417035
point_+0.0,0.1,100,17,-6.0,point_+0.0,0.0,0.0
point_+0.0,0.1,200,17,-6.0,mix_-0.5_+0.5_w0.50,0.0031927021410996796,0.058058797347417035
point_+0.0,0.1,400,17,-6.0,mix_-0.5_+0.5_w0.50,0.0031927021410996796,0.058058797347417035
point_+0.0,0.1,800,17,-6.0,mix_-1.0_+0.5_w0.50,0.019355627343942024,0.14202716760570502
point_+0.0,0.1,1600,17,-6.0,mix_-0.5_+0.5_w0.50,0.0031927021410996796,0.058058797347417035
point_+0.0,0.1,100,18,-6.0,mix_-0.5_+0.5_w0.50,0.0031927021410996796,0.058058797347417035
point_+0.0,0.1,200,18,-6.0,mix_-1.0_+0.5_w0.50,0.019355627343942024,0.14202716760570502
point_+0.0,0.1,400,18,-6.0,mix_-0.5_+0.5_w0.50,0.0031927021410996796,0.058058797347417035
point_+0.0,0.1,800,18,-6.0,mix_-0.5_+0.5_w0.50,0.0031927021410996796,0.058058797347417035
point_+0.0,0.1,1600,18,-6.0,mix_-0.5_+0.5_w0.50,0.0031927021410996796,0.058058797347417035
point_+0.0,0.1,100,19,-6.0,mix_-0.5_+0.5_w0.50,0.0031927021410996796,0.058058797347417035
point_+0.0,0.1,200,19,-6.0,mix_-0.5_+0.5_w0.50,0.0031927021410996796,0.058058797347417035
point_+0.0,0.1,400,19,-6.0,mix_-0.5_+0.5_w0.50,0.0031927021410996796,0.058058797347417035
point_+0.0,0.1,800,19,-6.0,mix_-0.5_+0.5_w0.50,0.0031927021410996796,0.058058797347417035
point_+0.0,0.1,1600,19,-6.0,mix_-0.5_+0.5_w0.50,0.0031927021410996796,0.058058797347417035
point_+0.0,0.1,100,20,-6.0,mix_-1.0_+0.5_w0.50,0.019355627343942024,0.14202716760570502
point_+0.0,0.1,200,20,-6.0,mix_-0.5_+0.5_w0.50,0.0031927021410996796,0.058058797347417035
point_+0.0,0.1,400,20,-6.0,mix_-0.5_+0.5_w0.50,0.0031927021410996796,0.058058797347417035
point_+0.0,0.1,800,20,-6.0,mix_-0.5_+0.5_w0.50,0.0031927021410996796,0.058058797347417035
point_+0.0,0.1,1600,20,-6.0,mix_-0.5_+0.5_w0.50,0.0031927021410996796,0.058058797347417035
point_+0.0,0.1,100,21,-6.0,mix_-0.5_+0.5_w0.50,0.0031927021410996796,0.058058797347417035
point_+0.0,0.1,200,21,-6.0,mix_-1.0_+1.0_w0.475,0.035112875813237424,0.20718418174688202
point_+0.0,0.1,400,21,-6.0,mix_-0.5_+0.5_w0.50,0.0031927021410996796,0.058058797347417035
point_+0.0,0.1,800,21,-6.0,point_+0.0,0.0,0.0
point_+0.0,0.1,1600,21,-6.0,mix_-0.5_+0.5_w0.50,0.0031927021410996796,0.058058797347417035
point_+0.0,0.1,100,22,-6.0,point_+0.0,0.0,0.0
point_+0.0,0.1,200,22,-6.0,mix_-0.5_+1.0_w0.75,0.010624828263526075,0.11221544160342153
point_+0.0,0.1,400,22,-6.0,mix_-0.5_+0.5_w0.50,0.0031927021410996796,0.058058797347417035
point_+0.0,0.1,800,22,-6.0,mix_-0.5_+0.5_w0.50,0.0031927021410996796,0.058058797347417035
point_+0.0,0.1,1600,22,-6.0,mix_-0.5_+0.5_w0.50,0.0031927021410996796,0.058058797347417035
point_+0.0,0.1,100,23,-6.0,mix_-0.5_+1.0_w0.75,0.010624828263526075,0.11221544160342153
point_+0.0,0.1,200,23,-6.0,mix_-1.0_+0.5_w0.25,0.010624828263526075,0.11221544160342153
point_+0.0,0.1,400,23,-6.0,mix_-0.5_+0.5_w0.50,0.0031927021410996796,0.058058797347417035
point_+0.0,0.1,800,23,-6.0,mix_-0.5_+0.5_w0.50,0.0031927021410996796,0.058058797347417035
point_+0.0,0.1,1600,23,-6.0,mix_-0.5_+0.5_w0.50,0.0031927021410996796,0.058058797347417035
point_+0.0,0.1,100,24,-6.0,mix_-0.5_+0.5_w0.50,0.0031927021410996796,0.058058797347417035
point_+0.0,0.1,200,24,-6.0,mix_-0.5_+0.5_w0.50,0.0031927021410996796,0.058058797347417035
point_+0.0,0.1,400,24,-6.0,mix_-0.5_+0.5_w0.50,0.0031927021410996796,0.058058797347417035
point_+0.0,0.1,800,24,-6.0,point_+0.0,0.0,0.0
point_+0.0,0.1,1600,24,-6.0,mix_-0.5_+0.5_w0.50,0.0031927021410996796,0.058058797347417035
point_+0.0,0.1,100,25,-6.0,mix_-1.0_+0.5_w0.50,0.019355627343942024,0.14202716760570502
point_+0.0,0.1,200,25,-6.0,mix_-1.0_+0.5_w0.50,0.019355627343942024,0.14202716760570502
point_+0.0,0.1,400,25,-6.0,point_+0.0,0.0,0.0
point_+0.0,0.1,800,25,-6.0,point_+0.0,0.0,0.0
point_+0.0,0.1,1600,25,-6.0,mix_-0.5_+0.5_w0.50,0.0031927021410996796,0.058058797347417035
point_+0.0,0.1,100,26,-6.0,mix_-0.5_+0.5_w0.50,0.0031927021410996796,0.058058797347417035
point_+0.0,0.1,200,26,-6.0,mix_-0.5_+1.0_w0.75,0.010624828263526075,0.11221544160342153
point_+0.0,0.1,400,26,-6.0,mix_-0.5_+0.5_w0.50,0.0031927021410996796,0.058058797347417035
point_+0.0,0.1,800,26,-6.0,mix_-0.5_+0.5_w0.50,0.0031927021410996796,0.058058797347417035
point_+0.0,0.1,1600,26,-6.0,mix_-0.5_+0.5_w0.50,0.0031927021410996796,0.058058797347417035
point_+0.0,0.1,100,27,-6.0,mix_-0.5_+1.0_w0.75,0.010624828263526075,0.11221544160342153
point_+0.0,0.1,200,27,-6.0,mix_-0.5_+1.0_w0.75,0.010624828263526075,0.11221544160342153
point_+0.0,0.1,400,27,-6.0,point_+0.0,0.0,0.0
point_+0.0,0.1,800,27,-6.0,mix_-0.5_+0.5_w0.50,0.0031927021410996796,0.058058797347417035
point_+0.0,0.1,1600,27,-6.0,point_+0.0,0.0,0.0
point_+0.0,0.1,100,28,-6.0,mix_-1.0_+0.5_w0.25,0.010624828263526075,0.11221544160342153
point_+0.0,0.1,200,28,-6.0,point_+0.0,0.0,0.0
point_+0.0,0.1,400,28,-6.0,point_+0.0,0.0,0.0
point_+0.0,0.1,800,28,-6.0,mix_-0.5_+0.5_w0.50,0.0031927021410996796,0.058058797347417035
point_+0.0,0.1,1600,28,-6.0,mix_-0.5_+0.5_w0.50,0.0031927021410996796,0.058058797347417035
point_+0.0,0.1,100,29,-6.0,mix_-0.5_+1.0_w0.75,0.010624828263526075,0.11221544160342153
point_+0.0,0.1,200,29,-6.0,mix_-1.0_+1.0_w0.50,0.03497290946425331,0.206743471801202
point_+0.0,0.1,400,29,-6.0,mix_-0.5_+0.5_w0.50,0.0031927021410996796,0.058058797347417035
point_+0.0,0.1,800,29,-6.0,mix_-0.5_+0.5_w0.50,0.0031927021410996796,0.058058797347417035
point_+0.0,0.1,1600,29,-6.0,mix_-0.5_+0.5_w0.50,0.0031927021410996796,0.058058797347417035
point_+0.0,0.1,100,30,-6.0,mix_-0.5_+1.0_w0.75,0.010624828263526075,0.11221544160342153
point_+0.0,0.1,200,30,-6.0,mix_-0.5_+0.5_w0.50,0.0031927021410996796,0.058058797347417035
point_+0.0,0.1,400,30,-6.0,mix_-0.5_+0.5_w0.50,0.0031927021410996796,0.058058797347417035
point_+0.0,0.1,800,30,-6.0,point_+0.0,0.0,0.0
point_+0.0,0.1,1600,30,-6.0,mix_-0.5_+0.5_w0.50,0.0031927021410996796,0.058058797347417035
point_+0.0,0.1,100,31,-6.0,point_+0.0,0.0,0.0
point_+0.0,0.1,200,31,-6.0,mix_-0.5_+0.5_w0.50,0.0031927021410996796,0.058058797347417035
point_+0.0,0.1,400,31,-6.0,mix_-0.5_+0.5_w0.50,0.0031927021410996796,0.058058797347417035
point_+0.0,0.1,800,31,-6.0,mix_-0.5_+0.5_w0.50,0.0031927021410996796,0.058058797347417035
point_+0.0,0.1,1600,31,-6.0,mix_-0.5_+0.5_w0.50,0.0031927021410996796,0.058058797347417035
point_+0.0,0.1,100,32,-6.0,mix_-1.0_+0.5_w0.25,0.010624828263526075,0.11221544160342153
point_+0.0,0.1,200,32,-6.0,mix_-0.5_+0.5_w0.50,0.0031927021410996796,0.058058797347417035
point_+0.0,0.1,400,32,-6.0,mix_-0.5_+0.5_w0.50,0.0031927021410996796,0.058058797347417035
point_+0.0,0.1,800,32,-6.0,mix_-0.5_+0.5_w0.50,0.0031927021410996796,0.058058797347417035
point_+0.0,0.1,1600,32,-6.0,mix_-0.5_+0.5_w0.50,0.0031927021410996796,0.058058797347417035
point_+0.0,0.1,100,33,-6.0,point_+0.0,0.0,0.0
point_+0.0,0.1,200,33,-6.0,mix_-1.0_+0.5_w0.25,0.010624828263526075,0.11221544160342153
point_+0.0,0.1,400,33,-6.0,mix_-0.5_+1.0_w0.75,0.010624828263526075,0.11221544160342153
point_+0.0,0.1,800,33,-6.0,mix_-0.5_+0.5_w0.50,0.0031927021410996796,0.058058797347417035
point_+0.0,0.1,1600,33,-6.0,mix_-0.5_+0.5_w0.50,0.0031927021410996796,0.058058797347417035
point_+0.0,0.1,100,34,-6.0,point_+0.0,0.0,0.0
point_+0.0,0.1,200,34,-6.0,mix_-0.5_+0.5_w0.50,0.0031927021410996796,0.058058797347417035
point_+0.0,0.1,400,34,-6.0,point_+0.0,0.0,0.0
point_+0.0,0.1,800,34,-6.0,mix_-0.5_+0.5_w0.50,0.0031927021410996796,0.058058797347417035
point_+0.0,0.1,1600,34,-6.0,mix_-0.5_+0.5_w0.50,0.0031927021410996796,0.058058797347417035
point_+0.0,0.1,100,35,-6.0,mix_-1.0_+0.5_w0.25,0.010624828263526075,0.11221544160342153
point_+0.0,0.1,200,35,-6.0,mix_-0.5_+0.5_w0.50,0.0031927021410996796,0.058058797347417035
point_+0.0,0.1,400,35,-6.0,mix_-0.5_+0.5_w0.50,0.0031927021410996796,0.058058797347417035
point_+0.0,0.1,800,35,-6.0,mix_-1.0_+0.5_w0.50,0.019355627343942024,0.14202716760570502
point_+0.0,0.1,1600,35,-6.0,mix_-0.5_+0.5_w0.50,0.0031927021410996796,0.058058797347417035
point_+0.0,0.1,100,36,-6.0,mix_-0.5_+0.5_w0.75,0.009232113867112179,0.10690992617970946
point_+0.0,0.1,200,36,-6.0,mix_-0.5_+0.5_w0.75,0.009232113867112179,0.10690992617970946
point_+0.0,0.1,400,36,-6.0,mix_-0.5_+0.5_w0.50,0.0031927021410996796,0.058058797347417035
point_+0.0,0.1,800,36,-6.0,mix_-0.5_+0.5_w0.50,0.0031927021410996796,0.058058797347417035
point_+0.0,0.1,1600,36,-6.0,mix_-1.0_+0.5_w0.50,0.019355627343942024,0.14202716760570502
point_+0.0,0.1,100,37,-6.0,mix_-0.5_+1.0_w0.75,0.010624828263526075,0.11221544160342153
point_+0.0,0.1,200,37,-6.0,mix_-0.5_+0.5_w0.50,0.0031927021410996796,0.058058797347417035
point_+0.0,0.1,400,37,-6.0,mix_-0.5_+0.5_w0.50,0.0031927021410996796,0.058058797347417035
point_+0.0,0.1,800,37,-6.0,mix_-0.5_+0.5_w0.50,0.0031927021410996796,0.058058797347417035
point_+0.0,0.1,1600,37,-6.0,mix_-0.5_+0.5_w0.50,0.0031927021410996796,0.058058797347417035
point_+0.0,0.1,100,38,-6.0,mix_-1.0_+0.5_w0.25,0.010624828263526075,0.11221544160342153
point_+0.0,0.1,200,38,-6.0,mix_-0.5_+0.5_w0.50,0.0031927021410996796,0.058058797347417035
point_+0.0,0.1,400,38,-6.0,point_+0.0,0.0,0.0
point_+0.0,0.1,800,38,-6.0,mix_-0.5_+0.5_w0.50,0.0031927021410996796,0.058058797347417035
point_+0.0,0.1,1600,38,-6.0,mix_-0.5_+0.5_w0.50,0.0031927021410996796,0.058058797347417035
point_+0.0,0.1,100,39,-6.0,mix_-0.5_+0.5_w0.25,0.009232113867112179,0.10690992617970946
point_+0.0,0.1,200,39,-6.0,mix_-0.5_+0.5_w0.75,0.009232113867112179,0.10690992617970946
point_+0.0,0.1,400,39,-6.0,mix_-0.5_+0.5_w0.50,0.0031927021410996796,0.058058797347417035
point_+0.0,0.1,800,39,-6.0,mix_-0.5_+0.5_w0.50,0.0031927021410996796,0.058058797347417035
point_+0.0,0.1,1600,39,-6.0,mix_-0.5_+0.5_w0.50,0.0031927021410996796,0.058058797347417035
point_+0.0,0.2,100,0,-6.0,mix_-0.5_+0.5_w0.50,0.0031927021410996796,0.058058797347417035
point_+0.0,0.2,200,0,-6.0,mix_-0.5_+0.5_w0.50,0.0031927021410996796,0.058058797347417035
point_+0.0,0.2,400,0,-6.0,mix_-0.5_+0.5_w0.50,0.0031927021410996796,0.058058797347417035
point_+0.0,0.2,800,0,-6.0,mix_-0.5_+0.5_w0.50,0.0031927021410996796,0.058058797347417035
point_+0.0,0.2,1600,0,-6.0,mix_-0.5_+0.5_w0.50,0.0031927021410996796,0.058058797347417035
point_+0.0,0.2,100,1,-6.0,mix_-1.0_+1.0_w0.525,0.035112875813237424,0.20718418174688202
point_+0.0,0.2,200,1,-6.0,mix_-1.0_+1.0_w0.525,0.035112875813237424,0.20718418174688202
point_+0.0,0.2,400,1,-6.0,mix_-0.5_+0.5_w0.50,0.0031927021410996796,0.058058797347417035
point_+0.0,0.2,800,1,-6.0,mix_-0.5_+0.5_w0.50,0.0031927021410996796,0.058058797347417035
point_+0.0,0.2,1600,1,-6.0,mix_-0.5_+0.5_w0.50,0.0031927021410996796,0.058058797347417035
point_+0.0,0.2,100,2,-6.0,mix_-0.5_+0.5_w0.50,0.0031927021410996796,0.058058797347417035
point_+0.0,0.2,200,2,-6.0,mix_-0.5_+0.5_w0.50,0.0031927021410996796,0.058058797347417035
point_+0.0,0.2,400,2,-6.0,mix_-1.0_+1.0_w0.525,0.035112875813237424,0.20718418174688202
point_+0.0,0.2,800,2,-6.0,mix_-0.5_+0.5_w0.50,0.0031927021410996796,0.058058797347417035
point_+0.0,0.2,1600,2,-6.0,mix_-0.5_+0.5_w0.50,0.0031927021410996796,0.058058797347417035
point_+0.0,0.2,100,3,-6.0,mix_-1.0_+0.5_w0.50,0.019355627343942024,0.14202716760570502
point_+0.0,0.2,200,3,-6.0,mix_-0.5_+0.5_w0.50,0.0031927021410996796,0.058058797347417035
point_+0.0,0.2,400,3,-6.0,mix_-0.5_+0.5_w0.50,0.0031927021410996796,0.058058797347417035
point_+0.0,0.2,800,3,-6.0,mix_-0.5_+0.5_w0.50,0.0031927021410996796,0.058058797347417035
point_+0.0,0.2,1600,3,-6.0,mix_-0.5_+0.5_w0.50,0.0031927021410996796,0.058058797347417035
point_+0.0,0.2,100,4,-6.0,mix_-0.5_+0.5_w0.50,0.0031927021410996796,0.058058797347417035
point_+0.0,0.2,200,4,-6.0,mix_-1.0_+0.5_w0.25,0.010624828263526075,0.11221544160342153
point_+0.0,0.2,400,4,-6.0,mix_-0.5_+0.5_w0.50,0.0031927021410996796,0.058058797347417035
point_+0.0,0.2,800,4,-6.0,mix_-0.5_+0.5_w0.50,0.0031927021410996796,0.058058797347417035
point_+0.0,0.2,1600,4,-6.0,mix_-0.5_+0.5_w0.50,0.0031927021410996796,0.058058797347417035
point_+0.0,0.2,100,5,-6.0,mix_-0.5_+1.0_w0.75,0.010624828263526075,0.11221544160342153
point_+0.0,0.2,200,5,-6.0,mix_-1.0_+1.0_w0.525,0.035112875813237424,0.20718418174688202
point_+0.0,0.2,400,5,-6.0,mix_-1.0_+0.5_w0.25,0.010624828263526075,0.11221544160342153
point_+0.0,0.2,800,5,-6.0,mix_-0.5_+0.5_w0.50,0.0031927021410996796,0.058058797347417035
point_+0.0,0.2,1600,5,-6.0,mix_-0.5_+0.5_w0.50,0.0031927021410996796,0.058058797347417035
point_+0.0,0.2,100,6,-6.0,mix_-0.5_+0.5_w0.50,0.0031927021410996796,0.058058797347417035
point_+0.0,0.2,200,6,-6.0,mix_-0.5_+0.5_w0.50,0.0031927021410996796,0.058058797347417035
point_+0.0,0.2,400,6,-6.0,mix_-0.5_+0.5_w0.50,0.0031927021410996796,0.058058797347417035
point_+0.0,0.2,800,6,-6.0,mix_-0.5_+0.5_w0.50,0.0031927021410996796,0.058058797347417035
point_+0.0,0.2,1600,6,-6.0,mix_-0.5_+0.5_w0.50,0.0031927021410996796,0.058058797347417035
point_+0.0,0.2,100,7,-6.0,mix_-1.0_+0.5_w0.50,0.019355627343942024,0.14202716760570502
point_+0.0,0.2,200,7,-6.0,mix_-1.0_+0.5_w0.25,0.010624828263526075,0.11221544160342153
point_+0.0,0.2,400,7,-6.0,mix_-1.0_+1.0_w0.50,0.03497290946425331,0.206743471801202
point_+0.0,0.2,800,7,-6.0,mix_-1.0_+1.0_w0.525,0.035112875813237424,0.20718418174688202
point_+0.0,0.2,1600,7,-6.0,mix_-0.5_+0.5_w0.50,0.0031927021410996796,0.058058797347417035
point_+0.0,0.2,100,8,-6.0,mix_-0.5_+0.5_w0.50,0.0031927021410996796,0.058058797347417035
point_+0.0,0.2,200,8,-6.0,mix_-0.5_+1.0_w0.75,0.010624828263526075,0.11221544160342153
point_+0.0,0.2,400,8,-6.0,mix_-0.5_+0.5_w0.50,0.0031927021410996796,0.058058797347417035
point_+0.0,0.2,800,8,-6.0,mix_-0.5_+0.5_w0.50,0.0031927021410996796,0.058058797347417035
point_+0.0,0.2,1600,8,-6.0,mix_-0.5_+0.5_w0.50,0.0031927021410996796,0.058058797347417035
point_+0.0,0.2,100,9,-6.0,mix_-0.5_+1.0_w0.50,0.019355627343942024,0.142027167605705
point_+0.0,0.2,200,9,-6.0,mix_-0.5_+0.5_w0.50,0.0031927021410996796,0.058058797347417035
point_+0.0,0.2,400,9,-6.0,mix_-0.5_+0.5_w0.50,0.0031927021410996796,0.058058797347417035
point_+0.0,0.2,800,9,-6.0,mix_-0.5_+1.0_w0.75,0.010624828263526075,0.11221544160342153
point_+0.0,0.2,1600,9,-6.0,mix_-0.5_+0.5_w0.50,0.0031927021410996796,0.058058797347417035
point_+0.0,0.2,100,10,-6.0,mix_-1.0_+1.0_w0.50,0.03497290946425331,0.206743471801202
point_+0.0,0.2,200,10,-6.0,mix_-1.0_+0.5_w0.25,0.010624828263526075,0.11221544160342153
point_+0.0,0.2,400,10,-6.0,mix_-0.5_+0.5_w0.50,0.0031927021410996796,0.058058797347417035
point_+0.0,0.2,800,10,-6.0,mix_-0.5_+0.5_w0.50,0.0031927021410996796,0.058058797347417035
point_+0.0,0.2,1600,10,-6.0,mix_-0.5_+0.5_w0.50,0.0031927021410996796,0.058058797347417035
point_+0.0,0.2,100,11,-6.0,mix_-1.0_+0.5_w0.25,0.010624828263526075,0.11221544160342153
point_+0.0,0.2,200,11,-6.0,mix_-1.0_+0.5_w0.50,0.019355627343942024,0.14202716760570502
point_+0.0,0.2,400,11,-6.0,mix_-0.5_+0.5_w0.50,0.0031927021410996796,0.058058797347417035
point_+0.0,0.2,800,11,-6.0,mix_-0.5_+0.5_w0.50,0.0031927021410996796,0.058058797347417035
point_+0.0,0.2,1600,11,-6.0,mix_-0.5_+0.5_w0.50,0.0031927021410996796,0.058058797347417035
point_+0.0,0.2,100,12,-6.0,mix_-0.5_+1.0_w0.75,0.010624828263526075,0.11221544160342153
point_+0.0,0.2,200,12,-6.0,mix_-0.5_+0.5_w0.50,0.0031927021410996796,0.058058797347417035
point_+0.0,0.2,400,12,-6.0,mix_-0.5_+0.5_w0.50,0.0031927021410996796,0.058058797347417035
point_+0.0,0.2,800,12,-6.0,mix_-0.5_+0.5_w0.50,0.0031927021410996796,0.058058797347417035
point_+0.0,0.2,1600,12,-6.0,mix_-0.5_+0.5_w0.50,0.0031927021410996796,0.058058797347417035
point_+0.0,0.2,100,13,-6.0,mix_-1.0_+1.0_w0.525,0.035112875813237424,0.20718418174688202
point_+0.0,0.2,200,13,-6.0,mix_-0.5_+0.5_w0.50,0.0031927021410996796,0.058058797347417035
point_+0.0,0.2,400,13,-6.0,mix_-0.5_+0.5_w0.50,0.0031927021410996796,0.058058797347417035
point_+0.0,0.2,800,13,-6.0,mix_-0.5_+0.5_w0.50,0.0031927021410996796,0.058058797347417035
point_+0.0,0.2,1600,13,-6.0,mix_-0.5_+0.5_w0.50,0.0031927021410996796,0.058058797347417035
point_+0.0,0.2,100,14,-6.0,mix_-1.0_+1.0_w0.525,0.035112875813237424,0.20718418174688202
point_+0.0,0.2,200,14,-6.0,mix_-0.5_+0.5_w0.50,0.0031927021410996796,0.058058797347417035
point_+0.0,0.2,400,14,-6.0,mix_-1.0_+0.5_w0.25,0.010624828263526075,0.11221544160342153
point_+0.0,0.2,800,14,-6.0,mix_-0.5_+0.5_w0.50,0.0031927021410996796,0.058058797347417035
point_+0.0,0.2,1600,14,-6.0,mix_-0.5_+0.5_w0.50,0.0031927021410996796,0.058058797347417035
point_+0.0,0.2,100,15,-6.0,mix_-0.5_+1.0_w0.75,0.010624828263526075,0.11221544160342153
point_+0.0,0.2,200,15,-6.0,mix_-0.5_+0.5_w0.50,0.0031927021410996796,0.058058797347417035
point_+0.0,0.2,400,15,-6.0,mix_-0.5_+0.5_w0.50,0.0031927021410996796,0.058058797347417035
point_+0.0,0.2,800,15,-6.0,mix_-0.5_+0.5_w0.50,0.0031927021410996796,0.058058797347417035
point_+0.0,0.2,1600,15,-6.0,mix_-0.5_+0.5_w0.50,0.0031927021410996796,0.058058797347417035
point_+0.0,0.2,100,16,-6.0,mix_-1.0_+1.0_w0.525,0.035112875813237424,0.20718418174688202
point_+0.0,0.2,200,16,-6.0,mix_-0.5_+0.5_w0.50,0.0031927021410996796,0.058058797347417035
point_+0.0,0.2,400,16,-6.0,mix_-0.5_+0.5_w0.50,0.0031927021410996796,0.058058797347417035
point_+0.0,0.2,800,16,-6.0,mix_-0.5_+0.5_w0.50,0.0031927021410996796,0.058058797347417035
point_+0.0,0.2,1600,16,-6.0,mix_-1.0_+1.0_w0.525,0.035112875813237424,0.20718418174688202
point_+0.0,0.2,100,17,-6.0,point_+0.0,0.0,0.0
point_+0.0,0.2,200,17,-6.0,mix_-1.0_+0.5_w0.25,0.010624828263526075,0.11221544160342153
point_+0.0,0.2,400,17,-6.0,mix_-0.5_+0.5_w0.50,0.0031927021410996796,0.058058797347417035
point_+0.0,0.2,800,17,-6.0,mix_-1.0_+1.0_w0.525,0.035112875813237424,0.20718418174688202
point_+0.0,0.2,1600,17,-6.0,mix_-0.5_+0.5_w0.50,0.0031927021410996796,0.058058797347417035
point_+0.0,0.2,100,18,-6.0,mix_-1.0_+0.5_w0.50,0.019355627343942024,0.14202716760570502
point_+0.0,0.2,200,18,-6.0,mix_-0.5_+1.0_w0.75,0.010624828263526075,0.11221544160342153
point_+0.0,0.2,400,18,-6.0,mix_-0.5_+0.5_w0.50,0.0031927021410996796,0.058058797347417035
point_+0.0,0.2,800,18,-6.0,mix_-0.5_+0.5_w0.50,0.0031927021410996796,0.058058797347417035
point_+0.0,0.2,1600,18,-6.0,mix_-0.5_+0.5_w0.50,0.0031927021410996796,0.058058797347417035
point_+0.0,0.2,100,19,-6.0,mix_-1.0_+1.0_w0.525,0.035112875813237424,0.20718418174688202
point_+0.0,0.2,200,19,-6.0,mix_-0.5_+0.5_w0.50,0.0031927021410996796,0.058058797347417035
point_+0.0,0.2,400,19,-6.0,mix_-0.5_+1.0_w0.75,0.010624828263526075,0.11221544160342153
point_+0.0,0.2,800,19,-6.0,mix_-0.5_+0.5_w0.50,0.0031927021410996796,0.058058797347417035
point_+0.0,0.2,1600,19,-6.0,mix_-0.5_+0.5_w0.50,0.0031927021410996796,0.058058797347417035
point_+0.0,0.2,100,20,-6.0,mix_-1.0_+0.5_w0.50,0.019355627343942024,0.14202716760570502
point_+0.0,0.2,200,20,-6.0,mix_-0.5_+0.5_w0.50,0.0031927021410996796,0.058058797347417035
point_+0.0,0.2,400,20,-6.0,mix_-0.5_+1.0_w0.75,0.010624828263526075,0.11221544160342153
point_+0.0,0.2,800,20,-6.0,mix_-0.5_+0.5_w0.50,0.0031927021410996796,0.058058797347417035
point_+0.0,0.2,1600,20,-6.0,mix_-0.5_+0.5_w0.50,0.0031927021410996796,0.058058797347417035
point_+0.0,0.2,100,21,-6.0,mix_-1.0_+1.0_w0.525,0.035112875813237424,0.20718418174688202
point_+0.0,0.2,200,21,-6.0,mix_-1.0_+0.5_w0.50,0.019355627343942024,0.14202716760570502
point_+0.0,0.2,400,21,-6.0,mix_-1.0_+1.0_w0.525,0.035112875813237424,0.20718418174688202
point_+0.0,0.2,800,21,-6.0,mix_-0.5_+0.5_w0.50,0.0031927021410996796,0.058058797347417035
point_+0.0,0.2,1600,21,-6.0,mix_-1.0_+1.0_w0.525,0.035112875813237424,0.20718418174688202
point_+0.0,0.2,100,22,-6.0,mix_-0.5_+0.5_w0.50,0.0031927021410996796,0.058058797347417035
point_+0.0,0.2,200,22,-6.0,mix_-1.0_+0.5_w0.50,0.019355627343942024,0.14202716760570502
point_+0.0,0.2,400,22,-6.0,mix_-1.0_+0.5_w0.25,0.010624828263526075,0.11221544160342153
point_+0.0,0.2,800,22,-6.0,mix_-0.5_+0.5_w0.50,0.0031927021410996796,0.058058797347417035
point_+0.0,0.2,1600,22,-6.0,mix_-0.5_+0.5_w0.50,0.0031927021410996796,0.058058797347417035
point_+0.0,0.2,100,23,-6.0,mix_-1.0_+1.0_w0.50,0.03497290946425331,0.206743471801202
point_+0.0,0.2,200,23,-6.0,mix_-0.5_+0.5_w0.50,0.0031927021410996796,0.058058797347417035
point_+0.0,0.2,400,23,-6.0,mix_-0.5_+0.5_w0.50,0.0031927021410996796,0.058058797347417035
point_+0.0,0.2,800,23,-6.0,mix_-0.5_+0.5_w0.50,0.0031927021410996796,0.058058797347417035
point_+0.0,0.2,1600,23,-6.0,mix_-1.0_+0.5_w0.25,0.010624828263526075,0.11221544160342153
point_+0.0,0.2,100,24,-6.0,mix_-0.5_+0.5_w0.50,0.0031927021410996796,0.058058797347417035
point_+0.0,0.2,200,24,-6.0,mix_-0.5_+0.5_w0.50,0.0031927021410996796,0.058058797347417035
point_+0.0,0.2,400,24,-6.0,mix_-0.5_+0.5_w0.50,0.0031927021410996796,0.058058797347417035
point_+0.0,0.2,800,24,-6.0,mix_-1.0_+1.0_w0.525,0.035112875813237424,0.20718418174688202
point_+0.0,0.2,1600,24,-6.0,mix_-0.5_+0.5_w0.50,0.0031927021410996796,0.058058797347417035
point_+0.0,0.2,100,25,-6.0,mix_-1.0_+0.5_w0.25,0.010624828263526075,0.11221544160342153
point_+0.0,0.2,200,25,-6.0,mix_-0.5_+1.0_w0.75,0.010624828263526075,0.11221544160342153
point_+0.0,0.2,400,25,-6.0,mix_-0.5_+1.0_w0.75,0.010624828263526075,0.11221544160342153
point_+0.0,0.2,800,25,-6.0,mix_-0.5_+0.5_w0.50,0.0031927021410996796,0.058058797347417035
point_+0.0,0.2,1600,25,-6.0,mix_-0.5_+0.5_w0.50,0.0031927021410996796,0.058058797347417035
point_+0.0,0.2,100,26,-6.0,mix_-0.5_+0.5_w0.50,0.0031927021410996796,0.058058797347417035
point_+0.0,0.2,200,26,-6.0,mix_-0.5_+0.5_w0.50,0.0031927021410996796,0.058058797347417035
point_+0.0,0.2,400,26,-6.0,mix_-1.0_+0.5_w0.50,0.019355627343942024,0.14202716760570502
point_+0.0,0.2,800,26,-6.0,mix_-0.5_+0.5_w0.50,0.0031927021410996796,0.058058797347417035
point_+0.0,0.2,1600,26,-6.0,mix_-0.5_+0.5_w0.50,0.0031927021410996796,0.058058797347417035
point_+0.0,0.2,100,27,-6.0,mix_-0.5_+1.0_w0.75,0.010624828263526075,0.11221544160342153
point_+0.0,0.2,200,27,-6.0,mix_-1.0_+0.5_w0.50,0.019355627343942024,0.14202716760570502
point_+0.0,0.2,400,27,-6.0,mix_-0.5_+0.5_w0.50,0.0031927021410996796,0.058058797347417035
point_+0.0,0.2,800,27,-6.0,mix_-0.5_+1.0_w0.75,0.010624828263526075,0.11221544160342153
point_+0.0,0.2,1600,27,-6.0,mix_-0.5_+0.5_w0.50,0.0031927021410996796,0.058058797347417035
point_+0.0,0.2,100,28,-6.0,mix_-1.0_+1.0_w0.475,0.035112875813237424,0.20718418174688202
point_+0.0,0.2,200,28,-6.0,mix_-0.5_+0.5_w0.50,0.0031927021410996796,0.058058797347417035
point_+0.0,0.2,400,28,-6.0,mix_-1.0_+1.0_w0.525,0.035112875813237424,0.20718418174688202
point_+0.0,0.2,800,28,-6.0,mix_-0.5_+0.5_w0.50,0.0031927021410996796,0.058058797347417035
point_+0.0,0.2,1600,28,-6.0,mix_-0.5_+0.5_w0.50,0.0031927021410996796,0.058058797347417035
point_+0.0,0.2,100,29,-6.0,mix_-1.0_+1.0_w0.50,0.03497290946425331,0.206743471801202
point_+0.0,0.2,200,29,-6.0,mix_-0.5_+1.0_w0.75,0.010624828263526075,0.11221544160342153
point_+0.0,0.2,400,29,-6.0,mix_-0.5_+0.5_w0.50,0.0031927021410996796,0.058058797347417035
point_+0.0,0.2,800,29,-6.0,mix_-0.5_+0.5_w0.50,0.0031927021410996796,0.058058797347417035
point_+0.0,0.2,1600,29,-6.0,mix_-0.5_+0.5_w0.50,0.0031927021410996796,0.058058797347417035
point_+0.0,0.2,100,30,-6.0,mix_-0.5_+1.0_w0.50,0.019355627343942024,0.142027167605705
point_+0.0,0.2,200,30,-6.0,mix_-1.0_+1.0_w0.525,0.035112875813237424,0.20718418174688202
point_+0.0,0.2,400,30,-6.0,mix_-0.5_+0.5_w0.50,0.0031927021410996796,0.058058797347417035
point_+0.0,0.2,800,30,-6.0,mix_-0.5_+0.5_w0.50,0.0031927021410996796,0.058058797347417035
point_+0.0,0.2,1600,30,-6.0,mix_-0.5_+0.5_w0.50,0.0031927021410996796,0.058058797347417035
point_+0.0,0.2,100,31,-6.0,mix_-0.5_+1.0_w0.75,0.010624828263526075,0.11221544160342153
point_+0.0,0.2,200,31,-6.0,mix_-1.0_+1.0_w0.525,0.035112875813237424,0.20718418174688202
point_+0.0,0.2,400,31,-6.0,mix_-1.0_+1.0_w0.525,0.035112875813237424,0.20718418174688202
point_+0.0,0.2,800,31,-6.0,mix_-1.0_+0.5_w0.25,0.010624828263526075,0.11221544160342153
point_+0.0,0.2,1600,31,-6.0,mix_-0.5_+0.5_w0.50,0.0031927021410996796,0.058058797347417035
point_+0.0,0.2,100,32,-6.0,point_+0.0,0.0,0.0
point_+0.0,0.2,200,32,-6.0,mix_-1.0_+1.0_w0.525,0.035112875813237424,0.20718418174688202
point_+0.0,0.2,400,32,-6.0,mix_-1.0_+0.5_w0.25,0.010624828263526075,0.11221544160342153
point_+0.0,0.2,800,32,-6.0,mix_-0.5_+0.5_w0.50,0.0031927021410996796,0.058058797347417035
point_+0.0,0.2,1600,32,-6.0,mix_-0.5_+0.5_w0.50,0.0031927021410996796,0.058058797347417035
point_+0.0,0.2,100,33,-6.0,mix_-1.0_+1.0_w0.475,0.035112875813237424,0.20718418174688202
point_+0.0,0.2,200,33,-6.0,mix_-1.0_+1.0_w0.525,0.035112875813237424,0.20718418174688202
point_+0.0,0.2,400,33,-6.0,mix_-0.5_+1.0_w0.75,0.010624828263526075,0.11221544160342153
point_+0.0,0.2,800,33,-6.0,mix_-0.5_+0.5_w0.50,0.0031927021410996796,0.058058797347417035
point_+0.0,0.2,1600,33,-6.0,mix_-1.0_+1.0_w0.525,0.035112875813237424,0.20718418174688202
point_+0.0,0.2,100,34,-6.0,mix_-1.0_+0.5_w0.25,0.010624828263526075,0.11221544160342153
point_+0.0,0.2,200,34,-6.0,mix_-1.0_+0.5_w0.50,0.019355627343942024,0.14202716760570502
point_+0.0,0.2,400,34,-6.0,mix_-0.5_+0.5_w0.50,0.0031927021410996796,0.058058797347417035
point_+0.0,0.2,800,34,-6.0,mix_-0.5_+0.5_w0.50,0.0031927021410996796,0.058058797347417035
point_+0.0,0.2,1600,34,-6.0,mix_-0.5_+0.5_w0.50,0.0031927021410996796,0.058058797347417035
point_+0.0,0.2,100,35,-6.0,mix_-1.0_+1.0_w0.475,0.035112875813237424,0.20718418174688202
point_+0.0,0.2,200,35,-6.0,mix_-1.0_+0.5_w0.25,0.010624828263526075,0.11221544160342153
point_+0.0,0.2,400,35,-6.0,mix_-0.5_+0.5_w0.50,0.0031927021410996796,0.058058797347417035
point_+0.0,0.2,800,35,-6.0,mix_-1.0_+1.0_w0.525,0.035112875813237424,0.20718418174688202
point_+0.0,0.2,1600,35,-6.0,mix_-0.5_+0.5_w0.50,0.0031927021410996796,0.058058797347417035
point_+0.0,0.2,100,36,-6.0,mix_-1.0_+1.0_w0.50,0.03497290946425331,0.206743471801202
point_+0.0,0.2,200,36,-6.0,mix_-1.0_+1.0_w0.525,0.035112875813237424,0.20718418174688202
point_+0.0,0.2,400,36,-6.0,mix_-0.5_+0.5_w0.50,0.0031927021410996796,0.058058797347417035
point_+0.0,0.2,800,36,-6.0,mix_-1.0_+1.0_w0.50,0.03497290946425331,0.206743471801202
point_+0.0,0.2,1600,36,-6.0,mix_-0.5_+0.5_w0.50,0.0031927021410996796,0.058058797347417035
point_+0.0,0.2,100,37,-6.0,mix_-0.5_+1.0_w0.75,0.010624828263526075,0.11221544160342153
point_+0.0,0.2,200,37,-6.0,mix_-0.5_+1.0_w0.75,0.010624828263526075,0.11221544160342153
point_+0.0,0.2,400,37,-6.0,mix_-0.5_+0.5_w0.50,0.0031927021410996796,0.058058797347417035
point_+0.0,0.2,800,37,-6.0,mix_-0.5_+0.5_w0.50,0.0031927021410996796,0.058058797347417035
point_+0.0,0.2,1600,37,-6.0,mix_-0.5_+0.5_w0.50,0.0031927021410996796,0.058058797347417035
point_+0.0,0.2,100,38,-6.0,mix_-0.5_+0.5_w0.50,0.0031927021410996796,0.058058797347417035
point_+0.0,0.2,200,38,-6.0,mix_-1.0_+1.0_w0.525,0.035112875813237424,0.20718418174688202
point_+0.0,0.2,400,38,-6.0,mix_-0.5_+0.5_w0.50,0.0031927021410996796,0.058058797347417035
point_+0.0,0.2,800,38,-6.0,mix_-0.5_+0.5_w0.50,0.0031927021410996796,0.058058797347417035
point_+0.0,0.2,1600,38,-6.0,mix_-0.5_+1.0_w0.75,0.010624828263526075,0.11221544160342153
point_+0.0,0.2,100,39,-6.0,mix_-1.0_+0.5_w0.50,0.019355627343942024,0.14202716760570502
point_+0.0,0.2,200,39,-6.0,mix_-1.0_+0.5_w0.50,0.019355627343942024,0.14202716760570502
point_+0.0,0.2,400,39,-6.0,mix_-1.0_+1.0_w0.525,0.035112875813237424,0.20718418174688202
point_+0.0,0.2,800,39,-6.0,mix_-1.0_+1.0_w0.525,0.035112875813237424,0.20718418174688202
point_+0.0,0.2,1600,39,-6.0,mix_-0.5_+0.5_w0.50,0.0031927021410996796,0.058058797347417035
mix_-1.0_+1.0_w0.50,0.0,100,0,-6.0,mix_-1.0_+1.0_w0.475,0.00017210215766651004,0.017067216887134133
mix_-1.0_+1.0_w0.50,0.0,200,0,-6.0,mix_-1.0_+1.0_w0.475,0.00017210215766651004,0.017067216887134133
mix_-1.0_+1.0_w0.50,0.0,400,0,-6.0,mix_-1.0_+1.0_w0.475,0.00017210215766651004,0.017067216887134133
mix_-1.0_+1.0_w0.50,0.0,800,0,-6.0,mix_-1.0_+1.0_w0.475,0.00017210215766651004,0.017067216887134133
mix_-1.0_+1.0_w0.50,0.0,1600,0,-6.0,mix_-1.0_+1.0_w0.475,0.00017210215766651004,0.017067216887134133
mix_-1.0_+1.0_w0.50,0.0,100,1,-6.0,mix_-1.0_+1.0_w0.475,0.00017210215766651004,0.017067216887134133
mix_-1.0_+1.0_w0.50,0.0,200,1,-6.0,mix_-1.0_+1.0_w0.525,0.00017210215766651007,0.017067216887134137
mix_-1.0_+1.0_w0.50,0.0,400,1,-6.0,mix_-1.0_+1.0_w0.475,0.00017210215766651004,0.017067216887134133
mix_-1.0_+1.0_w0.50,0.0,800,1,-6.0,mix_-1.0_+1.0_w0.50,0.0,0.0
mix_-1.0_+1.0_w0.50,0.0,1600,1,-6.0,mix_-1.0_+1.0_w0.50,0.0,0.0
mix_-1.0_+1.0_w0.50,0.0,100,2,-6.0,mix_-1.0_+1.0_w0.525,0.00017210215766651007,0.017067216887134137
mix_-1.0_+1.0_w0.50,0.0,200,2,-6.0,mix_-1.0_+1.0_w0.475,0.00017210215766651004,0.017067216887134133
mix_-1.0_+1.0_w0.50,0.0,400,2,-6.0,mix_-1.0_+1.0_w0.50,0.0,0.0
mix_-1.0_+1.0_w0.50,0.0,800,2,-6.0,mix_-1.0_+1.0_w0.525,0.00017210215766651007,0.017067216887134137
mix_-1.0_+1.0_w0.50,0.0,1600,2,-6.0,mix_-1.0_+1.0_w0.50,0.0,0.0
mix_-1.0_+1.0_w0.50,0.0,100,3,-6.0,mix_-1.0_+1.0_w0.525,0.00017210215766651007,0.017067216887134137
mix_-1.0_+1.0_w0.50,0.0,200,3,-6.0,mix_-1.0_+1.0_w0.50,0.0,0.0
mix_-1.0_+1.0_w0.50,0.0,400,3,-6.0,mix_-1.0_+1.0_w0.50,0.0,0.0
mix_-1.0_+1.0_w0.50,0.0,800,3,-6.0,mix_-1.0_+1.0_w0.525,0.00017210215766651007,0.017067216887134137
mix_-1.0_+1.0_w0.50,0.0,1600,3,-6.0,mix_-1.0_+1.0_w0.50,0.0,0.0
mix_-1.0_+1.0_w0.50,0.0,100,4,-6.0,mix_-1.0_+1.0_w0.475,0.00017210215766651004,0.017067216887134133
mix_-1.0_+1.0_w0.50,0.0,200,4,-6.0,mix_-0.5_+1.0_w0.75,0.011312236714982379,0.12733854286286306
mix_-1.0_+1.0_w0.50,0.0,400,4,-6.0,mix_-1.0_+1.0_w0.525,0.00017210215766651007,0.017067216887134137
mix_-1.0_+1.0_w0.50,0.0,800,4,-6.0,mix_-1.0_+1.0_w0.475,0.00017210215766651004,0.017067216887134133
mix_-1.0_+1.0_w0.50,0.0,1600,4,-6.0,mix_-1.0_+1.0_w0.525,0.00017210215766651007,0.017067216887134137
mix_-1.0_+1.0_w0.50,0.0,100,5,-6.0,mix_-1.0_+1.0_w0.50,0.0,0.0
mix_-1.0_+1.0_w0.50,0.0,200,5,-6.0,mix_-1.0_+1.0_w0.475,0.00017210215766651004,0.017067216887134133
mix_-1.0_+1.0_w0.50,0.0,400,5,-6.0,mix_-1.0_+1.0_w0.50,0.0,0.0
mix_-1.0_+1.0_w0.50,0.0,800,5,-6.0,mix_-1.0_+1.0_w0.50,0.0,0.0
mix_-1.0_+1.0_w0.50,0.0,1600,5,-6.0,mix_-1.0_+1.0_w0.50,0.0,0.0
mix_-1.0_+1.0_w0.50,0.0,100,6,-6.0,mix_-1.0_+1.0_w0.525,0.00017210215766651007,0.017067216887134137
mix_-1.0_+1.0_w0.50,0.0,200,6,-6.0,mix_-1.0_+1.0_w0.525,0.00017210215766651007,0.017067216887134137
mix_-1.0_+1.0_w0.50,0.0,400,6,-6.0,mix_-1.0_+1.0_w0.525,0.00017210215766651007,0.017067216887134137
mix_-1.0_+1.0_w0.50,0.0,800,6,-6.0,mix_-1.0_+1.0_w0.50,0.0,0.0
mix_-1.0_+1.0_w0.50,0.0,1600,6,-6.0,mix_-1.0_+1.0_w0.525,0.00017210215766651007,0.017067216887134137
mix_-1.0_+1.0_w0.50,0.0,100,7,-6.0,mix_-1.0_+1.0_w0.475,0.00017210215766651004,0.017067216887134133
mix_-1.0_+1.0_w0.50,0.0,200,7,-6.0,mix_-1.0_+1.0_w0.475,0.00017210215766651004,0.017067216887134133
mix_-1.0_+1.0_w0.50,0.0,400,7,-6.0,mix_-1.0_+1.0_w0.50,0.0,0.0
mix_-1.0_+1.0_w0.50,0.0,800,7,-6.0,mix_-1.0_+1.0_w0.525,0.00017210215766651007,0.017067216887134137
mix_-1.0_+1.0_w0.50,0.0,1600,7,-6.0,mix_-1.0_+1.0_w0.525,0.00017210215766651007,0.017067216887134137
mix_-1.0_+1.0_w0.50,0.0,100,8,-6.0,mix_-1.0_+1.0_w0.475,0.00017210215766651004,0.017067216887134133
mix_-1.0_+1.0_w0.50,0.0,200,8,-6.0,mix_-1.0_+1.0_w0.525,0.00017210215766651007,0.017067216887134137
mix_-1.0_+1.0_w0.50,0.0,400,8,-6.0,mix_-1.0_+1.0_w0.475,0.00017210215766651004,0.017067216887134133
mix_-1.0_+1.0_w0.50,0.0,800,8,-6.0,mix_-1.0_+1.0_w0.525,0.00017210215766651007,0.017067216887134137
mix_-1.0_+1.0_w0.50,0.0,1600,8,-6.0,mix_-1.0_+1.0_w0.50,0.0,0.0
mix_-1.0_+1.0_w0.50,0.0,100,9,-6.0,mix_-1.0_+1.0_w0.50,0.0,0.0
mix_-1.0_+1.0_w0.50,0.0,200,9,-6.0,mix_-1.0_+1.0_w0.525,0.00017210215766651007,0.017067216887134137
mix_-1.0_+1.0_w0.50,0.0,400,9,-6.0,mix_-1.0_+1.0_w0.475,0.00017210215766651004,0.017067216887134133
mix_-1.0_+1.0_w0.50,0.0,800,9,-6.0,mix_-1.0_+1.0_w0.50,0.0,0.0
mix_-1.0_+1.0_w0.50,0.0,1600,9,-6.0,mix_-1.0_+1.0_w0.525,0.00017210215766651007,0.017067216887134137
mix_-1.0_+1.0_w0.50,0.0,100,10,-6.0,mix_-0.5_+1.0_w0.50,0.009588090961338515,0.09870638005820911
mix_-1.0_+1.0_w0.50,0.0,200,10,-6.0,mix_-1.0_+1.0_w0.475,0.00017210215766651004,0.017067216887134133
mix_-1.0_+1.0_w0.50,0.0,400,10,-6.0,mix_-1.0_+1.0_w0.525,0.00017210215766651007,0.017067216887134137
mix_-1.0_+1.0_w0.50,0.0,800,10,-6.0,mix_-1.0_+1.0_w0.50,0.0,0.0
mix_-1.0_+1.0_w0.50,0.0,1600,10,-6.0,mix_-1.0_+1.0_w0.475,0.00017210215766651004,0.017067216887134133
mix_-1.0_+1.0_w0.50,0.0,100,11,-6.0,mix_-1.0_+1.0_w0.525,0.00017210215766651007,0.017067216887134137
mix_-1.0_+1.0_w0.50,0.0,200,11,-6.0,mix_-1.0_+1.0_w0.525,0.00017210215766651007,0.017067216887134137
mix_-1.0_+1.0_w0.50,0.0,400,11,-6.0,mix_-1.0_+1.0_w0.525,0.00017210215766651007,0.017067216887134137
mix_-1.0_+1.0_w0.50,0.0,800,11,-6.0,mix_-1.0_+1.0_w0.475,0.00017210215766651004,0.017067216887134133
mix_-1.0_+1.0_w0.50,0.0,1600,11,-6.0,mix_-1.0_+1.0_w0.525,0.00017210215766651007,0.017067216887134137
mix_-1.0_+1.0_w0.50,0.0,100,12,-6.0,mix_-1.0_+1.0_w0.475,0.00017210215766651004,0.017067216887134133
mix_-1.0_+1.0_w0.50,0.0,200,12,-6.0,mix_-1.0_+1.0_w0.25,0.01834752844272004,0.17067216887134118
mix_-1.0_+1.0_w0.50,0.0,400,12,-6.0,mix_-1.0_+1.0_w0.475,0.00017210215766651004,0.017067216887134133
mix_-1.0_+1.0_w0.50,0.0,800,12,-6.0,mix_-1.0_+1.0_w0.50,0.0,0.0
mix_-1.0_+1.0_w0.50,0.0,1600,12,-6.0,mix_-1.0_+1.0_w0.475,0.00017210215766651004,0.017067216887134133
mix_-1.0_+1.0_w0.50,0.0,100,13,-6.0,mix_-1.0_+1.0_w0.475,0.00017210215766651004,0.017067216887134133
mix_-1.0_+1.0_w0.50,0.0,200,13,-6.0,mix_-1.0_+1.0_w0.50,0.0,0.0
mix_-1.0_+1.0_w0.50,0.0,400,13,-6.0,mix_-1.0_+1.0_w0.525,0.00017210215766651007,0.017067216887134137
mix_-1.0_+1.0_w0.50,0.0,800,13,-6.0,mix_-1.0_+1.0_w0.475,0.00017210215766651004,0.017067216887134133
mix_-1.0_+1.0_w0.50,0.0,1600,13,-6.0,mix_-1.0_+1.0_w0.475,0.00017210215766651004,0.017067216887134133
mix_-1.0_+1.0_w0.50,0.0,100,14,-6.0,mix_-1.0_+1.0_w0.25,0.01834752844272004,0.17067216887134118
mix_-1.0_+1.0_w0.50,0.0,200,14,-6.0,mix_-1.0_+1.0_w0.50,0.0,0.0
mix_-1.0_+1.0_w0.50,0.0,400,14,-6.0,mix_-1.0_+1.0_w0.525,0.00017210215766651007,0.017067216887134137
mix_-1.0_+1.0_w0.50,0.0,800,14,-6.0,mix_-1.0_+1.0_w0.525,0.00017210215766651007,0.017067216887134137
mix_-1.0_+1.0_w0.50,0.0,1600,14,-6.0,mix_-1.0_+1.0_w0.50,0.0,0.0
mix_-1.0_+1.0_w0.50,0.0,100,15,-6.0,mix_-1.0_+0.5_w0.50,0.009588090961338513,0.09870638005820911
mix_-1.0_+1.0_w0.50,0.0,200,15,-6.0,mix_-1.0_+1.0_w0.525,0.00017210215766651007,0.017067216887134137
mix_-1.0_+1.0_w0.50,0.0,400,15,-6.0,mix_-1.0_+1.0_w0.525,0.00017210215766651007,0.017067216887134137
mix_-1.0_+1.0_w0.50,0.0,800,15,-6.0,mix_-1.0_+1.0_w0.525,0.00017210215766651007,0.017067216887134137
mix_-1.0_+1.0_w0.50,0.0,1600,15,-6.0,mix_-1.0_+1.0_w0.50,0.0,0.0
mix_-1.0_+1.0_w0.50,0.0,100,16,-6.0,mix_-1.0_+1.0_w0.475,0.00017210215766651004,0.017067216887134133
mix_-1.0_+1.0_w0.50,0.0,200,16,-6.0,mix_-1.0_+1.0_w0.525,0.00017210215766651007,0.017067216887134137
mix_-1.0_+1.0_w0.50,0.0,400,16,-6.0,mix_-1.0_+1.0_w0.50,0.0,0.0
mix_-1.0_+1.0_w0.50,0.0,800,16,-6.0,mix_-1.0_+1.0_w0.475,0.00017210215766651004,0.017067216887134133
mix_-1.0_+1.0_w0.50,0.0,1600,16,-6.0,mix_-1.0_+1.0_w0.525,0.00017210215766651007,0.017067216887134137
mix_-1.0_+1.0_w0.50,0.0,100,17,-6.0,mix_-1.0_+1.0_w0.475,0.00017210215766651004,0.017067216887134133
mix_-1.0_+1.0_w0.50,0.0,200,17,-6.0,mix_-1.0_+1.0_w0.475,0.00017210215766651004,0.017067216887134133
mix_-1.0_+1.0_w0.50,0.0,400,17,-6.0,mix_-1.0_+1.0_w0.50,0.0,0.0
mix_-1.0_+1.0_w0.50,0.0,800,17,-6.0,mix_-1.0_+1.0_w0.525,0.00017210215766651007,0.017067216887134137
mix_-1.0_+1.0_w0.50,0.0,1600,17,-6.0,mix_-1.0_+1.0_w0.475,0.00017210215766651004,0.017067216887134133
mix_-1.0_+1.0_w0.50,0.0,100,18,-6.0,mix_-1.0_+1.0_w0.475,0.00017210215766651004,0.017067216887134133
mix_-1.0_+1.0_w0.50,0.0,200,18,-6.0,mix_-1.0_+1.0_w0.50,0.0,0.0
mix_-1.0_+1.0_w0.50,0.0,400,18,-6.0,mix_-1.0_+1.0_w0.475,0.00017210215766651004,0.017067216887134133
mix_-1.0_+1.0_w0.50,0.0,800,18,-6.0,mix_-1.0_+1.0_w0.525,0.00017210215766651007,0.017067216887134137
mix_-1.0_+1.0_w0.50,0.0,1600,18,-6.0,mix_-1.0_+1.0_w0.50,0.0,0.0
mix_-1.0_+1.0_w0.50,0.0,100,19,-6.0,mix_-0.5_+1.0_w0.50,0.009588090961338515,0.09870638005820911
mix_-1.0_+1.0_w0.50,0.0,200,19,-6.0,mix_-1.0_+1.0_w0.525,0.00017210215766651007,0.017067216887134137
mix_-1.0_+1.0_w0.50,0.0,400,19,-6.0,mix_-1.0_+1.0_w0.50,0.0,0.0
mix_-1.0_+1.0_w0.50,0.0,800,19,-6.0,mix_-1.0_+1.0_w0.525,0.00017210215766651007,0.017067216887134137
mix_-1.0_+1.0_w0.50,0.0,1600,19,-6.0,mix_-1.0_+1.0_w0.50,0.0,0.0
mix_-1.0_+1.0_w0.50,0.0,100,20,-6.0,mix_-1.0_+1.0_w0.50,0.0,0.0
mix_-1.0_+1.0_w0.50,0.0,200,20,-6.0,mix_-1.0_+1.0_w0.475,0.00017210215766651004,0.017067216887134133
mix_-1.0_+1.0_w0.50,0.0,400,20,-6.0,mix_-1.0_+1.0_w0.525,0.00017210215766651007,0.017067216887134137
mix_-1.0_+1.0_w0.50,0.0,800,20,-6.0,mix_-1.0_+1.0_w0.475,0.00017210215766651004,0.017067216887134133
mix_-1.0_+1.0_w0.50,0.0,1600,20,-6.0,mix_-1.0_+1.0_w0.475,0.00017210215766651004,0.017067216887134133
mix_-1.0_+1.0_w0.50,0.0,100,21,-6.0,mix_-1.0_+1.0_w0.525,0.00017210215766651007,0.017067216887134137
mix_-1.0_+1.0_w0.50,0.0,200,21,-6.0,mix_-1.0_+1.0_w0.525,0.00017210215766651007,0.017067216887134137
mix_-1.0_+1.0_w0.50,0.0,400,21,-6.0,mix_-1.0_+1.0_w0.525,0.00017210215766651007,0.017067216887134137
mix_-1.0_+1.0_w0.50,0.0,800,21,-6.0,mix_-1.0_+1.0_w0.50,0.0,0.0
mix_-1.0_+1.0_w0.50,0.0,1600,21,-6.0,mix_-1.0_+1.0_w0.50,0.0,0.0
mix_-1.0_+1.0_w0.50,0.0,100,22,-6.0,mix_-1.0_+1.0_w0.525,0.00017210215766651007,0.017067216887134137
mix_-1.0_+1.0_w0.50,0.0,200,22,-6.0,mix_-1.0_+1.0_w0.475,0.00017210215766651004,0.017067216887134133
mix_-1.0_+1.0_w0.50,0.0,400,22,-6.0,mix_-1.0_+1.0_w0.525,0.00017210215766651007,0.017067216887134137
mix_-1.0_+1.0_w0.50,0.0,800,22,-6.0,mix_-1.0_+1.0_w0.475,0.00017210215766651004,0.017067216887134133
mix_-1.0_+1.0_w0.50,0.0,1600,22,-6.0,mix_-1.0_+1.0_w0.525,0.00017210215766651007,0.017067216887134137
mix_-1.0_+1.0_w0.50,0.0,100,23,-6.0,mix_-1.0_+0.5_w0.50,0.009588090961338513,0.09870638005820911
mix_-1.0_+1.0_w0.50,0.0,200,23,-6.0,mix_-1.0_+1.0_w0.50,0.0,0.0
mix_-1.0_+1.0_w0.50,0.0,400,23,-6.0,mix_-1.0_+1.0_w0.50,0.0,0.0
mix_-1.0_+1.0_w0.50,0.0,800,23,-6.0,mix_-1.0_+1.0_w0.50,0.0,0.0
mix_-1.0_+1.0_w0.50,0.0,1600,23,-6.0,mix_-1.0_+1.0_w0.475,0.00017210215766651004,0.017067216887134133
mix_-1.0_+1.0_w0.50,0.0,100,24,-6.0,mix_-1.0_+1.0_w0.525,0.00017210215766651007,0.017067216887134137
mix_-1.0_+1.0_w0.50,0.0,200,24,-6.0,mix_-1.0_+1.0_w0.525,0.00017210215766651007,0.017067216887134137
mix_-1.0_+1.0_w0.50,0.0,400,24,-6.0,mix_-1.0_+1.0_w0.525,0.00017210215766651007,0.017067216887134137
mix_-1.0_+1.0_w0.50,0.0,800,24,-6.0,mix_-1.0_+1.0_w0.475,0.00017210215766651004,0.017067216887134133
mix_-1.0_+1.0_w0.50,0.0,1600,24,-6.0,mix_-1.0_+1.0_w0.50,0.0,0.0
mix_-1.0_+1.0_w0.50,0.0,100,25,-6.0,mix_-1.0_+1.0_w0.525,0.00017210215766651007,0.017067216887134137
mix_-1.0_+1.0_w0.50,0.0,200,25,-6.0,mix_-1.0_+1.0_w0.525,0.00017210215766651007,0.017067216887134137
mix_-1.0_+1.0_w0.50,0.0,400,25,-6.0,mix_-1.0_+1.0_w0.525,0.00017210215766651007,0.017067216887134137
mix_-1.0_+1.0_w0.50,0.0,800,25,-6.0,mix_-1.0_+1.0_w0.50,0.0,0.0
mix_-1.0_+1.0_w0.50,0.0,1600,25,-6.0,mix_-1.0_+1.0_w0.50,0.0,0.0
mix_-1.0_+1.0_w0.50,0.0,100,26,-6.0,mix_-1.0_+0.5_w0.50,0.009588090961338513,0.09870638005820911
mix_-1.0_+1.0_w0.50,0.0,200,26,-6.0,mix_-1.0_+1.0_w0.475,0.00017210215766651004,0.017067216887134133
mix_-1.0_+1.0_w0.50,0.0,400,26,-6.0,mix_-1.0_+1.0_w0.525,0.00017210215766651007,0.017067216887134137
mix_-1.0_+1.0_w0.50,0.0,800,26,-6.0,mix_-1.0_+1.0_w0.475,0.00017210215766651004,0.017067216887134133
mix_-1.0_+1.0_w0.50,0.0,1600,26,-6.0,mix_-1.0_+1.0_w0.475,0.00017210215766651004,0.017067216887134133
mix_-1.0_+1.0_w0.50,0.0,100,27,-6.0,mix_-1.0_+1.0_w0.475,0.00017210215766651004,0.017067216887134133
mix_-1.0_+1.0_w0.50,0.0,200,27,-6.0,mix_-1.0_+1.0_w0.525,0.00017210215766651007,0.017067216887134137
mix_-1.0_+1.0_w0.50,0.0,400,27,-6.0,mix_-1.0_+1.0_w0.50,0.0,0.0
mix_-1.0_+1.0_w0.50,0.0,800,27,-6.0,mix_-1.0_+1.0_w0.50,0.0,0.0
mix_-1.0_+1.0_w0.50,0.0,1600,27,-6.0,mix_-1.0_+1.0_w0.525,0.00017210215766651007,0.017067216887134137
mix_-1.0_+1.0_w0.50,0.0,100,28,-6.0,mix_-1.0_+1.0_w0.50,0.0,0.0
mix_-1.0_+1.0_w0.50,0.0,200,28,-6.0,mix_-1.0_+0.5_w0.25,0.011312236714982379,0.12733854286286306
mix_-1.0_+1.0_w0.50,0.0,400,28,-6.0,mix_-1.0_+1.0_w0.525,0.00017210215766651007,0.017067216887134137
mix_-1.0_+1.0_w0.50,0.0,800,28,-6.0,mix_-1.0_+1.0_w0.525,0.00017210215766651007,0.017067216887134137
mix_-1.0_+1.0_w0.50,0.0,1600,28,-6.0,mix_-1.0_+1.0_w0.475,0.00017210215766651004,0.017067216887134133
mix_-1.0_+1.0_w0.50,0.0,100,29,-6.0,mix_-1.0_+1.0_w0.475,0.00017210215766651004,0.017067216887134133
mix_-1.0_+1.0_w0.50,0.0,200,29,-6.0,mix_-1.0_+1.0_w0.50,0.0,0.0
mix_-1.0_+1.0_w0.50,0.0,400,29,-6.0,mix_-1.0_+1.0_w0.525,0.00017210215766651007,0.017067216887134137
mix_-1.0_+1.0_w0.50,0.0,800,29,-6.0,mix_-1.0_+1.0_w0.475,0.00017210215766651004,0.017067216887134133
mix_-1.0_+1.0_w0.50,0.0,1600,29,-6.0,mix_-1.0_+1.0_w0.525,0.00017210215766651007,0.017067216887134137
mix_-1.0_+1.0_w0.50,0.0,100,30,-6.0,mix_-1.0_+1.0_w0.25,0.01834752844272004,0.17067216887134118
mix_-1.0_+1.0_w0.50,0.0,200,30,-6.0,mix_-1.0_+1.0_w0.50,0.0,0.0
mix_-1.0_+1.0_w0.50,0.0,400,30,-6.0,mix_-1.0_+1.0_w0.525,0.00017210215766651007,0.017067216887134137
mix_-1.0_+1.0_w0.50,0.0,800,30,-6.0,mix_-1.0_+1.0_w0.475,0.00017210215766651004,0.017067216887134133
mix_-1.0_+1.0_w0.50,0.0,1600,30,-6.0,mix_-1.0_+1.0_w0.50,0.0,0.0
mix_-1.0_+1.0_w0.50,0.0,100,31,-6.0,mix_-0.5_+1.0_w0.50,0.009588090961338515,0.09870638005820911
mix_-1.0_+1.0_w0.50,0.0,200,31,-6.0,mix_-1.0_+1.0_w0.525,0.00017210215766651007,0.017067216887134137
mix_-1.0_+1.0_w0.50,0.0,400,31,-6.0,mix_-1.0_+1.0_w0.525,0.00017210215766651007,0.017067216887134137
mix_-1.0_+1.0_w0.50,0.0,800,31,-6.0,mix_-1.0_+1.0_w0.475,0.00017210215766651004,0.017067216887134133
mix_-1.0_+1.0_w0.50,0.0,1600,31,-6.0,mix_-1.0_+1.0_w0.50,0.0,0.0
mix_-1.0_+1.0_w0.50,0.0,100,32,-6.0,mix_-1.0_+1.0_w0.475,0.00017210215766651004,0.017067216887134133
mix_-1.0_+1.0_w0.50,0.0,200,32,-6.0,mix_-1.0_+1.0_w0.25,0.01834752844272004,0.17067216887134118
mix_-1.0_+1.0_w0.50,0.0,400,32,-6.0,mix_-1.0_+1.0_w0.525,0.00017210215766651007,0.017067216887134137
mix_-1.0_+1.0_w0.50,0.0,800,32,-6.0,mix_-1.0_+1.0_w0.50,0.0,0.0
mix_-1.0_+1.0_w0.50,0.0,1600,32,-6.0,mix_-1.0_+1.0_w0.475,0.00017210215766651004,0.017067216887134133
mix_-1.0_+1.0_w0.50,0.0,100,33,-6.0,mix_-1.0_+1.0_w0.525,0.00017210215766651007,0.017067216887134137
mix_-1.0_+1.0_w0.50,0.0,200,33,-6.0,mix_-1.0_+1.0_w0.475,0.00017210215766651004,0.017067216887134133
mix_-1.0_+1.0_w0.50,0.0,400,33,-6.0,mix_-1.0_+1.0_w0.50,0.0,0.0
mix_-1.0_+1.0_w0.50,0.0,800,33,-6.0,mix_-1.0_+1.0_w0.525,0.00017210215766651007,0.017067216887134137
mix_-1.0_+1.0_w0.50,0.0,1600,33,-6.0,mix_-1.0_+1.0_w0.50,0.0,0.0
mix_-1.0_+1.0_w0.50,0.0,100,34,-6.0,mix_-0.5_+1.0_w0.50,0.009588090961338515,0.09870638005820911
mix_-1.0_+1.0_w0.50,0.0,200,34,-6.0,mix_-1.0_+1.0_w0.525,0.00017210215766651007,0.017067216887134137
mix_-1.0_+1.0_w0.50,0.0,400,34,-6.0,mix_-1.0_+1.0_w0.50,0.0,0.0
mix_-1.0_+1.0_w0.50,0.0,800,34,-6.0,mix_-1.0_+1.0_w0.50,0.0,0.0
mix_-1.0_+1.0_w0.50,0.0,1600,34,-6.0,mix_-1.0_+1.0_w0.50,0.0,0.0
mix_-1.0_+1.0_w0.50,0.0,100,35,-6.0,mix_-1.0_+1.0_w0.525,0.00017210215766651007,0.017067216887134137
mix_-1.0_+1.0_w0.50,0.0,200,35,-6.0,mix_-1.0_+1.0_w0.525,0.00017210215766651007,0.017067216887134137
mix_-1.0_+1.0_w0.50,0.0,400,35,-6.0,mix_-1.0_+1.0_w0.525,0.00017210215766651007,0.017067216887134137
mix_-1.0_+1.0_w0.50,0.0,800,35,-6.0,mix_-1.0_+1.0_w0.525,0.00017210215766651007,0.017067216887134137
mix_-1.0_+1.0_w0.50,0.0,1600,35,-6.0,mix_-1.0_+1.0_w0.50,0.0,0.0
mix_-1.0_+1.0_w0.50,0.0,100,36,-6.0,mix_-1.0_+1.0_w0.475,0.00017210215766651004,0.017067216887134133
mix_-1.0_+1.0_w0.50,0.0,200,36,-6.0,mix_-1.0_+1.0_w0.475,0.00017210215766651004,0.017067216887134133
mix_-1.0_+1.0_w0.50,0.0,400,36,-6.0,mix_-1.0_+1.0_w0.475,0.00017210215766651004,0.017067216887134133
mix_-1.0_+1.0_w0.50,0.0,800,36,-6.0,mix_-1.0_+1.0_w0.475,0.00017210215766651004,0.017067216887134133
mix_-1.0_+1.0_w0.50,0.0,1600,36,-6.0,mix_-1.0_+1.0_w0.475,0.00017210215766651004,0.017067216887134133
mix_-1.0_+1.0_w0.50,0.0,100,37,-6.0,mix_-0.5_+1.0_w0.75,0.011312236714982379,0.12733854286286306
mix_-1.0_+1.0_w0.50,0.0,200,37,-6.0,mix_-1.0_+1.0_w0.475,0.00017210215766651004,0.017067216887134133
mix_-1.0_+1.0_w0.50,0.0,400,37,-6.0,mix_-1.0_+1.0_w0.525,0.00017210215766651007,0.017067216887134137
mix_-1.0_+1.0_w0.50,0.0,800,37,-6.0,mix_-1.0_+1.0_w0.475,0.00017210215766651004,0.017067216887134133
mix_-1.0_+1.0_w0.50,0.0,1600,37,-6.0,mix_-1.0_+1.0_w0.475,0.00017210215766651004,0.017067216887134133
mix_-1.0_+1.0_w0.50,0.0,100,38,-6.0,mix_-1.0_+1.0_w0.475,0.00017210215766651004,0.017067216887134133
mix_-1.0_+1.0_w0.50,0.0,200,38,-6.0,mix_-1.0_+1.0_w0.475,0.00017210215766651004,0.017067216887134133
mix_-1.0_+1.0_w0.50,0.0,400,38,-6.0,mix_-1.0_+1.0_w0.475,0.00017210215766651004,0.017067216887134133
mix_-1.0_+1.0_w0.50,0.0,800,38,-6.0,mix_-1.0_+1.0_w0.50,0.0,0.0
mix_-1.0_+1.0_w0.50,0.0,1600,38,-6.0,mix_-1.0_+1.0_w0.525,0.00017210215766651007,0.017067216887134137
mix_-1.0_+1.0_w0.50,0.0,100,39,-6.0,mix_-1.0_+1.0_w0.525,0.00017210215766651007,0.017067216887134137
mix_-1.0_+1.0_w0.50,0.0,200,39,-6.0,mix_-1.0_+1.0_w0.50,0.0,0.0
mix_-1.0_+1.0_w0.50,0.0,400,39,-6.0,mix_-1.0_+1.0_w0.50,0.0,0.0
mix_-1.0_+1.0_w0.50,0.0,800,39,-6.0,mix_-1.0_+1.0_w0.525,0.00017210215766651007,0.017067216887134137
mix_-1.0_+1.0_w0.50,0.0,1600,39,-6.0,mix_-1.0_+1.0_w0.50,0.0,0.0
mix_-1.0_+1.0_w0.50,0.02,100,0,-6.0,mix_-1.0_+1.0_w0.475,0.00017210215766651004,0.017067216887134133
mix_-1.0_+1.0_w0.50,0.02,200,0,-6.0,mix_-1.0_+1.0_w0.525,0.00017210215766651007,0.017067216887134137
mix_-1.0_+1.0_w0.50,0.02,400,0,-6.0,mix_-1.0_+1.0_w0.525,0.00017210215766651007,0.017067216887134137
mix_-1.0_+1.0_w0.50,0.02,800,0,-6.0,mix_-1.0_+1.0_w0.525,0.00017210215766651007,0.017067216887134137
mix_-1.0_+1.0_w0.50,0.02,1600,0,-6.0,mix_-1.0_+1.0_w0.525,0.00017210215766651007,0.017067216887134137
mix_-1.0_+1.0_w0.50,0.02,100,1,-6.0,mix_-1.0_+1.0_w0.525,0.00017210215766651007,0.017067216887134137
mix_-1.0_+1.0_w0.50,0.02,200,1,-6.0,mix_-1.0_+1.0_w0.525,0.00017210215766651007,0.017067216887134137
mix_-1.0_+1.0_w0.50,0.02,400,1,-6.0,mix_-1.0_+1.0_w0.525,0.00017210215766651007,0.017067216887134137
mix_-1.0_+1.0_w0.50,0.02,800,1,-6.0,mix_-1.0_+1.0_w0.50,0.0,0.0
mix_-1.0_+1.0_w0.50,0.02,1600,1,-6.0,mix_-1.0_+1.0_w0.50,0.0,0.0
mix_-1.0_+1.0_w0.50,0.02,100,2,-6.0,mix_-1.0_+1.0_w0.525,0.00017210215766651007,0.017067216887134137
mix_-1.0_+1.0_w0.50,0.02,200,2,-6.0,mix_-1.0_+1.0_w0.525,0.00017210215766651007,0.017067216887134137
mix_-1.0_+1.0_w0.50,0.02,400,2,-6.0,mix_-1.0_+1.0_w0.475,0.00017210215766651004,0.017067216887134133
mix_-1.0_+1.0_w0.50,0.02,800,2,-6.0,mix_-1.0_+1.0_w0.50,0.0,0.0
mix_-1.0_+1.0_w0.50,0.02,1600,2,-6.0,mix_-1.0_+1.0_w0.50,0.0,0.0
mix_-1.0_+1.0_w0.50,0.02,100,3,-6.0,mix_-1.0_+1.0_w0.50,0.0,0.0
mix_-1.0_+1.0_w0.50,0.02,200,3,-6.0,mix_-1.0_+1.0_w0.475,0.00017210215766651004,0.017067216887134133
mix_-1.0_+1.0_w0.50,0.02,400,3,-6.0,mix_-1.0_+1.0_w0.525,0.00017210215766651007,0.017067216887134137
mix_-1.0_+1.0_w0.50,0.02,800,3,-6.0,mix_-1.0_+1.0_w0.525,0.00017210215766651007,0.017067216887134137
mix_-1.0_+1.0_w0.50,0.02,1600,3,-6.0,mix_-1.0_+1.0_w0.50,0.0,0.0
mix_-1.0_+1.0_w0.50,0.02,100,4,-6.0,mix_-1.0_+1.0_w0.525,0.00017210215766651007,0.017067216887134137
mix_-1.0_+1.0_w0.50,0.02,200,4,-6.0,mix_-1.0_+1.0_w0.475,0.00017210215766651004,0.017067216887134133
mix_-1.0_+1.0_w0.50,0.02,400,4,-6.0,mix_-1.0_+1.0_w0.525,0.00017210215766651007,0.017067216887134137
mix_-1.0_+1.0_w0.50,0.02,800,4,-6.0,mix_-1.0_+1.0_w0.475,0.00017210215766651004,0.017067216887134133
mix_-1.0_+1.0_w0.50,0.02,1600,4,-6.0,mix_-1.0_+1.0_w0.50,0.0,0.0
mix_-1.0_+1.0_w0.50,0.02,100,5,-6.0,mix_-1.0_+0.5_w0.50,0.009588090961338513,0.09870638005820911
mix_-1.0_+1.0_w0.50,0.02,200,5,-6.0,mix_-1.0_+1.0_w0.50,0.0,0.0
mix_-1.0_+1.0_w0.50,0.02,400,5,-6.0,mix_-1.0_+1.0_w0.525,0.00017210215766651007,0.017067216887134137
mix_-1.0_+1.0_w0.50,0.02,800,5,-6.0,mix_-1.0_+1.0_w0.50,0.0,0.0
mix_-1.0_+1.0_w0.50,0.02,1600,5,-6.0,mix_-1.0_+1.0_w0.525,0.00017210215766651007,0.017067216887134137
mix_-1.0_+1.0_w0.50,0.02,100,6,-6.0,mix_-1.0_+0.5_w0.50,0.009588090961338513,0.09870638005820911
mix_-1.0_+1.0_w0.50,0.02,200,6,-6.0,mix_-1.0_+1.0_w0.475,0.00017210215766651004,0.017067216887134133
mix_-1.0_+1.0_w0.50,0.02,400,6,-6.0,mix_-1.0_+1.0_w0.525,0.00017210215766651007,0.017067216887134137
mix_-1.0_+1.0_w0.50,0.02,800,6,-6.0,mix_-1.0_+1.0_w0.50,0.0,0.0
mix_-1.0_+1.0_w0.50,0.02,1600,6,-6.0,mix_-1.0_+1.0_w0.525,0.00017210215766651007,0.017067216887134137
mix_-1.0_+1.0_w0.50,0.02,100,7,-6.0,mix_-1.0_+0.5_w0.25,0.011312236714982379,0.12733854286286306
mix_-1.0_+1.0_w0.50,0.02,200,7,-6.0,mix_-1.0_+1.0_w0.525,0.00017210215766651007,0.017067216887134137
mix_-1.0_+1.0_w0.50,0.02,400,7,-6.0,mix_-1.0_+1.0_w0.475,0.00017210215766651004,0.017067216887134133
mix_-1.0_+1.0_w0.50,0.02,800,7,-6.0,mix_-1.0_+1.0_w0.50,0.0,0.0
mix_-1.0_+1.0_w0.50,0.02,1600,7,-6.0,mix_-1.0_+1.0_w0.50,0.0,0.0
mix_-1.0_+1.0_w0.50,0.02,100,8,-6.0,mix_-1.0_+1.0_w0.525,0.00017210215766651007,0.017067216887134137
mix_-1.0_+1.0_w0.50,0.02,200,8,-6.0,mix_-1.0_+1.0_w0.525,0.00017210215766651007,0.017067216887134137
mix_-1.0_+1.0_w0.50,0.02,400,8,-6.0,mix_-1.0_+1.0_w0.50,0.0,0.0
mix_-1.0_+1.0_w0.50,0.02,800,8,-6.0,mix_-1.0_+1.0_w0.475,0.00017210215766651004,0.017067216887134133
mix_-1.0_+1.0_w0.50,0.02,1600,8,-6.0,mix_-1.0_+1.0_w0.50,0.0,0.0
mix_-1.0_+1.0_w0.50,0.02,100,9,-6.0,mix_-1.0_+1.0_w0.50,0.0,0.0
mix_-1.0_+1.0_w0.50,0.02,200,9,-6.0,mix_-1.0_+1.0_w0.475,0.00017210215766651004,0.017067216887134133
mix_-1.0_+1.0_w0.50,0.02,400,9,-6.0,mix_-1.0_+1.0_w0.475,0.00017210215766651004,0.017067216887134133
mix_-1.0_+1.0_w0.50,0.02,800,9,-6.0,mix_-1.0_+1.0_w0.475,0.00017210215766651004,0.017067216887134133
mix_-1.0_+1.0_w0.50,0.02,1600,9,-6.0,mix_-1.0_+1.0_w0.50,0.0,0.0
mix_-1.0_+1.0_w0.50,0.02,100,10,-6.0,mix_-1.0_+1.0_w0.525,0.00017210215766651007,0.017067216887134137
mix_-1.0_+1.0_w0.50,0.02,200,10,-6.0,mix_-1.0_+1.0_w0.50,0.0,0.0
mix_-1.0_+1.0_w0.50,0.02,400,10,-6.0,mix_-1.0_+1.0_w0.50,0.0,0.0
mix_-1.0_+1.0_w0.50,0.02,800,10,-6.0,mix_-1.0_+1.0_w0.525,0.00017210215766651007,0.017067216887134137
mix_-1.0_+1.0_w0.50,0.02,1600,10,-6.0,mix_-1.0_+1.0_w0.50,0.0,0.0
mix_-1.0_+1.0_w0.50,0.02,100,11,-6.0,mix_-1.0_+1.0_w0.525,0.00017210215766651007,0.017067216887134137
mix_-1.0_+1.0_w0.50,0.02,200,11,-6.0,mix_-1.0_+1.0_w0.525,0.00017210215766651007,0.017067216887134137
mix_-1.0_+1.0_w0.50,0.02,400,11,-6.0,mix_-1.0_+1.0_w0.525,0.00017210215766651007,0.017067216887134137
mix_-1.0_+1.0_w0.50,0.02,800,11,-6.0,mix_-1.0_+1.0_w0.475,0.00017210215766651004,0.017067216887134133
mix_-1.0_+1.0_w0.50,0.02,1600,11,-6.0,mix_-1.0_+1.0_w0.525,0.00017210215766651007,0.017067216887134137
mix_-1.0_+1.0_w0.50,0.02,100,12,-6.0,mix_-1.0_+1.0_w0.475,0.00017210215766651004,0.017067216887134133
mix_-1.0_+1.0_w0.50,0.02,200,12,-6.0,mix_-1.0_+1.0_w0.475,0.00017210215766651004,0.017067216887134133
mix_-1.0_+1.0_w0.50,0.02,400,12,-6.0,mix_-1.0_+1.0_w0.50,0.0,0.0
mix_-1.0_+1.0_w0.50,0.02,800,12,-6.0,mix_-1.0_+1.0_w0.50,0.0,0.0
mix_-1.0_+1.0_w0.50,0.02,1600,12,-6.0,mix_-1.0_+1.0_w0.50,0.0,0.0
mix_-1.0_+1.0_w0.50,0.02,100,13,-6.0,mix_-1.0_+1.0_w0.75,0.01834752844272004,0.17067216887134118
mix_-1.0_+1.0_w0.50,0.02,200,13,-6.0,mix_-1.0_+1.0_w0.525,0.00017210215766651007,0.017067216887134137
mix_-1.0_+1.0_w0.50,0.02,400,13,-6.0,mix_-1.0_+1.0_w0.475,0.00017210215766651004,0.017067216887134133
mix_-1.0_+1.0_w0.50,0.02,800,13,-6.0,mix_-1.0_+1.0_w0.475,0.00017210215766651004,0.017067216887134133
mix_-1.0_+1.0_w0.50,0.02,1600,13,-6.0,mix_-1.0_+1.0_w0.50,0.0,0.0
mix_-1.0_+1.0_w0.50,0.02,100,14,-6.0,mix_-0.5_+1.0_w0.50,0.009588090961338515,0.09870638005820911
mix_-1.0_+1.0_w0.50,0.02,200,14,-6.0,mix_-1.0_+1.0_w0.50,0.0,0.0
mix_-1.0_+1.0_w0.50,0.02,400,14,-6.0,mix_-1.0_+1.0_w0.525,0.00017210215766651007,0.017067216887134137
mix_-1.0_+1.0_w0.50,0.02,800,14,-6.0,mix_-1.0_+1.0_w0.525,0.00017210215766651007,0.017067216887134137
mix_-1.0_+1.0_w0.50,0.02,1600,14,-6.0,mix_-1.0_+1.0_w0.475,0.00017210215766651004,0.017067216887134133
mix_-1.0_+1.0_w0.50,0.02,100,15,-6.0,mix_-1.0_+1.0_w0.475,0.00017210215766651004,0.017067216887134133
mix_-1.0_+1.0_w0.50,0.02,200,15,-6.0,mix_-1.0_+0.5_w0.25,0.011312236714982379,0.12733854286286306
mix_-1.0_+1.0_w0.50,0.02,400,15,-6.0,mix_-1.0_+1.0_w0.50,0.0,0.0
mix_-1.0_+1.0_w0.50,0.02,800,15,-6.0,mix_-1.0_+1.0_w0.50,0.0,0.0
mix_-1.0_+1.0_w0.50,0.02,1600,15,-6.0,mix_-1.0_+1.0_w0.525,0.00017210215766651007,0.017067216887134137
mix_-1.0_+1.0_w0.50,0.02,100,16,-6.0,mix_-1.0_+1.0_w0.50,0.0,0.0
mix_-1.0_+1.0_w0.50,0.02,200,16,-6.0,mix_-1.0_+1.0_w0.475,0.00017210215766651004,0.017067216887134133
mix_-1.0_+1.0_w0.50,0.02,400,16,-6.0,mix_-1.0_+1.0_w0.50,0.0,0.0
mix_-1.0_+1.0_w0.50,0.02,800,16,-6.0,mix_-1.0_+1.0_w0.525,0.00017210215766651007,0.017067216887134137
mix_-1.0_+1.0_w0.50,0.02,1600,16,-6.0,mix_-1.0_+1.0_w0.525,0.00017210215766651007,0.017067216887134137
mix_-1.0_+1.0_w0.50,0.02,100,17,-6.0,mix_-1.0_+1.0_w0.525,0.00017210215766651007,0.017067216887134137
mix_-1.0_+1.0_w0.50,0.02,200,17,-6.0,mix_-1.0_+0.5_w0.50,0.009588090961338513,0.09870638005820911
mix_-1.0_+1.0_w0.50,0.02,400,17,-6.0,mix_-1.0_+1.0_w0.475,0.00017210215766651004,0.017067216887134133
mix_-1.0_+1.0_w0.50,0.02,800,17,-6.0,mix_-1.0_+1.0_w0.50,0.0,0.0
mix_-1.0_+1.0_w0.50,0.02,1600,17,-6.0,mix_-1.0_+1.0_w0.525,0.00017210215766651007,0.017067216887134137
mix_-1.0_+1.0_w0.50,0.02,100,18,-6.0,mix_-1.0_+1.0_w0.475,0.00017210215766651004,0.017067216887134133
mix_-1.0_+1.0_w0.50,0.02,200,18,-6.0,mix_-1.0_+1.0_w0.525,0.00017210215766651007,0.017067216887134137
mix_-1.0_+1.0_w0.50,0.02,400,18,-6.0,mix_-1.0_+1.0_w0.50,0.0,0.0
mix_-1.0_+1.0_w0.50,0.02,800,18,-6.0,mix_-1.0_+1.0_w0.475,0.00017210215766651004,0.017067216887134133
mix_-1.0_+1.0_w0.50,0.02,1600,18,-6.0,mix_-1.0_+1.0_w0.525,0.00017210215766651007,0.017067216887134137
mix_-1.0_+1.0_w0.50,0.02,100,19,-6.0,mix_-1.0_+1.0_w0.525,0.00017210215766651007,0.017067216887134137
mix_-1.0_+1.0_w0.50,0.02,200,19,-6.0,mix_-1.0_+0.5_w0.25,0.011312236714982379,0.12733854286286306
mix_-1.0_+1.0_w0.50,0.02,400,19,-6.0,mix_-1.0_+1.0_w0.525,0.00017210215766651007,0.017067216887134137
mix_-1.0_+1.0_w0.50,0.02,800,19,-6.0,mix_-1.0_+1.0_w0.525,0.00017210215766651007,0.017067216887134137
mix_-1.0_+1.0_w0.50,0.02,1600,19,-6.0,mix_-1.0_+1.0_w0.50,0.0,0.0
mix_-1.0_+1.0_w0.50,0.02,100,20,-6.0,mix_-1.0_+1.0_w0.50,0.0,0.0
mix_-1.0_+1.0_w0.50,0.02,200,20,-6.0,mix_-1.0_+1.0_w0.525,0.00017210215766651007,0.017067216887134137
mix_-1.0_+1.0_w0.50,0.02,400,20,-6.0,mix_-1.0_+1.0_w0.525,0.00017210215766651007,0.017067216887134137
mix_-1.0_+1.0_w0.50,0.02,800,20,-6.0,mix_-1.0_+1.0_w0.50,0.0,0.0
mix_-1.0_+1.0_w0.50,0.02,1600,20,-6.0,mix_-1.0_+1.0_w0.475,0.00017210215766651004,0.017067216887134133
mix_-1.0_+1.0_w0.50,0.02,100,21,-6.0,mix_-1.0_+1.0_w0.25,0.01834752844272004,0.17067216887134118
mix_-1.0_+1.0_w0.50,0.02,200,21,-6.0,mix_-1.0_+1.0_w0.525,0.00017210215766651007,0.017067216887134137
mix_-1.0_+1.0_w0.50,0.02,400,21,-6.0,mix_-1.0_+1.0_w0.525,0.00017210215766651007,0.017067216887134137
mix_-1.0_+1.0_w0.50,0.02,800,21,-6.0,mix_-1.0_+1.0_w0.50,0.0,0.0
mix_-1.0_+1.0_w0.50,0.02,1600,21,-6.0,mix_-1.0_+1.0_w0.475,0.00017210215766651004,0.017067216887134133
mix_-1.0_+1.0_w0.50,0.02,100,22,-6.0,mix_-1.0_+1.0_w0.475,0.00017210215766651004,0.017067216887134133
mix_-1.0_+1.0_w0.50,0.02,200,22,-6.0,mix_-1.0_+1.0_w0.475,0.00017210215766651004,0.017067216887134133
mix_-1.0_+1.0_w0.50,0.02,400,22,-6.0,mix_-1.0_+1.0_w0.475,0.00017210215766651004,0.017067216887134133
mix_-1.0_+1.0_w0.50,0.02,800,22,-6.0,mix_-1.0_+1.0_w0.525,0.00017210215766651007,0.017067216887134137
mix_-1.0_+1.0_w0.50,0.02,1600,22,-6.0,mix_-1.0_+1.0_w0.525,0.00017210215766651007,0.017067216887134137
mix_-1.0_+1.0_w0.50,0.02,100,23,-6.0,mix_-1.0_+0.5_w0.25,0.011312236714982379,0.12733854286286306
mix_-1.0_+1.0_w0.50,0.02,200,23,-6.0,mix_-1.0_+1.0_w0.525,0.00017210215766651007,0.017067216887134137
mix_-1.0_+1.0_w0.50,0.02,400,23,-6.0,mix_-1.0_+1.0_w0.475,0.00017210215766651004,0.017067216887134133
mix_-1.0_+1.0_w0.50,0.02,800,23,-6.0,mix_-1.0_+1.0_w0.50,0.0,0.0
mix_-1.0_+1.0_w0.50,0.02,1600,23,-6.0,mix_-1.0_+1.0_w0.525,0.00017210215766651007,0.017067216887134137
mix_-1.0_+1.0_w0.50,0.02,100,24,-6.0,mix_-1.0_+1.0_w0.75,0.01834752844272004,0.17067216887134118
mix_-1.0_+1.0_w0.50,0.02,200,24,-6.0,mix_-1.0_+1.0_w0.475,0.00017210215766651004,0.017067216887134133
mix_-1.0_+1.0_w0.50,0.02,400,24,-6.0,mix_-1.0_+1.0_w0.475,0.00017210215766651004,0.017067216887134133
mix_-1.0_+1.0_w0.50,0.02,800,24,-6.0,mix_-1.0_+1.0_w0.50,0.0,0.0
mix_-1.0_+1.0_w0.50,0.02,1600,24,-6.0,mix_-1.0_+1.0_w0.50,0.0,0.0
mix_-1.0_+1.0_w0.50,0.02,100,25,-6.0,mix_-1.0_+1.0_w0.75,0.01834752844272004,0.17067216887134118
mix_-1.0_+1.0_w0.50,0.02,200,25,-6.0,mix_-1.0_+1.0_w0.525,0.00017210215766651007,0.017067216887134137
mix_-1.0_+1.0_w0.50,0.02,400,25,-6.0,mix_-1.0_+1.0_w0.525,0.00017210215766651007,0.017067216887134137
mix_-1.0_+1.0_w0.50,0.02,800,25,-6.0,mix_-1.0_+1.0_w0.525,0.00017210215766651007,0.017067216887134137
mix_-1.0_+1.0_w0.50,0.02,1600,25,-6.0,mix_-1.0_+1.0_w0.525,0.00017210215766651007,0.017067216887134137
mix_-1.0_+1.0_w0.50,0.02,100,26,-6.0,mix_-1.0_+1.0_w0.525,0.00017210215766651007,0.017067216887134137
mix_-1.0_+1.0_w0.50,0.02,200,26,-6.0,mix_-1.0_+1.0_w0.50,0.0,0.0
mix_-1.0_+1.0_w0.50,0.02,400,26,-6.0,mix_-1.0_+1.0_w0.525,0.00017210215766651007,0.017067216887134137
mix_-1.0_+1.0_w0.50,0.02,800,26,-6.0,mix_-1.0_+1.0_w0.50,0.0,0.0
mix_-1.0_+1.0_w0.50,0.02,1600,26,-6.0,mix_-1.0_+1.0_w0.525,0.00017210215766651007,0.017067216887134137
mix_-1.0_+1.0_w0.50,0.02,100,27,-6.0,mix_-1.0_+1.0_w0.525,0.00017210215766651007,0.017067216887134137
mix_-1.0_+1.0_w0.50,0.02,200,27,-6.0,mix_-1.0_+1.0_w0.525,0.00017210215766651007,0.017067216887134137
mix_-1.0_+1.0_w0.50,0.02,400,27,-6.0,mix_-1.0_+1.0_w0.475,0.00017210215766651004,0.017067216887134133
mix_-1.0_+1.0_w0.50,0.02,800,27,-6.0,mix_-1.0_+1.0_w0.475,0.00017210215766651004,0.017067216887134133
mix_-1.0_+1.0_w0.50,0.02,1600,27,-6.0,mix_-1.0_+1.0_w0.525,0.00017210215766651007,0.017067216887134137
mix_-1.0_+1.0_w0.50,0.02,100,28,-6.0,mix_-1.0_+1.0_w0.50,0.0,0.0
mix_-1.0_+1.0_w0.50,0.02,200,28,-6.0,mix_-1.0_+1.0_w0.475,0.00017210215766651004,0.017067216887134133
mix_-1.0_+1.0_w0.50,0.02,400,28,-6.0,mix_-1.0_+1.0_w0.50,0.0,0.0
mix_-1.0_+1.0_w0.50,0.02,800,28,-6.0,mix_-1.0_+1.0_w0.475,0.00017210215766651004,0.017067216887134133
mix_-1.0_+1.0_w0.50,0.02,1600,28,-6.0,mix_-1.0_+1.0_w0.50,0.0,0.0
mix_-1.0_+1.0_w0.50,0.02,100,29,-6.0,mix_-1.0_+1.0_w0.475,0.00017210215766651004,0.017067216887134133
mix_-1.0_+1.0_w0.50,0.02,200,29,-6.0,mix_-1.0_+1.0_w0.475,0.00017210215766651004,0.017067216887134133
mix_-1.0_+1.0_w0.50,0.02,400,29,-6.0,mix_-1.0_+1.0_w0.525,0.00017210215766651007,0.017067216887134137
mix_-1.0_+1.0_w0.50,0.02,800,29,-6.0,mix_-1.0_+1.0_w0.50,0.0,0.0
mix_-1.0_+1.0_w0.50,0.02,1600,29,-6.0,mix_-1.0_+1.0_w0.525,0.00017210215766651007,0.017067216887134137
mix_-1.0_+1.0_w0.50,0.02,100,30,-6.0,mix_-1.0_+1.0_w0.525,0.00017210215766651007,0.017067216887134137
mix_-1.0_+1.0_w0.50,0.02,200,30,-6.0,mix_-1.0_+1.0_w0.525,0.00017210215766651007,0.017067216887134137
mix_-1.0_+1.0_w0.50,0.02,400,30,-6.0,mix_-1.0_+1.0_w0.50,0.0,0.0
mix_-1.0_+1.0_w0.50,0.02,800,30,-6.0,mix_-1.0_+1.0_w0.475,0.00017210215766651004,0.017067216887134133
mix_-1.0_+1.0_w0.50,0.02,1600,30,-6.0,mix_-1.0_+1.0_w0.525,0.00017210215766651007,0.017067216887134137
mix_-1.0_+1.0_w0.50,0.02,100,31,-6.0,mix_-1.0_+1.0_w0.475,0.00017210215766651004,0.017067216887134133
mix_-1.0_+1.0_w0.50,0.02,200,31,-6.0,mix_-1.0_+1.0_w0.525,0.00017210215766651007,0.017067216887134137
mix_-1.0_+1.0_w0.50,0.02,400,31,-6.0,mix_-1.0_+1.0_w0.525,0.00017210215766651007,0.017067216887134137
mix_-1.0_+1.0_w0.50,0.02,800,31,-6.0,mix_-1.0_+1.0_w0.50,0.0,0.0
mix_-1.0_+1.0_w0.50,0.02,1600,31,-6.0,mix_-1.0_+1.0_w0.475,0.00017210215766651004,0.017067216887134133
mix_-1.0_+1.0_w0.50,0.02,100,32,-6.0,mix_-1.0_+1.0_w0.475,0.00017210215766651004,0.017067216887134133
mix_-1.0_+1.0_w0.50,0.02,200,32,-6.0,mix_-1.0_+1.0_w0.525,0.00017210215766651007,0.017067216887134137
mix_-1.0_+1.0_w0.50,0.02,400,32,-6.0,mix_-1.0_+1.0_w0.50,0.0,0.0
mix_-1.0_+1.0_w0.50,0.02,800,32,-6.0,mix_-1.0_+1.0_w0.475,0.00017210215766651004,0.017067216887134133
mix_-1.0_+1.0_w0.50,0.02,1600,32,-6.0,mix_-1.0_+1.0_w0.525,0.00017210215766651007,0.017067216887134137
mix_-1.0_+1.0_w0.50,0.02,100,33,-6.0,mix_-1.0_+1.0_w0.475,0.00017210215766651004,0.017067216887134133
mix_-1.0_+1.0_w0.50,0.02,200,33,-6.0,mix_-1.0_+1.0_w0.525,0.00017210215766651007,0.017067216887134137
mix_-1.0_+1.0_w0.50,0.02,400,33,-6.0,mix_-1.0_+1.0_w0.50,0.0,0.0
mix_-1.0_+1.0_w0.50,0.02,800,33,-6.0,mix_-1.0_+1.0_w0.525,0.00017210215766651007,0.017067216887134137
mix_-1.0_+1.0_w0.50,0.02,1600,33,-6.0,mix_-1.0_+1.0_w0.525,0.00017210215766651007,0.017067216887134137
mix_-1.0_+1.0_w0.50,0.02,100,34,-6.0,mix_-1.0_+1.0_w0.525,0.00017210215766651007,0.017067216887134137
mix_-1.0_+1.0_w0.50,0.02,200,34,-6.0,mix_-1.0_+1.0_w0.525,0.00017210215766651007,0.017067216887134137
mix_-1.0_+1.0_w0.50,0.02,400,34,-6.0,mix_-1.0_+1.0_w0.475,0.00017210215766651004,0.017067216887134133
mix_-1.0_+1.0_w0.50,0.02,800,34,-6.0,mix_-1.0_+1.0_w0.475,0.00017210215766651004,0.017067216887134133
mix_-1.0_+1.0_w0.50,0.02,1600,34,-6.0,mix_-1.0_+1.0_w0.50,0.0,0.0
mix_-1.0_+1.0_w0.50,0.02,100,35,-6.0,mix_-1.0_+1.0_w0.475,0.00017210215766651004,0.017067216887134133
mix_-1.0_+1.0_w0.50,0.02,200,35,-6.0,mix_-1.0_+1.0_w0.50,0.0,0.0
mix_-1.0_+1.0_w0.50,0.02,400,35,-6.0,mix_-1.0_+1.0_w0.50,0.0,0.0
mix_-1.0_+1.0_w0.50,0.02,800,35,-6.0,mix_-1.0_+1.0_w0.525,0.00017210215766651007,0.017067216887134137
mix_-1.0_+1.0_w0.50,0.02,1600,35,-6.0,mix_-1.0_+1.0_w0.475,0.00017210215766651004,0.017067216887134133
mix_-1.0_+1.0_w0.50,0.02,100,36,-6.0,mix_-1.0_+1.0_w0.525,0.00017210215766651007,0.017067216887134137
mix_-1.0_+1.0_w0.50,0.02,200,36,-6.0,mix_-1.0_+1.0_w0.525,0.00017210215766651007,0.017067216887134137
mix_-1.0_+1.0_w0.50,0.02,400,36,-6.0,mix_-1.0_+1.0_w0.475,0.00017210215766651004,0.017067216887134133
mix_-1.0_+1.0_w0.50,0.02,800,36,-6.0,mix_-1.0_+1.0_w0.525,0.00017210215766651007,0.017067216887134137
mix_-1.0_+1.0_w0.50,0.02,1600,36,-6.0,mix_-1.0_+1.0_w0.525,0.00017210215766651007,0.017067216887134137
mix_-1.0_+1.0_w0.50,0.02,100,37,-6.0,mix_-1.0_+1.0_w0.475,0.00017210215766651004,0.017067216887134133
mix_-1.0_+1.0_w0.50,0.02,200,37,-6.0,mix_-1.0_+1.0_w0.475,0.00017210215766651004,0.017067216887134133
mix_-1.0_+1.0_w0.50,0.02,400,37,-6.0,mix_-1.0_+1.0_w0.525,0.00017210215766651007,0.017067216887134137
mix_-1.0_+1.0_w0.50,0.02,800,37,-6.0,mix_-1.0_+1.0_w0.50,0.0,0.0
mix_-1.0_+1.0_w0.50,0.02,1600,37,-6.0,mix_-1.0_+1.0_w0.50,0.0,0.0
mix_-1.0_+1.0_w0.50,0.02,100,38,-6.0,mix_-1.0_+1.0_w0.50,0.0,0.0
mix_-1.0_+1.0_w0.50,0.02,200,38,-6.0,mix_-1.0_+1.0_w0.475,0.00017210215766651004,0.017067216887134133
mix_-1.0_+1.0_w0.50,0.02,400,38,-6.0,mix_-1.0_+1.0_w0.525,0.00017210215766651007,0.017067216887134137
mix_-1.0_+1.0_w0.50,0.02,800,38,-6.0,mix_-1.0_+1.0_w0.475,0.00017210215766651004,0.017067216887134133
mix_-1.0_+1.0_w0.50,0.02,1600,38,-6.0,mix_-1.0_+1.0_w0.50,0.0,0.0
mix_-1.0_+1.0_w0.50,0.02,100,39,-6.0,mix_-1.0_+0.5_w0.50,0.009588090961338513,0.09870638005820911
mix_-1.0_+1.0_w0.50,0.02,200,39,-6.0,mix_-1.0_+1.0_w0.475,0.00017210215766651004,0.017067216887134133
mix_-1.0_+1.0_w0.50,0.02,400,39,-6.0,mix_-1.0_+1.0_w0.475,0.00017210215766651004,0.017067216887134133
mix_-1.0_+1.0_w0.50,0.02,800,39,-6.0,mix_-1.0_+1.0_w0.525,0.00017210215766651007,0.017067216887134137
mix_-1.0_+1.0_w0.50,0.02,1600,39,-6.0,mix_-1.0_+1.0_w0.525,0.00017210215766651007,0.017067216887134137
mix_-1.0_+1.0_w0.50,0.05,100,0,-6.0,mix_-1.0_+1.0_w0.525,0.00017210215766651007,0.017067216887134137
mix_-1.0_+1.0_w0.50,0.05,200,0,-6.0,mix_-1.0_+1.0_w0.525,0.00017210215766651007,0.017067216887134137
mix_-1.0_+1.0_w0.50,0.05,400,0,-6.0,mix_-1.0_+1.0_w0.525,0.00017210215766651007,0.017067216887134137
mix_-1.0_+1.0_w0.50,0.05,800,0,-6.0,mix_-1.0_+1.0_w0.475,0.00017210215766651004,0.017067216887134133
mix_-1.0_+1.0_w0.50,0.05,1600,0,-6.0,mix_-1.0_+1.0_w0.50,0.0,0.0
mix_-1.0_+1.0_w0.50,0.05,100,1,-6.0,mix_-1.0_+1.0_w0.525,0.00017210215766651007,0.017067216887134137
mix_-1.0_+1.0_w0.50,0.05,200,1,-6.0,mix_-1.0_+1.0_w0.475,0.00017210215766651004,0.017067216887134133
mix_-1.0_+1.0_w0.50,0.05,400,1,-6.0,mix_-1.0_+1.0_w0.525,0.00017210215766651007,0.017067216887134137
mix_-1.0_+1.0_w0.50,0.05,800,1,-6.0,mix_-1.0_+1.0_w0.50,0.0,0.0
mix_-1.0_+1.0_w0.50,0.05,1600,1,-6.0,mix_-1.0_+1.0_w0.475,0.00017210215766651004,0.017067216887134133
mix_-1.0_+1.0_w0.50,0.05,100,2,-6.0,mix_-1.0_+1.0_w0.475,0.00017210215766651004,0.017067216887134133
mix_-1.0_+1.0_w0.50,0.05,200,2,-6.0,mix_-1.0_+1.0_w0.525,0.00017210215766651007,0.017067216887134137
mix_-1.0_+1.0_w0.50,0.05,400,2,-6.0,mix_-1.0_+1.0_w0.525,0.00017210215766651007,0.017067216887134137
mix_-1.0_+1.0_w0.50,0.05,800,2,-6.0,mix_-1.0_+1.0_w0.475,0.00017210215766651004,0.017067216887134133
mix_-1.0_+1.0_w0.50,0.05,1600,2,-6.0,mix_-1.0_+1.0_w0.475,0.00017210215766651004,0.017067216887134133
mix_-1.0_+1.0_w0.50,0.05,100,3,-6.0,mix_-1.0_+1.0_w0.475,0.00017210215766651004,0.017067216887134133
mix_-1.0_+1.0_w0.50,0.05,200,3,-6.0,mix_-1.0_+1.0_w0.525,0.00017210215766651007,0.017067216887134137
mix_-1.0_+1.0_w0.50,0.05,400,3,-6.0,mix_-1.0_+1.0_w0.525,0.00017210215766651007,0.017067216887134137
mix_-1.0_+1.0_w0.50,0.05,800,3,-6.0,mix_-1.0_+1.0_w0.50,0.0,0.0
mix_-1.0_+1.0_w0.50,0.05,1600,3,-6.0,mix_-1.0_+1.0_w0.525,0.00017210215766651007,0.017067216887134137
mix_-1.0_+1.0_w0.50,0.05,100,4,-6.0,mix_-1.0_+1.0_w0.50,0.0,0.0
mix_-1.0_+1.0_w0.50,0.05,200,4,-6.0,mix_-1.0_+1.0_w0.475,0.00017210215766651004,0.017067216887134133
mix_-1.0_+1.0_w0.50,0.05,400,4,-6.0,mix_-1.0_+1.0_w0.475,0.00017210215766651004,0.017067216887134133
mix_-1.0_+1.0_w0.50,0.05,800,4,-6.0,mix_-1.0_+1.0_w0.525,0.00017210215766651007,0.017067216887134137
mix_-1.0_+1.0_w0.50,0.05,1600,4,-6.0,mix_-1.0_+1.0_w0.525,0.00017210215766651007,0.017067216887134137
mix_-1.0_+1.0_w0.50,0.05,100,5,-6.0,mix_-1.0_+1.0_w0.475,0.00017210215766651004,0.017067216887134133
mix_-1.0_+1.0_w0.50,0.05,200,5,-6.0,mix_-1.0_+1.0_w0.50,0.0,0.0
mix_-1.0_+1.0_w0.50,0.05,400,5,-6.0,mix_-1.0_+1.0_w0.525,0.00017210215766651007,0.017067216887134137
mix_-1.0_+1.0_w0.50,0.05,800,5,-6.0,mix_-1.0_+1.0_w0.475,0.00017210215766651004,0.017067216887134133
mix_-1.0_+1.0_w0.50,0.05,1600,5,-6.0,mix_-1.0_+1.0_w0.50,0.0,0.0
mix_-1.0_+1.0_w0.50,0.05,100,6,-6.0,mix_-1.0_+1.0_w0.475,0.00017210215766651004,0.017067216887134133
mix_-1.0_+1.0_w0.50,0.05,200,6,-6.0,mix_-1.0_+1.0_w0.475,0.00017210215766651004,0.017067216887134133
mix_-1.0_+1.0_w0.50,0.05,400,6,-6.0,mix_-1.0_+1.0_w0.50,0.0,0.0
mix_-1.0_+1.0_w0.50,0.05,800,6,-6.0,mix_-1.0_+1.0_w0.475,0.00017210215766651004,0.017067216887134133
mix_-1.0_+1.0_w0.50,0.05,1600,6,-6.0,mix_-1.0_+1.0_w0.50,0.0,0.0
mix_-1.0_+1.0_w0.50,0.05,100,7,-6.0,mix_-1.0_+1.0_w0.525,0.00017210215766651007,0.017067216887134137
mix_-1.0_+1.0_w0.50,0.05,200,7,-6.0,mix_-1.0_+1.0_w0.525,0.00017210215766651007,0.017067216887134137
mix_-1.0_+1.0_w0.50,0.05,400,7,-6.0,mix_-1.0_+1.0_w0.525,0.00017210215766651007,0.017067216887134137
mix_-1.0_+1.0_w0.50,0.05,800,7,-6.0,mix_-1.0_+1.0_w0.525,0.00017210215766651007,0.017067216887134137
mix_-1.0_+1.0_w0.50,0.05,1600,7,-6.0,mix_-1.0_+1.0_w0.50,0.0,0.0
mix_-1.0_+1.0_w0.50,0.05,100,8,-6.0,mix_-1.0_+1.0_w0.525,0.00017210215766651007,0.017067216887134137
mix_-1.0_+1.0_w0.50,0.05,200,8,-6.0,mix_-1.0_+1.0_w0.525,0.00017210215766651007,0.017067216887134137
mix_-1.0_+1.0_w0.50,0.05,400,8,-6.0,mix_-1.0_+1.0_w0.525,0.00017210215766651007,0.017067216887134137
mix_-1.0_+1.0_w0.50,0.05,800,8,-6.0,mix_-1.0_+1.0_w0.50,0.0,0.0
mix_-1.0_+1.0_w0.50,0.05,1600,8,-6.0,mix_-1.0_+1.0_w0.525,0.00017210215766651007,0.017067216887134137
mix_-1.0_+1.0_w0.50,0.05,100,9,-6.0,mix_-1.0_+1.0_w0.525,0.00017210215766651007,0.017067216887134137
mix_-1.0_+1.0_w0.50,0.05,200,9,-6.0,mix_-1.0_+1.0_w0.525,0.00017210215766651007,0.017067216887134137
mix_-1.0_+1.0_w0.50,0.05,400,9,-6.0,mix_-1.0_+1.0_w0.525,0.00017210215766651007,0.017067216887134137
mix_-1.0_+1.0_w0.50,0.05,800,9,-6.0,mix_-1.0_+1.0_w0.525,0.00017210215766651007,0.017067216887134137
mix_-1.0_+1.0_w0.50,0.05,1600,9,-6.0,mix_-1.0_+1.0_w0.50,0.0,0.0
mix_-1.0_+1.0_w0.50,0.05,100,10,-6.0,mix_-1.0_+1.0_w0.475,0.00017210215766651004,0.017067216887134133
mix_-1.0_+1.0_w0.50,0.05,200,10,-6.0,mix_-1.0_+1.0_w0.525,0.00017210215766651007,0.017067216887134137
mix_-1.0_+1.0_w0.50,0.05,400,10,-6.0,mix_-1.0_+1.0_w0.50,0.0,0.0
mix_-1.0_+1.0_w0.50,0.05,800,10,-6.0,mix_-1.0_+1.0_w0.50,0.0,0.0
mix_-1.0_+1.0_w0.50,0.05,1600,10,-6.0,mix_-1.0_+1.0_w0.50,0.0,0.0
mix_-1.0_+1.0_w0.50,0.05,100,11,-6.0,mix_-1.0_+1.0_w0.475,0.00017210215766651004,0.017067216887134133
mix_-1.0_+1.0_w0.50,0.05,200,11,-6.0,mix_-1.0_+1.0_w0.525,0.00017210215766651007,0.017067216887134137
mix_-1.0_+1.0_w0.50,0.05,400,11,-6.0,mix_-1.0_+1.0_w0.525,0.00017210215766651007,0.017067216887134137
mix_-1.0_+1.0_w0.50,0.05,800,11,-6.0,mix_-1.0_+1.0_w0.525,0.00017210215766651007,0.017067216887134137
mix_-1.0_+1.0_w0.50,0.05,1600,11,-6.0,mix_-1.0_+1.0_w0.50,0.0,0.0
mix_-1.0_+1.0_w0.50,0.05,100,12,-6.0,mix_-1.0_+1.0_w0.475,0.00017210215766651004,0.017067216887134133
mix_-1.0_+1.0_w0.50,0.05,200,12,-6.0,mix_-1.0_+1.0_w0.50,0.0,0.0
mix_-1.0_+1.0_w0.50,0.05,400,12,-6.0,mix_-1.0_+1.0_w0.525,0.00017210215766651007,0.017067216887134137
mix_-1.0_+1.0_w0.50,0.05,800,12,-6.0,mix_-1.0_+1.0_w0.475,0.00017210215766651004,0.017067216887134133
mix_-1.0_+1.0_w0.50,0.05,1600,12,-6.0,mix_-1.0_+1.0_w0.525,0.00017210215766651007,0.017067216887134137
mix_-1.0_+1.0_w0.50,0.05,100,13,-6.0,mix_-1.0_+1.0_w0.50,0.0,0.0
mix_-1.0_+1.0_w0.50,0.05,200,13,-6.0,mix_-1.0_+1.0_w0.50,0.0,0.0
mix_-1.0_+1.0_w0.50,0.05,400,13,-6.0,mix_-1.0_+1.0_w0.525,0.00017210215766651007,0.017067216887134137
mix_-1.0_+1.0_w0.50,0.05,800,13,-6.0,mix_-1.0_+1.0_w0.525,0.00017210215766651007,0.017067216887134137
mix_-1.0_+1.0_w0.50,0.05,1600,13,-6.0,mix_-1.0_+1.0_w0.50,0.0,0.0
mix_-1.0_+1.0_w0.50,0.05,100,14,-6.0,mix_-1.0_+1.0_w0.475,0.00017210215766651004,0.017067216887134133
mix_-1.0_+1.0_w0.50,0.05,200,14,-6.0,mix_-1.0_+1.0_w0.475,0.00017210215766651004,0.017067216887134133
mix_-1.0_+1.0_w0.50,0.05,400,14,-6.0,mix_-1.0_+1.0_w0.525,0.00017210215766651007,0.017067216887134137
mix_-1.0_+1.0_w0.50,0.05,800,14,-6.0,mix_-1.0_+1.0_w0.50,0.0,0.0
mix_-1.0_+1.0_w0.50,0.05,1600,14,-6.0,mix_-1.0_+1.0_w0.475,0.00017210215766651004,0.017067216887134133
mix_-1.0_+1.0_w0.50,0.05,100,15,-6.0,mix_-1.0_+1.0_w0.525,0.00017210215766651007,0.017067216887134137
mix_-1.0_+1.0_w0.50,0.05,200,15,-6.0,mix_-1.0_+1.0_w0.50,0.0,0.0
mix_-1.0_+1.0_w0.50,0.05,400,15,-6.0,mix_-1.0_+1.0_w0.525,0.00017210215766651007,0.017067216887134137
mix_-1.0_+1.0_w0.50,0.05,800,15,-6.0,mix_-1.0_+1.0_w0.475,0.00017210215766651004,0.017067216887134133
mix_-1.0_+1.0_w0.50,0.05,1600,15,-6.0,mix_-1.0_+1.0_w0.525,0.00017210215766651007,0.017067216887134137
mix_-1.0_+1.0_w0.50,0.05,100,16,-6.0,mix_-0.5_+1.0_w0.75,0.011312236714982379,0.12733854286286306
mix_-1.0_+1.0_w0.50,0.05,200,16,-6.0,mix_-1.0_+1.0_w0.525,0.00017210215766651007,0.017067216887134137
mix_-1.0_+1.0_w0.50,0.05,400,16,-6.0,mix_-1.0_+1.0_w0.50,0.0,0.0
mix_-1.0_+1.0_w0.50,0.05,800,16,-6.0,mix_-1.0_+1.0_w0.525,0.00017210215766651007,0.017067216887134137
mix_-1.0_+1.0_w0.50,0.05,1600,16,-6.0,mix_-1.0_+1.0_w0.525,0.00017210215766651007,0.017067216887134137
mix_-1.0_+1.0_w0.50,0.05,100,17,-6.0,mix_-1.0_+1.0_w0.525,0.00017210215766651007,0.017067216887134137
mix_-1.0_+1.0_w0.50,0.05,200,17,-6.0,mix_-1.0_+1.0_w0.525,0.00017210215766651007,0.017067216887134137
mix_-1.0_+1.0_w0.50,0.05,400,17,-6.0,mix_-1.0_+1.0_w0.475,0.00017210215766651004,0.017067216887134133
mix_-1.0_+1.0_w0.50,0.05,800,17,-6.0,mix_-1.0_+1.0_w0.475,0.00017210215766651004,0.017067216887134133
mix_-1.0_+1.0_w0.50,0.05,1600,17,-6.0,mix_-1.0_+1.0_w0.50,0.0,0.0
mix_-1.0_+1.0_w0.50,0.05,100,18,-6.0,mix_-0.5_+1.0_w0.50,0.009588090961338515,0.09870638005820911
mix_-1.0_+1.0_w0.50,0.05,200,18,-6.0,mix_-1.0_+1.0_w0.525,0.00017210215766651007,0.017067216887134137
mix_-1.0_+1.0_w0.50,0.05,400,18,-6.0,mix_-1.0_+1.0_w0.475,0.00017210215766651004,0.017067216887134133
mix_-1.0_+1.0_w0.50,0.05,800,18,-6.0,mix_-1.0_+1.0_w0.50,0.0,0.0
mix_-1.0_+1.0_w0.50,0.05,1600,18,-6.0,mix_-1.0_+1.0_w0.475,0.00017210215766651004,0.017067216887134133
mix_-1.0_+1.0_w0.50,0.05,100,19,-6.0,mix_-1.0_+1.0_w0.525,0.00017210215766651007,0.017067216887134137
mix_-1.0_+1.0_w0.50,0.05,200,19,-6.0,mix_-1.0_+1.0_w0.525,0.00017210215766651007,0.017067216887134137
mix_-1.0_+1.0_w0.50,0.05,400,19,-6.0,mix_-1.0_+1.0_w0.475,0.00017210215766651004,0.017067216887134133
mix_-1.0_+1.0_w0.50,0.05,800,19,-6.0,mix_-1.0_+1.0_w0.525,0.00017210215766651007,0.017067216887134137
mix_-1.0_+1.0_w0.50,0.05,1600,19,-6.0,mix_-1.0_+1.0_w0.525,0.00017210215766651007,0.017067216887134137
mix_-1.0_+1.0_w0.50,0.05,100,20,-6.0,mix_-1.0_+1.0_w0.475,0.00017210215766651004,0.017067216887134133
mix_-1.0_+1.0_w0.50,0.05,200,20,-6.0,mix_-1.0_+1.0_w0.475,0.00017210215766651004,0.017067216887134133
mix_-1.0_+1.0_w0.50,0.05,400,20,-6.0,mix_-1.0_+1.0_w0.475,0.00017210215766651004,0.017067216887134133
mix_-1.0_+1.0_w0.50,0.05,800,20,-6.0,mix_-1.0_+1.0_w0.525,0.00017210215766651007,0.017067216887134137
mix_-1.0_+1.0_w0.50,0.05,1600,20,-6.0,mix_-1.0_+1.0_w0.50,0.0,0.0
mix_-1.0_+1.0_w0.50,0.05,100,21,-6.0,mix_-1.0_+1.0_w0.525,0.00017210215766651007,0.017067216887134137
mix_-1.0_+1.0_w0.50,0.05,200,21,-6.0,mix_-1.0_+1.0_w0.525,0.00017210215766651007,0.017067216887134137
mix_-1.0_+1.0_w0.50,0.05,400,21,-6.0,mix_-1.0_+1.0_w0.475,0.00017210215766651004,0.017067216887134133
mix_-1.0_+1.0_w0.50,0.05,800,21,-6.0,mix_-1.0_+1.0_w0.475,0.00017210215766651004,0.017067216887134133
mix_-1.0_+1.0_w0.50,0.05,1600,21,-6.0,mix_-1.0_+1.0_w0.475,0.00017210215766651004,0.017067216887134133
mix_-1.0_+1.0_w0.50,0.05,100,22,-6.0,mix_-1.0_+1.0_w0.525,0.00017210215766651007,0.017067216887134137
mix_-1.0_+1.0_w0.50,0.05,200,22,-6.0,mix_-1.0_+1.0_w0.525,0.00017210215766651007,0.017067216887134137
mix_-1.0_+1.0_w0.50,0.05,400,22,-6.0,mix_-1.0_+1.0_w0.475,0.00017210215766651004,0.017067216887134133
mix_-1.0_+1.0_w0.50,0.05,800,22,-6.0,mix_-1.0_+1.0_w0.50,0.0,0.0
mix_-1.0_+1.0_w0.50,0.05,1600,22,-6.0,mix_-1.0_+1.0_w0.50,0.0,0.0
mix_-1.0_+1.0_w0.50,0.05,100,23,-6.0,mix_-1.0_+1.0_w0.475,0.00017210215766651004,0.017067216887134133
mix_-1.0_+1.0_w0.50,0.05,200,23,-6.0,mix_-1.0_+1.0_w0.475,0.00017210215766651004,0.017067216887134133
mix_-1.0_+1.0_w0.50,0.05,400,23,-6.0,mix_-1.0_+1.0_w0.475,0.00017210215766651004,0.017067216887134133
mix_-1.0_+1.0_w0.50,0.05,800,23,-6.0,mix_-1.0_+1.0_w0.475,0.00017210215766651004,0.017067216887134133
mix_-1.0_+1.0_w0.50,0.05,1600,23,-6.0,mix_-1.0_+1.0_w0.50,0.0,0.0
mix_-1.0_+1.0_w0.50,0.05,100,24,-6.0,mix_-1.0_+1.0_w0.525,0.00017210215766651007,0.017067216887134137
mix_-1.0_+1.0_w0.50,0.05,200,24,-6.0,mix_-1.0_+1.0_w0.50,0.0,0.0
mix_-1.0_+1.0_w0.50,0.05,400,24,-6.0,mix_-1.0_+1.0_w0.475,0.00017210215766651004,0.017067216887134133
mix_-1.0_+1.0_w0.50,0.05,800,24,-6.0,mix_-1.0_+1.0_w0.50,0.0,0.0
mix_-1.0_+1.0_w0.50,0.05,1600,24,-6.0,mix_-1.0_+1.0_w0.525,0.00017210215766651007,0.017067216887134137
mix_-1.0_+1.0_w0.50,0.05,100,25,-6.0,mix_-1.0_+1.0_w0.475,0.00017210215766651004,0.017067216887134133
mix_-1.0_+1.0_w0.50,0.05,200,25,-6.0,mix_-1.0_+1.0_w0.475,0.00017210215766651004,0.017067216887134133
mix_-1.0_+1.0_w0.50,0.05,400,25,-6.0,mix_-1.0_+1.0_w0.475,0.00017210215766651004,0.017067216887134133
mix_-1.0_+1.0_w0.50,0.05,800,25,-6.0,mix_-1.0_+1.0_w0.525,0.00017210215766651007,0.017067216887134137
mix_-1.0_+1.0_w0.50,0.05,1600,25,-6.0,mix_-1.0_+1.0_w0.50,0.0,0.0
mix_-1.0_+1.0_w0.50,0.05,100,26,-6.0,mix_-1.0_+0.5_w0.50,0.009588090961338513,0.09870638005820911
mix_-1.0_+1.0_w0.50,0.05,200,26,-6.0,mix_-1.0_+1.0_w0.475,0.00017210215766651004,0.017067216887134133
mix_-1.0_+1.0_w0.50,0.05,400,26,-6.0,mix_-1.0_+1.0_w0.525,0.00017210215766651007,0.017067216887134137
mix_-1.0_+1.0_w0.50,0.05,800,26,-6.0,mix_-1.0_+1.0_w0.475,0.00017210215766651004,0.017067216887134133
mix_-1.0_+1.0_w0.50,0.05,1600,26,-6.0,mix_-1.0_+1.0_w0.525,0.00017210215766651007,0.017067216887134137
mix_-1.0_+1.0_w0.50,0.05,100,27,-6.0,mix_-1.0_+1.0_w0.525,0.00017210215766651007,0.017067216887134137
mix_-1.0_+1.0_w0.50,0.05,200,27,-6.0,mix_-1.0_+1.0_w0.525,0.00017210215766651007,0.017067216887134137
mix_-1.0_+1.0_w0.50,0.05,400,27,-6.0,mix_-1.0_+1.0_w0.525,0.00017210215766651007,0.017067216887134137
mix_-1.0_+1.0_w0.50,0.05,800,27,-6.0,mix_-1.0_+1.0_w0.525,0.00017210215766651007,0.017067216887134137
mix_-1.0_+1.0_w0.50,0.05,1600,27,-6.0,mix_-1.0_+1.0_w0.50,0.0,0.0
mix_-1.0_+1.0_w0.50,0.05,100,28,-6.0,mix_-1.0_+1.0_w0.525,0.00017210215766651007,0.017067216887134137
mix_-1.0_+1.0_w0.50,0.05,200,28,-6.0,mix_-1.0_+1.0_w0.50,0.0,0.0
mix_-1.0_+1.0_w0.50,0.05,400,28,-6.0,mix_-1.0_+1.0_w0.475,0.00017210215766651004,0.017067216887134133
mix_-1.0_+1.0_w0.50,0.05,800,28,-6.0,mix_-1.0_+1.0_w0.50,0.0,0.0
mix_-1.0_+1.0_w0.50,0.05,1600,28,-6.0,mix_-1.0_+1.0_w0.50,0.0,0.0
mix_-1.0_+1.0_w0.50,0.05,100,29,-6.0,mix_-1.0_+1.0_w0.525,0.00017210215766651007,0.017067216887134137
mix_-1.0_+1.0_w0.50,0.05,200,29,-6.0,mix_-1.0_+1.0_w0.525,0.00017210215766651007,0.017067216887134137
mix_-1.0_+1.0_w0.50,0.05,400,29,-6.0,mix_-1.0_+1.0_w0.475,0.00017210215766651004,0.017067216887134133
mix_-1.0_+1.0_w0.50,0.05,800,29,-6.0,mix_-1.0_+1.0_w0.525,0.00017210215766651007,0.017067216887134137
mix_-1.0_+1.0_w0.50,0.05,1600,29,-6.0,mix_-1.0_+1.0_w0.525,0.00017210215766651007,0.017067216887134137
mix_-1.0_+1.0_w0.50,0.05,100,30,-6.0,mix_-1.0_+1.0_w0.50,0.0,0.0
mix_-1.0_+1.0_w0.50,0.05,200,30,-6.0,mix_-1.0_+1.0_w0.525,0.00017210215766651007,0.017067216887134137
mix_-1.0_+1.0_w0.50,0.05,400,30,-6.0,mix_-1.0_+1.0_w0.50,0.0,0.0
mix_-1.0_+1.0_w0.50,0.05,800,30,-6.0,mix_-1.0_+1.0_w0.525,0.00017210215766651007,0.017067216887134137
mix_-1.0_+1.0_w0.50,0.05,1600,30,-6.0,mix_-1.0_+1.0_w0.50,0.0,0.0
mix_-1.0_+1.0_w0.50,0.05,100,31,-6.0,mix_-1.0_+1.0_w0.525,0.00017210215766651007,0.017067216887134137
mix_-1.0_+1.0_w0.50,0.05,200,31,-6.0,mix_-1.0_+1.0_w0.475,0.00017210215766651004,0.017067216887134133
mix_-1.0_+1.0_w0.50,0.05,400,31,-6.0,mix_-1.0_+1.0_w0.525,0.00017210215766651007,0.017067216887134137
mix_-1.0_+1.0_w0.50,0.05,800,31,-6.0,mix_-1.0_+1.0_w0.50,0.0,0.0
mix_-1.0_+1.0_w0.50,0.05,1600,31,-6.0,mix_-1.0_+1.0_w0.50,0.0,0.0
mix_-1.0_+1.0_w0.50,0.05,100,32,-6.0,mix_-1.0_+1.0_w0.525,0.00017210215766651007,0.017067216887134137
mix_-1.0_+1.0_w0.50,0.05,200,32,-6.0,mix_-1.0_+1.0_w0.525,0.00017210215766651007,0.017067216887134137
mix_-1.0_+1.0_w0.50,0.05,400,32,-6.0,mix_-1.0_+1.0_w0.475,0.00017210215766651004,0.017067216887134133
mix_-1.0_+1.0_w0.50,0.05,800,32,-6.0,mix_-1.0_+1.0_w0.525,0.00017210215766651007,0.017067216887134137
mix_-1.0_+1.0_w0.50,0.05,1600,32,-6.0,mix_-1.0_+1.0_w0.50,0.0,0.0
mix_-1.0_+1.0_w0.50,0.05,100,33,-6.0,mix_-1.0_+1.0_w0.475,0.00017210215766651004,0.017067216887134133
mix_-1.0_+1.0_w0.50,0.05,200,33,-6.0,mix_-1.0_+1.0_w0.525,0.00017210215766651007,0.017067216887134137
mix_-1.0_+1.0_w0.50,0.05,400,33,-6.0,mix_-1.0_+1.0_w0.525,0.00017210215766651007,0.017067216887134137
mix_-1.0_+1.0_w0.50,0.05,800,33,-6.0,mix_-1.0_+1.0_w0.475,0.00017210215766651004,0.017067216887134133
mix_-1.0_+1.0_w0.50,0.05,1600,33,-6.0,mix_-1.0_+1.0_w0.50,0.0,0.0
mix_-1.0_+1.0_w0.50,0.05,100,34,-6.0,mix_-1.0_+1.0_w0.525,0.00017210215766651007,0.017067216887134137
mix_-1.0_+1.0_w0.50,0.05,200,34,-6.0,mix_-1.0_+1.0_w0.475,0.00017210215766651004,0.017067216887134133
mix_-1.0_+1.0_w0.50,0.05,400,34,-6.0,mix_-1.0_+1.0_w0.50,0.0,0.0
mix_-1.0_+1.0_w0.50,0.05,800,34,-6.0,mix_-1.0_+1.0_w0.525,0.00017210215766651007,0.017067216887134137
mix_-1.0_+1.0_w0.50,0.05,1600,34,-6.0,mix_-1.0_+1.0_w0.475,0.00017210215766651004,0.017067216887134133
mix_-1.0_+1.0_w0.50,0.05,100,35,-6.0,mix_-1.0_+1.0_w0.475,0.00017210215766651004,0.017067216887134133
mix_-1.0_+1.0_w0.50,0.05,200,35,-6.0,mix_-1.0_+1.0_w0.525,0.00017210215766651007,0.017067216887134137
mix_-1.0_+1.0_w0.50,0.05,400,35,-6.0,mix_-1.0_+1.0_w0.525,0.00017210215766651007,0.017067216887134137
mix_-1.0_+1.0_w0.50,0.05,800,35,-6.0,mix_-1.0_+1.0_w0.50,0.0,0.0
mix_-1.0_+1.0_w0.50,0.05,1600,35,-6.0,mix_-1.0_+1.0_w0.50,0.0,0.0
mix_-1.0_+1.0_w0.50,0.05,100,36,-6.0,mix_-1.0_+1.0_w0.525,0.00017210215766651007,0.017067216887134137
mix_-1.0_+1.0_w0.50,0.05,200,36,-6.0,mix_-1.0_+1.0_w0.475,0.00017210215766651004,0.017067216887134133
mix_-1.0_+1.0_w0.50,0.05,400,36,-6.0,mix_-1.0_+1.0_w0.50,0.0,0.0
mix_-1.0_+1.0_w0.50,0.05,800,36,-6.0,mix_-1.0_+1.0_w0.525,0.00017210215766651007,0.017067216887134137
mix_-1.0_+1.0_w0.50,0.05,1600,36,-6.0,mix_-1.0_+1.0_w0.50,0.0,0.0
mix_-1.0_+1.0_w0.50,0.05,100,37,-6.0,mix_-1.0_+1.0_w0.475,0.00017210215766651004,0.017067216887134133
mix_-1.0_+1.0_w0.50,0.05,200,37,-6.0,mix_-1.0_+1.0_w0.525,0.00017210215766651007,0.017067216887134137
mix_-1.0_+1.0_w0.50,0.05,400,37,-6.0,mix_-1.0_+1.0_w0.525,0.00017210215766651007,0.017067216887134137
mix_-1.0_+1.0_w0.50,0.05,800,37,-6.0,mix_-1.0_+1.0_w0.50,0.0,0.0
mix_-1.0_+1.0_w0.50,0.05,1600,37,-6.0,mix_-1.0_+1.0_w0.50,0.0,0.0
mix_-1.0_+1.0_w0.50,0.05,100,38,-6.0,mix_-1.0_+1.0_w0.475,0.00017210215766651004,0.017067216887134133
mix_-1.0_+1.0_w0.50,0.05,200,38,-6.0,mix_-1.0_+1.0_w0.525,0.00017210215766651007,0.017067216887134137
mix_-1.0_+1.0_w0.50,0.05,400,38,-6.0,mix_-1.0_+1.0_w0.525,0.00017210215766651007,0.017067216887134137
mix_-1.0_+1.0_w0.50,0.05,800,38,-6.0,mix_-1.0_+1.0_w0.50,0.0,0.0
mix_-1.0_+1.0_w0.50,0.05,1600,38,-6.0,mix_-1.0_+1.0_w0.50,0.0,0.0
mix_-1.0_+1.0_w0.50,0.05,100,39,-6.0,mix_-1.0_+1.0_w0.75,0.01834752844272004,0.17067216887134118
mix_-1.0_+1.0_w0.50,0.05,200,39,-6.0,mix_-1.0_+1.0_w0.475,0.00017210215766651004,0.017067216887134133
mix_-1.0_+1.0_w0.50,0.05,400,39,-6.0,mix_-1.0_+1.0_w0.50,0.0,0.0
mix_-1.0_+1.0_w0.50,0.05,800,39,-6.0,mix_-1.0_+1.0_w0.50,0.0,0.0
mix_-1.0_+1.0_w0.50,0.05,1600,39,-6.0,mix_-1.0_+1.0_w0.525,0.00017210215766651007,0.017067216887134137
mix_-1.0_+1.0_w0.50,0.1,100,0,-6.0,mix_-1.0_+1.0_w0.475,0.00017210215766651004,0.017067216887134133
mix_-1.0_+1.0_w0.50,0.1,200,0,-6.0,mix_-1.0_+1.0_w0.525,0.00017210215766651007,0.017067216887134137
mix_-1.0_+1.0_w0.50,0.1,400,0,-6.0,mix_-1.0_+1.0_w0.475,0.00017210215766651004,0.017067216887134133
mix_-1.0_+1.0_w0.50,0.1,800,0,-6.0,mix_-1.0_+1.0_w0.50,0.0,0.0
mix_-1.0_+1.0_w0.50,0.1,1600,0,-6.0,mix_-1.0_+1.0_w0.525,0.00017210215766651007,0.017067216887134137
mix_-1.0_+1.0_w0.50,0.1,100,1,-6.0,mix_-1.0_+1.0_w0.475,0.00017210215766651004,0.017067216887134133
mix_-1.0_+1.0_w0.50,0.1,200,1,-6.0,mix_-1.0_+1.0_w0.525,0.00017210215766651007,0.017067216887134137
mix_-1.0_+1.0_w0.50,0.1,400,1,-6.0,mix_-1.0_+1.0_w0.525,0.00017210215766651007,0.017067216887134137
mix_-1.0_+1.0_w0.50,0.1,800,1,-6.0,mix_-1.0_+1.0_w0.50,0.0,0.0
mix_-1.0_+1.0_w0.50,0.1,1600,1,-6.0,mix_-1.0_+1.0_w0.525,0.00017210215766651007,0.017067216887134137
mix_-1.0_+1.0_w0.50,0.1,100,2,-6.0,mix_-1.0_+1.0_w0.50,0.0,0.0
mix_-1.0_+1.0_w0.50,0.1,200,2,-6.0,mix_-1.0_+1.0_w0.50,0.0,0.0
mix_-1.0_+1.0_w0.50,0.1,400,2,-6.0,mix_-1.0_+1.0_w0.525,0.00017210215766651007,0.017067216887134137
mix_-1.0_+1.0_w0.50,0.1,800,2,-6.0,mix_-1.0_+1.0_w0.475,0.00017210215766651004,0.017067216887134133
mix_-1.0_+1.0_w0.50,0.1,1600,2,-6.0,mix_-1.0_+1.0_w0.50,0.0,0.0
mix_-1.0_+1.0_w0.50,0.1,100,3,-6.0,mix_-1.0_+1.0_w0.525,0.00017210215766651007,0.017067216887134137
mix_-1.0_+1.0_w0.50,0.1,200,3,-6.0,mix_-1.0_+1.0_w0.525,0.00017210215766651007,0.017067216887134137
mix_-1.0_+1.0_w0.50,0.1,400,3,-6.0,mix_-1.0_+1.0_w0.475,0.00017210215766651004,0.017067216887134133
mix_-1.0_+1.0_w0.50,0.1,800,3,-6.0,mix_-1.0_+1.0_w0.50,0.0,0.0
mix_-1.0_+1.0_w0.50,0.1,1600,3,-6.0,mix_-1.0_+1.0_w0.50,0.0,0.0
mix_-1.0_+1.0_w0.50,0.1,100,4,-6.0,mix_-1.0_+1.0_w0.525,0.00017210215766651007,0.017067216887134137
mix_-1.0_+1.0_w0.50,0.1,200,4,-6.0,mix_-1.0_+1.0_w0.475,0.00017210215766651004,0.017067216887134133
mix_-1.0_+1.0_w0.50,0.1,400,4,-6.0,mix_-1.0_+1.0_w0.475,0.00017210215766651004,0.017067216887134133
mix_-1.0_+1.0_w0.50,0.1,800,4,-6.0,mix_-1.0_+1.0_w0.475,0.00017210215766651004,0.017067216887134133
mix_-1.0_+1.0_w0.50,0.1,1600,4,-6.0,mix_-1.0_+1.0_w0.50,0.0,0.0
mix_-1.0_+1.0_w0.50,0.1,100,5,-6.0,mix_-1.0_+1.0_w0.475,0.00017210215766651004,0.017067216887134133
mix_-1.0_+1.0_w0.50,0.1,200,5,-6.0,mix_-1.0_+1.0_w0.50,0.0,0.0
mix_-1.0_+1.0_w0.50,0.1,400,5,-6.0,mix_-1.0_+1.0_w0.525,0.00017210215766651007,0.017067216887134137
mix_-1.0_+1.0_w0.50,0.1,800,5,-6.0,mix_-1.0_+1.0_w0.50,0.0,0.0
mix_-1.0_+1.0_w0.50,0.1,1600,5,-6.0,mix_-1.0_+1.0_w0.525,0.00017210215766651007,0.017067216887134137
mix_-1.0_+1.0_w0.50,0.1,100,6,-6.0,mix_-1.0_+1.0_w0.525,0.00017210215766651007,0.017067216887134137
mix_-1.0_+1.0_w0.50,0.1,200,6,-6.0,mix_-1.0_+1.0_w0.50,0.0,0.0
mix_-1.0_+1.0_w0.50,0.1,400,6,-6.0,mix_-1.0_+1.0_w0.525,0.00017210215766651007,0.017067216887134137
mix_-1.0_+1.0_w0.50,0.1,800,6,-6.0,mix_-1.0_+1.0_w0.50,0.0,0.0
mix_-1.0_+1.0_w0.50,0.1,1600,6,-6.0,mix_-1.0_+1.0_w0.475,0.00017210215766651004,0.017067216887134133
mix_-1.0_+1.0_w0.50,0.1,100,7,-6.0,mix_-1.0_+1.0_w0.525,0.00017210215766651007,0.017067216887134137
mix_-1.0_+1.0_w0.50,0.1,200,7,-6.0,mix_-1.0_+1.0_w0.475,0.00017210215766651004,0.017067216887134133
mix_-1.0_+1.0_w0.50,0.1,400,7,-6.0,mix_-1.0_+1.0_w0.50,0.0,0.0
mix_-1.0_+1.0_w0.50,0.1,800,7,-6.0,mix_-1.0_+1.0_w0.475,0.00017210215766651004,0.017067216887134133
mix_-1.0_+1.0_w0.50,0.1,1600,7,-6.0,mix_-1.0_+1.0_w0.50,0.0,0.0
mix_-1.0_+1.0_w0.50,0.1,100,8,-6.0,mix_-1.0_+1.0_w0.475,0.00017210215766651004,0.017067216887134133
mix_-1.0_+1.0_w0.50,0.1,200,8,-6.0,mix_-1.0_+1.0_w0.50,0.0,0.0
mix_-1.0_+1.0_w0.50,0.1,400,8,-6.0,mix_-1.0_+1.0_w0.525,0.00017210215766651007,0.017067216887134137
mix_-1.0_+1.0_w0.50,0.1,800,8,-6.0,mix_-1.0_+1.0_w0.475,0.00017210215766651004,0.017067216887134133
mix_-1.0_+1.0_w0.50,0.1,1600,8,-6.0,mix_-1.0_+1.0_w0.50,0.0,0.0
mix_-1.0_+1.0_w0.50,0.1,100,9,-6.0,mix_-1.0_+1.0_w0.525,0.00017210215766651007,0.017067216887134137
mix_-1.0_+1.0_w0.50,0.1,200,9,-6.0,mix_-1.0_+1.0_w0.525,0.00017210215766651007,0.017067216887134137
mix_-1.0_+1.0_w0.50,0.1,400,9,-6.0,mix_-1.0_+1.0_w0.525,0.00017210215766651007,0.017067216887134137
mix_-1.0_+1.0_w0.50,0.1,800,9,-6.0,mix_-1.0_+1.0_w0.50,0.0,0.0
mix_-1.0_+1.0_w0.50,0.1,1600,9,-6.0,mix_-1.0_+1.0_w0.525,0.00017210215766651007,0.017067216887134137
mix_-1.0_+1.0_w0.50,0.1,100,10,-6.0,mix_-1.0_+1.0_w0.525,0.00017210215766651007,0.017067216887134137
mix_-1.0_+1.0_w0.50,0.1,200,10,-6.0,mix_-1.0_+1.0_w0.475,0.00017210215766651004,0.017067216887134133
mix_-1.0_+1.0_w0.50,0.1,400,10,-6.0,mix_-1.0_+1.0_w0.50,0.0,0.0
mix_-1.0_+1.0_w0.50,0.1,800,10,-6.0,mix_-1.0_+1.0_w0.525,0.00017210215766651007,0.017067216887134137
mix_-1.0_+1.0_w0.50,0.1,1600,10,-6.0,mix_-1.0_+1.0_w0.50,0.0,0.0
mix_-1.0_+1.0_w0.50,0.1,100,11,-6.0,mix_-1.0_+1.0_w0.525,0.00017210215766651007,0.017067216887134137
mix_-1.0_+1.0_w0.50,0.1,200,11,-6.0,mix_-1.0_+1.0_w0.525,0.00017210215766651007,0.017067216887134137
mix_-1.0_+1.0_w0.50,0.1,400,11,-6.0,mix_-1.0_+1.0_w0.50,0.0,0.0
mix_-1.0_+1.0_w0.50,0.1,800,11,-6.0,mix_-1.0_+1.0_w0.525,0.00017210215766651007,0.017067216887134137
mix_-1.0_+1.0_w0.50,0.1,1600,11,-6.0,mix_-1.0_+1.0_w0.525,0.00017210215766651007,0.017067216887134137
mix_-1.0_+1.0_w0.50,0.1,100,12,-6.0,mix_-1.0_+1.0_w0.525,0.00017210215766651007,0.017067216887134137
mix_-1.0_+1.0_w0.50,0.1,200,12,-6.0,mix_-1.0_+1.0_w0.475,0.00017210215766651004,0.017067216887134133
mix_-1.0_+1.0_w0.50,0.1,400,12,-6.0,mix_-1.0_+1.0_w0.525,0.00017210215766651007,0.017067216887134137
mix_-1.0_+1.0_w0.50,0.1,800,12,-6.0,mix_-1.0_+1.0_w0.525,0.00017210215766651007,0.017067216887134137
mix_-1.0_+1.0_w0.50,0.1,1600,12,-6.0,mix_-1.0_+1.0_w0.50,0.0,0.0
mix_-1.0_+1.0_w0.50,0.1,100,13,-6.0,mix_-1.0_+1.0_w0.475,0.00017210215766651004,0.017067216887134133
mix_-1.0_+1.0_w0.50,0.1,200,13,-6.0,mix_-1.0_+1.0_w0.475,0.00017210215766651004,0.017067216887134133
mix_-1.0_+1.0_w0.50,0.1,400,13,-6.0,mix_-1.0_+1.0_w0.475,0.00017210215766651004,0.017067216887134133
mix_-1.0_+1.0_w0.50,0.1,800,13,-6.0,mix_-1.0_+1.0_w0.525,0.00017210215766651007,0.017067216887134137
mix_-1.0_+1.0_w0.50,0.1,1600,13,-6.0,mix_-1.0_+1.0_w0.475,0.00017210215766651004,0.017067216887134133
mix_-1.0_+1.0_w0.50,0.1,100,14,-6.0,mix_-0.5_+1.0_w0.50,0.009588090961338515,0.09870638005820911
mix_-1.0_+1.0_w0.50,0.1,200,14,-6.0,mix_-1.0_+1.0_w0.525,0.00017210215766651007,0.017067216887134137
mix_-1.0_+1.0_w0.50,0.1,400,14,-6.0,mix_-1.0_+1.0_w0.475,0.00017210215766651004,0.017067216887134133
mix_-1.0_+1.0_w0.50,0.1,800,14,-6.0,mix_-1.0_+1.0_w0.50,0.0,0.0
mix_-1.0_+1.0_w0.50,0.1,1600,14,-6.0,mix_-1.0_+1.0_w0.525,0.00017210215766651007,0.017067216887134137
mix_-1.0_+1.0_w0.50,0.1,100,15,-6.0,mix_-1.0_+1.0_w0.475,0.00017210215766651004,0.017067216887134133
mix_-1.0_+1.0_w0.50,0.1,200,15,-6.0,mix_-1.0_+1.0_w0.525,0.00017210215766651007,0.017067216887134137
mix_-1.0_+1.0_w0.50,0.1,400,15,-6.0,mix_-1.0_+1.0_w0.475,0.00017210215766651004,0.017067216887134133
mix_-1.0_+1.0_w0.50,0.1,800,15,-6.0,mix_-1.0_+1.0_w0.50,0.0,0.0
mix_-1.0_+1.0_w0.50,0.1,1600,15,-6.0,mix_-1.0_+1.0_w0.475,0.00017210215766651004,0.017067216887134133
mix_-1.0_+1.0_w0.50,0.1,100,16,-6.0,mix_-1.0_+1.0_w0.475,0.00017210215766651004,0.017067216887134133
mix_-1.0_+1.0_w0.50,0.1,200,16,-6.0,mix_-1.0_+1.0_w0.525,0.00017210215766651007,0.017067216887134137
mix_-1.0_+1.0_w0.50,0.1,400,16,-6.0,mix_-1.0_+1.0_w0.525,0.00017210215766651007,0.017067216887134137
mix_-1.0_+1.0_w0.50,0.1,800,16,-6.0,mix_-1.0_+1.0_w0.50,0.0,0.0
mix_-1.0_+1.0_w0.50,0.1,1600,16,-6.0,mix_-1.0_+1.0_w0.50,0.0,0.0
mix_-1.0_+1.0_w0.50,0.1,100,17,-6.0,mix_-1.0_+1.0_w0.525,0.00017210215766651007,0.017067216887134137
mix_-1.0_+1.0_w0.50,0.1,200,17,-6.0,mix_-1.0_+1.0_w0.475,0.00017210215766651004,0.017067216887134133
mix_-1.0_+1.0_w0.50,0.1,400,17,-6.0,mix_-1.0_+1.0_w0.525,0.00017210215766651007,0.017067216887134137
mix_-1.0_+1.0_w0.50,0.1,800,17,-6.0,mix_-1.0_+1.0_w0.525,0.00017210215766651007,0.017067216887134137
mix_-1.0_+1.0_w0.50,0.1,1600,17,-6.0,mix_-1.0_+1.0_w0.50,0.0,0.0
mix_-1.0_+1.0_w0.50,0.1,100,18,-6.0,mix_-1.0_+1.0_w0.525,0.00017210215766651007,0.017067216887134137
mix_-1.0_+1.0_w0.50,0.1,200,18,-6.0,mix_-1.0_+1.0_w0.475,0.00017210215766651004,0.017067216887134133
mix_-1.0_+1.0_w0.50,0.1,400,18,-6.0,mix_-1.0_+1.0_w0.50,0.0,0.0
mix_-1.0_+1.0_w0.50,0.1,800,18,-6.0,mix_-1.0_+1.0_w0.50,0.0,0.0
mix_-1.0_+1.0_w0.50,0.1,1600,18,-6.0,mix_-1.0_+1.0_w0.525,0.00017210215766651007,0.017067216887134137
mix_-1.0_+1.0_w0.50,0.1,100,19,-6.0,mix_-1.0_+1.0_w0.475,0.00017210215766651004,0.017067216887134133
mix_-1.0_+1.0_w0.50,0.1,200,19,-6.0,mix_-1.0_+1.0_w0.525,0.00017210215766651007,0.017067216887134137
mix_-1.0_+1.0_w0.50,0.1,400,19,-6.0,mix_-1.0_+1.0_w0.475,0.00017210215766651004,0.017067216887134133
mix_-1.0_+1.0_w0.50,0.1,800,19,-6.0,mix_-1.0_+1.0_w0.50,0.0,0.0
mix_-1.0_+1.0_w0.50,0.1,1600,19,-6.0,mix_-1.0_+1.0_w0.50,0.0,0.0
mix_-1.0_+1.0_w0.50,0.1,100,20,-6.0,mix_-1.0_+1.0_w0.525,0.00017210215766651007,0.017067216887134137
mix_-1.0_+1.0_w0.50,0.1,200,20,-6.0,mix_-1.0_+1.0_w0.525,0.00017210215766651007,0.017067216887134137
mix_-1.0_+1.0_w0.50,0.1,400,20,-6.0,mix_-1.0_+1.0_w0.525,0.00017210215766651007,0.017067216887134137
mix_-1.0_+1.0_w0.50,0.1,800,20,-6.0,mix_-1.0_+1.0_w0.525,0.00017210215766651007,0.017067216887134137
mix_-1.0_+1.0_w0.50,0.1,1600,20,-6.0,mix_-1.0_+1.0_w0.475,0.00017210215766651004,0.017067216887134133
mix_-1.0_+1.0_w0.50,0.1,100,21,-6.0,mix_-1.0_+1.0_w0.50,0.0,0.0
mix_-1.0_+1.0_w0.50,0.1,200,21,-6.0,mix_-1.0_+1.0_w0.50,0.0,0.0
mix_-1.0_+1.0_w0.50,0.1,400,21,-6.0,mix_-1.0_+1.0_w0.50,0.0,0.0
mix_-1.0_+1.0_w0.50,0.1,800,21,-6.0,mix_-1.0_+1.0_w0.525,0.00017210215766651007,0.017067216887134137
mix_-1.0_+1.0_w0.50,0.1,1600,21,-6.0,mix_-1.0_+1.0_w0.50,0.0,0.0
mix_-1.0_+1.0_w0.50,0.1,100,22,-6.0,mix_-1.0_+1.0_w0.50,0.0,0.0
mix_-1.0_+1.0_w0.50,0.1,200,22,-6.0,mix_-1.0_+1.0_w0.525,0.00017210215766651007,0.017067216887134137
mix_-1.0_+1.0_w0.50,0.1,400,22,-6.0,mix_-1.0_+1.0_w0.525,0.00017210215766651007,0.017067216887134137
mix_-1.0_+1.0_w0.50,0.1,800,22,-6.0,mix_-1.0_+1.0_w0.475,0.00017210215766651004,0.017067216887134133
mix_-1.0_+1.0_w0.50,0.1,1600,22,-6.0,mix_-1.0_+1.0_w0.50,0.0,0.0
mix_-1.0_+1.0_w0.50,0.1,100,23,-6.0,mix_-1.0_+1.0_w0.25,0.01834752844272004,0.17067216887134118
mix_-1.0_+1.0_w0.50,0.1,200,23,-6.0,mix_-1.0_+1.0_w0.50,0.0,0.0
mix_-1.0_+1.0_w0.50,0.1,400,23,-6.0,mix_-1.0_+1.0_w0.525,0.00017210215766651007,0.017067216887134137
mix_-1.0_+1.0_w0.50,0.1,800,23,-6.0,mix_-1.0_+1.0_w0.475,0.00017210215766651004,0.017067216887134133
mix_-1.0_+1.0_w0.50,0.1,1600,23,-6.0,mix_-1.0_+1.0_w0.525,0.00017210215766651007,0.017067216887134137
mix_-1.0_+1.0_w0.50,0.1,100,24,-6.0,mix_-1.0_+1.0_w0.475,0.00017210215766651004,0.017067216887134133
mix_-1.0_+1.0_w0.50,0.1,200,24,-6.0,mix_-1.0_+1.0_w0.475,0.00017210215766651004,0.017067216887134133
mix_-1.0_+1.0_w0.50,0.1,400,24,-6.0,mix_-1.0_+1.0_w0.525,0.00017210215766651007,0.017067216887134137
mix_-1.0_+1.0_w0.50,0.1,800,24,-6.0,mix_-1.0_+1.0_w0.525,0.00017210215766651007,0.017067216887134137
mix_-1.0_+1.0_w0.50,0.1,1600,24,-6.0,mix_-1.0_+1.0_w0.525,0.00017210215766651007,0.017067216887134137
mix_-1.0_+1.0_w0.50,0.1,100,25,-6.0,mix_-1.0_+1.0_w0.525,0.00017210215766651007,0.017067216887134137
mix_-1.0_+1.0_w0.50,0.1,200,25,-6.0,mix_-1.0_+1.0_w0.475,0.00017210215766651004,0.017067216887134133
mix_-1.0_+1.0_w0.50,0.1,400,25,-6.0,mix_-1.0_+1.0_w0.525,0.00017210215766651007,0.017067216887134137
mix_-1.0_+1.0_w0.50,0.1,800,25,-6.0,mix_-1.0_+1.0_w0.50,0.0,0.0
mix_-1.0_+1.0_w0.50,0.1,1600,25,-6.0,mix_-1.0_+1.0_w0.525,0.00017210215766651007,0.017067216887134137
mix_-1.0_+1.0_w0.50,0.1,100,26,-6.0,mix_-1.0_+1.0_w0.525,0.00017210215766651007,0.017067216887134137
mix_-1.0_+1.0_w0.50,0.1,200,26,-6.0,mix_-1.0_+0.5_w0.50,0.009588090961338513,0.09870638005820911
mix_-1.0_+1.0_w0.50,0.1,400,26,-6.0,mix_-1.0_+1.0_w0.525,0.00017210215766651007,0.017067216887134137
mix_-1.0_+1.0_w0.50,0.1,800,26,-6.0,mix_-1.0_+1.0_w0.475,0.00017210215766651004,0.017067216887134133
mix_-1.0_+1.0_w0.50,0.1,1600,26,-6.0,mix_-1.0_+1.0_w0.50,0.0,0.0
mix_-1.0_+1.0_w0.50,0.1,100,27,-6.0,mix_-1.0_+1.0_w0.475,0.00017210215766651004,0.017067216887134133
mix_-1.0_+1.0_w0.50,0.1,200,27,-6.0,mix_-1.0_+1.0_w0.475,0.00017210215766651004,0.017067216887134133
mix_-1.0_+1.0_w0.50,0.1,400,27,-6.0,mix_-1.0_+1.0_w0.525,0.00017210215766651007,0.017067216887134137
mix_-1.0_+1.0_w0.50,0.1,800,27,-6.0,mix_-1.0_+1.0_w0.525,0.00017210215766651007,0.017067216887134137
mix_-1.0_+1.0_w0.50,0.1,1600,27,-6.0,mix_-1.0_+1.0_w0.525,0.00017210215766651007,0.017067216887134137
mix_-1.0_+1.0_w0.50,0.1,100,28,-6.0,mix_-1.0_+1.0_w0.525,0.00017210215766651007,0.017067216887134137
mix_-1.0_+1.0_w0.50,0.1,200,28,-6.0,mix_-1.0_+1.0_w0.50,0.0,0.0
mix_-1.0_+1.0_w0.50,0.1,400,28,-6.0,mix_-1.0_+1.0_w0.525,0.00017210215766651007,0.017067216887134137
mix_-1.0_+1.0_w0.50,0.1,800,28,-6.0,mix_-1.0_+1.0_w0.525,0.00017210215766651007,0.017067216887134137
mix_-1.0_+1.0_w0.50,0.1,1600,28,-6.0,mix_-1.0_+1.0_w0.50,0.0,0.0
mix_-1.0_+1.0_w0.50,0.1,100,29,-6.0,mix_-1.0_+1.0_w0.525,0.00017210215766651007,0.017067216887134137
mix_-1.0_+1.0_w0.50,0.1,200,29,-6.0,mix_-1.0_+1.0_w0.475,0.00017210215766651004,0.017067216887134133
mix_-1.0_+1.0_w0.50,0.1,400,29,-6.0,mix_-1.0_+1.0_w0.475,0.00017210215766651004,0.017067216887134133
mix_-1.0_+1.0_w0.50,0.1,800,29,-6.0,mix_-1.0_+1.0_w0.525,0.00017210215766651007,0.017067216887134137
mix_-1.0_+1.0_w0.50,0.1,1600,29,-6.0,mix_-1.0_+1.0_w0.50,0.0,0.0
mix_-1.0_+1.0_w0.50,0.1,100,30,-6.0,mix_-1.0_+1.0_w0.475,0.00017210215766651004,0.017067216887134133
mix_-1.0_+1.0_w0.50,0.1,200,30,-6.0,mix_-1.0_+1.0_w0.525,0.00017210215766651007,0.017067216887134137
mix_-1.0_+1.0_w0.50,0.1,400,30,-6.0,mix_-1.0_+1.0_w0.50,0.0,0.0
mix_-1.0_+1.0_w0.50,0.1,800,30,-6.0,mix_-1.0_+1.0_w0.475,0.00017210215766651004,0.017067216887134133
mix_-1.0_+1.0_w0.50,0.1,1600,30,-6.0,mix_-1.0_+1.0_w0.50,0.0,0.0
mix_-1.0_+1.0_w0.50,0.1,100,31,-6.0,mix_-0.5_+1.0_w0.50,0.009588090961338515,0.09870638005820911
mix_-1.0_+1.0_w0.50,0.1,200,31,-6.0,mix_-1.0_+1.0_w0.525,0.00017210215766651007,0.017067216887134137
mix_-1.0_+1.0_w0.50,0.1,400,31,-6.0,mix_-1.0_+1.0_w0.525,0.00017210215766651007,0.017067216887134137
mix_-1.0_+1.0_w0.50,0.1,800,31,-6.0,mix_-1.0_+1.0_w0.50,0.0,0.0
mix_-1.0_+1.0_w0.50,0.1,1600,31,-6.0,mix_-1.0_+1.0_w0.50,0.0,0.0
mix_-1.0_+1.0_w0.50,0.1,100,32,-6.0,mix_-1.0_+1.0_w0.525,0.00017210215766651007,0.017067216887134137
mix_-1.0_+1.0_w0.50,0.1,200,32,-6.0,mix_-1.0_+1.0_w0.525,0.00017210215766651007,0.017067216887134137
mix_-1.0_+1.0_w0.50,0.1,400,32,-6.0,mix_-1.0_+1.0_w0.525,0.00017210215766651007,0.017067216887134137
mix_-1.0_+1.0_w0.50,0.1,800,32,-6.0,mix_-1.0_+1.0_w0.525,0.00017210215766651007,0.017067216887134137
mix_-1.0_+1.0_w0.50,0.1,1600,32,-6.0,mix_-1.0_+1.0_w0.50,0.0,0.0
mix_-1.0_+1.0_w0.50,0.1,100,33,-6.0,mix_-1.0_+1.0_w0.525,0.00017210215766651007,0.017067216887134137
mix_-1.0_+1.0_w0.50,0.1,200,33,-6.0,mix_-1.0_+1.0_w0.525,0.00017210215766651007,0.017067216887134137
mix_-1.0_+1.0_w0.50,0.1,400,33,-6.0,mix_-1.0_+1.0_w0.525,0.00017210215766651007,0.017067216887134137
mix_-1.0_+1.0_w0.50,0.1,800,33,-6.0,mix_-1.0_+1.0_w0.50,0.0,0.0
mix_-1.0_+1.0_w0.50,0.1,1600,33,-6.0,mix_-1.0_+1.0_w0.525,0.00017210215766651007,0.017067216887134137
mix_-1.0_+1.0_w0.50,0.1,100,34,-6.0,mix_-1.0_+1.0_w0.525,0.00017210215766651007,0.017067216887134137
mix_-1.0_+1.0_w0.50,0.1,200,34,-6.0,mix_-1.0_+1.0_w0.475,0.00017210215766651004,0.017067216887134133
mix_-1.0_+1.0_w0.50,0.1,400,34,-6.0,mix_-1.0_+1.0_w0.525,0.00017210215766651007,0.017067216887134137
mix_-1.0_+1.0_w0.50,0.1,800,34,-6.0,mix_-1.0_+1.0_w0.475,0.00017210215766651004,0.017067216887134133
mix_-1.0_+1.0_w0.50,0.1,1600,34,-6.0,mix_-1.0_+1.0_w0.50,0.0,0.0
mix_-1.0_+1.0_w0.50,0.1,100,35,-6.0,mix_-1.0_+1.0_w0.75,0.01834752844272004,0.17067216887134118
mix_-1.0_+1.0_w0.50,0.1,200,35,-6.0,mix_-1.0_+1.0_w0.475,0.00017210215766651004,0.017067216887134133
mix_-1.0_+1.0_w0.50,0.1,400,35,-6.0,mix_-1.0_+1.0_w0.475,0.00017210215766651004,0.017067216887134133
mix_-1.0_+1.0_w0.50,0.1,800,35,-6.0,mix_-1.0_+1.0_w0.50,0.0,0.0
mix_-1.0_+1.0_w0.50,0.1,1600,35,-6.0,mix_-1.0_+1.0_w0.475,0.00017210215766651004,0.017067216887134133
mix_-1.0_+1.0_w0.50,0.1,100,36,-6.0,mix_-1.0_+1.0_w0.475,0.00017210215766651004,0.017067216887134133
mix_-1.0_+1.0_w0.50,0.1,200,36,-6.0,mix_-1.0_+1.0_w0.525,0.00017210215766651007,0.017067216887134137
mix_-1.0_+1.0_w0.50,0.1,400,36,-6.0,mix_-1.0_+1.0_w0.475,0.00017210215766651004,0.017067216887134133
mix_-1.0_+1.0_w0.50,0.1,800,36,-6.0,mix_-1.0_+1.0_w0.50,0.0,0.0
mix_-1.0_+1.0_w0.50,0.1,1600,36,-6.0,mix_-1.0_+1.0_w0.50,0.0,0.0
mix_-1.0_+1.0_w0.50,0.1,100,37,-6.0,mix_-1.0_+1.0_w0.525,0.00017210215766651007,0.017067216887134137
mix_-1.0_+1.0_w0.50,0.1,200,37,-6.0,mix_-1.0_+1.0_w0.475,0.00017210215766651004,0.017067216887134133
mix_-1.0_+1.0_w0.50,0.1,400,37,-6.0,mix_-1.0_+1.0_w0.475,0.00017210215766651004,0.017067216887134133
mix_-1.0_+1.0_w0.50,0.1,800,37,-6.0,mix_-1.0_+1.0_w0.50,0.0,0.0
mix_-1.0_+1.0_w0.50,0.1,1600,37,-6.0,mix_-1.0_+1.0_w0.50,0.0,0.0
mix_-1.0_+1.0_w0.50,0.1,100,38,-6.0,mix_-1.0_+1.0_w0.50,0.0,0.0
mix_-1.0_+1.0_w0.50,0.1,200,38,-6.0,mix_-1.0_+1.0_w0.525,0.00017210215766651007,0.017067216887134137
mix_-1.0_+1.0_w0.50,0.1,400,38,-6.0,mix_-1.0_+1.0_w0.50,0.0,0.0
mix_-1.0_+1.0_w0.50,0.1,800,38,-6.0,mix_-1.0_+1.0_w0.50,0.0,0.0
mix_-1.0_+1.0_w0.50,0.1,1600,38,-6.0,mix_-1.0_+1.0_w0.50,0.0,0.0
mix_-1.0_+1.0_w0.50,0.1,100,39,-6.0,mix_-1.0_+1.0_w0.475,0.00017210215766651004,0.017067216887134133
mix_-1.0_+1.0_w0.50,0.1,200,39,-6.0,mix_-1.0_+1.0_w0.525,0.00017210215766651007,0.017067216887134137
mix_-1.0_+1.0_w0.50,0.1,400,39,-6.0,mix_-1.0_+1.0_w0.525,0.00017210215766651007,0.017067216887134137
mix_-1.0_+1.0_w0.50,0.1,800,39,-6.0,mix_-1.0_+1.0_w0.525,0.00017210215766651007,0.017067216887134137
mix_-1.0_+1.0_w0.50,0.1,1600,39,-6.0,mix_-1.0_+1.0_w0.475,0.00017210215766651004,0.017067216887134133
mix_-1.0_+1.0_w0.50,0.2,100,0,-6.0,mix_-1.0_+1.0_w0.50,0.0,0.0
mix_-1.0_+1.0_w0.50,0.2,200,0,-6.0,mix_-1.0_+1.0_w0.525,0.00017210215766651007,0.017067216887134137
mix_-1.0_+1.0_w0.50,0.2,400,0,-6.0,mix_-1.0_+1.0_w0.525,0.00017210215766651007,0.017067216887134137
mix_-1.0_+1.0_w0.50,0.2,800,0,-6.0,mix_-1.0_+1.0_w0.475,0.00017210215766651004,0.017067216887134133
mix_-1.0_+1.0_w0.50,0.2,1600,0,-6.0,mix_-1.0_+1.0_w0.475,0.00017210215766651004,0.017067216887134133
mix_-1.0_+1.0_w0.50,0.2,100,1,-6.0,mix_-1.0_+1.0_w0.525,0.00017210215766651007,0.017067216887134137
mix_-1.0_+1.0_w0.50,0.2,200,1,-6.0,mix_-1.0_+1.0_w0.525,0.00017210215766651007,0.017067216887134137
mix_-1.0_+1.0_w0.50,0.2,400,1,-6.0,mix_-1.0_+1.0_w0.475,0.00017210215766651004,0.017067216887134133
mix_-1.0_+1.0_w0.50,0.2,800,1,-6.0,mix_-1.0_+1.0_w0.50,0.0,0.0
mix_-1.0_+1.0_w0.50,0.2,1600,1,-6.0,mix_-1.0_+1.0_w0.525,0.00017210215766651007,0.017067216887134137
mix_-1.0_+1.0_w0.50,0.2,100,2,-6.0,mix_-1.0_+1.0_w0.50,0.0,0.0
mix_-1.0_+1.0_w0.50,0.2,200,2,-6.0,mix_-1.0_+1.0_w0.475,0.00017210215766651004,0.017067216887134133
mix_-1.0_+1.0_w0.50,0.2,400,2,-6.0,mix_-1.0_+1.0_w0.50,0.0,0.0
mix_-1.0_+1.0_w0.50,0.2,800,2,-6.0,mix_-1.0_+1.0_w0.50,0.0,0.0
mix_-1.0_+1.0_w0.50,0.2,1600,2,-6.0,mix_-1.0_+1.0_w0.50,0.0,0.0
mix_-1.0_+1.0_w0.50,0.2,100,3,-6.0,mix_-1.0_+1.0_w0.525,0.00017210215766651007,0.017067216887134137
mix_-1.0_+1.0_w0.50,0.2,200,3,-6.0,mix_-1.0_+1.0_w0.475,0.00017210215766651004,0.017067216887134133
mix_-1.0_+1.0_w0.50,0.2,400,3,-6.0,mix_-1.0_+1.0_w0.50,0.0,0.0
mix_-1.0_+1.0_w0.50,0.2,800,3,-6.0,mix_-1.0_+1.0_w0.50,0.0,0.0
mix_-1.0_+1.0_w0.50,0.2,1600,3,-6.0,mix_-1.0_+1.0_w0.525,0.00017210215766651007,0.017067216887134137
mix_-1.0_+1.0_w0.50,0.2,100,4,-6.0,mix_-1.0_+1.0_w0.50,0.0,0.0
mix_-1.0_+1.0_w0.50,0.2,200,4,-6.0,mix_-1.0_+1.0_w0.50,0.0,0.0
mix_-1.0_+1.0_w0.50,0.2,400,4,-6.0,mix_-1.0_+1.0_w0.50,0.0,0.0
mix_-1.0_+1.0_w0.50,0.2,800,4,-6.0,mix_-1.0_+1.0_w0.525,0.00017210215766651007,0.017067216887134137
mix_-1.0_+1.0_w0.50,0.2,1600,4,-6.0,mix_-1.0_+1.0_w0.525,0.00017210215766651007,0.017067216887134137
mix_-1.0_+1.0_w0.50,0.2,100,5,-6.0,mix_-1.0_+1.0_w0.525,0.00017210215766651007,0.017067216887134137
mix_-1.0_+1.0_w0.50,0.2,200,5,-6.0,mix_-1.0_+1.0_w0.50,0.0,0.0
mix_-1.0_+1.0_w0.50,0.2,400,5,-6.0,mix_-1.0_+1.0_w0.525,0.00017210215766651007,0.017067216887134137
mix_-1.0_+1.0_w0.50,0.2,800,5,-6.0,mix_-1.0_+1.0_w0.50,0.0,0.0
mix_-1.0_+1.0_w0.50,0.2,1600,5,-6.0,mix_-1.0_+1.0_w0.50,0.0,0.0
mix_-1.0_+1.0_w0.50,0.2,100,6,-6.0,mix_-1.0_+1.0_w0.525,0.00017210215766651007,0.017067216887134137
mix_-1.0_+1.0_w0.50,0.2,200,6,-6.0,mix_-1.0_+1.0_w0.525,0.00017210215766651007,0.017067216887134137
mix_-1.0_+1.0_w0.50,0.2,400,6,-6.0,mix_-1.0_+1.0_w0.525,0.00017210215766651007,0.017067216887134137
mix_-1.0_+1.0_w0.50,0.2,800,6,-6.0,mix_-1.0_+1.0_w0.50,0.0,0.0
mix_-1.0_+1.0_w0.50,0.2,1600,6,-6.0,mix_-1.0_+1.0_w0.525,0.00017210215766651007,0.017067216887134137
mix_-1.0_+1.0_w0.50,0.2,100,7,-6.0,mix_-1.0_+1.0_w0.525,0.00017210215766651007,0.017067216887134137
mix_-1.0_+1.0_w0.50,0.2,200,7,-6.0,mix_-1.0_+1.0_w0.525,0.00017210215766651007,0.017067216887134137
mix_-1.0_+1.0_w0.50,0.2,400,7,-6.0,mix_-1.0_+1.0_w0.525,0.00017210215766651007,0.017067216887134137
mix_-1.0_+1.0_w0.50,0.2,800,7,-6.0,mix_-1.0_+1.0_w0.50,0.0,0.0
mix_-1.0_+1.0_w0.50,0.2,1600,7,-6.0,mix_-1.0_+1.0_w0.50,0.0,0.0
mix_-1.0_+1.0_w0.50,0.2,100,8,-6.0,mix_-1.0_+1.0_w0.525,0.00017210215766651007,0.017067216887134137
mix_-1.0_+1.0_w0.50,0.2,200,8,-6.0,mix_-1.0_+1.0_w0.525,0.00017210215766651007,0.017067216887134137
mix_-1.0_+1.0_w0.50,0.2,400,8,-6.0,mix_-1.0_+1.0_w0.50,0.0,0.0
mix_-1.0_+1.0_w0.50,0.2,800,8,-6.0,mix_-1.0_+1.0_w0.525,0.00017210215766651007,0.017067216887134137
mix_-1.0_+1.0_w0.50,0.2,1600,8,-6.0,mix_-1.0_+1.0_w0.50,0.0,0.0
mix_-1.0_+1.0_w0.50,0.2,100,9,-6.0,mix_-1.0_+1.0_w0.50,0.0,0.0
mix_-1.0_+1.0_w0.50,0.2,200,9,-6.0,mix_-1.0_+1.0_w0.525,0.00017210215766651007,0.017067216887134137
mix_-1.0_+1.0_w0.50,0.2,400,9,-6.0,mix_-1.0_+1.0_w0.475,0.00017210215766651004,0.017067216887134133
mix_-1.0_+1.0_w0.50,0.2,800,9,-6.0,mix_-1.0_+1.0_w0.525,0.00017210215766651007,0.017067216887134137
mix_-1.0_+1.0_w0.50,0.2,1600,9,-6.0,mix_-1.0_+1.0_w0.50,0.0,0.0
mix_-1.0_+1.0_w0.50,0.2,100,10,-6.0,mix_-1.0_+1.0_w0.475,0.00017210215766651004,0.017067216887134133
mix_-1.0_+1.0_w0.50,0.2,200,10,-6.0,mix_-1.0_+1.0_w0.50,0.0,0.0
mix_-1.0_+1.0_w0.50,0.2,400,10,-6.0,mix_-1.0_+1.0_w0.525,0.00017210215766651007,0.017067216887134137
mix_-1.0_+1.0_w0.50,0.2,800,10,-6.0,mix_-1.0_+1.0_w0.525,0.00017210215766651007,0.017067216887134137
mix_-1.0_+1.0_w0.50,0.2,1600,10,-6.0,mix_-1.0_+1.0_w0.50,0.0,0.0
mix_-1.0_+1.0_w0.50,0.2,100,11,-6.0,mix_-1.0_+1.0_w0.525,0.00017210215766651007,0.017067216887134137
mix_-1.0_+1.0_w0.50,0.2,200,11,-6.0,mix_-1.0_+1.0_w0.525,0.00017210215766651007,0.017067216887134137
mix_-1.0_+1.0_w0.50,0.2,400,11,-6.0,mix_-1.0_+1.0_w0.475,0.00017210215766651004,0.017067216887134133
mix_-1.0_+1.0_w0.50,0.2,800,11,-6.0,mix_-1.0_+1.0_w0.525,0.00017210215766651007,0.017067216887134137
mix_-1.0_+1.0_w0.50,0.2,1600,11,-6.0,mix_-1.0_+1.0_w0.50,0.0,0.0
mix_-1.0_+1.0_w0.50,0.2,100,12,-6.0,mix_-1.0_+0.5_w0.50,0.009588090961338513,0.09870638005820911
mix_-1.0_+1.0_w0.50,0.2,200,12,-6.0,mix_-1.0_+1.0_w0.525,0.00017210215766651007,0.017067216887134137
mix_-1.0_+1.0_w0.50,0.2,400,12,-6.0,mix_-1.0_+1.0_w0.525,0.00017210215766651007,0.017067216887134137
mix_-1.0_+1.0_w0.50,0.2,800,12,-6.0,mix_-1.0_+1.0_w0.475,0.00017210215766651004,0.017067216887134133
mix_-1.0_+1.0_w0.50,0.2,1600,12,-6.0,mix_-1.0_+1.0_w0.50,0.0,0.0
mix_-1.0_+1.0_w0.50,0.2,100,13,-6.0,mix_-1.0_+1.0_w0.50,0.0,0.0
mix_-1.0_+1.0_w0.50,0.2,200,13,-6.0,mix_-1.0_+1.0_w0.525,0.00017210215766651007,0.017067216887134137
mix_-1.0_+1.0_w0.50,0.2,400,13,-6.0,mix_-1.0_+1.0_w0.475,0.00017210215766651004,0.017067216887134133
mix_-1.0_+1.0_w0.50,0.2,800,13,-6.0,mix_-1.0_+1.0_w0.50,0.0,0.0
mix_-1.0_+1.0_w0.50,0.2,1600,13,-6.0,mix_-1.0_+1.0_w0.525,0.00017210215766651007,0.017067216887134137
mix_-1.0_+1.0_w0.50,0.2,100,14,-6.0,mix_-1.0_+1.0_w0.475,0.00017210215766651004,0.017067216887134133
mix_-1.0_+1.0_w0.50,0.2,200,14,-6.0,mix_-1.0_+1.0_w0.525,0.00017210215766651007,0.017067216887134137
mix_-1.0_+1.0_w0.50,0.2,400,14,-6.0,mix_-1.0_+1.0_w0.525,0.00017210215766651007,0.017067216887134137
mix_-1.0_+1.0_w0.50,0.2,800,14,-6.0,mix_-1.0_+1.0_w0.525,0.00017210215766651007,0.017067216887134137
mix_-1.0_+1.0_w0.50,0.2,1600,14,-6.0,mix_-1.0_+1.0_w0.525,0.00017210215766651007,0.017067216887134137
mix_-1.0_+1.0_w0.50,0.2,100,15,-6.0,mix_-1.0_+1.0_w0.50,0.0,0.0
mix_-1.0_+1.0_w0.50,0.2,200,15,-6.0,mix_-1.0_+1.0_w0.50,0.0,0.0
mix_-1.0_+1.0_w0.50,0.2,400,15,-6.0,mix_-1.0_+1.0_w0.50,0.0,0.0
mix_-1.0_+1.0_w0.50,0.2,800,15,-6.0,mix_-1.0_+1.0_w0.475,0.00017210215766651004,0.017067216887134133
mix_-1.0_+1.0_w0.50,0.2,1600,15,-6.0,mix_-1.0_+1.0_w0.50,0.0,0.0
mix_-1.0_+1.0_w0.50,0.2,100,16,-6.0,mix_-1.0_+1.0_w0.525,0.00017210215766651007,0.017067216887134137
mix_-1.0_+1.0_w0.50,0.2,200,16,-6.0,mix_-1.0_+1.0_w0.475,0.00017210215766651004,0.017067216887134133
mix_-1.0_+1.0_w0.50,0.2,400,16,-6.0,mix_-1.0_+1.0_w0.525,0.00017210215766651007,0.017067216887134137
mix_-1.0_+1.0_w0.50,0.2,800,16,-6.0,mix_-1.0_+1.0_w0.525,0.00017210215766651007,0.017067216887134137
mix_-1.0_+1.0_w0.50,0.2,1600,16,-6.0,mix_-1.0_+1.0_w0.50,0.0,0.0
mix_-1.0_+1.0_w0.50,0.2,100,17,-6.0,mix_-1.0_+1.0_w0.475,0.00017210215766651004,0.017067216887134133
mix_-1.0_+1.0_w0.50,0.2,200,17,-6.0,mix_-1.0_+1.0_w0.50,0.0,0.0
mix_-1.0_+1.0_w0.50,0.2,400,17,-6.0,mix_-1.0_+1.0_w0.475,0.00017210215766651004,0.017067216887134133
mix_-1.0_+1.0_w0.50,0.2,800,17,-6.0,mix_-1.0_+1.0_w0.50,0.0,0.0
mix_-1.0_+1.0_w0.50,0.2,1600,17,-6.0,mix_-1.0_+1.0_w0.525,0.00017210215766651007,0.017067216887134137
mix_-1.0_+1.0_w0.50,0.2,100,18,-6.0,mix_-1.0_+1.0_w0.525,0.00017210215766651007,0.017067216887134137
mix_-1.0_+1.0_w0.50,0.2,200,18,-6.0,mix_-1.0_+1.0_w0.525,0.00017210215766651007,0.017067216887134137
mix_-1.0_+1.0_w0.50,0.2,400,18,-6.0,mix_-1.0_+1.0_w0.475,0.00017210215766651004,0.017067216887134133
mix_-1.0_+1.0_w0.50,0.2,800,18,-6.0,mix_-1.0_+1.0_w0.525,0.00017210215766651007,0.017067216887134137
mix_-1.0_+1.0_w0.50,0.2,1600,18,-6.0,mix_-1.0_+1.0_w0.525,0.00017210215766651007,0.017067216887134137
mix_-1.0_+1.0_w0.50,0.2,100,19,-6.0,mix_-1.0_+1.0_w0.25,0.01834752844272004,0.17067216887134118
mix_-1.0_+1.0_w0.50,0.2,200,19,-6.0,mix_-1.0_+1.0_w0.475,0.00017210215766651004,0.017067216887134133
mix_-1.0_+1.0_w0.50,0.2,400,19,-6.0,mix_-1.0_+1.0_w0.50,0.0,0.0
mix_-1.0_+1.0_w0.50,0.2,800,19,-6.0,mix_-1.0_+1.0_w0.475,0.00017210215766651004,0.017067216887134133
mix_-1.0_+1.0_w0.50,0.2,1600,19,-6.0,mix_-1.0_+1.0_w0.475,0.00017210215766651004,0.017067216887134133
mix_-1.0_+1.0_w0.50,0.2,100,20,-6.0,mix_-1.0_+1.0_w0.475,0.00017210215766651004,0.017067216887134133
mix_-1.0_+1.0_w0.50,0.2,200,20,-6.0,mix_-1.0_+1.0_w0.50,0.0,0.0
mix_-1.0_+1.0_w0.50,0.2,400,20,-6.0,mix_-1.0_+1.0_w0.525,0.00017210215766651007,0.017067216887134137
mix_-1.0_+1.0_w0.50,0.2,800,20,-6.0,mix_-1.0_+1.0_w0.525,0.00017210215766651007,0.017067216887134137
mix_-1.0_+1.0_w0.50,0.2,1600,20,-6.0,mix_-1.0_+1.0_w0.525,0.00017210215766651007,0.017067216887134137
mix_-1.0_+1.0_w0.50,0.2,100,21,-6.0,mix_-1.0_+1.0_w0.525,0.00017210215766651007,0.017067216887134137
mix_-1.0_+1.0_w0.50,0.2,200,21,-6.0,mix_-1.0_+1.0_w0.525,0.00017210215766651007,0.017067216887134137
mix_-1.0_+1.0_w0.50,0.2,400,21,-6.0,mix_-1.0_+1.0_w0.525,0.00017210215766651007,0.017067216887134137
mix_-1.0_+1.0_w0.50,0.2,800,21,-6.0,mix_-1.0_+1.0_w0.50,0.0,0.0
mix_-1.0_+1.0_w0.50,0.2,1600,21,-6.0,mix_-1.0_+1.0_w0.525,0.00017210215766651007,0.017067216887134137
mix_-1.0_+1.0_w0.50,0.2,100,22,-6.0,mix_-1.0_+1.0_w0.525,0.00017210215766651007,0.017067216887134137
mix_-1.0_+1.0_w0.50,0.2,200,22,-6.0,mix_-1.0_+1.0_w0.475,0.00017210215766651004,0.017067216887134133
mix_-1.0_+1.0_w0.50,0.2,400,22,-6.0,mix_-1.0_+1.0_w0.50,0.0,0.0
mix_-1.0_+1.0_w0.50,0.2,800,22,-6.0,mix_-1.0_+1.0_w0.475,0.00017210215766651004,0.017067216887134133
mix_-1.0_+1.0_w0.50,0.2,1600,22,-6.0,mix_-1.0_+1.0_w0.525,0.00017210215766651007,0.017067216887134137
mix_-1.0_+1.0_w0.50,0.2,100,23,-6.0,mix_-1.0_+1.0_w0.475,0.00017210215766651004,0.017067216887134133
mix_-1.0_+1.0_w0.50,0.2,200,23,-6.0,mix_-1.0_+1.0_w0.475,0.00017210215766651004,0.017067216887134133
mix_-1.0_+1.0_w0.50,0.2,400,23,-6.0,mix_-1.0_+1.0_w0.50,0.0,0.0
mix_-1.0_+1.0_w0.50,0.2,800,23,-6.0,mix_-1.0_+1.0_w0.475,0.00017210215766651004,0.017067216887134133
mix_-1.0_+1.0_w0.50,0.2,1600,23,-6.0,mix_-1.0_+1.0_w0.50,0.0,0.0
mix_-1.0_+1.0_w0.50,0.2,100,24,-6.0,mix_-1.0_+1.0_w0.475,0.00017210215766651004,0.017067216887134133
mix_-1.0_+1.0_w0.50,0.2,200,24,-6.0,mix_-1.0_+1.0_w0.50,0.0,0.0
mix_-1.0_+1.0_w0.50,0.2,400,24,-6.0,mix_-1.0_+1.0_w0.525,0.00017210215766651007,0.017067216887134137
mix_-1.0_+1.0_w0.50,0.2,800,24,-6.0,mix_-1.0_+1.0_w0.50,0.0,0.0
mix_-1.0_+1.0_w0.50,0.2,1600,24,-6.0,mix_-1.0_+1.0_w0.50,0.0,0.0
mix_-1.0_+1.0_w0.50,0.2,100,25,-6.0,mix_-1.0_+1.0_w0.525,0.00017210215766651007,0.017067216887134137
mix_-1.0_+1.0_w0.50,0.2,200,25,-6.0,mix_-1.0_+1.0_w0.525,0.00017210215766651007,0.017067216887134137
mix_-1.0_+1.0_w0.50,0.2,400,25,-6.0,mix_-1.0_+1.0_w0.525,0.00017210215766651007,0.017067216887134137
mix_-1.0_+1.0_w0.50,0.2,800,25,-6.0,mix_-1.0_+1.0_w0.475,0.00017210215766651004,0.017067216887134133
mix_-1.0_+1.0_w0.50,0.2,1600,25,-6.0,mix_-1.0_+1.0_w0.475,0.00017210215766651004,0.017067216887134133
mix_-1.0_+1.0_w0.50,0.2,100,26,-6.0,mix_-1.0_+1.0_w0.525,0.00017210215766651007,0.017067216887134137
mix_-1.0_+1.0_w0.50,0.2,200,26,-6.0,mix_-1.0_+1.0_w0.525,0.00017210215766651007,0.017067216887134137
mix_-1.0_+1.0_w0.50,0.2,400,26,-6.0,mix_-1.0_+1.0_w0.525,0.00017210215766651007,0.017067216887134137
mix_-1.0_+1.0_w0.50,0.2,800,26,-6.0,mix_-1.0_+1.0_w0.475,0.00017210215766651004,0.017067216887134133
mix_-1.0_+1.0_w0.50,0.2,1600,26,-6.0,mix_-1.0_+1.0_w0.525,0.00017210215766651007,0.017067216887134137
mix_-1.0_+1.0_w0.50,0.2,100,27,-6.0,mix_-1.0_+1.0_w0.525,0.00017210215766651007,0.017067216887134137
mix_-1.0_+1.0_w0.50,0.2,200,27,-6.0,mix_-1.0_+1.0_w0.525,0.00017210215766651007,0.017067216887134137
mix_-1.0_+1.0_w0.50,0.2,400,27,-6.0,mix_-1.0_+1.0_w0.525,0.00017210215766651007,0.017067216887134137
mix_-1.0_+1.0_w0.50,0.2,800,27,-6.0,mix_-1.0_+1.0_w0.50,0.0,0.0
mix_-1.0_+1.0_w0.50,0.2,1600,27,-6.0,mix_-1.0_+1.0_w0.475,0.00017210215766651004,0.017067216887134133
mix_-1.0_+1.0_w0.50,0.2,100,28,-6.0,mix_-1.0_+1.0_w0.475,0.00017210215766651004,0.017067216887134133
mix_-1.0_+1.0_w0.50,0.2,200,28,-6.0,mix_-1.0_+1.0_w0.50,0.0,0.0
mix_-1.0_+1.0_w0.50,0.2,400,28,-6.0,mix_-1.0_+1.0_w0.525,0.00017210215766651007,0.017067216887134137
mix_-1.0_+1.0_w0.50,0.2,800,28,-6.0,mix_-1.0_+1.0_w0.475,0.00017210215766651004,0.017067216887134133
mix_-1.0_+1.0_w0.50,0.2,1600,28,-6.0,mix_-1.0_+1.0_w0.525,0.00017210215766651007,0.017067216887134137
mix_-1.0_+1.0_w0.50,0.2,100,29,-6.0,mix_-1.0_+1.0_w0.475,0.00017210215766651004,0.017067216887134133
mix_-1.0_+1.0_w0.50,0.2,200,29,-6.0,mix_-1.0_+1.0_w0.475,0.00017210215766651004,0.017067216887134133
mix_-1.0_+1.0_w0.50,0.2,400,29,-6.0,mix_-1.0_+1.0_w0.50,0.0,0.0
mix_-1.0_+1.0_w0.50,0.2,800,29,-6.0,mix_-1.0_+1.0_w0.50,0.0,0.0
mix_-1.0_+1.0_w0.50,0.2,1600,29,-6.0,mix_-1.0_+1.0_w0.50,0.0,0.0
mix_-1.0_+1.0_w0.50,0.2,100,30,-6.0,mix_-1.0_+1.0_w0.50,0.0,0.0
mix_-1.0_+1.0_w0.50,0.2,200,30,-6.0,mix_-1.0_+1.0_w0.525,0.00017210215766651007,0.017067216887134137
mix_-1.0_+1.0_w0.50,0.2,400,30,-6.0,mix_-1.0_+1.0_w0.475,0.00017210215766651004,0.017067216887134133
mix_-1.0_+1.0_w0.50,0.2,800,30,-6.0,mix_-1.0_+1.0_w0.475,0.00017210215766651004,0.017067216887134133
mix_-1.0_+1.0_w0.50,0.2,1600,30,-6.0,mix_-1.0_+1.0_w0.50,0.0,0.0
mix_-1.0_+1.0_w0.50,0.2,100,31,-6.0,mix_-1.0_+1.0_w0.475,0.00017210215766651004,0.017067216887134133
mix_-1.0_+1.0_w0.50,0.2,200,31,-6.0,mix_-1.0_+1.0_w0.525,0.00017210215766651007,0.017067216887134137
mix_-1.0_+1.0_w0.50,0.2,400,31,-6.0,mix_-1.0_+1.0_w0.525,0.00017210215766651007,0.017067216887134137
mix_-1.0_+1.0_w0.50,0.2,800,31,-6.0,mix_-1.0_+1.0_w0.50,0.0,0.0
mix_-1.0_+1.0_w0.50,0.2,1600,31,-6.0,mix_-1.0_+1.0_w0.475,0.00017210215766651004,0.017067216887134133
mix_-1.0_+1.0_w0.50,0.2,100,32,-6.0,mix_-1.0_+1.0_w0.475,0.00017210215766651004,0.017067216887134133
mix_-1.0_+1.0_w0.50,0.2,200,32,-6.0,mix_-1.0_+1.0_w0.525,0.00017210215766651007,0.017067216887134137
mix_-1.0_+1.0_w0.50,0.2,400,32,-6.0,mix_-1.0_+1.0_w0.50,0.0,0.0
mix_-1.0_+1.0_w0.50,0.2,800,32,-6.0,mix_-1.0_+1.0_w0.475,0.00017210215766651004,0.017067216887134133
mix_-1.0_+1.0_w0.50,0.2,1600,32,-6.0,mix_-1.0_+1.0_w0.525,0.00017210215766651007,0.017067216887134137
mix_-1.0_+1.0_w0.50,0.2,100,33,-6.0,mix_-1.0_+1.0_w0.525,0.00017210215766651007,0.017067216887134137
mix_-1.0_+1.0_w0.50,0.2,200,33,-6.0,mix_-1.0_+1.0_w0.525,0.00017210215766651007,0.017067216887134137
mix_-1.0_+1.0_w0.50,0.2,400,33,-6.0,mix_-1.0_+1.0_w0.50,0.0,0.0
mix_-1.0_+1.0_w0.50,0.2,800,33,-6.0,mix_-1.0_+1.0_w0.525,0.00017210215766651007,0.017067216887134137
mix_-1.0_+1.0_w0.50,0.2,1600,33,-6.0,mix_-1.0_+1.0_w0.525,0.00017210215766651007,0.017067216887134137
mix_-1.0_+1.0_w0.50,0.2,100,34,-6.0,mix_-1.0_+1.0_w0.525,0.00017210215766651007,0.017067216887134137
mix_-1.0_+1.0_w0.50,0.2,200,34,-6.0,mix_-1.0_+1.0_w0.475,0.00017210215766651004,0.017067216887134133
mix_-1.0_+1.0_w0.50,0.2,400,34,-6.0,mix_-1.0_+1.0_w0.525,0.00017210215766651007,0.017067216887134137
mix_-1.0_+1.0_w0.50,0.2,800,34,-6.0,mix_-1.0_+1.0_w0.50,0.0,0.0
mix_-1.0_+1.0_w0.50,0.2,1600,34,-6.0,mix_-1.0_+1.0_w0.50,0.0,0.0
mix_-1.0_+1.0_w0.50,0.2,100,35,-6.0,mix_-1.0_+1.0_w0.475,0.00017210215766651004,0.017067216887134133
mix_-1.0_+1.0_w0.50,0.2,200,35,-6.0,mix_-1.0_+1.0_w0.475,0.00017210215766651004,0.017067216887134133
mix_-1.0_+1.0_w0.50,0.2,400,35,-6.0,mix_-1.0_+1.0_w0.50,0.0,0.0
mix_-1.0_+1.0_w0.50,0.2,800,35,-6.0,mix_-1.0_+1.0_w0.50,0.0,0.0
mix_-1.0_+1.0_w0.50,0.2,1600,35,-6.0,mix_-1.0_+1.0_w0.475,0.00017210215766651004,0.017067216887134133
mix_-1.0_+1.0_w0.50,0.2,100,36,-6.0,mix_-1.0_+1.0_w0.525,0.00017210215766651007,0.017067216887134137
mix_-1.0_+1.0_w0.50,0.2,200,36,-6.0,mix_-1.0_+1.0_w0.50,0.0,0.0
mix_-1.0_+1.0_w0.50,0.2,400,36,-6.0,mix_-1.0_+1.0_w0.50,0.0,0.0
mix_-1.0_+1.0_w0.50,0.2,800,36,-6.0,mix_-1.0_+1.0_w0.475,0.00017210215766651004,0.017067216887134133
mix_-1.0_+1.0_w0.50,0.2,1600,36,-6.0,mix_-1.0_+1.0_w0.50,0.0,0.0
mix_-1.0_+1.0_w0.50,0.2,100,37,-6.0,mix_-1.0_+1.0_w0.525,0.00017210215766651007,0.017067216887134137
mix_-1.0_+1.0_w0.50,0.2,200,37,-6.0,mix_-1.0_+1.0_w0.475,0.00017210215766651004,0.017067216887134133
mix_-1.0_+1.0_w0.50,0.2,400,37,-6.0,mix_-1.0_+1.0_w0.50,0.0,0.0
mix_-1.0_+1.0_w0.50,0.2,800,37,-6.0,mix_-1.0_+1.0_w0.50,0.0,0.0
mix_-1.0_+1.0_w0.50,0.2,1600,37,-6.0,mix_-1.0_+1.0_w0.50,0.0,0.0
mix_-1.0_+1.0_w0.50,0.2,100,38,-6.0,mix_-1.0_+1.0_w0.525,0.00017210215766651007,0.017067216887134137
mix_-1.0_+1.0_w0.50,0.2,200,38,-6.0,mix_-1.0_+1.0_w0.475,0.00017210215766651004,0.017067216887134133
mix_-1.0_+1.0_w0.50,0.2,400,38,-6.0,mix_-1.0_+1.0_w0.475,0.00017210215766651004,0.017067216887134133
mix_-1.0_+1.0_w0.50,0.2,800,38,-6.0,mix_-1.0_+1.0_w0.475,0.00017210215766651004,0.017067216887134133
mix_-1.0_+1.0_w0.50,0.2,1600,38,-6.0,mix_-1.0_+1.0_w0.525,0.00017210215766651007,0.017067216887134137
mix_-1.0_+1.0_w0.50,0.2,100,39,-6.0,mix_-1.0_+1.0_w0.475,0.00017210215766651004,0.017067216887134133
mix_-1.0_+1.0_w0.50,0.2,200,39,-6.0,mix_-1.0_+1.0_w0.475,0.00017210215766651004,0.017067216887134133
mix_-1.0_+1.0_w0.50,0.2,400,39,-6.0,mix_-1.0_+1.0_w0.50,0.0,0.0
mix_-1.0_+1.0_w0.50,0.2,800,39,-6.0,mix_-1.0_+1.0_w0.525,0.00017210215766651007,0.017067216887134137
mix_-1.0_+1.0_w0.50,0.2,1600,39,-6.0,mix_-1.0_+1.0_w0.50,0.0,0.0
mix_-0.5_+0.5_w0.25,0.0,100,0,-6.0,mix_-0.5_+0.5_w0.25,0.0,0.0
mix_-0.5_+0.5_w0.25,0.0,200,0,-6.0,mix_-0.5_+0.5_w0.25,0.0,0.0
mix_-0.5_+0.5_w0.25,0.0,400,0,-6.0,mix_-0.5_+0.5_w0.25,0.0,0.0
mix_-0.5_+0.5_w0.25,0.0,800,0,-6.0,mix_-0.5_+0.5_w0.25,0.0,0.0
mix_-0.5_+0.5_w0.25,0.0,1600,0,-6.0,mix_-0.5_+0.5_w0.25,0.0,0.0
mix_-0.5_+0.5_w0.25,0.0,100,1,-6.0,mix_-0.5_+0.5_w0.25,0.0,0.0
mix_-0.5_+0.5_w0.25,0.0,200,1,-6.0,mix_-0.5_+0.5_w0.25,0.0,0.0
mix_-0.5_+0.5_w0.25,0.0,400,1,-6.0,mix_-0.5_+0.5_w0.25,0.0,0.0
mix_-0.5_+0.5_w0.25,0.0,800,1,-6.0,mix_-0.5_+0.5_w0.25,0.0,0.0
mix_-0.5_+0.5_w0.25,0.0,1600,1,-6.0,mix_-0.5_+0.5_w0.25,0.0,0.0
mix_-0.5_+0.5_w0.25,0.0,100,2,-6.0,mix_-0.5_+1.0_w0.25,0.016705496404521604,0.14805957008731369
mix_-0.5_+0.5_w0.25,0.0,200,2,-6.0,mix_-0.5_+0.5_w0.50,0.006598770080336181,0.09573108210931261
mix_-0.5_+0.5_w0.25,0.0,400,2,-6.0,mix_-0.5_+0.5_w0.25,0.0,0.0
mix_-0.5_+0.5_w0.25,0.0,800,2,-6.0,mix_-0.5_+0.5_w0.25,0.0,0.0
mix_-0.5_+0.5_w0.25,0.0,1600,2,-6.0,mix_-0.5_+0.5_w0.25,0.0,0.0
mix_-0.5_+0.5_w0.25,0.0,100,3,-6.0,mix_-1.0_+0.5_w0.25,0.0035475756471617507,0.049353190029104564
mix_-0.5_+0.5_w0.25,0.0,200,3,-6.0,mix_-1.0_+0.5_w0.25,0.0035475756471617507,0.049353190029104564
mix_-0.5_+0.5_w0.25,0.0,400,3,-6.0,mix_-0.5_+0.5_w0.25,0.0,0.0
mix_-0.5_+0.5_w0.25,0.0,800,3,-6.0,mix_-0.5_+0.5_w0.25,0.0,0.0
mix_-0.5_+0.5_w0.25,0.0,1600,3,-6.0,mix_-0.5_+0.5_w0.25,0.0,0.0
mix_-0.5_+0.5_w0.25,0.0,100,4,-6.0,mix_-0.5_+0.5_w0.25,0.0,0.0
mix_-0.5_+0.5_w0.25,0.0,200,4,-6.0,mix_-0.5_+0.5_w0.50,0.006598770080336181,0.09573108210931261
mix_-0.5_+0.5_w0.25,0.0,400,4,-6.0,mix_-0.5_+0.5_w0.25,0.0,0.0
mix_-0.5_+0.5_w0.25,0.0,800,4,-6.0,mix_-0.5_+0.5_w0.25,0.0,0.0
mix_-0.5_+0.5_w0.25,0.0,1600,4,-6.0,mix_-0.5_+0.5_w0.25,0.0,0.0
mix_-0.5_+0.5_w0.25,0.0,100,5,-6.0,point_+0.5,0.008874578386546417,0.09573108210931261
mix_-0.5_+0.5_w0.25,0.0,200,5,-6.0,mix_-0.5_+0.5_w0.25,0.0,0.0
mix_-0.5_+0.5_w0.25,0.0,400,5,-6.0,mix_-0.5_+0.5_w0.25,0.0,0.0
mix_-0.5_+0.5_w0.25,0.0,800,5,-6.0,mix_-0.5_+0.5_w0.25,0.0,0.0
mix_-0.5_+0.5_w0.25,0.0,1600,5,-6.0,mix_-0.5_+0.5_w0.25,0.0,0.0
mix_-0.5_+0.5_w0.25,0.0,100,6,-6.0,mix_-0.5_+0.5_w0.25,0.0,0.0
mix_-0.5_+0.5_w0.25,0.0,200,6,-6.0,mix_-0.5_+0.5_w0.25,0.0,0.0
mix_-0.5_+0.5_w0.25,0.0,400,6,-6.0,mix_-1.0_+0.5_w0.25,0.0035475756471617507,0.049353190029104564
mix_-0.5_+0.5_w0.25,0.0,800,6,-6.0,mix_-0.5_+0.5_w0.25,0.0,0.0
mix_-0.5_+0.5_w0.25,0.0,1600,6,-6.0,mix_-0.5_+0.5_w0.25,0.0,0.0
mix_-0.5_+0.5_w0.25,0.0,100,7,-6.0,mix_-0.5_+0.5_w0.25,0.0,0.0
mix_-0.5_+0.5_w0.25,0.0,200,7,-6.0,mix_-0.5_+0.5_w0.25,0.0,0.0
mix_-0.5_+0.5_w0.25,0.0,400,7,-6.0,mix_-0.5_+0.5_w0.25,0.0,0.0
mix_-0.5_+0.5_w0.25,0.0,800,7,-6.0,mix_-0.5_+0.5_w0.25,0.0,0.0
mix_-0.5_+0.5_w0.25,0.0,1600,7,-6.0,mix_-0.5_+0.5_w0.25,0.0,0.0
mix_-0.5_+0.5_w0.25,0.0,100,8,-6.0,mix_-0.5_+0.5_w0.25,0.0,0.0
mix_-0.5_+0.5_w0.25,0.0,200,8,-6.0,mix_-0.5_+0.5_w0.25,0.0,0.0
mix_-0.5_+0.5_w0.25,0.0,400,8,-6.0,mix_-0.5_+0.5_w0.25,0.0,0.0
mix_-0.5_+0.5_w0.25,0.0,800,8,-6.0,mix_-0.5_+0.5_w0.25,0.0,0.0
mix_-0.5_+0.5_w0.25,0.0,1600,8,-6.0,mix_-0.5_+0.5_w0.25,0.0,0.0
mix_-0.5_+0.5_w0.25,0.0,100,9,-6.0,mix_-1.0_+0.5_w0.25,0.0035475756471617507,0.049353190029104564
mix_-0.5_+0.5_w0.25,0.0,200,9,-6.0,mix_-0.5_+0.5_w0.25,0.0,0.0
mix_-0.5_+0.5_w0.25,0.0,400,9,-6.0,mix_-0.5_+0.5_w0.25,0.0,0.0
mix_-0.5_+0.5_w0.25,0.0,800,9,-6.0,mix_-0.5_+0.5_w0.25,0.0,0.0
mix_-0.5_+0.5_w0.25,0.0,1600,9,-6.0,mix_-0.5_+0.5_w0.25,0.0,0.0
mix_-0.5_+0.5_w0.25,0.0,100,10,-6.0,mix_-0.5_+0.5_w0.25,0.0,0.0
mix_-0.5_+0.5_w0.25,0.0,200,10,-6.0,mix_-0.5_+1.0_w0.50,0.005509471215815296,0.08259986718851507
mix_-0.5_+0.5_w0.25,0.0,400,10,-6.0,mix_-0.5_+0.5_w0.25,0.0,0.0
mix_-0.5_+0.5_w0.25,0.0,800,10,-6.0,mix_-0.5_+0.5_w0.25,0.0,0.0
mix_-0.5_+0.5_w0.25,0.0,1600,10,-6.0,mix_-0.5_+0.5_w0.25,0.0,0.0
mix_-0.5_+0.5_w0.25,0.0,100,11,-6.0,point_+0.5,0.008874578386546417,0.09573108210931261
mix_-0.5_+0.5_w0.25,0.0,200,11,-6.0,mix_-0.5_+0.5_w0.25,0.0,0.0
mix_-0.5_+0.5_w0.25,0.0,400,11,-6.0,point_+0.5,0.008874578386546417,0.09573108210931261
mix_-0.5_+0.5_w0.25,0.0,800,11,-6.0,mix_-0.5_+0.5_w0.25,0.0,0.0
mix_-0.5_+0.5_w0.25,0.0,1600,11,-6.0,mix_-0.5_+0.5_w0.25,0.0,0.0
mix_-0.5_+0.5_w0.25,0.0,100,12,-6.0,mix_-0.5_+0.5_w0.25,0.0,0.0
mix_-0.5_+0.5_w0.25,0.0,200,12,-6.0,mix_-0.5_+0.5_w0.25,0.0,0.0
mix_-0.5_+0.5_w0.25,0.0,400,12,-6.0,mix_-0.5_+0.5_w0.25,0.0,0.0
mix_-0.5_+0.5_w0.25,0.0,800,12,-6.0,mix_-0.5_+0.5_w0.25,0.0,0.0
mix_-0.5_+0.5_w0.25,0.0,1600,12,-6.0,mix_-0.5_+0.5_w0.25,0.0,0.0
mix_-0.5_+0.5_w0.25,0.0,100,13,-6.0,mix_-0.5_+0.5_w0.25,0.0,0.0
mix_-0.5_+0.5_w0.25,0.0,200,13,-6.0,mix_-0.5_+0.5_w0.25,0.0,0.0
mix_-0.5_+0.5_w0.25,0.0,400,13,-6.0,mix_-0.5_+0.5_w0.25,0.0,0.0
mix_-0.5_+0.5_w0.25,0.0,800,13,-6.0,mix_-0.5_+0.5_w0.25,0.0,0.0
mix_-0.5_+0.5_w0.25,0.0,1600,13,-6.0,mix_-0.5_+0.5_w0.25,0.0,0.0
mix_-0.5_+0.5_w0.25,0.0,100,14,-6.0,mix_-0.5_+0.5_w0.25,0.0,0.0
mix_-0.5_+0.5_w0.25,0.0,200,14,-6.0,mix_-0.5_+0.5_w0.25,0.0,0.0
mix_-0.5_+0.5_w0.25,0.0,400,14,-6.0,mix_-0.5_+0.5_w0.25,0.0,0.0
mix_-0.5_+0.5_w0.25,0.0,800,14,-6.0,mix_-0.5_+0.5_w0.25,0.0,0.0
mix_-0.5_+0.5_w0.25,0.0,1600,14,-6.0,mix_-0.5_+0.5_w0.25,0.0,0.0
mix_-0.5_+0.5_w0.25,0.0,100,15,-6.0,mix_-0.5_+1.0_w0.50,0.005509471215815296,0.08259986718851507
mix_-0.5_+0.5_w0.25,0.0,200,15,-6.0,mix_-0.5_+1.0_w0.50,0.005509471215815296,0.08259986718851507
mix_-0.5_+0.5_w0.25,0.0,400,15,-6.0,mix_-0.5_+0.5_w0.25,0.0,0.0
mix_-0.5_+0.5_w0.25,0.0,800,15,-6.0,mix_-0.5_+0.5_w0.25,0.0,0.0
mix_-0.5_+0.5_w0.25,0.0,1600,15,-6.0,mix_-0.5_+0.5_w0.25,0.0,0.0
mix_-0.5_+0.5_w0.25,0.0,100,16,-6.0,point_+0.0,0.009232113867112179,0.10690992617970946
mix_-0.5_+0.5_w0.25,0.0,200,16,-6.0,mix_-0.5_+0.5_w0.25,0.0,0.0
mix_-0.5_+0.5_w0.25,0.0,400,16,-6.0,mix_-0.5_+0.5_w0.25,0.0,0.0
mix_-0.5_+0.5_w0.25,0.0,800,16,-6.0,mix_-0.5_+0.5_w0.25,0.0,0.0
mix_-0.5_+0.5_w0.25,0.0,1600,16,-6.0,mix_-0.5_+0.5_w0.25,0.0,0.0
mix_-0.5_+0.5_w0.25,0.0,100,17,-6.0,point_+0.5,0.008874578386546417,0.09573108210931261
mix_-0.5_+0.5_w0.25,0.0,200,17,-6.0,mix_-0.5_+0.5_w0.25,0.0,0.0
mix_-0.5_+0.5_w0.25,0.0,400,17,-6.0,mix_-0.5_+0.5_w0.25,0.0,0.0
mix_-0.5_+0.5_w0.25,0.0,800,17,-6.0,mix_-0.5_+0.5_w0.25,0.0,0.0
mix_-0.5_+0.5_w0.25,0.0,1600,17,-6.0,mix_-0.5_+0.5_w0.25,0.0,0.0
mix_-0.5_+0.5_w0.25,0.0,100,18,-6.0,mix_-0.5_+1.0_w0.50,0.005509471215815296,0.08259986718851507
mix_-0.5_+0.5_w0.25,0.0,200,18,-6.0,mix_-1.0_+0.5_w0.25,0.0035475756471617507,0.049353190029104564
mix_-0.5_+0.5_w0.25,0.0,400,18,-6.0,mix_-0.5_+0.5_w0.25,0.0,0.0
mix_-0.5_+0.5_w0.25,0.0,800,18,-6.0,mix_-0.5_+0.5_w0.25,0.0,0.0
mix_-0.5_+0.5_w0.25,0.0,1600,18,-6.0,mix_-0.5_+0.5_w0.25,0.0,0.0
mix_-0.5_+0.5_w0.25,0.0,100,19,-6.0,point_+0.5,0.008874578386546417,0.09573108210931261
mix_-0.5_+0.5_w0.25,0.0,200,19,-6.0,mix_-0.5_+0.5_w0.25,0.0,0.0
mix_-0.5_+0.5_w0.25,0.0,400,19,-6.0,mix_-0.5_+0.5_w0.25,0.0,0.0
mix_-0.5_+0.5_w0.25,0.0,800,19,-6.0,mix_-0.5_+0.5_w0.25,0.0,0.0
mix_-0.5_+0.5_w0.25,0.0,1600,19,-6.0,mix_-0.5_+0.5_w0.25,0.0,0.0
mix_-0.5_+0.5_w0.25,0.0,100,20,-6.0,point_+0.0,0.009232113867112179,0.10690992617970946
mix_-0.5_+0.5_w0.25,0.0,200,20,-6.0,mix_-1.0_+0.5_w0.25,0.0035475756471617507,0.049353190029104564
mix_-0.5_+0.5_w0.25,0.0,400,20,-6.0,mix_-0.5_+0.5_w0.25,0.0,0.0
mix_-0.5_+0.5_w0.25,0.0,800,20,-6.0,mix_-0.5_+0.5_w0.25,0.0,0.0
mix_-0.5_+0.5_w0.25,0.0,1600,20,-6.0,mix_-0.5_+0.5_w0.25,0.0,0.0
mix_-0.5_+0.5_w0.25,0.0,100,21,-6.0,mix_-0.5_+0.5_w0.25,0.0,0.0
mix_-0.5_+0.5_w0.25,0.0,200,21,-6.0,mix_-0.5_+0.5_w0.25,0.0,0.0
mix_-0.5_+0.5_w0.25,0.0,400,21,-6.0,mix_-0.5_+0.5_w0.25,0.0,0.0
mix_-0.5_+0.5_w0.25,0.0,800,21,-6.0,mix_-0.5_+0.5_w0.25,0.0,0.0
mix_-0.5_+0.5_w0.25,0.0,1600,21,-6.0,mix_-0.5_+0.5_w0.25,0.0,0.0
mix_-0.5_+0.5_w0.25,0.0,100,22,-6.0,mix_-1.0_+0.5_w0.25,0.0035475756471617507,0.049353190029104564
mix_-0.5_+0.5_w0.25,0.0,200,22,-6.0,mix_-0.5_+1.0_w0.50,0.005509471215815296,0.08259986718851507
mix_-0.5_+0.5_w0.25,0.0,400,22,-6.0,mix_-0.5_+0.5_w0.25,0.0,0.0
mix_-0.5_+0.5_w0.25,0.0,800,22,-6.0,mix_-0.5_+0.5_w0.25,0.0,0.0
mix_-0.5_+0.5_w0.25,0.0,1600,22,-6.0,mix_-0.5_+0.5_w0.25,0.0,0.0
mix_-0.5_+0.5_w0.25,0.0,100,23,-6.0,mix_-1.0_+0.5_w0.25,0.0035475756471617507,0.049353190029104564
mix_-0.5_+0.5_w0.25,0.0,200,23,-6.0,mix_-0.5_+0.5_w0.25,0.0,0.0
mix_-0.5_+0.5_w0.25,0.0,400,23,-6.0,mix_-0.5_+0.5_w0.25,0.0,0.0
mix_-0.5_+0.5_w0.25,0.0,800,23,-6.0,mix_-0.5_+0.5_w0.25,0.0,0.0
mix_-0.5_+0.5_w0.25,0.0,1600,23,-6.0,mix_-0.5_+0.5_w0.25,0.0,0.0
mix_-0.5_+0.5_w0.25,0.0,100,24,-6.0,point_+0.5,0.008874578386546417,0.09573108210931261
mix_-0.5_+0.5_w0.25,0.0,200,24,-6.0,mix_-0.5_+0.5_w0.25,0.0,0.0
mix_-0.5_+0.5_w0.25,0.0,400,24,-6.0,point_+0.5,0.008874578386546417,0.09573108210931261
mix_-0.5_+0.5_w0.25,0.0,800,24,-6.0,mix_-0.5_+0.5_w0.25,0.0,0.0
mix_-0.5_+0.5_w0.25,0.0,1600,24,-6.0,mix_-0.5_+0.5_w0.25,0.0,0.0
mix_-0.5_+0.5_w0.25,0.0,100,25,-6.0,mix_-0.5_+0.5_w0.25,0.0,0.0
mix_-0.5_+0.5_w0.25,0.0,200,25,-6.0,mix_-1.0_+0.5_w0.25,0.0035475756471617507,0.049353190029104564
mix_-0.5_+0.5_w0.25,0.0,400,25,-6.0,mix_-0.5_+0.5_w0.25,0.0,0.0
mix_-0.5_+0.5_w0.25,0.0,800,25,-6.0,mix_-0.5_+0.5_w0.25,0.0,0.0
mix_-0.5_+0.5_w0.25,0.0,1600,25,-6.0,mix_-0.5_+0.5_w0.25,0.0,0.0
mix_-0.5_+0.5_w0.25,0.0,100,26,-6.0,mix_-0.5_+0.5_w0.25,0.0,0.0
mix_-0.5_+0.5_w0.25,0.0,200,26,-6.0,mix_-1.0_+0.5_w0.25,0.0035475756471617507,0.049353190029104564
mix_-0.5_+0.5_w0.25,0.0,400,26,-6.0,mix_-0.5_+0.5_w0.25,0.0,0.0
mix_-0.5_+0.5_w0.25,0.0,800,26,-6.0,mix_-0.5_+0.5_w0.25,0.0,0.0
mix_-0.5_+0.5_w0.25,0.0,1600,26,-6.0,mix_-0.5_+0.5_w0.25,0.0,0.0
mix_-0.5_+0.5_w0.25,0.0,100,27,-6.0,mix_-0.5_+0.5_w0.25,0.0,0.0
mix_-0.5_+0.5_w0.25,0.0,200,27,-6.0,mix_-0.5_+0.5_w0.25,0.0,0.0
mix_-0.5_+0.5_w0.25,0.0,400,27,-6.0,mix_-0.5_+0.5_w0.25,0.0,0.0
mix_-0.5_+0.5_w0.25,0.0,800,27,-6.0,mix_-0.5_+0.5_w0.25,0.0,0.0
mix_-0.5_+0.5_w0.25,0.0,1600,27,-6.0,mix_-0.5_+0.5_w0.25,0.0,0.0
mix_-0.5_+0.5_w0.25,0.0,100,28,-6.0,mix_-0.5_+0.5_w0.50,0.006598770080336181,0.09573108210931261
mix_-0.5_+0.5_w0.25,0.0,200,28,-6.0,mix_-0.5_+0.5_w0.25,0.0,0.0
mix_-0.5_+0.5_w0.25,0.0,400,28,-6.0,mix_-0.5_+0.5_w0.25,0.0,0.0
mix_-0.5_+0.5_w0.25,0.0,800,28,-6.0,mix_-0.5_+0.5_w0.25,0.0,0.0
mix_-0.5_+0.5_w0.25,0.0,1600,28,-6.0,mix_-0.5_+0.5_w0.25,0.0,0.0
mix_-0.5_+0.5_w0.25,0.0,100,29,-6.0,point_+0.5,0.008874578386546417,0.09573108210931261
mix_-0.5_+0.5_w0.25,0.0,200,29,-6.0,mix_-0.5_+0.5_w0.25,0.0,0.0
mix_-0.5_+0.5_w0.25,0.0,400,29,-6.0,mix_-0.5_+0.5_w0.25,0.0,0.0
mix_-0.5_+0.5_w0.25,0.0,800,29,-6.0,mix_-0.5_+0.5_w0.25,0.0,0.0
mix_-0.5_+0.5_w0.25,0.0,1600,29,-6.0,mix_-0.5_+0.5_w0.25,0.0,0.0
mix_-0.5_+0.5_w0.25,0.0,100,30,-6.0,mix_-0.5_+0.5_w0.25,0.0,0.0
mix_-0.5_+0.5_w0.25,0.0,200,30,-6.0,mix_-0.5_+0.5_w0.25,0.0,0.0
mix_-0.5_+0.5_w0.25,0.0,400,30,-6.0,mix_-0.5_+0.5_w0.25,0.0,0.0
mix_-0.5_+0.5_w0.25,0.0,800,30,-6.0,mix_-0.5_+0.5_w0.25,0.0,0.0
mix_-0.5_+0.5_w0.25,0.0,1600,30,-6.0,mix_-0.5_+0.5_w0.25,0.0,0.0
mix_-0.5_+0.5_w0.25,0.0,100,31,-6.0,point_+0.0,0.009232113867112179,0.10690992617970946
mix_-0.5_+0.5_w0.25,0.0,200,31,-6.0,mix_-0.5_+0.5_w0.25,0.0,0.0
mix_-0.5_+0.5_w0.25,0.0,400,31,-6.0,mix_-1.0_+0.5_w0.25,0.0035475756471617507,0.049353190029104564
mix_-0.5_+0.5_w0.25,0.0,800,31,-6.0,mix_-0.5_+0.5_w0.25,0.0,0.0
mix_-0.5_+0.5_w0.25,0.0,1600,31,-6.0,mix_-0.5_+0.5_w0.25,0.0,0.0
mix_-0.5_+0.5_w0.25,0.0,100,32,-6.0,mix_-0.5_+0.5_w0.25,0.0,0.0
mix_-0.5_+0.5_w0.25,0.0,200,32,-6.0,mix_-0.5_+0.5_w0.25,0.0,0.0
mix_-0.5_+0.5_w0.25,0.0,400,32,-6.0,mix_-0.5_+0.5_w0.25,0.0,0.0
mix_-0.5_+0.5_w0.25,0.0,800,32,-6.0,mix_-0.5_+0.5_w0.25,0.0,0.0
mix_-0.5_+0.5_w0.25,0.0,1600,32,-6.0,mix_-0.5_+0.5_w0.25,0.0,0.0
mix_-0.5_+0.5_w0.25,0.0,100,33,-6.0,mix_-0.5_+1.0_w0.25,0.016705496404521604,0.14805957008731369
mix_-0.5_+0.5_w0.25,0.0,200,33,-6.0,mix_-0.5_+0.5_w0.25,0.0,0.0
mix_-0.5_+0.5_w0.25,0.0,400,33,-6.0,mix_-0.5_+0.5_w0.25,0.0,0.0
mix_-0.5_+0.5_w0.25,0.0,800,33,-6.0,mix_-0.5_+0.5_w0.25,0.0,0.0
mix_-0.5_+0.5_w0.25,0.0,1600,33,-6.0,mix_-0.5_+0.5_w0.25,0.0,0.0
mix_-0.5_+0.5_w0.25,0.0,100,34,-6.0,point_+0.0,0.009232113867112179,0.10690992617970946
mix_-0.5_+0.5_w0.25,0.0,200,34,-6.0,mix_-0.5_+1.0_w0.50,0.005509471215815296,0.08259986718851507
mix_-0.5_+0.5_w0.25,0.0,400,34,-6.0,mix_-0.5_+0.5_w0.25,0.0,0.0
mix_-0.5_+0.5_w0.25,0.0,800,34,-6.0,mix_-0.5_+0.5_w0.25,0.0,0.0
mix_-0.5_+0.5_w0.25,0.0,1600,34,-6.0,mix_-0.5_+0.5_w0.25,0.0,0.0
mix_-0.5_+0.5_w0.25,0.0,100,35,-6.0,mix_-0.5_+0.5_w0.25,0.0,0.0
mix_-0.5_+0.5_w0.25,0.0,200,35,-6.0,mix_-0.5_+0.5_w0.25,0.0,0.0
mix_-0.5_+0.5_w0.25,0.0,400,35,-6.0,mix_-0.5_+0.5_w0.25,0.0,0.0
mix_-0.5_+0.5_w0.25,0.0,800,35,-6.0,mix_-0.5_+0.5_w0.25,0.0,0.0
mix_-0.5_+0.5_w0.25,0.0,1600,35,-6.0,mix_-0.5_+0.5_w0.25,0.0,0.0
mix_-0.5_+0.5_w0.25,0.0,100,36,-6.0,mix_-0.5_+0.5_w0.25,0.0,0.0
mix_-0.5_+0.5_w0.25,0.0,200,36,-6.0,mix_-0.5_+0.5_w0.25,0.0,0.0
mix_-0.5_+0.5_w0.25,0.0,400,36,-6.0,mix_-0.5_+0.5_w0.25,0.0,0.0
mix_-0.5_+0.5_w0.25,0.0,800,36,-6.0,mix_-1.0_+0.5_w0.25,0.0035475756471617507,0.049353190029104564
mix_-0.5_+0.5_w0.25,0.0,1600,36,-6.0,mix_-0.5_+0.5_w0.25,0.0,0.0
mix_-0.5_+0.5_w0.25,0.0,100,37,-6.0,mix_-0.5_+0.5_w0.25,0.0,0.0
mix_-0.5_+0.5_w0.25,0.0,200,37,-6.0,mix_-0.5_+0.5_w0.25,0.0,0.0
mix_-0.5_+0.5_w0.25,0.0,400,37,-6.0,mix_-0.5_+0.5_w0.25,0.0,0.0
mix_-0.5_+0.5_w0.25,0.0,800,37,-6.0,mix_-0.5_+0.5_w0.25,0.0,0.0
mix_-0.5_+0.5_w0.25,0.0,1600,37,-6.0,mix_-0.5_+0.5_w0.25,0.0,0.0
mix_-0.5_+0.5_w0.25,0.0,100,38,-6.0,point_+0.0,0.009232113867112179,0.10690992617970946
mix_-0.5_+0.5_w0.25,0.0,200,38,-6.0,mix_-0.5_+0.5_w0.25,0.0,0.0
mix_-0.5_+0.5_w0.25,0.0,400,38,-6.0,mix_-0.5_+0.5_w0.25,0.0,0.0
mix_-0.5_+0.5_w0.25,0.0,800,38,-6.0,mix_-0.5_+0.5_w0.25,0.0,0.0
mix_-0.5_+0.5_w0.25,0.0,1600,38,-6.0,mix_-0.5_+0.5_w0.25,0.0,0.0
mix_-0.5_+0.5_w0.25,0.0,100,39,-6.0,mix_-1.0_+0.5_w0.25,0.0035475756471617507,0.049353190029104564
mix_-0.5_+0.5_w0.25,0.0,200,39,-6.0,mix_-0.5_+0.5_w0.25,0.0,0.0
mix_-0.5_+0.5_w0.25,0.0,400,39,-6.0,mix_-0.5_+0.5_w0.25,0.0,0.0
mix_-0.5_+0.5_w0.25,0.0,800,39,-6.0,mix_-0.5_+0.5_w0.25,0.0,0.0
mix_-0.5_+0.5_w0.25,0.0,1600,39,-6.0,mix_-0.5_+0.5_w0.25,0.0,0.0
mix_-0.5_+0.5_w0.25,0.02,100,0,-6.0,mix_-0.5_+0.5_w0.25,0.0,0.0
mix_-0.5_+0.5_w0.25,0.02,200,0,-6.0,mix_-0.5_+0.5_w0.25,0.0,0.0
mix_-0.5_+0.5_w0.25,0.02,400,0,-6.0,mix_-0.5_+0.5_w0.25,0.0,0.0
mix_-0.5_+0.5_w0.25,0.02,800,0,-6.0,mix_-1.0_+0.5_w0.25,0.0035475756471617507,0.049353190029104564
mix_-0.5_+0.5_w0.25,0.02,1600,0,-6.0,mix_-0.5_+0.5_w0.25,0.0,0.0
mix_-0.5_+0.5_w0.25,0.02,100,1,-6.0,mix_-0.5_+1.0_w0.50,0.005509471215815296,0.08259986718851507
mix_-0.5_+0.5_w0.25,0.02,200,1,-6.0,mix_-1.0_+0.5_w0.25,0.0035475756471617507,0.049353190029104564
mix_-0.5_+0.5_w0.25,0.02,400,1,-6.0,mix_-0.5_+0.5_w0.25,0.0,0.0
mix_-0.5_+0.5_w0.25,0.02,800,1,-6.0,mix_-0.5_+0.5_w0.25,0.0,0.0
mix_-0.5_+0.5_w0.25,0.02,1600,1,-6.0,mix_-0.5_+0.5_w0.25,0.0,0.0
mix_-0.5_+0.5_w0.25,0.02,100,2,-6.0,mix_-0.5_+0.5_w0.25,0.0,0.0
mix_-0.5_+0.5_w0.25,0.02,200,2,-6.0,mix_-0.5_+0.5_w0.25,0.0,0.0
mix_-0.5_+0.5_w0.25,0.02,400,2,-6.0,mix_-0.5_+0.5_w0.25,0.0,0.0
mix_-0.5_+0.5_w0.25,0.02,800,2,-6.0,mix_-0.5_+0.5_w0.25,0.0,0.0
mix_-0.5_+0.5_w0.25,0.02,1600,2,-6.0,mix_-0.5_+0.5_w0.25,0.0,0.0
mix_-0.5_+0.5_w0.25,0.02,100,3,-6.0,mix_-0.5_+0.5_w0.25,0.0,0.0
mix_-0.5_+0.5_w0.25,0.02,200,3,-6.0,mix_-0.5_+0.5_w0.25,0.0,0.0
mix_-0.5_+0.5_w0.25,0.02,400,3,-6.0,mix_-1.0_+0.5_w0.25,0.0035475756471617507,0.049353190029104564
mix_-0.5_+0.5_w0.25,0.02,800,3,-6.0,mix_-0.5_+0.5_w0.25,0.0,0.0
mix_-0.5_+0.5_w0.25,0.02,1600,3,-6.0,mix_-0.5_+0.5_w0.25,0.0,0.0
mix_-0.5_+0.5_w0.25,0.02,100,4,-6.0,mix_-0.5_+0.5_w0.25,0.0,0.0
mix_-0.5_+0.5_w0.25,0.02,200,4,-6.0,point_+0.5,0.008874578386546417,0.09573108210931261
mix_-0.5_+0.5_w0.25,0.02,400,4,-6.0,mix_-0.5_+0.5_w0.25,0.0,0.0
mix_-0.5_+0.5_w0.25,0.02,800,4,-6.0,mix_-0.5_+0.5_w0.25,0.0,0.0
mix_-0.5_+0.5_w0.25,0.02,1600,4,-6.0,mix_-0.5_+0.5_w0.25,0.0,0.0
mix_-0.5_+0.5_w0.25,0.02,100,5,-6.0,mix_-1.0_+0.5_w0.25,0.0035475756471617507,0.049353190029104564
mix_-0.5_+0.5_w0.25,0.02,200,5,-6.0,mix_-0.5_+0.5_w0.25,0.0,0.0
mix_-0.5_+0.5_w0.25,0.02,400,5,-6.0,mix_-0.5_+0.5_w0.25,0.0,0.0
mix_-0.5_+0.5_w0.25,0.02,800,5,-6.0,mix_-0.5_+0.5_w0.25,0.0,0.0
mix_-0.5_+0.5_w0.25,0.02,1600,5,-6.0,mix_-0.5_+0.5_w0.25,0.0,0.0
mix_-0.5_+0.5_w0.25,0.02,100,6,-6.0,mix_-0.5_+1.0_w0.50,0.005509471215815296,0.08259986718851507
mix_-0.5_+0.5_w0.25,0.02,200,6,-6.0,mix_-0.5_+0.5_w0.25,0.0,0.0
mix_-0.5_+0.5_w0.25,0.02,400,6,-6.0,mix_-0.5_+1.0_w0.50,0.005509471215815296,0.08259986718851507
mix_-0.5_+0.5_w0.25,0.02,800,6,-6.0,mix_-0.5_+0.5_w0.25,0.0,0.0
mix_-0.5_+0.5_w0.25,0.02,1600,6,-6.0,mix_-1.0_+0.5_w0.25,0.0035475756471617507,0.049353190029104564
mix_-0.5_+0.5_w0.25,0.02,100,7,-6.0,mix_-0.5_+0.5_w0.25,0.0,0.0
mix_-0.5_+0.5_w0.25,0.02,200,7,-6.0,mix_-0.5_+0.5_w0.25,0.0,0.0
mix_-0.5_+0.5_w0.25,0.02,400,7,-6.0,mix_-0.5_+0.5_w0.25,0.0,0.0
mix_-0.5_+0.5_w0.25,0.02,800,7,-6.0,mix_-0.5_+0.5_w0.25,0.0,0.0
mix_-0.5_+0.5_w0.25,0.02,1600,7,-6.0,mix_-0.5_+0.5_w0.25,0.0,0.0
mix_-0.5_+0.5_w0.25,0.02,100,8,-6.0,mix_-0.5_+0.5_w0.25,0.0,0.0
mix_-0.5_+0.5_w0.25,0.02,200,8,-6.0,mix_-0.5_+0.5_w0.25,0.0,0.0
mix_-0.5_+0.5_w0.25,0.02,400,8,-6.0,mix_-0.5_+0.5_w0.25,0.0,0.0
mix_-0.5_+0.5_w0.25,0.02,800,8,-6.0,mix_-0.5_+0.5_w0.25,0.0,0.0
mix_-0.5_+0.5_w0.25,0.02,1600,8,-6.0,mix_-0.5_+0.5_w0.25,0.0,0.0
mix_-0.5_+0.5_w0.25,0.02,100,9,-6.0,mix_-1.0_+0.5_w0.25,0.0035475756471617507,0.049353190029104564
mix_-0.5_+0.5_w0.25,0.02,200,9,-6.0,mix_-0.5_+0.5_w0.25,0.0,0.0
mix_-0.5_+0.5_w0.25,0.02,400,9,-6.0,mix_-0.5_+1.0_w0.50,0.005509471215815296,0.08259986718851507
mix_-0.5_+0.5_w0.25,0.02,800,9,-6.0,mix_-0.5_+0.5_w0.25,0.0,0.0
mix_-0.5_+0.5_w0.25,0.02,1600,9,-6.0,mix_-0.5_+0.5_w0.25,0.0,0.0
mix_-0.5_+0.5_w0.25,0.02,100,10,-6.0,mix_-1.0_+0.5_w0.25,0.0035475756471617507,0.049353190029104564
mix_-0.5_+0.5_w0.25,0.02,200,10,-6.0,mix_-0.5_+0.5_w0.25,0.0,0.0
mix_-0.5_+0.5_w0.25,0.02,400,10,-6.0,mix_-0.5_+0.5_w0.25,0.0,0.0
mix_-0.5_+0.5_w0.25,0.02,800,10,-6.0,mix_-1.0_+0.5_w0.25,0.0035475756471617507,0.049353190029104564
mix_-0.5_+0.5_w0.25,0.02,1600,10,-6.0,mix_-0.5_+0.5_w0.25,0.0,0.0
mix_-0.5_+0.5_w0.25,0.02,100,11,-6.0,mix_-1.0_+0.5_w0.25,0.0035475756471617507,0.049353190029104564
mix_-0.5_+0.5_w0.25,0.02,200,11,-6.0,mix_-0.5_+0.5_w0.25,0.0,0.0
mix_-0.5_+0.5_w0.25,0.02,400,11,-6.0,mix_-0.5_+0.5_w0.25,0.0,0.0
mix_-0.5_+0.5_w0.25,0.02,800,11,-6.0,mix_-0.5_+0.5_w0.25,0.0,0.0
mix_-0.5_+0.5_w0.25,0.02,1600,11,-6.0,mix_-1.0_+0.5_w0.25,0.0035475756471617507,0.049353190029104564
mix_-0.5_+0.5_w0.25,0.02,100,12,-6.0,mix_-0.5_+1.0_w0.75,0.017193453718065178,0.15753152258794767
mix_-0.5_+0.5_w0.25,0.02,200,12,-6.0,mix_-0.5_+1.0_w0.25,0.016705496404521604,0.14805957008731369
mix_-0.5_+0.5_w0.25,0.02,400,12,-6.0,mix_-0.5_+0.5_w0.25,0.0,0.0
mix_-0.5_+0.5_w0.25,0.02,800,12,-6.0,mix_-0.5_+0.5_w0.25,0.0,0.0
mix_-0.5_+0.5_w0.25,0.02,1600,12,-6.0,mix_-0.5_+0.5_w0.25,0.0,0.0
mix_-0.5_+0.5_w0.25,0.02,100,13,-6.0,point_+0.0,0.009232113867112179,0.10690992617970946
mix_-0.5_+0.5_w0.25,0.02,200,13,-6.0,mix_-0.5_+0.5_w0.25,0.0,0.0
mix_-0.5_+0.5_w0.25,0.02,400,13,-6.0,mix_-0.5_+0.5_w0.25,0.0,0.0
mix_-0.5_+0.5_w0.25,0.02,800,13,-6.0,mix_-1.0_+0.5_w0.25,0.0035475756471617507,0.049353190029104564
mix_-0.5_+0.5_w0.25,0.02,1600,13,-6.0,mix_-0.5_+0.5_w0.25,0.0,0.0
mix_-0.5_+0.5_w0.25,0.02,100,14,-6.0,mix_-0.5_+0.5_w0.25,0.0,0.0
mix_-0.5_+0.5_w0.25,0.02,200,14,-6.0,mix_-0.5_+0.5_w0.25,0.0,0.0
mix_-0.5_+0.5_w0.25,0.02,400,14,-6.0,mix_-0.5_+0.5_w0.25,0.0,0.0
mix_-0.5_+0.5_w0.25,0.02,800,14,-6.0,mix_-0.5_+0.5_w0.25,0.0,0.0
mix_-0.5_+0.5_w0.25,0.02,1600,14,-6.0,mix_-0.5_+0.5_w0.25,0.0,0.0
mix_-0.5_+0.5_w0.25,0.02,100,15,-6.0,mix_-1.0_+1.0_w0.475,0.022882574331657905,0.16619426479071442
mix_-0.5_+0.5_w0.25,0.02,200,15,-6.0,mix_-0.5_+0.5_w0.25,0.0,0.0
mix_-0.5_+0.5_w0.25,0.02,400,15,-6.0,mix_-0.5_+0.5_w0.25,0.0,0.0
mix_-0.5_+0.5_w0.25,0.02,800,15,-6.0,mix_-0.5_+0.5_w0.25,0.0,0.0
mix_-0.5_+0.5_w0.25,0.02,1600,15,-6.0,mix_-0.5_+0.5_w0.25,0.0,0.0
mix_-0.5_+0.5_w0.25,0.02,100,16,-6.0,mix_-0.5_+0.5_w0.25,0.0,0.0
mix_-0.5_+0.5_w0.25,0.02,200,16,-6.0,mix_-0.5_+0.5_w0.25,0.0,0.0
mix_-0.5_+0.5_w0.25,0.02,400,16,-6.0,mix_-1.0_+0.5_w0.25,0.0035475756471617507,0.049353190029104564
mix_-0.5_+0.5_w0.25,0.02,800,16,-6.0,mix_-1.0_+0.5_w0.25,0.0035475756471617507,0.049353190029104564
mix_-0.5_+0.5_w0.25,0.02,1600,16,-6.0,mix_-0.5_+0.5_w0.25,0.0,0.0
mix_-0.5_+0.5_w0.25,0.02,100,17,-6.0,mix_-0.5_+1.0_w0.50,0.005509471215815296,0.08259986718851507
mix_-0.5_+0.5_w0.25,0.02,200,17,-6.0,mix_-1.0_+0.5_w0.25,0.0035475756471617507,0.049353190029104564
mix_-0.5_+0.5_w0.25,0.02,400,17,-6.0,mix_-0.5_+0.5_w0.25,0.0,0.0
mix_-0.5_+0.5_w0.25,0.02,800,17,-6.0,mix_-0.5_+0.5_w0.25,0.0,0.0
mix_-0.5_+0.5_w0.25,0.02,1600,17,-6.0,mix_-0.5_+0.5_w0.25,0.0,0.0
mix_-0.5_+0.5_w0.25,0.02,100,18,-6.0,point_+0.5,0.008874578386546417,0.09573108210931261
mix_-0.5_+0.5_w0.25,0.02,200,18,-6.0,mix_-1.0_+0.5_w0.25,0.0035475756471617507,0.049353190029104564
mix_-0.5_+0.5_w0.25,0.02,400,18,-6.0,mix_-0.5_+0.5_w0.25,0.0,0.0
mix_-0.5_+0.5_w0.25,0.02,800,18,-6.0,mix_-0.5_+0.5_w0.25,0.0,0.0
mix_-0.5_+0.5_w0.25,0.02,1600,18,-6.0,mix_-0.5_+0.5_w0.25,0.0,0.0
mix_-0.5_+0.5_w0.25,0.02,100,19,-6.0,mix_-0.5_+0.5_w0.25,0.0,0.0
mix_-0.5_+0.5_w0.25,0.02,200,19,-6.0,mix_-0.5_+0.5_w0.25,0.0,0.0
mix_-0.5_+0.5_w0.25,0.02,400,19,-6.0,mix_-1.0_+0.5_w0.25,0.0035475756471617507,0.049353190029104564
mix_-0.5_+0.5_w0.25,0.02,800,19,-6.0,mix_-0.5_+0.5_w0.25,0.0,0.0
mix_-0.5_+0.5_w0.25,0.02,1600,19,-6.0,mix_-1.0_+0.5_w0.25,0.0035475756471617507,0.049353190029104564
mix_-0.5_+0.5_w0.25,0.02,100,20,-6.0,mix_-1.0_+0.5_w0.25,0.0035475756471617507,0.049353190029104564
mix_-0.5_+0.5_w0.25,0.02,200,20,-6.0,mix_-0.5_+1.0_w0.50,0.005509471215815296,0.08259986718851507
mix_-0.5_+0.5_w0.25,0.02,400,20,-6.0,mix_-0.5_+0.5_w0.25,0.0,0.0
mix_-0.5_+0.5_w0.25,0.02,800,20,-6.0,mix_-0.5_+0.5_w0.25,0.0,0.0
mix_-0.5_+0.5_w0.25,0.02,1600,20,-6.0,mix_-0.5_+0.5_w0.25,0.0,0.0
mix_-0.5_+0.5_w0.25,0.02,100,21,-6.0,mix_-0.5_+0.5_w0.25,0.0,0.0
mix_-0.5_+0.5_w0.25,0.02,200,21,-6.0,mix_-0.5_+0.5_w0.50,0.006598770080336181,0.09573108210931261
mix_-0.5_+0.5_w0.25,0.02,400,21,-6.0,mix_-1.0_+0.5_w0.25,0.0035475756471617507,0.049353190029104564
mix_-0.5_+0.5_w0.25,0.02,800,21,-6.0,mix_-0.5_+0.5_w0.25,0.0,0.0
mix_-0.5_+0.5_w0.25,0.02,1600,21,-6.0,mix_-0.5_+0.5_w0.25,0.0,0.0
mix_-0.5_+0.5_w0.25,0.02,100,22,-6.0,mix_-1.0_+0.5_w0.25,0.0035475756471617507,0.049353190029104564
mix_-0.5_+0.5_w0.25,0.02,200,22,-6.0,mix_-0.5_+0.5_w0.50,0.006598770080336181,0.09573108210931261
mix_-0.5_+0.5_w0.25,0.02,400,22,-6.0,mix_-0.5_+1.0_w0.50,0.005509471215815296,0.08259986718851507
mix_-0.5_+0.5_w0.25,0.02,800,22,-6.0,mix_-0.5_+0.5_w0.25,0.0,0.0
mix_-0.5_+0.5_w0.25,0.02,1600,22,-6.0,mix_-0.5_+0.5_w0.25,0.0,0.0
mix_-0.5_+0.5_w0.25,0.02,100,23,-6.0,mix_-0.5_+1.0_w0.50,0.005509471215815296,0.08259986718851507
mix_-0.5_+0.5_w0.25,0.02,200,23,-6.0,mix_-0.5_+0.5_w0.25,0.0,0.0
mix_-0.5_+0.5_w0.25,0.02,400,23,-6.0,mix_-0.5_+0.5_w0.25,0.0,0.0
mix_-0.5_+0.5_w0.25,0.02,800,23,-6.0,mix_-0.5_+0.5_w0.25,0.0,0.0
mix_-0.5_+0.5_w0.25,0.02,1600,23,-6.0,mix_-0.5_+0.5_w0.25,0.0,0.0
mix_-0.5_+0.5_w0.25,0.02,100,24,-6.0,mix_-0.5_+0.5_w0.25,0.0,0.0
mix_-0.5_+0.5_w0.25,0.02,200,24,-6.0,mix_-0.5_+0.5_w0.25,0.0,0.0
mix_-0.5_+0.5_w0.25,0.02,400,24,-6.0,mix_-0.5_+0.5_w0.25,0.0,0.0
mix_-0.5_+0.5_w0.25,0.02,800,24,-6.0,mix_-0.5_+0.5_w0.25,0.0,0.0
mix_-0.5_+0.5_w0.25,0.02,1600,24,-6.0,mix_-0.5_+0.5_w0.25,0.0,0.0
mix_-0.5_+0.5_w0.25,0.02,100,25,-6.0,mix_-0.5_+1.0_w0.75,0.017193453718065178,0.15753152258794767
mix_-0.5_+0.5_w0.25,0.02,200,25,-6.0,mix_-1.0_+0.5_w0.25,0.0035475756471617507,0.049353190029104564
mix_-0.5_+0.5_w0.25,0.02,400,25,-6.0,mix_-0.5_+0.5_w0.25,0.0,0.0
mix_-0.5_+0.5_w0.25,0.02,800,25,-6.0,mix_-0.5_+0.5_w0.25,0.0,0.0
mix_-0.5_+0.5_w0.25,0.02,1600,25,-6.0,mix_-0.5_+0.5_w0.25,0.0,0.0
mix_-0.5_+0.5_w0.25,0.02,100,26,-6.0,mix_-0.5_+0.5_w0.25,0.0,0.0
mix_-0.5_+0.5_w0.25,0.02,200,26,-6.0,mix_-0.5_+0.5_w0.50,0.006598770080336181,0.09573108210931261
mix_-0.5_+0.5_w0.25,0.02,400,26,-6.0,point_+0.5,0.008874578386546417,0.09573108210931261
mix_-0.5_+0.5_w0.25,0.02,800,26,-6.0,mix_-0.5_+0.5_w0.25,0.0,0.0
mix_-0.5_+0.5_w0.25,0.02,1600,26,-6.0,mix_-0.5_+0.5_w0.25,0.0,0.0
mix_-0.5_+0.5_w0.25,0.02,100,27,-6.0,mix_-0.5_+0.5_w0.25,0.0,0.0
mix_-0.5_+0.5_w0.25,0.02,200,27,-6.0,mix_-0.5_+0.5_w0.25,0.0,0.0
mix_-0.5_+0.5_w0.25,0.02,400,27,-6.0,mix_-0.5_+0.5_w0.25,0.0,0.0
mix_-0.5_+0.5_w0.25,0.02,800,27,-6.0,mix_-0.5_+0.5_w0.25,0.0,0.0
mix_-0.5_+0.5_w0.25,0.02,1600,27,-6.0,mix_-0.5_+0.5_w0.25,0.0,0.0
mix_-0.5_+0.5_w0.25,0.02,100,28,-6.0,mix_-0.5_+0.5_w0.25,0.0,0.0
mix_-0.5_+0.5_w0.25,0.02,200,28,-6.0,mix_-0.5_+0.5_w0.25,0.0,0.0
mix_-0.5_+0.5_w0.25,0.02,400,28,-6.0,mix_-1.0_+0.5_w0.25,0.0035475756471617507,0.049353190029104564
mix_-0.5_+0.5_w0.25,0.02,800,28,-6.0,mix_-0.5_+0.5_w0.25,0.0,0.0
mix_-0.5_+0.5_w0.25,0.02,1600,28,-6.0,mix_-0.5_+0.5_w0.25,0.0,0.0
mix_-0.5_+0.5_w0.25,0.02,100,29,-6.0,mix_-0.5_+1.0_w0.50,0.005509471215815296,0.08259986718851507
mix_-0.5_+0.5_w0.25,0.02,200,29,-6.0,mix_-0.5_+0.5_w0.25,0.0,0.0
mix_-0.5_+0.5_w0.25,0.02,400,29,-6.0,mix_-0.5_+0.5_w0.25,0.0,0.0
mix_-0.5_+0.5_w0.25,0.02,800,29,-6.0,mix_-0.5_+0.5_w0.25,0.0,0.0
mix_-0.5_+0.5_w0.25,0.02,1600,29,-6.0,mix_-0.5_+0.5_w0.25,0.0,0.0
mix_-0.5_+0.5_w0.25,0.02,100,30,-6.0,mix_-0.5_+0.5_w0.25,0.0,0.0
mix_-0.5_+0.5_w0.25,0.02,200,30,-6.0,mix_-1.0_+0.5_w0.25,0.0035475756471617507,0.049353190029104564
mix_-0.5_+0.5_w0.25,0.02,400,30,-6.0,mix_-0.5_+0.5_w0.25,0.0,0.0
mix_-0.5_+0.5_w0.25,0.02,800,30,-6.0,mix_-0.5_+0.5_w0.25,0.0,0.0
mix_-0.5_+0.5_w0.25,0.02,1600,30,-6.0,mix_-0.5_+0.5_w0.25,0.0,0.0
mix_-0.5_+0.5_w0.25,0.02,100,31,-6.0,mix_-0.5_+0.5_w0.25,0.0,0.0
mix_-0.5_+0.5_w0.25,0.02,200,31,-6.0,point_+0.5,0.008874578386546417,0.09573108210931261
mix_-0.5_+0.5_w0.25,0.02,400,31,-6.0,mix_-0.5_+0.5_w0.25,0.0,0.0
mix_-0.5_+0.5_w0.25,0.02,800,31,-6.0,mix_-0.5_+0.5_w0.25,0.0,0.0
mix_-0.5_+0.5_w0.25,0.02,1600,31,-6.0,mix_-0.5_+0.5_w0.25,0.0,0.0
mix_-0.5_+0.5_w0.25,0.02,100,32,-6.0,mix_-1.0_+0.5_w0.25,0.0035475756471617507,0.049353190029104564
mix_-0.5_+0.5_w0.25,0.02,200,32,-6.0,point_+0.0,0.009232113867112179,0.10690992617970946
mix_-0.5_+0.5_w0.25,0.02,400,32,-6.0,mix_-0.5_+0.5_w0.25,0.0,0.0
mix_-0.5_+0.5_w0.25,0.02,800,32,-6.0,mix_-0.5_+0.5_w0.25,0.0,0.0
mix_-0.5_+0.5_w0.25,0.02,1600,32,-6.0,mix_-0.5_+0.5_w0.25,0.0,0.0
mix_-0.5_+0.5_w0.25,0.02,100,33,-6.0,mix_-0.5_+0.5_w0.25,0.0,0.0
mix_-0.5_+0.5_w0.25,0.02,200,33,-6.0,mix_-1.0_+0.5_w0.25,0.0035475756471617507,0.049353190029104564
mix_-0.5_+0.5_w0.25,0.02,400,33,-6.0,mix_-1.0_+0.5_w0.25,0.0035475756471617507,0.049353190029104564
mix_-0.5_+0.5_w0.25,0.02,800,33,-6.0,mix_-0.5_+0.5_w0.25,0.0,0.0
mix_-0.5_+0.5_w0.25,0.02,1600,33,-6.0,mix_-1.0_+0.5_w0.25,0.0035475756471617507,0.049353190029104564
mix_-0.5_+0.5_w0.25,0.02,100,34,-6.0,mix_-0.5_+0.5_w0.25,0.0,0.0
mix_-0.5_+0.5_w0.25,0.02,200,34,-6.0,mix_-0.5_+0.5_w0.25,0.0,0.0
mix_-0.5_+0.5_w0.25,0.02,400,34,-6.0,mix_-0.5_+0.5_w0.25,0.0,0.0
mix_-0.5_+0.5_w0.25,0.02,800,34,-6.0,mix_-0.5_+0.5_w0.25,0.0,0.0
mix_-0.5_+0.5_w0.25,0.02,1600,34,-6.0,mix_-0.5_+0.5_w0.25,0.0,0.0
mix_-0.5_+0.5_w0.25,0.02,100,35,-6.0,mix_-0.5_+0.5_w0.25,0.0,0.0
mix_-0.5_+0.5_w0.25,0.02,200,35,-6.0,mix_-1.0_+0.5_w0.25,0.0035475756471617507,0.049353190029104564
mix_-0.5_+0.5_w0.25,0.02,400,35,-6.0,mix_-0.5_+0.5_w0.25,0.0,0.0
mix_-0.5_+0.5_w0.25,0.02,800,35,-6.0,mix_-1.0_+0.5_w0.25,0.0035475756471617507,0.049353190029104564
mix_-0.5_+0.5_w0.25,0.02,1600,35,-6.0,mix_-0.5_+0.5_w0.25,0.0,0.0
mix_-0.5_+0.5_w0.25,0.02,100,36,-6.0,mix_-1.0_+0.5_w0.25,0.0035475756471617507,0.049353190029104564
mix_-0.5_+0.5_w0.25,0.02,200,36,-6.0,mix_-0.5_+0.5_w0.25,0.0,0.0
mix_-0.5_+0.5_w0.25,0.02,400,36,-6.0,mix_-0.5_+0.5_w0.25,0.0,0.0
mix_-0.5_+0.5_w0.25,0.02,800,36,-6.0,mix_-1.0_+0.5_w0.25,0.0035475756471617507,0.049353190029104564
mix_-0.5_+0.5_w0.25,0.02,1600,36,-6.0,mix_-1.0_+0.5_w0.25,0.0035475756471617507,0.049353190029104564
mix_-0.5_+0.5_w0.25,0.02,100,37,-6.0,point_+0.5,0.008874578386546417,0.09573108210931261
mix_-0.5_+0.5_w0.25,0.02,200,37,-6.0,mix_-1.0_+0.5_w0.25,0.0035475756471617507,0.049353190029104564
mix_-0.5_+0.5_w0.25,0.02,400,37,-6.0,mix_-1.0_+0.5_w0.25,0.0035475756471617507,0.049353190029104564
mix_-0.5_+0.5_w0.25,0.02,800,37,-6.0,mix_-0.5_+0.5_w0.25,0.0,0.0
mix_-0.5_+0.5_w0.25,0.02,1600,37,-6.0,mix_-0.5_+0.5_w0.25,0.0,0.0
mix_-0.5_+0.5_w0.25,0.02,100,38,-6.0,mix_-1.0_+0.5_w0.25,0.0035475756471617507,0.049353190029104564
mix_-0.5_+0.5_w0.25,0.02,200,38,-6.0,mix_-0.5_+0.5_w0.25,0.0,0.0
mix_-0.5_+0.5_w0.25,0.02,400,38,-6.0,mix_-0.5_+0.5_w0.25,0.0,0.0
mix_-0.5_+0.5_w0.25,0.02,800,38,-6.0,mix_-1.0_+0.5_w0.25,0.0035475756471617507,0.049353190029104564
mix_-0.5_+0.5_w0.25,0.02,1600,38,-6.0,mix_-0.5_+0.5_w0.25,0.0,0.0
mix_-0.5_+0.5_w0.25,0.02,100,39,-6.0,mix_-0.5_+0.5_w0.50,0.006598770080336181,0.09573108210931261
mix_-0.5_+0.5_w0.25,0.02,200,39,-6.0,mix_-1.0_+0.5_w0.25,0.0035475756471617507,0.049353190029104564
mix_-0.5_+0.5_w0.25,0.02,400,39,-6.0,mix_-0.5_+0.5_w0.25,0.0,0.0
mix_-0.5_+0.5_w0.25,0.02,800,39,-6.0,mix_-1.0_+0.5_w0.25,0.0035475756471617507,0.049353190029104564
mix_-0.5_+0.5_w0.25,0.02,1600,39,-6.0,mix_-0.5_+0.5_w0.25,0.0,0.0
mix_-0.5_+0.5_w0.25,0.05,100,0,-6.0,mix_-0.5_+0.5_w0.25,0.0,0.0
mix_-0.5_+0.5_w0.25,0.05,200,0,-6.0,mix_-0.5_+0.5_w0.25,0.0,0.0
mix_-0.5_+0.5_w0.25,0.05,400,0,-6.0,mix_-1.0_+0.5_w0.25,0.0035475756471617507,0.049353190029104564
mix_-0.5_+0.5_w0.25,0.05,800,0,-6.0,mix_-1.0_+0.5_w0.25,0.0035475756471617507,0.049353190029104564
mix_-0.5_+0.5_w0.25,0.05,1600,0,-6.0,mix_-0.5_+0.5_w0.25,0.0,0.0
mix_-0.5_+0.5_w0.25,0.05,100,1,-6.0,mix_-0.5_+0.5_w0.25,0.0,0.0
mix_-0.5_+0.5_w0.25,0.05,200,1,-6.0,mix_-1.0_+0.5_w0.25,0.0035475756471617507,0.049353190029104564
mix_-0.5_+0.5_w0.25,0.05,400,1,-6.0,mix_-0.5_+0.5_w0.25,0.0,0.0
mix_-0.5_+0.5_w0.25,0.05,800,1,-6.0,mix_-0.5_+0.5_w0.25,0.0,0.0
mix_-0.5_+0.5_w0.25,0.05,1600,1,-6.0,mix_-0.5_+0.5_w0.25,0.0,0.0
mix_-0.5_+0.5_w0.25,0.05,100,2,-6.0,mix_-0.5_+1.0_w0.50,0.005509471215815296,0.08259986718851507
mix_-0.5_+0.5_w0.25,0.05,200,2,-6.0,mix_-0.5_+1.0_w0.50,0.005509471215815296,0.08259986718851507
mix_-0.5_+0.5_w0.25,0.05,400,2,-6.0,mix_-1.0_+0.5_w0.25,0.0035475756471617507,0.049353190029104564
mix_-0.5_+0.5_w0.25,0.05,800,2,-6.0,mix_-1.0_+0.5_w0.25,0.0035475756471617507,0.049353190029104564
mix_-0.5_+0.5_w0.25,0.05,1600,2,-6.0,mix_-0.5_+0.5_w0.25,0.0,0.0
mix_-0.5_+0.5_w0.25,0.05,100,3,-6.0,mix_-0.5_+1.0_w0.50,0.005509471215815296,0.08259986718851507
mix_-0.5_+0.5_w0.25,0.05,200,3,-6.0,mix_-1.0_+0.5_w0.25,0.0035475756471617507,0.049353190029104564
mix_-0.5_+0.5_w0.25,0.05,400,3,-6.0,mix_-0.5_+1.0_w0.50,0.005509471215815296,0.08259986718851507
mix_-0.5_+0.5_w0.25,0.05,800,3,-6.0,mix_-0.5_+0.5_w0.25,0.0,0.0
mix_-0.5_+0.5_w0.25,0.05,1600,3,-6.0,mix_-1.0_+0.5_w0.25,0.0035475756471617507,0.049353190029104564
mix_-0.5_+0.5_w0.25,0.05,100,4,-6.0,mix_-1.0_+1.0_w0.25,0.01891489368152082,0.1584934588166174
mix_-0.5_+0.5_w0.25,0.05,200,4,-6.0,mix_-1.0_+0.5_w0.25,0.0035475756471617507,0.049353190029104564
mix_-0.5_+0.5_w0.25,0.05,400,4,-6.0,mix_-0.5_+0.5_w0.25,0.0,0.0
mix_-0.5_+0.5_w0.25,0.05,800,4,-6.0,mix_-1.0_+0.5_w0.25,0.0035475756471617507,0.049353190029104564
mix_-0.5_+0.5_w0.25,0.05,1600,4,-6.0,mix_-0.5_+0.5_w0.25,0.0,0.0
mix_-0.5_+0.5_w0.25,0.05,100,5,-6.0,mix_-1.0_+0.5_w0.25,0.0035475756471617507,0.049353190029104564
mix_-0.5_+0.5_w0.25,0.05,200,5,-6.0,mix_-1.0_+0.5_w0.25,0.0035475756471617507,0.049353190029104564
mix_-0.5_+0.5_w0.25,0.05,400,5,-6.0,mix_-1.0_+0.5_w0.25,0.0035475756471617507,0.049353190029104564
mix_-0.5_+0.5_w0.25,0.05,800,5,-6.0,mix_-0.5_+0.5_w0.25,0.0,0.0
mix_-0.5_+0.5_w0.25,0.05,1600,5,-6.0,mix_-0.5_+0.5_w0.25,0.0,0.0
mix_-0.5_+0.5_w0.25,0.05,100,6,-6.0,mix_-1.0_+0.5_w0.25,0.0035475756471617507,0.049353190029104564
mix_-0.5_+0.5_w0.25,0.05,200,6,-6.0,mix_-0.5_+1.0_w0.50,0.005509471215815296,0.08259986718851507
mix_-0.5_+0.5_w0.25,0.05,400,6,-6.0,mix_-0.5_+1.0_w0.50,0.005509471215815296,0.08259986718851507
mix_-0.5_+0.5_w0.25,0.05,800,6,-6.0,mix_-0.5_+1.0_w0.50,0.005509471215815296,0.08259986718851507
mix_-0.5_+0.5_w0.25,0.05,1600,6,-6.0,mix_-0.5_+0.5_w0.25,0.0,0.0
mix_-0.5_+0.5_w0.25,0.05,100,7,-6.0,mix_-1.0_+0.5_w0.25,0.0035475756471617507,0.049353190029104564
mix_-0.5_+0.5_w0.25,0.05,200,7,-6.0,mix_-0.5_+0.5_w0.25,0.0,0.0
mix_-0.5_+0.5_w0.25,0.05,400,7,-6.0,mix_-0.5_+0.5_w0.25,0.0,0.0
mix_-0.5_+0.5_w0.25,0.05,800,7,-6.0,mix_-1.0_+0.5_w0.25,0.0035475756471617507,0.049353190029104564
mix_-0.5_+0.5_w0.25,0.05,1600,7,-6.0,mix_-0.5_+0.5_w0.25,0.0,0.0
mix_-0.5_+0.5_w0.25,0.05,100,8,-6.0,mix_-0.5_+0.5_w0.25,0.0,0.0
mix_-0.5_+0.5_w0.25,0.05,200,8,-6.0,mix_-1.0_+0.5_w0.25,0.0035475756471617507,0.049353190029104564
mix_-0.5_+0.5_w0.25,0.05,400,8,-6.0,mix_-0.5_+0.5_w0.25,0.0,0.0
mix_-0.5_+0.5_w0.25,0.05,800,8,-6.0,mix_-0.5_+0.5_w0.25,0.0,0.0
mix_-0.5_+0.5_w0.25,0.05,1600,8,-6.0,mix_-0.5_+0.5_w0.25,0.0,0.0
mix_-0.5_+0.5_w0.25,0.05,100,9,-6.0,mix_-0.5_+0.5_w0.25,0.0,0.0
mix_-0.5_+0.5_w0.25,0.05,200,9,-6.0,mix_-0.5_+0.5_w0.50,0.006598770080336181,0.09573108210931261
mix_-0.5_+0.5_w0.25,0.05,400,9,-6.0,mix_-0.5_+0.5_w0.25,0.0,0.0
mix_-0.5_+0.5_w0.25,0.05,800,9,-6.0,mix_-0.5_+0.5_w0.25,0.0,0.0
mix_-0.5_+0.5_w0.25,0.05,1600,9,-6.0,mix_-0.5_+0.5_w0.25,0.0,0.0
mix_-0.5_+0.5_w0.25,0.05,100,10,-6.0,mix_-0.5_+1.0_w0.50,0.005509471215815296,0.08259986718851507
mix_-0.5_+0.5_w0.25,0.05,200,10,-6.0,mix_-0.5_+1.0_w0.50,0.005509471215815296,0.08259986718851507
mix_-0.5_+0.5_w0.25,0.05,400,10,-6.0,mix_-0.5_+0.5_w0.25,0.0,0.0
mix_-0.5_+0.5_w0.25,0.05,800,10,-6.0,mix_-0.5_+0.5_w0.25,0.0,0.0
mix_-0.5_+0.5_w0.25,0.05,1600,10,-6.0,mix_-1.0_+0.5_w0.25,0.0035475756471617507,0.049353190029104564
mix_-0.5_+0.5_w0.25,0.05,100,11,-6.0,mix_-0.5_+0.5_w0.25,0.0,0.0
mix_-0.5_+0.5_w0.25,0.05,200,11,-6.0,mix_-0.5_+1.0_w0.50,0.005509471215815296,0.08259986718851507
mix_-0.5_+0.5_w0.25,0.05,400,11,-6.0,mix_-1.0_+0.5_w0.25,0.0035475756471617507,0.049353190029104564
mix_-0.5_+0.5_w0.25,0.05,800,11,-6.0,mix_-1.0_+0.5_w0.25,0.0035475756471617507,0.049353190029104564
mix_-0.5_+0.5_w0.25,0.05,1600,11,-6.0,mix_-1.0_+0.5_w0.25,0.0035475756471617507,0.049353190029104564
mix_-0.5_+0.5_w0.25,0.05,100,12,-6.0,mix_-0.5_+0.5_w0.25,0.0,0.0
mix_-0.5_+0.5_w0.25,0.05,200,12,-6.0,mix_-0.5_+1.0_w0.50,0.005509471215815296,0.08259986718851507
mix_-0.5_+0.5_w0.25,0.05,400,12,-6.0,mix_-0.5_+0.5_w0.25,0.0,0.0
mix_-0.5_+0.5_w0.25,0.05,800,12,-6.0,mix_-0.5_+0.5_w0.25,0.0,0.0
mix_-0.5_+0.5_w0.25,0.05,1600,12,-6.0,mix_-0.5_+0.5_w0.25,0.0,0.0
mix_-0.5_+0.5_w0.25,0.05,100,13,-6.0,mix_-0.5_+0.5_w0.25,0.0,0.0
mix_-0.5_+0.5_w0.25,0.05,200,13,-6.0,mix_-0.5_+0.5_w0.25,0.0,0.0
mix_-0.5_+0.5_w0.25,0.05,400,13,-6.0,mix_-1.0_+0.5_w0.25,0.0035475756471617507,0.049353190029104564
mix_-0.5_+0.5_w0.25,0.05,800,13,-6.0,mix_-1.0_+0.5_w0.25,0.0035475756471617507,0.049353190029104564
mix_-0.5_+0.5_w0.25,0.05,1600,13,-6.0,mix_-0.5_+0.5_w0.25,0.0,0.0
mix_-0.5_+0.5_w0.25,0.05,100,14,-6.0,mix_-0.5_+0.5_w0.50,0.006598770080336181,0.09573108210931261
mix_-0.5_+0.5_w0.25,0.05,200,14,-6.0,mix_-0.5_+0.5_w0.25,0.0,0.0
mix_-0.5_+0.5_w0.25,0.05,400,14,-6.0,mix_-0.5_+0.5_w0.25,0.0,0.0
mix_-0.5_+0.5_w0.25,0.05,800,14,-6.0,mix_-0.5_+0.5_w0.25,0.0,0.0
mix_-0.5_+0.5_w0.25,0.05,1600,14,-6.0,mix_-0.5_+0.5_w0.25,0.0,0.0
mix_-0.5_+0.5_w0.25,0.05,100,15,-6.0,mix_-1.0_+0.5_w0.25,0.0035475756471617507,0.049353190029104564
mix_-0.5_+0.5_w0.25,0.05,200,15,-6.0,mix_-0.5_+0.5_w0.50,0.006598770080336181,0.09573108210931261
mix_-0.5_+0.5_w0.25,0.05,400,15,-6.0,mix_-0.5_+0.5_w0.25,0.0,0.0
mix_-0.5_+0.5_w0.25,0.05,800,15,-6.0,mix_-1.0_+0.5_w0.25,0.0035475756471617507,0.049353190029104564
mix_-0.5_+0.5_w0.25,0.05,1600,15,-6.0,mix_-0.5_+0.5_w0.25,0.0,0.0
mix_-0.5_+0.5_w0.25,0.05,100,16,-6.0,mix_-1.0_+0.5_w0.25,0.0035475756471617507,0.049353190029104564
mix_-0.5_+0.5_w0.25,0.05,200,16,-6.0,mix_-0.5_+0.5_w0.25,0.0,0.0
mix_-0.5_+0.5_w0.25,0.05,400,16,-6.0,mix_-0.5_+1.0_w0.50,0.005509471215815296,0.08259986718851507
mix_-0.5_+0.5_w0.25,0.05,800,16,-6.0,mix_-1.0_+0.5_w0.25,0.0035475756471617507,0.049353190029104564
mix_-0.5_+0.5_w0.25,0.05,1600,16,-6.0,mix_-0.5_+0.5_w0.25,0.0,0.0
mix_-0.5_+0.5_w0.25,0.05,100,17,-6.0,mix_-1.0_+0.5_w0.25,0.0035475756471617507,0.049353190029104564
mix_-0.5_+0.5_w0.25,0.05,200,17,-6.0,mix_-0.5_+0.5_w0.25,0.0,0.0
mix_-0.5_+0.5_w0.25,0.05,400,17,-6.0,mix_-0.5_+1.0_w0.50,0.005509471215815296,0.08259986718851507
mix_-0.5_+0.5_w0.25,0.05,800,17,-6.0,mix_-1.0_+0.5_w0.25,0.0035475756471617507,0.049353190029104564
mix_-0.5_+0.5_w0.25,0.05,1600,17,-6.0,mix_-0.5_+0.5_w0.25,0.0,0.0
mix_-0.5_+0.5_w0.25,0.05,100,18,-6.0,mix_-0.5_+0.5_w0.25,0.0,0.0
mix_-0.5_+0.5_w0.25,0.05,200,18,-6.0,mix_-1.0_+0.5_w0.25,0.0035475756471617507,0.049353190029104564
mix_-0.5_+0.5_w0.25,0.05,400,18,-6.0,mix_-0.5_+0.5_w0.25,0.0,0.0
mix_-0.5_+0.5_w0.25,0.05,800,18,-6.0,mix_-1.0_+0.5_w0.25,0.0035475756471617507,0.049353190029104564
mix_-0.5_+0.5_w0.25,0.05,1600,18,-6.0,mix_-0.5_+0.5_w0.25,0.0,0.0
mix_-0.5_+0.5_w0.25,0.05,100,19,-6.0,mix_-0.5_+0.5_w0.25,0.0,0.0
mix_-0.5_+0.5_w0.25,0.05,200,19,-6.0,mix_-0.5_+1.0_w0.50,0.005509471215815296,0.08259986718851507
mix_-0.5_+0.5_w0.25,0.05,400,19,-6.0,mix_-1.0_+0.5_w0.25,0.0035475756471617507,0.049353190029104564
mix_-0.5_+0.5_w0.25,0.05,800,19,-6.0,mix_-0.5_+0.5_w0.25,0.0,0.0
mix_-0.5_+0.5_w0.25,0.05,1600,19,-6.0,mix_-1.0_+0.5_w0.25,0.0035475756471617507,0.049353190029104564
mix_-0.5_+0.5_w0.25,0.05,100,20,-6.0,mix_-0.5_+0.5_w0.25,0.0,0.0
mix_-0.5_+0.5_w0.25,0.05,200,20,-6.0,mix_-0.5_+1.0_w0.50,0.005509471215815296,0.08259986718851507
mix_-0.5_+0.5_w0.25,0.05,400,20,-6.0,mix_-1.0_+0.5_w0.25,0.0035475756471617507,0.049353190029104564
mix_-0.5_+0.5_w0.25,0.05,800,20,-6.0,mix_-0.5_+0.5_w0.25,0.0,0.0
mix_-0.5_+0.5_w0.25,0.05,1600,20,-6.0,mix_-0.5_+1.0_w0.50,0.005509471215815296,0.08259986718851507
mix_-0.5_+0.5_w0.25,0.05,100,21,-6.0,mix_-0.5_+1.0_w0.25,0.016705496404521604,0.14805957008731369
mix_-0.5_+0.5_w0.25,0.05,200,21,-6.0,mix_-0.5_+0.5_w0.25,0.0,0.0
mix_-0.5_+0.5_w0.25,0.05,400,21,-6.0,mix_-0.5_+1.0_w0.50,0.005509471215815296,0.08259986718851507
mix_-0.5_+0.5_w0.25,0.05,800,21,-6.0,mix_-1.0_+0.5_w0.25,0.0035475756471617507,0.049353190029104564
mix_-0.5_+0.5_w0.25,0.05,1600,21,-6.0,mix_-1.0_+0.5_w0.25,0.0035475756471617507,0.049353190029104564
mix_-0.5_+0.5_w0.25,0.05,100,22,-6.0,mix_-1.0_+0.5_w0.25,0.0035475756471617507,0.049353190029104564
mix_-0.5_+0.5_w0.25,0.05,200,22,-6.0,mix_-0.5_+0.5_w0.25,0.0,0.0
mix_-0.5_+0.5_w0.25,0.05,400,22,-6.0,mix_-0.5_+0.5_w0.25,0.0,0.0
mix_-0.5_+0.5_w0.25,0.05,800,22,-6.0,mix_-0.5_+0.5_w0.25,0.0,0.0
mix_-0.5_+0.5_w0.25,0.05,1600,22,-6.0,mix_-0.5_+0.5_w0.25,0.0,0.0
mix_-0.5_+0.5_w0.25,0.05,100,23,-6.0,mix_-0.5_+1.0_w0.25,0.016705496404521604,0.14805957008731369
mix_-0.5_+0.5_w0.25,0.05,200,23,-6.0,mix_-1.0_+0.5_w0.25,0.0035475756471617507,0.049353190029104564
mix_-0.5_+0.5_w0.25,0.05,400,23,-6.0,mix_-0.5_+0.5_w0.25,0.0,0.0
mix_-0.5_+0.5_w0.25,0.05,800,23,-6.0,mix_-1.0_+0.5_w0.25,0.0035475756471617507,0.049353190029104564
mix_-0.5_+0.5_w0.25,0.05,1600,23,-6.0,mix_-0.5_+0.5_w0.25,0.0,0.0
mix_-0.5_+0.5_w0.25,0.05,100,24,-6.0,mix_-1.0_+0.5_w0.25,0.0035475756471617507,0.049353190029104564
mix_-0.5_+0.5_w0.25,0.05,200,24,-6.0,point_+0.5,0.008874578386546417,0.09573108210931261
mix_-0.5_+0.5_w0.25,0.05,400,24,-6.0,mix_-0.5_+0.5_w0.25,0.0,0.0
mix_-0.5_+0.5_w0.25,0.05,800,24,-6.0,mix_-1.0_+0.5_w0.25,0.0035475756471617507,0.049353190029104564
mix_-0.5_+0.5_w0.25,0.05,1600,24,-6.0,mix_-0.5_+0.5_w0.25,0.0,0.0
mix_-0.5_+0.5_w0.25,0.05,100,25,-6.0,mix_-0.5_+0.5_w0.25,0.0,0.0
mix_-0.5_+0.5_w0.25,0.05,200,25,-6.0,mix_-0.5_+0.5_w0.25,0.0,0.0
mix_-0.5_+0.5_w0.25,0.05,400,25,-6.0,mix_-1.0_+0.5_w0.25,0.0035475756471617507,0.049353190029104564
mix_-0.5_+0.5_w0.25,0.05,800,25,-6.0,mix_-1.0_+0.5_w0.25,0.0035475756471617507,0.049353190029104564
mix_-0.5_+0.5_w0.25,0.05,1600,25,-6.0,mix_-0.5_+0.5_w0.25,0.0,0.0
mix_-0.5_+0.5_w0.25,0.05,100,26,-6.0,mix_-1.0_+0.5_w0.25,0.0035475756471617507,0.049353190029104564
mix_-0.5_+0.5_w0.25,0.05,200,26,-6.0,mix_-0.5_+0.5_w0.25,0.0,0.0
mix_-0.5_+0.5_w0.25,0.05,400,26,-6.0,mix_-0.5_+0.5_w0.25,0.0,0.0
mix_-0.5_+0.5_w0.25,0.05,800,26,-6.0,mix_-0.5_+1.0_w0.50,0.005509471215815296,0.08259986718851507
mix_-0.5_+0.5_w0.25,0.05,1600,26,-6.0,mix_-0.5_+0.5_w0.25,0.0,0.0
mix_-0.5_+0.5_w0.25,0.05,100,27,-6.0,point_+0.5,0.008874578386546417,0.09573108210931261
mix_-0.5_+0.5_w0.25,0.05,200,27,-6.0,mix_-0.5_+0.5_w0.25,0.0,0.0
mix_-0.5_+0.5_w0.25,0.05,400,27,-6.0,mix_-0.5_+0.5_w0.25,0.0,0.0
mix_-0.5_+0.5_w0.25,0.05,800,27,-6.0,mix_-1.0_+0.5_w0.25,0.0035475756471617507,0.049353190029104564
mix_-0.5_+0.5_w0.25,0.05,1600,27,-6.0,mix_-0.5_+0.5_w0.25,0.0,0.0
mix_-0.5_+0.5_w0.25,0.05,100,28,-6.0,mix_-1.0_+0.5_w0.25,0.0035475756471617507,0.049353190029104564
mix_-0.5_+0.5_w0.25,0.05,200,28,-6.0,mix_-0.5_+1.0_w0.50,0.005509471215815296,0.08259986718851507
mix_-0.5_+0.5_w0.25,0.05,400,28,-6.0,mix_-0.5_+1.0_w0.50,0.005509471215815296,0.08259986718851507
mix_-0.5_+0.5_w0.25,0.05,800,28,-6.0,mix_-0.5_+0.5_w0.25,0.0,0.0
mix_-0.5_+0.5_w0.25,0.05,1600,28,-6.0,mix_-1.0_+0.5_w0.25,0.0035475756471617507,0.049353190029104564
mix_-0.5_+0.5_w0.25,0.05,100,29,-6.0,mix_-0.5_+1.0_w0.50,0.005509471215815296,0.08259986718851507
mix_-0.5_+0.5_w0.25,0.05,200,29,-6.0,mix_-1.0_+0.5_w0.25,0.0035475756471617507,0.049353190029104564
mix_-0.5_+0.5_w0.25,0.05,400,29,-6.0,mix_-0.5_+0.5_w0.25,0.0,0.0
mix_-0.5_+0.5_w0.25,0.05,800,29,-6.0,mix_-0.5_+0.5_w0.25,0.0,0.0
mix_-0.5_+0.5_w0.25,0.05,1600,29,-6.0,mix_-0.5_+0.5_w0.25,0.0,0.0
mix_-0.5_+0.5_w0.25,0.05,100,30,-6.0,mix_-0.5_+0.5_w0.25,0.0,0.0
mix_-0.5_+0.5_w0.25,0.05,200,30,-6.0,mix_-0.5_+1.0_w0.50,0.005509471215815296,0.08259986718851507
mix_-0.5_+0.5_w0.25,0.05,400,30,-6.0,mix_-1.0_+0.5_w0.25,0.0035475756471617507,0.049353190029104564
mix_-0.5_+0.5_w0.25,0.05,800,30,-6.0,mix_-1.0_+0.5_w0.25,0.0035475756471617507,0.049353190029104564
mix_-0.5_+0.5_w0.25,0.05,1600,30,-6.0,mix_-1.0_+0.5_w0.25,0.0035475756471617507,0.049353190029104564
mix_-0.5_+0.5_w0.25,0.05,100,31,-6.0,mix_-0.5_+1.0_w0.50,0.005509471215815296,0.08259986718851507
mix_-0.5_+0.5_w0.25,0.05,200,31,-6.0,mix_-0.5_+0.5_w0.25,0.0,0.0
mix_-0.5_+0.5_w0.25,0.05,400,31,-6.0,mix_-0.5_+1.0_w0.50,0.005509471215815296,0.08259986718851507
mix_-0.5_+0.5_w0.25,0.05,800,31,-6.0,mix_-0.5_+0.5_w0.25,0.0,0.0
mix_-0.5_+0.5_w0.25,0.05,1600,31,-6.0,mix_-0.5_+0.5_w0.25,0.0,0.0
mix_-0.5_+0.5_w0.25,0.05,100,32,-6.0,mix_-0.5_+1.0_w0.50,0.005509471215815296,0.08259986718851507
mix_-0.5_+0.5_w0.25,0.05,200,32,-6.0,mix_-0.5_+0.5_w0.25,0.0,0.0
mix_-0.5_+0.5_w0.25,0.05,400,32,-6.0,mix_-1.0_+0.5_w0.25,0.0035475756471617507,0.049353190029104564
mix_-0.5_+0.5_w0.25,0.05,800,32,-6.0,mix_-0.5_+0.5_w0.25,0.0,0.0
mix_-0.5_+0.5_w0.25,0.05,1600,32,-6.0,mix_-0.5_+1.0_w0.50,0.005509471215815296,0.08259986718851507
mix_-0.5_+0.5_w0.25,0.05,100,33,-6.0,mix_-0.5_+0.5_w0.25,0.0,0.0
mix_-0.5_+0.5_w0.25,0.05,200,33,-6.0,mix_-0.5_+0.5_w0.25,0.0,0.0
mix_-0.5_+0.5_w0.25,0.05,400,33,-6.0,mix_-0.5_+0.5_w0.25,0.0,0.0
mix_-0.5_+0.5_w0.25,0.05,800,33,-6.0,mix_-0.5_+1.0_w0.50,0.005509471215815296,0.08259986718851507
mix_-0.5_+0.5_w0.25,0.05,1600,33,-6.0,mix_-0.5_+0.5_w0.25,0.0,0.0
mix_-0.5_+0.5_w0.25,0.05,100,34,-6.0,mix_-0.5_+0.5_w0.25,0.0,0.0
mix_-0.5_+0.5_w0.25,0.05,200,34,-6.0,mix_-1.0_+0.5_w0.25,0.0035475756471617507,0.049353190029104564
mix_-0.5_+0.5_w0.25,0.05,400,34,-6.0,mix_-0.5_+0.5_w0.25,0.0,0.0
mix_-0.5_+0.5_w0.25,0.05,800,34,-6.0,mix_-0.5_+0.5_w0.25,0.0,0.0
mix_-0.5_+0.5_w0.25,0.05,1600,34,-6.0,mix_-1.0_+0.5_w0.25,0.0035475756471617507,0.049353190029104564
mix_-0.5_+0.5_w0.25,0.05,100,35,-6.0,mix_-1.0_+0.5_w0.25,0.0035475756471617507,0.049353190029104564
mix_-0.5_+0.5_w0.25,0.05,200,35,-6.0,mix_-1.0_+0.5_w0.25,0.0035475756471617507,0.049353190029104564
mix_-0.5_+0.5_w0.25,0.05,400,35,-6.0,mix_-1.0_+0.5_w0.25,0.0035475756471617507,0.049353190029104564
mix_-0.5_+0.5_w0.25,0.05,800,35,-6.0,mix_-0.5_+0.5_w0.25,0.0,0.0
mix_-0.5_+0.5_w0.25,0.05,1600,35,-6.0,mix_-1.0_+0.5_w0.25,0.0035475756471617507,0.049353190029104564
mix_-0.5_+0.5_w0.25,0.05,100,36,-6.0,mix_-0.5_+0.5_w0.25,0.0,0.0
mix_-0.5_+0.5_w0.25,0.05,200,36,-6.0,mix_-0.5_+1.0_w0.50,0.005509471215815296,0.08259986718851507
mix_-0.5_+0.5_w0.25,0.05,400,36,-6.0,mix_-1.0_+0.5_w0.25,0.0035475756471617507,0.049353190029104564
mix_-0.5_+0.5_w0.25,0.05,800,36,-6.0,mix_-0.5_+0.5_w0.25,0.0,0.0
mix_-0.5_+0.5_w0.25,0.05,1600,36,-6.0,mix_-0.5_+0.5_w0.25,0.0,0.0
mix_-0.5_+0.5_w0.25,0.05,100,37,-6.0,mix_-0.5_+0.5_w0.25,0.0,0.0
mix_-0.5_+0.5_w0.25,0.05,200,37,-6.0,mix_-0.5_+0.5_w0.25,0.0,0.0
mix_-0.5_+0.5_w0.25,0.05,400,37,-6.0,mix_-0.5_+0.5_w0.25,0.0,0.0
mix_-0.5_+0.5_w0.25,0.05,800,37,-6.0,mix_-1.0_+0.5_w0.25,0.0035475756471617507,0.049353190029104564
mix_-0.5_+0.5_w0.25,0.05,1600,37,-6.0,mix_-0.5_+0.5_w0.25,0.0,0.0
mix_-0.5_+0.5_w0.25,0.05,100,38,-6.0,mix_-0.5_+0.5_w0.50,0.006598770080336181,0.09573108210931261
mix_-0.5_+0.5_w0.25,0.05,200,38,-6.0,mix_-1.0_+0.5_w0.25,0.0035475756471617507,0.049353190029104564
mix_-0.5_+0.5_w0.25,0.05,400,38,-6.0,mix_-0.5_+0.5_w0.25,0.0,0.0
mix_-0.5_+0.5_w0.25,0.05,800,38,-6.0,mix_-1.0_+0.5_w0.25,0.0035475756471617507,0.049353190029104564
mix_-0.5_+0.5_w0.25,0.05,1600,38,-6.0,mix_-0.5_+0.5_w0.25,0.0,0.0
mix_-0.5_+0.5_w0.25,0.05,100,39,-6.0,mix_-0.5_+1.0_w0.50,0.005509471215815296,0.08259986718851507
mix_-0.5_+0.5_w0.25,0.05,200,39,-6.0,mix_-0.5_+0.5_w0.25,0.0,0.0
mix_-0.5_+0.5_w0.25,0.05,400,39,-6.0,mix_-0.5_+1.0_w0.50,0.005509471215815296,0.08259986718851507
mix_-0.5_+0.5_w0.25,0.05,800,39,-6.0,mix_-0.5_+0.5_w0.25,0.0,0.0
mix_-0.5_+0.5_w0.25,0.05,1600,39,-6.0,mix_-0.5_+0.5_w0.25,0.0,0.0
mix_-0.5_+0.5_w0.25,0.1,100,0,3.0,mix_-1.0_+1.0_w0.475,0.022882574331657905,0.16619426479071442
mix_-0.5_+0.5_w0.25,0.1,200,0,3.0,mix_-0.5_+1.0_w0.50,0.005509471215815296,0.08259986718851507
mix_-0.5_+0.5_w0.25,0.1,400,0,3.0,mix_-0.5_+1.0_w0.50,0.005509471215815296,0.08259986718851507
mix_-0.5_+0.5_w0.25,0.1,800,0,3.0,mix_-0.5_+1.0_w0.50,0.005509471215815296,0.08259986718851507
mix_-0.5_+0.5_w0.25,0.1,1600,0,3.0,mix_-0.5_+1.0_w0.50,0.005509471215815296,0.08259986718851507
mix_-0.5_+0.5_w0.25,0.1,100,1,3.0,point_+0.5,0.008874578386546417,0.09573108210931261
mix_-0.5_+0.5_w0.25,0.1,200,1,3.0,mix_-0.5_+0.5_w0.25,0.0,0.0
mix_-0.5_+0.5_w0.25,0.1,400,1,3.0,mix_-0.5_+0.5_w0.25,0.0,0.0
mix_-0.5_+0.5_w0.25,0.1,800,1,3.0,mix_-0.5_+1.0_w0.50,0.005509471215815296,0.08259986718851507
mix_-0.5_+0.5_w0.25,0.1,1600,1,3.0,mix_-0.5_+1.0_w0.50,0.005509471215815296,0.08259986718851507
mix_-0.5_+0.5_w0.25,0.1,100,2,3.0,mix_-0.5_+0.5_w0.25,0.0,0.0
mix_-0.5_+0.5_w0.25,0.1,200,2,3.0,mix_-1.0_+1.0_w0.25,0.01891489368152082,0.1584934588166174
mix_-0.5_+0.5_w0.25,0.1,400,2,3.0,mix_-0.5_+1.0_w0.50,0.005509471215815296,0.08259986718851507
mix_-0.5_+0.5_w0.25,0.1,800,2,3.0,mix_-0.5_+1.0_w0.50,0.005509471215815296,0.08259986718851507
mix_-0.5_+0.5_w0.25,0.1,1600,2,3.0,mix_-0.5_+0.5_w0.25,0.0,0.0
mix_-0.5_+0.5_w0.25,0.1,100,3,3.0,mix_-0.5_+1.0_w0.50,0.005509471215815296,0.08259986718851507
mix_-0.5_+0.5_w0.25,0.1,200,3,3.0,mix_-0.5_+1.0_w0.50,0.005509471215815296,0.08259986718851507
mix_-0.5_+0.5_w0.25,0.1,400,3,3.0,mix_-0.5_+1.0_w0.50,0.005509471215815296,0.08259986718851507
mix_-0.5_+0.5_w0.25,0.1,800,3,3.0,mix_-0.5_+1.0_w0.50,0.005509471215815296,0.08259986718851507
mix_-0.5_+0.5_w0.25,0.1,1600,3,3.0,mix_-0.5_+1.0_w0.50,0.005509471215815296,0.08259986718851507
mix_-0.5_+0.5_w0.25,0.1,100,4,3.0,mix_-0.5_+1.0_w0.50,0.005509471215815296,0.08259986718851507
mix_-0.5_+0.5_w0.25,0.1,200,4,3.0,mix_-0.5_+1.0_w0.50,0.005509471215815296,0.08259986718851507
mix_-0.5_+0.5_w0.25,0.1,400,4,3.0,mix_-0.5_+1.0_w0.50,0.005509471215815296,0.08259986718851507
mix_-0.5_+0.5_w0.25,0.1,800,4,3.0,mix_-0.5_+0.5_w0.25,0.0,0.0
mix_-0.5_+0.5_w0.25,0.1,1600,4,3.0,mix_-0.5_+1.0_w0.50,0.005509471215815296,0.08259986718851507
mix_-0.5_+0.5_w0.25,0.1,100,5,3.0,mix_-0.5_+1.0_w0.50,0.005509471215815296,0.08259986718851507
mix_-0.5_+0.5_w0.25,0.1,200,5,3.0,mix_-0.5_+1.0_w0.50,0.005509471215815296,0.08259986718851507
mix_-0.5_+0.5_w0.25,0.1,400,5,3.0,mix_-1.0_+0.5_w0.25,0.0035475756471617507,0.049353190029104564
mix_-0.5_+0.5_w0.25,0.1,800,5,3.0,mix_-0.5_+1.0_w0.50,0.005509471215815296,0.08259986718851507
mix_-0.5_+0.5_w0.25,0.1,1600,5,3.0,mix_-0.5_+1.0_w0.50,0.005509471215815296,0.08259986718851507
mix_-0.5_+0.5_w0.25,0.1,100,6,3.0,mix_-1.0_+0.5_w0.25,0.0035475756471617507,0.049353190029104564
mix_-0.5_+0.5_w0.25,0.1,200,6,3.0,mix_-0.5_+1.0_w0.50,0.005509471215815296,0.08259986718851507
mix_-0.5_+0.5_w0.25,0.1,400,6,3.0,mix_-0.5_+1.0_w0.50,0.005509471215815296,0.08259986718851507
mix_-0.5_+0.5_w0.25,0.1,800,6,3.0,mix_-0.5_+1.0_w0.50,0.005509471215815296,0.08259986718851507
mix_-0.5_+0.5_w0.25,0.1,1600,6,3.0,mix_-0.5_+1.0_w0.50,0.005509471215815296,0.08259986718851507
mix_-0.5_+0.5_w0.25,0.1,100,7,3.0,mix_-1.0_+1.0_w0.25,0.01891489368152082,0.1584934588166174
mix_-0.5_+0.5_w0.25,0.1,200,7,3.0,mix_-0.5_+1.0_w0.50,0.005509471215815296,0.08259986718851507
mix_-0.5_+0.5_w0.25,0.1,400,7,3.0,mix_-0.5_+1.0_w0.50,0.005509471215815296,0.08259986718851507
mix_-0.5_+0.5_w0.25,0.1,800,7,3.0,mix_-0.5_+1.0_w0.50,0.005509471215815296,0.08259986718851507
mix_-0.5_+0.5_w0.25,0.1,1600,7,3.0,mix_-0.5_+1.0_w0.50,0.005509471215815296,0.08259986718851507
mix_-0.5_+0.5_w0.25,0.1,100,8,3.0,mix_-1.0_+1.0_w0.25,0.01891489368152082,0.1584934588166174
mix_-0.5_+0.5_w0.25,0.1,200,8,3.0,mix_-0.5_+0.5_w0.25,0.0,0.0
mix_-0.5_+0.5_w0.25,0.1,400,8,3.0,mix_-0.5_+1.0_w0.50,0.005509471215815296,0.08259986718851507
mix_-0.5_+0.5_w0.25,0.1,800,8,3.0,mix_-0.5_+1.0_w0.50,0.005509471215815296,0.08259986718851507
mix_-0.5_+0.5_w0.25,0.1,1600,8,3.0,mix_-0.5_+0.5_w0.25,0.0,0.0
mix_-0.5_+0.5_w0.25,0.1,100,9,3.0,point_+0.0,0.009232113867112179,0.10690992617970946
mix_-0.5_+0.5_w0.25,0.1,200,9,3.0,mix_-0.5_+0.5_w0.25,0.0,0.0
mix_-0.5_+0.5_w0.25,0.1,400,9,3.0,mix_-0.5_+1.0_w0.50,0.005509471215815296,0.08259986718851507
mix_-0.5_+0.5_w0.25,0.1,800,9,3.0,mix_-0.5_+0.5_w0.25,0.0,0.0
mix_-0.5_+0.5_w0.25,0.1,1600,9,3.0,mix_-0.5_+1.0_w0.50,0.005509471215815296,0.08259986718851507
mix_-0.5_+0.5_w0.25,0.1,100,10,3.0,mix_-0.5_+0.5_w0.25,0.0,0.0
mix_-0.5_+0.5_w0.25,0.1,200,10,3.0,mix_-0.5_+0.5_w0.25,0.0,0.0
mix_-0.5_+0.5_w0.25,0.1,400,10,3.0,mix_-0.5_+1.0_w0.50,0.005509471215815296,0.08259986718851507
mix_-0.5_+0.5_w0.25,0.1,800,10,3.0,mix_-0.5_+0.5_w0.25,0.0,0.0
mix_-0.5_+0.5_w0.25,0.1,1600,10,3.0,mix_-0.5_+1.0_w0.50,0.005509471215815296,0.08259986718851507
mix_-0.5_+0.5_w0.25,0.1,100,11,3.0,mix_-0.5_+1.0_w0.50,0.005509471215815296,0.08259986718851507
mix_-0.5_+0.5_w0.25,0.1,200,11,3.0,mix_-0.5_+1.0_w0.50,0.005509471215815296,0.08259986718851507
mix_-0.5_+0.5_w0.25,0.1,400,11,3.0,mix_-0.5_+1.0_w0.50,0.005509471215815296,0.08259986718851507
mix_-0.5_+0.5_w0.25,0.1,800,11,3.0,mix_-0.5_+1.0_w0.50,0.005509471215815296,0.08259986718851507
mix_-0.5_+0.5_w0.25,0.1,1600,11,3.0,mix_-0.5_+1.0_w0.50,0.005509471215815296,0.08259986718851507
mix_-0.5_+0.5_w0.25,0.1,100,12,3.0,mix_-1.0_+1.0_w0.25,0.01891489368152082,0.1584934588166174
mix_-0.5_+0.5_w0.25,0.1,200,12,3.0,mix_-0.5_+1.0_w0.50,0.005509471215815296,0.08259986718851507
mix_-0.5_+0.5_w0.25,0.1,400,12,3.0,mix_-0.5_+1.0_w0.50,0.005509471215815296,0.08259986718851507
mix_-0.5_+0.5_w0.25,0.1,800,12,3.0,mix_-0.5_+1.0_w0.50,0.005509471215815296,0.08259986718851507
mix_-0.5_+0.5_w0.25,0.1,1600,12,3.0,mix_-0.5_+1.0_w0.50,0.005509471215815296,0.08259986718851507
mix_-0.5_+0.5_w0.25,0.1,100,13,3.0,mix_-0.5_+1.0_w0.50,0.005509471215815296,0.08259986718851507
mix_-0.5_+0.5_w0.25,0.1,200,13,3.0,mix_-0.5_+0.5_w0.25,0.0,0.0
mix_-0.5_+0.5_w0.25,0.1,400,13,3.0,mix_-0.5_+1.0_w0.50,0.005509471215815296,0.08259986718851507
mix_-0.5_+0.5_w0.25,0.1,800,13,3.0,mix_-0.5_+1.0_w0.50,0.005509471215815296,0.08259986718851507
mix_-0.5_+0.5_w0.25,0.1,1600,13,3.0,mix_-0.5_+1.0_w0.50,0.005509471215815296,0.08259986718851507
mix_-0.5_+0.5_w0.25,0.1,100,14,3.0,mix_-0.5_+1.0_w0.50,0.005509471215815296,0.08259986718851507
mix_-0.5_+0.5_w0.25,0.1,200,14,3.0,mix_-0.5_+1.0_w0.50,0.005509471215815296,0.08259986718851507
mix_-0.5_+0.5_w0.25,0.1,400,14,3.0,mix_-0.5_+1.0_w0.50,0.005509471215815296,0.08259986718851507
mix_-0.5_+0.5_w0.25,0.1,800,14,3.0,mix_-0.5_+1.0_w0.50,0.005509471215815296,0.08259986718851507
mix_-0.5_+0.5_w0.25,0.1,1600,14,3.0,mix_-0.5_+1.0_w0.50,0.005509471215815296,0.08259986718851507
mix_-0.5_+0.5_w0.25,0.1,100,15,3.0,mix_-0.5_+1.0_w0.50,0.005509471215815296,0.08259986718851507
mix_-0.5_+0.5_w0.25,0.1,200,15,3.0,mix_-0.5_+0.5_w0.25,0.0,0.0
mix_-0.5_+0.5_w0.25,0.1,400,15,3.0,mix_-0.5_+1.0_w0.50,0.005509471215815296,0.08259986718851507
mix_-0.5_+0.5_w0.25,0.1,800,15,3.0,mix_-0.5_+0.5_w0.25,0.0,0.0
mix_-0.5_+0.5_w0.25,0.1,1600,15,3.0,mix_-0.5_+1.0_w0.50,0.005509471215815296,0.08259986718851507
mix_-0.5_+0.5_w0.25,0.1,100,16,3.0,mix_-0.5_+0.5_w0.25,0.0,0.0
mix_-0.5_+0.5_w0.25,0.1,200,16,3.0,mix_-0.5_+1.0_w0.50,0.005509471215815296,0.08259986718851507
mix_-0.5_+0.5_w0.25,0.1,400,16,3.0,mix_-0.5_+0.5_w0.25,0.0,0.0
mix_-0.5_+0.5_w0.25,0.1,800,16,3.0,mix_-0.5_+1.0_w0.50,0.005509471215815296,0.08259986718851507
mix_-0.5_+0.5_w0.25,0.1,1600,16,3.0,mix_-0.5_+0.5_w0.25,0.0,0.0
mix_-0.5_+0.5_w0.25,0.1,100,17,3.0,mix_-0.5_+1.0_w0.50,0.005509471215815296,0.08259986718851507
mix_-0.5_+0.5_w0.25,0.1,200,17,3.0,mix_-0.5_+1.0_w0.50,0.005509471215815296,0.08259986718851507
mix_-0.5_+0.5_w0.25,0.1,400,17,3.0,mix_-0.5_+1.0_w0.50,0.005509471215815296,0.08259986718851507
mix_-0.5_+0.5_w0.25,0.1,800,17,3.0,mix_-0.5_+1.0_w0.50,0.005509471215815296,0.08259986718851507
mix_-0.5_+0.5_w0.25,0.1,1600,17,3.0,mix_-0.5_+1.0_w0.50,0.005509471215815296,0.08259986718851507
mix_-0.5_+0.5_w0.25,0.1,100,18,3.0,mix_-0.5_+0.5_w0.25,0.0,0.0
mix_-0.5_+0.5_w0.25,0.1,200,18,3.0,mix_-0.5_+1.0_w0.50,0.005509471215815296,0.08259986718851507
mix_-0.5_+0.5_w0.25,0.1,400,18,3.0,mix_-0.5_+1.0_w0.50,0.005509471215815296,0.08259986718851507
mix_-0.5_+0.5_w0.25,0.1,800,18,3.0,mix_-0.5_+1.0_w0.50,0.005509471215815296,0.08259986718851507
mix_-0.5_+0.5_w0.25,0.1,1600,18,3.0,mix_-0.5_+1.0_w0.50,0.005509471215815296,0.08259986718851507
mix_-0.5_+0.5_w0.25,0.1,100,19,3.0,mix_-0.5_+1.0_w0.50,0.005509471215815296,0.08259986718851507
mix_-0.5_+0.5_w0.25,0.1,200,19,3.0,mix_-0.5_+0.5_w0.25,0.0,0.0
mix_-0.5_+0.5_w0.25,0.1,400,19,3.0,mix_-0.5_+1.0_w0.50,0.005509471215815296,0.08259986718851507
mix_-0.5_+0.5_w0.25,0.1,800,19,3.0,mix_-0.5_+1.0_w0.50,0.005509471215815296,0.08259986718851507
mix_-0.5_+0.5_w0.25,0.1,1600,19,3.0,mix_-0.5_+1.0_w0.50,0.005509471215815296,0.08259986718851507
mix_-0.5_+0.5_w0.25,0.1,100,20,3.0,mix_-0.5_+0.5_w0.25,0.0,0.0
mix_-0.5_+0.5_w0.25,0.1,200,20,3.0,mix_-0.5_+1.0_w0.50,0.005509471215815296,0.08259986718851507
mix_-0.5_+0.5_w0.25,0.1,400,20,3.0,mix_-0.5_+0.5_w0.25,0.0,0.0
mix_-0.5_+0.5_w0.25,0.1,800,20,3.0,mix_-0.5_+1.0_w0.50,0.005509471215815296,0.08259986718851507
mix_-0.5_+0.5_w0.25,0.1,1600,20,3.0,mix_-0.5_+0.5_w0.25,0.0,0.0
mix_-0.5_+0.5_w0.25,0.1,100,21,3.0,mix_-0.5_+0.5_w0.50,0.006598770080336181,0.09573108210931261
mix_-0.5_+0.5_w0.25,0.1,200,21,3.0,mix_-0.5_+0.5_w0.50,0.006598770080336181,0.09573108210931261
mix_-0.5_+0.5_w0.25,0.1,400,21,3.0,mix_-0.5_+1.0_w0.50,0.005509471215815296,0.08259986718851507
mix_-0.5_+0.5_w0.25,0.1,800,21,3.0,mix_-0.5_+1.0_w0.50,0.005509471215815296,0.08259986718851507
mix_-0.5_+0.5_w0.25,0.1,1600,21,3.0,mix_-0.5_+1.0_w0.50,0.005509471215815296,0.08259986718851507
mix_-0.5_+0.5_w0.25,0.1,100,22,3.0,mix_-1.0_+1.0_w0.25,0.01891489368152082,0.1584934588166174
mix_-0.5_+0.5_w0.25,0.1,200,22,3.0,mix_-0.5_+1.0_w0.50,0.005509471215815296,0.08259986718851507
mix_-0.5_+0.5_w0.25,0.1,400,22,3.0,mix_-0.5_+0.5_w0.25,0.0,0.0
mix_-0.5_+0.5_w0.25,0.1,800,22,3.0,mix_-0.5_+1.0_w0.50,0.005509471215815296,0.08259986718851507
mix_-0.5_+0.5_w0.25,0.1,1600,22,3.0,mix_-0.5_+1.0_w0.50,0.005509471215815296,0.08259986718851507
mix_-0.5_+0.5_w0.25,0.1,100,23,3.0,point_+0.0,0.009232113867112179,0.10690992617970946
mix_-0.5_+0.5_w0.25,0.1,200,23,3.0,mix_-0.5_+1.0_w0.50,0.005509471215815296,0.08259986718851507
mix_-0.5_+0.5_w0.25,0.1,400,23,3.0,mix_-0.5_+1.0_w0.50,0.005509471215815296,0.08259986718851507
mix_-0.5_+0.5_w0.25,0.1,800,23,3.0,mix_-0.5_+1.0_w0.50,0.005509471215815296,0.08259986718851507
mix_-0.5_+0.5_w0.25,0.1,1600,23,3.0,mix_-0.5_+1.0_w0.50,0.005509471215815296,0.08259986718851507
mix_-0.5_+0.5_w0.25,0.1,100,24,3.0,mix_-1.0_+1.0_w0.25,0.01891489368152082,0.1584934588166174
mix_-0.5_+0.5_w0.25,0.1,200,24,3.0,mix_-1.0_+1.0_w0.25,0.01891489368152082,0.1584934588166174
mix_-0.5_+0.5_w0.25,0.1,400,24,3.0,mix_-0.5_+1.0_w0.50,0.005509471215815296,0.08259986718851507
mix_-0.5_+0.5_w0.25,0.1,800,24,3.0,mix_-0.5_+0.5_w0.25,0.0,0.0
mix_-0.5_+0.5_w0.25,0.1,1600,24,3.0,mix_-0.5_+1.0_w0.50,0.005509471215815296,0.08259986718851507
mix_-0.5_+0.5_w0.25,0.1,100,25,3.0,mix_-0.5_+0.5_w0.25,0.0,0.0
mix_-0.5_+0.5_w0.25,0.1,200,25,3.0,mix_-0.5_+1.0_w0.50,0.005509471215815296,0.08259986718851507
mix_-0.5_+0.5_w0.25,0.1,400,25,3.0,mix_-0.5_+0.5_w0.25,0.0,0.0
mix_-0.5_+0.5_w0.25,0.1,800,25,3.0,mix_-0.5_+1.0_w0.50,0.005509471215815296,0.08259986718851507
mix_-0.5_+0.5_w0.25,0.1,1600,25,3.0,mix_-0.5_+0.5_w0.25,0.0,0.0
mix_-0.5_+0.5_w0.25,0.1,100,26,3.0,mix_-0.5_+1.0_w0.50,0.005509471215815296,0.08259986718851507
mix_-0.5_+0.5_w0.25,0.1,200,26,3.0,mix_-1.0_+0.5_w0.25,0.0035475756471617507,0.049353190029104564
mix_-0.5_+0.5_w0.25,0.1,400,26,3.0,mix_-0.5_+0.5_w0.25,0.0,0.0
mix_-0.5_+0.5_w0.25,0.1,800,26,3.0,mix_-1.0_+1.0_w0.25,0.01891489368152082,0.1584934588166174
mix_-0.5_+0.5_w0.25,0.1,1600,26,3.0,mix_-0.5_+1.0_w0.50,0.005509471215815296,0.08259986718851507
mix_-0.5_+0.5_w0.25,0.1,100,27,3.0,mix_-0.5_+0.5_w0.25,0.0,0.0
mix_-0.5_+0.5_w0.25,0.1,200,27,3.0,mix_-0.5_+1.0_w0.50,0.005509471215815296,0.08259986718851507
mix_-0.5_+0.5_w0.25,0.1,400,27,3.0,mix_-0.5_+1.0_w0.50,0.005509471215815296,0.08259986718851507
mix_-0.5_+0.5_w0.25,0.1,800,27,3.0,mix_-0.5_+0.5_w0.25,0.0,0.0
mix_-0.5_+0.5_w0.25,0.1,1600,27,3.0,mix_-0.5_+1.0_w0.50,0.005509471215815296,0.08259986718851507
mix_-0.5_+0.5_w0.25,0.1,100,28,3.0,mix_-0.5_+1.0_w0.50,0.005509471215815296,0.08259986718851507
mix_-0.5_+0.5_w0.25,0.1,200,28,3.0,mix_-1.0_+0.5_w0.25,0.0035475756471617507,0.049353190029104564
mix_-0.5_+0.5_w0.25,0.1,400,28,3.0,mix_-0.5_+0.5_w0.25,0.0,0.0
mix_-0.5_+0.5_w0.25,0.1,800,28,3.0,mix_-0.5_+0.5_w0.25,0.0,0.0
mix_-0.5_+0.5_w0.25,0.1,1600,28,3.0,mix_-0.5_+1.0_w0.50,0.005509471215815296,0.08259986718851507
mix_-0.5_+0.5_w0.25,0.1,100,29,3.0,mix_-1.0_+1.0_w0.475,0.022882574331657905,0.16619426479071442
mix_-0.5_+0.5_w0.25,0.1,200,29,3.0,mix_-1.0_+1.0_w0.25,0.01891489368152082,0.1584934588166174
mix_-0.5_+0.5_w0.25,0.1,400,29,3.0,mix_-0.5_+0.5_w0.25,0.0,0.0
mix_-0.5_+0.5_w0.25,0.1,800,29,3.0,mix_-0.5_+0.5_w0.25,0.0,0.0
mix_-0.5_+0.5_w0.25,0.1,1600,29,3.0,mix_-0.5_+1.0_w0.50,0.005509471215815296,0.08259986718851507
mix_-0.5_+0.5_w0.25,0.1,100,30,3.0,mix_-0.5_+1.0_w0.50,0.005509471215815296,0.08259986718851507
mix_-0.5_+0.5_w0.25,0.1,200,30,3.0,mix_-1.0_+1.0_w0.25,0.01891489368152082,0.1584934588166174
mix_-0.5_+0.5_w0.25,0.1,400,30,3.0,mix_-0.5_+1.0_w0.50,0.005509471215815296,0.08259986718851507
mix_-0.5_+0.5_w0.25,0.1,800,30,3.0,mix_-0.5_+1.0_w0.50,0.005509471215815296,0.08259986718851507
mix_-0.5_+0.5_w0.25,0.1,1600,30,3.0,mix_-0.5_+0.5_w0.25,0.0,0.0
mix_-0.5_+0.5_w0.25,0.1,100,31,3.0,mix_-0.5_+1.0_w0.50,0.005509471215815296,0.08259986718851507
mix_-0.5_+0.5_w0.25,0.1,200,31,3.0,mix_-0.5_+1.0_w0.50,0.005509471215815296,0.08259986718851507
mix_-0.5_+0.5_w0.25,0.1,400,31,3.0,mix_-0.5_+0.5_w0.25,0.0,0.0
mix_-0.5_+0.5_w0.25,0.1,800,31,3.0,mix_-0.5_+1.0_w0.50,0.005509471215815296,0.08259986718851507
mix_-0.5_+0.5_w0.25,0.1,1600,31,3.0,mix_-0.5_+1.0_w0.50,0.005509471215815296,0.08259986718851507
mix_-0.5_+0.5_w0.25,0.1,100,32,3.0,point_+0.5,0.008874578386546417,0.09573108210931261
mix_-0.5_+0.5_w0.25,0.1,200,32,3.0,mix_-1.0_+1.0_w0.25,0.01891489368152082,0.1584934588166174
mix_-0.5_+0.5_w0.25,0.1,400,32,3.0,mix_-0.5_+1.0_w0.50,0.005509471215815296,0.08259986718851507
mix_-0.5_+0.5_w0.25,0.1,800,32,3.0,mix_-0.5_+1.0_w0.50,0.005509471215815296,0.08259986718851507
mix_-0.5_+0.5_w0.25,0.1,1600,32,3.0,mix_-0.5_+1.0_w0.50,0.005509471215815296,0.08259986718851507
mix_-0.5_+0.5_w0.25,0.1,100,33,3.0,mix_-0.5_+1.0_w0.50,0.005509471215815296,0.08259986718851507
mix_-0.5_+0.5_w0.25,0.1,200,33,3.0,mix_-0.5_+1.0_w0.50,0.005509471215815296,0.08259986718851507
mix_-0.5_+0.5_w0.25,0.1,400,33,3.0,mix_-0.5_+1.0_w0.50,0.005509471215815296,0.08259986718851507
mix_-0.5_+0.5_w0.25,0.1,800,33,3.0,mix_-0.5_+1.0_w0.50,0.005509471215815296,0.08259986718851507
mix_-0.5_+0.5_w0.25,0.1,1600,33,3.0,mix_-0.5_+1.0_w0.50,0.005509471215815296,0.08259986718851507
mix_-0.5_+0.5_w0.25,0.1,100,34,3.0,mix_-0.5_+1.0_w0.50,0.005509471215815296,0.08259986718851507
mix_-0.5_+0.5_w0.25,0.1,200,34,3.0,mix_-0.5_+1.0_w0.50,0.005509471215815296,0.08259986718851507
mix_-0.5_+0.5_w0.25,0.1,400,34,3.0,mix_-0.5_+1.0_w0.50,0.005509471215815296,0.08259986718851507
mix_-0.5_+0.5_w0.25,0.1,800,34,3.0,mix_-0.5_+1.0_w0.50,0.005509471215815296,0.08259986718851507
mix_-0.5_+0.5_w0.25,0.1,1600,34,3.0,mix_-0.5_+1.0_w0.50,0.005509471215815296,0.08259986718851507
mix_-0.5_+0.5_w0.25,0.1,100,35,3.0,mix_-0.5_+1.0_w0.50,0.005509471215815296,0.08259986718851507
mix_-0.5_+0.5_w0.25,0.1,200,35,3.0,mix_-0.5_+1.0_w0.50,0.005509471215815296,0.08259986718851507
mix_-0.5_+0.5_w0.25,0.1,400,35,3.0,mix_-0.5_+0.5_w0.25,0.0,0.0
mix_-0.5_+0.5_w0.25,0.1,800,35,3.0,mix_-0.5_+1.0_w0.50,0.005509471215815296,0.08259986718851507
mix_-0.5_+0.5_w0.25,0.1,1600,35,3.0,mix_-0.5_+1.0_w0.50,0.005509471215815296,0.08259986718851507
mix_-0.5_+0.5_w0.25,0.1,100,36,3.0,mix_-1.0_+1.0_w0.25,0.01891489368152082,0.1584934588166174
mix_-0.5_+0.5_w0.25,0.1,200,36,3.0,mix_-0.5_+1.0_w0.50,0.005509471215815296,0.08259986718851507
mix_-0.5_+0.5_w0.25,0.1,400,36,3.0,mix_-0.5_+1.0_w0.50,0.005509471215815296,0.08259986718851507
mix_-0.5_+0.5_w0.25,0.1,800,36,3.0,mix_-0.5_+1.0_w0.50,0.005509471215815296,0.08259986718851507
mix_-0.5_+0.5_w0.25,0.1,1600,36,3.0,mix_-0.5_+1.0_w0.50,0.005509471215815296,0.08259986718851507
mix_-0.5_+0.5_w0.25,0.1,100,37,3.0,point_+0.5,0.008874578386546417,0.09573108210931261
mix_-0.5_+0.5_w0.25,0.1,200,37,3.0,mix_-0.5_+1.0_w0.50,0.005509471215815296,0.08259986718851507
mix_-0.5_+0.5_w0.25,0.1,400,37,3.0,mix_-0.5_+1.0_w0.50,0.005509471215815296,0.08259986718851507
mix_-0.5_+0.5_w0.25,0.1,800,37,3.0,mix_-0.5_+0.5_w0.25,0.0,0.0
mix_-0.5_+0.5_w0.25,0.1,1600,37,3.0,mix_-0.5_+0.5_w0.25,0.0,0.0
mix_-0.5_+0.5_w0.25,0.1,100,38,3.0,mix_-1.0_+1.0_w0.25,0.01891489368152082,0.1584934588166174
mix_-0.5_+0.5_w0.25,0.1,200,38,3.0,mix_-0.5_+1.0_w0.50,0.005509471215815296,0.08259986718851507
mix_-0.5_+0.5_w0.25,0.1,400,38,3.0,mix_-0.5_+1.0_w0.50,0.005509471215815296,0.08259986718851507
mix_-0.5_+0.5_w0.25,0.1,800,38,3.0,mix_-0.5_+1.0_w0.50,0.005509471215815296,0.08259986718851507
mix_-0.5_+0.5_w0.25,0.1,1600,38,3.0,mix_-0.5_+1.0_w0.50,0.005509471215815296,0.08259986718851507
mix_-0.5_+0.5_w0.25,0.1,100,39,3.0,mix_-0.5_+0.5_w0.25,0.0,0.0
mix_-0.5_+0.5_w0.25,0.1,200,39,3.0,mix_-1.0_+1.0_w0.25,0.01891489368152082,0.1584934588166174
mix_-0.5_+0.5_w0.25,0.1,400,39,3.0,mix_-0.5_+1.0_w0.50,0.005509471215815296,0.08259986718851507
mix_-0.5_+0.5_w0.25,0.1,800,39,3.0,mix_-0.5_+1.0_w0.50,0.005509471215815296,0.08259986718851507
mix_-0.5_+0.5_w0.25,0.1,1600,39,3.0,mix_-0.5_+1.0_w0.50,0.005509471215815296,0.08259986718851507
mix_-0.5_+0.5_w0.25,0.2,100,0,-6.0,mix_-0.5_+0.5_w0.25,0.0,0.0
mix_-0.5_+0.5_w0.25,0.2,200,0,-6.0,mix_-0.5_+1.0_w0.50,0.005509471215815296,0.08259986718851507
mix_-0.5_+0.5_w0.25,0.2,400,0,-6.0,mix_-0.5_+1.0_w0.50,0.005509471215815296,0.08259986718851507
mix_-0.5_+0.5_w0.25,0.2,800,0,-6.0,mix_-0.5_+1.0_w0.50,0.005509471215815296,0.08259986718851507
mix_-0.5_+0.5_w0.25,0.2,1600,0,-6.0,mix_-0.5_+1.0_w0.50,0.005509471215815296,0.08259986718851507
mix_-0.5_+0.5_w0.25,0.2,100,1,-6.0,mix_-1.0_+0.5_w0.25,0.0035475756471617507,0.049353190029104564
mix_-0.5_+0.5_w0.25,0.2,200,1,-6.0,mix_-0.5_+1.0_w0.50,0.005509471215815296,0.08259986718851507
mix_-0.5_+0.5_w0.25,0.2,400,1,-6.0,mix_-0.5_+0.5_w0.25,0.0,0.0
mix_-0.5_+0.5_w0.25,0.2,800,1,-6.0,mix_-0.5_+1.0_w0.50,0.005509471215815296,0.08259986718851507
mix_-0.5_+0.5_w0.25,0.2,1600,1,-6.0,mix_-1.0_+0.5_w0.25,0.0035475756471617507,0.049353190029104564
mix_-0.5_+0.5_w0.25,0.2,100,2,-6.0,mix_-1.0_+0.5_w0.25,0.0035475756471617507,0.049353190029104564
mix_-0.5_+0.5_w0.25,0.2,200,2,-6.0,mix_-1.0_+1.0_w0.25,0.01891489368152082,0.1584934588166174
mix_-0.5_+0.5_w0.25,0.2,400,2,-6.0,mix_-1.0_+0.5_w0.25,0.0035475756471617507,0.049353190029104564
mix_-0.5_+0.5_w0.25,0.2,800,2,-6.0,mix_-1.0_+0.5_w0.25,0.0035475756471617507,0.049353190029104564
mix_-0.5_+0.5_w0.25,0.2,1600,2,-6.0,mix_-0.5_+1.0_w0.50,0.005509471215815296,0.08259986718851507
mix_-0.5_+0.5_w0.25,0.2,100,3,-6.0,mix_-1.0_+1.0_w0.475,0.022882574331657905,0.16619426479071442
mix_-0.5_+0.5_w0.25,0.2,200,3,-6.0,mix_-0.5_+0.5_w0.25,0.0,0.0
mix_-0.5_+0.5_w0.25,0.2,400,3,-6.0,mix_-1.0_+0.5_w0.25,0.0035475756471617507,0.049353190029104564
mix_-0.5_+0.5_w0.25,0.2,800,3,-6.0,mix_-1.0_+0.5_w0.25,0.0035475756471617507,0.049353190029104564
mix_-0.5_+0.5_w0.25,0.2,1600,3,-6.0,mix_-0.5_+1.0_w0.50,0.005509471215815296,0.08259986718851507
mix_-0.5_+0.5_w0.25,0.2,100,4,-6.0,mix_-1.0_+1.0_w0.25,0.01891489368152082,0.1584934588166174
mix_-0.5_+0.5_w0.25,0.2,200,4,-6.0,mix_-1.0_+0.5_w0.25,0.0035475756471617507,0.049353190029104564
mix_-0.5_+0.5_w0.25,0.2,400,4,-6.0,mix_-1.0_+0.5_w0.25,0.0035475756471617507,0.049353190029104564
mix_-0.5_+0.5_w0.25,0.2,800,4,-6.0,mix_-1.0_+0.5_w0.25,0.0035475756471617507,0.049353190029104564
mix_-0.5_+0.5_w0.25,0.2,1600,4,-6.0,mix_-0.5_+1.0_w0.50,0.005509471215815296,0.08259986718851507
mix_-0.5_+0.5_w0.25,0.2,100,5,-6.0,point_+0.5,0.008874578386546417,0.09573108210931261
mix_-0.5_+0.5_w0.25,0.2,200,5,-6.0,mix_-0.5_+0.5_w0.25,0.0,0.0
mix_-0.5_+0.5_w0.25,0.2,400,5,-6.0,mix_-1.0_+0.5_w0.25,0.0035475756471617507,0.049353190029104564
mix_-0.5_+0.5_w0.25,0.2,800,5,-6.0,mix_-0.5_+1.0_w0.50,0.005509471215815296,0.08259986718851507
mix_-0.5_+0.5_w0.25,0.2,1600,5,-6.0,mix_-0.5_+1.0_w0.50,0.005509471215815296,0.08259986718851507
mix_-0.5_+0.5_w0.25,0.2,100,6,-6.0,mix_-0.5_+0.5_w0.25,0.0,0.0
mix_-0.5_+0.5_w0.25,0.2,200,6,-6.0,mix_-0.5_+0.5_w0.25,0.0,0.0
mix_-0.5_+0.5_w0.25,0.2,400,6,-6.0,mix_-0.5_+1.0_w0.50,0.005509471215815296,0.08259986718851507
mix_-0.5_+0.5_w0.25,0.2,800,6,-6.0,mix_-1.0_+0.5_w0.25,0.0035475756471617507,0.049353190029104564
mix_-0.5_+0.5_w0.25,0.2,1600,6,-6.0,mix_-0.5_+1.0_w0.50,0.005509471215815296,0.08259986718851507
mix_-0.5_+0.5_w0.25,0.2,100,7,-6.0,mix_-1.0_+1.0_w0.50,0.024855098863537498,0.17309248130126523
mix_-0.5_+0.5_w0.25,0.2,200,7,-6.0,mix_-0.5_+1.0_w0.50,0.005509471215815296,0.08259986718851507
mix_-0.5_+0.5_w0.25,0.2,400,7,-6.0,mix_-1.0_+0.5_w0.25,0.0035475756471617507,0.049353190029104564
mix_-0.5_+0.5_w0.25,0.2,800,7,-6.0,mix_-0.5_+1.0_w0.50,0.005509471215815296,0.08259986718851507
mix_-0.5_+0.5_w0.25,0.2,1600,7,-6.0,mix_-0.5_+1.0_w0.50,0.005509471215815296,0.08259986718851507
mix_-0.5_+0.5_w0.25,0.2,100,8,-6.0,mix_-0.5_+1.0_w0.50,0.005509471215815296,0.08259986718851507
mix_-0.5_+0.5_w0.25,0.2,200,8,-6.0,mix_-0.5_+1.0_w0.50,0.005509471215815296,0.08259986718851507
mix_-0.5_+0.5_w0.25,0.2,400,8,-6.0,mix_-0.5_+1.0_w0.50,0.005509471215815296,0.08259986718851507
mix_-0.5_+0.5_w0.25,0.2,800,8,-6.0,mix_-1.0_+0.5_w0.25,0.0035475756471617507,0.049353190029104564
mix_-0.5_+0.5_w0.25,0.2,1600,8,-6.0,mix_-0.5_+1.0_w0.50,0.005509471215815296,0.08259986718851507
mix_-0.5_+0.5_w0.25,0.2,100,9,-6.0,mix_-1.0_+1.0_w0.475,0.022882574331657905,0.16619426479071442
mix_-0.5_+0.5_w0.25,0.2,200,9,-6.0,mix_-1.0_+0.5_w0.25,0.0035475756471617507,0.049353190029104564
mix_-0.5_+0.5_w0.25,0.2,400,9,-6.0,mix_-0.5_+1.0_w0.50,0.005509471215815296,0.08259986718851507
mix_-0.5_+0.5_w0.25,0.2,800,9,-6.0,mix_-0.5_+1.0_w0.50,0.005509471215815296,0.08259986718851507
mix_-0.5_+0.5_w0.25,0.2,1600,9,-6.0,mix_-1.0_+0.5_w0.25,0.0035475756471617507,0.049353190029104564
mix_-0.5_+0.5_w0.25,0.2,100,10,-6.0,mix_-1.0_+0.5_w0.25,0.0035475756471617507,0.049353190029104564
mix_-0.5_+0.5_w0.25,0.2,200,10,-6.0,mix_-0.5_+1.0_w0.50,0.005509471215815296,0.08259986718851507
mix_-0.5_+0.5_w0.25,0.2,400,10,-6.0,mix_-1.0_+1.0_w0.475,0.022882574331657905,0.16619426479071442
mix_-0.5_+0.5_w0.25,0.2,800,10,-6.0,mix_-0.5_+1.0_w0.50,0.005509471215815296,0.08259986718851507
mix_-0.5_+0.5_w0.25,0.2,1600,10,-6.0,mix_-1.0_+0.5_w0.25,0.0035475756471617507,0.049353190029104564
mix_-0.5_+0.5_w0.25,0.2,100,11,-6.0,mix_-0.5_+0.5_w0.25,0.0,0.0
mix_-0.5_+0.5_w0.25,0.2,200,11,-6.0,mix_-0.5_+1.0_w0.50,0.005509471215815296,0.08259986718851507
mix_-0.5_+0.5_w0.25,0.2,400,11,-6.0,mix_-0.5_+1.0_w0.50,0.005509471215815296,0.08259986718851507
mix_-0.5_+0.5_w0.25,0.2,800,11,-6.0,mix_-0.5_+1.0_w0.50,0.005509471215815296,0.08259986718851507
mix_-0.5_+0.5_w0.25,0.2,1600,11,-6.0,mix_-0.5_+1.0_w0.50,0.005509471215815296,0.08259986718851507
mix_-0.5_+0.5_w0.25,0.2,100,12,-6.0,mix_-0.5_+0.5_w0.25,0.0,0.0
mix_-0.5_+0.5_w0.25,0.2,200,12,-6.0,mix_-0.5_+1.0_w0.50,0.005509471215815296,0.08259986718851507
mix_-0.5_+0.5_w0.25,0.2,400,12,-6.0,mix_-1.0_+0.5_w0.25,0.0035475756471617507,0.049353190029104564
mix_-0.5_+0.5_w0.25,0.2,800,12,-6.0,mix_-1.0_+0.5_w0.25,0.0035475756471617507,0.049353190029104564
mix_-0.5_+0.5_w0.25,0.2,1600,12,-6.0,mix_-1.0_+0.5_w0.25,0.0035475756471617507,0.049353190029104564
mix_-0.5_+0.5_w0.25,0.2,100,13,-6.0,mix_-1.0_+0.5_w0.25,0.0035475756471617507,0.049353190029104564
mix_-0.5_+0.5_w0.25,0.2,200,13,-6.0,mix_-0.5_+1.0_w0.50,0.005509471215815296,0.08259986718851507
mix_-0.5_+0.5_w0.25,0.2,400,13,-6.0,mix_-1.0_+1.0_w0.475,0.022882574331657905,0.16619426479071442
mix_-0.5_+0.5_w0.25,0.2,800,13,-6.0,mix_-1.0_+0.5_w0.25,0.0035475756471617507,0.049353190029104564
mix_-0.5_+0.5_w0.25,0.2,1600,13,-6.0,mix_-1.0_+0.5_w0.25,0.0035475756471617507,0.049353190029104564
mix_-0.5_+0.5_w0.25,0.2,100,14,-6.0,mix_-0.5_+1.0_w0.50,0.005509471215815296,0.08259986718851507
mix_-0.5_+0.5_w0.25,0.2,200,14,-6.0,mix_-1.0_+1.0_w0.475,0.022882574331657905,0.16619426479071442
mix_-0.5_+0.5_w0.25,0.2,400,14,-6.0,mix_-0.5_+1.0_w0.50,0.005509471215815296,0.08259986718851507
mix_-0.5_+0.5_w0.25,0.2,800,14,-6.0,mix_-0.5_+1.0_w0.50,0.005509471215815296,0.08259986718851507
mix_-0.5_+0.5_w0.25,0.2,1600,14,-6.0,mix_-1.0_+0.5_w0.25,0.0035475756471617507,0.049353190029104564
mix_-0.5_+0.5_w0.25,0.2,100,15,-6.0,mix_-1.0_+1.0_w0.475,0.022882574331657905,0.16619426479071442
mix_-0.5_+0.5_w0.25,0.2,200,15,-6.0,mix_-1.0_+1.0_w0.475,0.022882574331657905,0.16619426479071442
mix_-0.5_+0.5_w0.25,0.2,400,15,-6.0,mix_-0.5_+1.0_w0.50,0.005509471215815296,0.08259986718851507
mix_-0.5_+0.5_w0.25,0.2,800,15,-6.0,mix_-1.0_+0.5_w0.25,0.0035475756471617507,0.049353190029104564
mix_-0.5_+0.5_w0.25,0.2,1600,15,-6.0,mix_-0.5_+1.0_w0.50,0.005509471215815296,0.08259986718851507
mix_-0.5_+0.5_w0.25,0.2,100,16,-6.0,mix_-1.0_+0.5_w0.25,0.0035475756471617507,0.049353190029104564
mix_-0.5_+0.5_w0.25,0.2,200,16,-6.0,mix_-0.5_+1.0_w0.50,0.005509471215815296,0.08259986718851507
mix_-0.5_+0.5_w0.25,0.2,400,16,-6.0,mix_-1.0_+0.5_w0.25,0.0035475756471617507,0.049353190029104564
mix_-0.5_+0.5_w0.25,0.2,800,16,-6.0,mix_-0.5_+1.0_w0.50,0.005509471215815296,0.08259986718851507
mix_-0.5_+0.5_w0.25,0.2,1600,16,-6.0,mix_-0.5_+1.0_w0.50,0.005509471215815296,0.08259986718851507
mix_-0.5_+0.5_w0.25,0.2,100,17,-6.0,mix_-0.5_+1.0_w0.50,0.005509471215815296,0.08259986718851507
mix_-0.5_+0.5_w0.25,0.2,200,17,-6.0,mix_-1.0_+0.5_w0.25,0.0035475756471617507,0.049353190029104564
mix_-0.5_+0.5_w0.25,0.2,400,17,-6.0,mix_-0.5_+1.0_w0.50,0.005509471215815296,0.08259986718851507
mix_-0.5_+0.5_w0.25,0.2,800,17,-6.0,mix_-0.5_+1.0_w0.50,0.005509471215815296,0.08259986718851507
mix_-0.5_+0.5_w0.25,0.2,1600,17,-6.0,mix_-0.5_+1.0_w0.50,0.005509471215815296,0.08259986718851507
mix_-0.5_+0.5_w0.25,0.2,100,18,-6.0,mix_-1.0_+0.5_w0.25,0.0035475756471617507,0.049353190029104564
mix_-0.5_+0.5_w0.25,0.2,200,18,-6.0,mix_-0.5_+1.0_w0.50,0.005509471215815296,0.08259986718851507
mix_-0.5_+0.5_w0.25,0.2,400,18,-6.0,mix_-1.0_+0.5_w0.25,0.0035475756471617507,0.049353190029104564
mix_-0.5_+0.5_w0.25,0.2,800,18,-6.0,mix_-0.5_+1.0_w0.50,0.005509471215815296,0.08259986718851507
mix_-0.5_+0.5_w0.25,0.2,1600,18,-6.0,mix_-1.0_+0.5_w0.25,0.0035475756471617507,0.049353190029104564
mix_-0.5_+0.5_w0.25,0.2,100,19,-6.0,mix_-0.5_+0.5_w0.25,0.0,0.0
mix_-0.5_+0.5_w0.25,0.2,200,19,-6.0,mix_-1.0_+0.5_w0.25,0.0035475756471617507,0.049353190029104564
mix_-0.5_+0.5_w0.25,0.2,400,19,-6.0,mix_-0.5_+1.0_w0.50,0.005509471215815296,0.08259986718851507
mix_-0.5_+0.5_w0.25,0.2,800,19,-6.0,mix_-0.5_+1.0_w0.50,0.005509471215815296,0.08259986718851507
mix_-0.5_+0.5_w0.25,0.2,1600,19,-6.0,mix_-0.5_+0.5_w0.25,0.0,0.0
mix_-0.5_+0.5_w0.25,0.2,100,20,-6.0,mix_-1.0_+0.5_w0.25,0.0035475756471617507,0.049353190029104564
mix_-0.5_+0.5_w0.25,0.2,200,20,-6.0,mix_-0.5_+1.0_w0.50,0.005509471215815296,0.08259986718851507
mix_-0.5_+0.5_w0.25,0.2,400,20,-6.0,mix_-0.5_+1.0_w0.50,0.005509471215815296,0.08259986718851507
mix_-0.5_+0.5_w0.25,0.2,800,20,-6.0,mix_-0.5_+1.0_w0.50,0.005509471215815296,0.08259986718851507
mix_-0.5_+0.5_w0.25,0.2,1600,20,-6.0,mix_-0.5_+1.0_w0.50,0.005509471215815296,0.08259986718851507
mix_-0.5_+0.5_w0.25,0.2,100,21,-6.0,mix_-1.0_+0.5_w0.25,0.0035475756471617507,0.049353190029104564
mix_-0.5_+0.5_w0.25,0.2,200,21,-6.0,mix_-0.5_+1.0_w0.50,0.005509471215815296,0.08259986718851507
mix_-0.5_+0.5_w0.25,0.2,400,21,-6.0,mix_-0.5_+1.0_w0.50,0.005509471215815296,0.08259986718851507
mix_-0.5_+0.5_w0.25,0.2,800,21,-6.0,mix_-0.5_+1.0_w0.50,0.005509471215815296,0.08259986718851507
mix_-0.5_+0.5_w0.25,0.2,1600,21,-6.0,mix_-1.0_+0.5_w0.25,0.0035475756471617507,0.049353190029104564
mix_-0.5_+0.5_w0.25,0.2,100,22,-6.0,mix_-1.0_+0.5_w0.25,0.0035475756471617507,0.049353190029104564
mix_-0.5_+0.5_w0.25,0.2,200,22,-6.0,mix_-1.0_+0.5_w0.25,0.0035475756471617507,0.049353190029104564
mix_-0.5_+0.5_w0.25,0.2,400,22,-6.0,mix_-0.5_+1.0_w0.50,0.005509471215815296,0.08259986718851507
mix_-0.5_+0.5_w0.25,0.2,800,22,-6.0,mix_-0.5_+1.0_w0.50,0.005509471215815296,0.08259986718851507
mix_-0.5_+0.5_w0.25,0.2,1600,22,-6.0,mix_-0.5_+1.0_w0.50,0.005509471215815296,0.08259986718851507
mix_-0.5_+0.5_w0.25,0.2,100,23,-6.0,mix_-1.0_+0.5_w0.25,0.0035475756471617507,0.049353190029104564
mix_-0.5_+0.5_w0.25,0.2,200,23,-6.0,mix_-0.5_+1.0_w0.50,0.005509471215815296,0.08259986718851507
mix_-0.5_+0.5_w0.25,0.2,400,23,-6.0,mix_-0.5_+0.5_w0.25,0.0,0.0
mix_-0.5_+0.5_w0.25,0.2,800,23,-6.0,mix_-0.5_+1.0_w0.50,0.005509471215815296,0.08259986718851507
mix_-0.5_+0.5_w0.25,0.2,1600,23,-6.0,mix_-0.5_+1.0_w0.50,0.005509471215815296,0.08259986718851507
mix_-0.5_+0.5_w0.25,0.2,100,24,-6.0,mix_-1.0_+1.0_w0.475,0.022882574331657905,0.16619426479071442
mix_-0.5_+0.5_w0.25,0.2,200,24,-6.0,mix_-0.5_+1.0_w0.50,0.005509471215815296,0.08259986718851507
mix_-0.5_+0.5_w0.25,0.2,400,24,-6.0,mix_-0.5_+1.0_w0.50,0.005509471215815296,0.08259986718851507
mix_-0.5_+0.5_w0.25,0.2,800,24,-6.0,mix_-0.5_+1.0_w0.50,0.005509471215815296,0.08259986718851507
mix_-0.5_+0.5_w0.25,0.2,1600,24,-6.0,mix_-0.5_+1.0_w0.50,0.005509471215815296,0.08259986718851507
mix_-0.5_+0.5_w0.25,0.2,100,25,-6.0,mix_-1.0_+0.5_w0.25,0.0035475756471617507,0.049353190029104564
mix_-0.5_+0.5_w0.25,0.2,200,25,-6.0,mix_-1.0_+1.0_w0.50,0.024855098863537498,0.17309248130126523
mix_-0.5_+0.5_w0.25,0.2,400,25,-6.0,mix_-0.5_+1.0_w0.50,0.005509471215815296,0.08259986718851507
mix_-0.5_+0.5_w0.25,0.2,800,25,-6.0,mix_-0.5_+1.0_w0.50,0.005509471215815296,0.08259986718851507
mix_-0.5_+0.5_w0.25,0.2,1600,25,-6.0,mix_-1.0_+0.5_w0.25,0.0035475756471617507,0.049353190029104564
mix_-0.5_+0.5_w0.25,0.2,100,26,-6.0,mix_-0.5_+1.0_w0.50,0.005509471215815296,0.08259986718851507
mix_-0.5_+0.5_w0.25,0.2,200,26,-6.0,mix_-0.5_+0.5_w0.25,0.0,0.0
mix_-0.5_+0.5_w0.25,0.2,400,26,-6.0,mix_-0.5_+1.0_w0.50,0.005509471215815296,0.08259986718851507
mix_-0.5_+0.5_w0.25,0.2,800,26,-6.0,mix_-1.0_+1.0_w0.475,0.022882574331657905,0.16619426479071442
mix_-0.5_+0.5_w0.25,0.2,1600,26,-6.0,mix_-1.0_+0.5_w0.25,0.0035475756471617507,0.049353190029104564
mix_-0.5_+0.5_w0.25,0.2,100,27,-6.0,mix_-1.0_+1.0_w0.475,0.022882574331657905,0.16619426479071442
mix_-0.5_+0.5_w0.25,0.2,200,27,-6.0,mix_-0.5_+1.0_w0.50,0.005509471215815296,0.08259986718851507
mix_-0.5_+0.5_w0.25,0.2,400,27,-6.0,mix_-0.5_+1.0_w0.50,0.005509471215815296,0.08259986718851507
mix_-0.5_+0.5_w0.25,0.2,800,27,-6.0,mix_-1.0_+0.5_w0.25,0.0035475756471617507,0.049353190029104564
mix_-0.5_+0.5_w0.25,0.2,1600,27,-6.0,mix_-1.0_+0.5_w0.25,0.0035475756471617507,0.049353190029104564
mix_-0.5_+0.5_w0.25,0.2,100,28,-6.0,mix_-1.0_+1.0_w0.525,0.027125516077023532,0.18106930102982913
mix_-0.5_+0.5_w0.25,0.2,200,28,-6.0,mix_-1.0_+0.5_w0.25,0.0035475756471617507,0.049353190029104564
mix_-0.5_+0.5_w0.25,0.2,400,28,-6.0,mix_-1.0_+0.5_w0.25,0.0035475756471617507,0.049353190029104564
mix_-0.5_+0.5_w0.25,0.2,800,28,-6.0,mix_-0.5_+1.0_w0.50,0.005509471215815296,0.08259986718851507
mix_-0.5_+0.5_w0.25,0.2,1600,28,-6.0,mix_-0.5_+1.0_w0.50,0.005509471215815296,0.08259986718851507
mix_-0.5_+0.5_w0.25,0.2,100,29,-6.0,mix_-1.0_+0.5_w0.25,0.0035475756471617507,0.049353190029104564
mix_-0.5_+0.5_w0.25,0.2,200,29,-6.0,mix_-1.0_+1.0_w0.475,0.022882574331657905,0.16619426479071442
mix_-0.5_+0.5_w0.25,0.2,400,29,-6.0,mix_-0.5_+1.0_w0.50,0.005509471215815296,0.08259986718851507
mix_-0.5_+0.5_w0.25,0.2,800,29,-6.0,mix_-1.0_+1.0_w0.475,0.022882574331657905,0.16619426479071442
mix_-0.5_+0.5_w0.25,0.2,1600,29,-6.0,mix_-0.5_+1.0_w0.50,0.005509471215815296,0.08259986718851507
mix_-0.5_+0.5_w0.25,0.2,100,30,-6.0,mix_-0.5_+1.0_w0.50,0.005509471215815296,0.08259986718851507
mix_-0.5_+0.5_w0.25,0.2,200,30,-6.0,mix_-0.5_+1.0_w0.50,0.005509471215815296,0.08259986718851507
mix_-0.5_+0.5_w0.25,0.2,400,30,-6.0,mix_-1.0_+1.0_w0.475,0.022882574331657905,0.16619426479071442
mix_-0.5_+0.5_w0.25,0.2,800,30,-6.0,mix_-0.5_+1.0_w0.50,0.005509471215815296,0.08259986718851507
mix_-0.5_+0.5_w0.25,0.2,1600,30,-6.0,mix_-0.5_+1.0_w0.50,0.005509471215815296,0.08259986718851507
mix_-0.5_+0.5_w0.25,0.2,100,31,-6.0,mix_-1.0_+1.0_w0.525,0.027125516077023532,0.18106930102982913
mix_-0.5_+0.5_w0.25,0.2,200,31,-6.0,mix_-0.5_+1.0_w0.50,0.005509471215815296,0.08259986718851507
mix_-0.5_+0.5_w0.25,0.2,400,31,-6.0,mix_-0.5_+1.0_w0.50,0.005509471215815296,0.08259986718851507
mix_-0.5_+0.5_w0.25,0.2,800,31,-6.0,mix_-0.5_+1.0_w0.50,0.005509471215815296,0.08259986718851507
mix_-0.5_+0.5_w0.25,0.2,1600,31,-6.0,mix_-1.0_+0.5_w0.25,0.0035475756471617507,0.049353190029104564
mix_-0.5_+0.5_w0.25,0.2,100,32,-6.0,mix_-1.0_+0.5_w0.25,0.0035475756471617507,0.049353190029104564
mix_-0.5_+0.5_w0.25,0.2,200,32,-6.0,mix_-0.5_+1.0_w0.50,0.005509471215815296,0.08259986718851507
mix_-0.5_+0.5_w0.25,0.2,400,32,-6.0,mix_-0.5_+1.0_w0.50,0.005509471215815296,0.08259986718851507
mix_-0.5_+0.5_w0.25,0.2,800,32,-6.0,mix_-0.5_+1.0_w0.50,0.005509471215815296,0.08259986718851507
mix_-0.5_+0.5_w0.25,0.2,1600,32,-6.0,mix_-1.0_+0.5_w0.25,0.0035475756471617507,0.049353190029104564
mix_-0.5_+0.5_w0.25,0.2,100,33,-6.0,mix_-1.0_+1.0_w0.475,0.022882574331657905,0.16619426479071442
mix_-0.5_+0.5_w0.25,0.2,200,33,-6.0,mix_-0.5_+0.5_w0.25,0.0,0.0
mix_-0.5_+0.5_w0.25,0.2,400,33,-6.0,mix_-0.5_+1.0_w0.50,0.005509471215815296,0.08259986718851507
mix_-0.5_+0.5_w0.25,0.2,800,33,-6.0,mix_-1.0_+0.5_w0.25,0.0035475756471617507,0.049353190029104564
mix_-0.5_+0.5_w0.25,0.2,1600,33,-6.0,mix_-1.0_+0.5_w0.25,0.0035475756471617507,0.049353190029104564
mix_-0.5_+0.5_w0.25,0.2,100,34,-6.0,mix_-0.5_+0.5_w0.25,0.0,0.0
mix_-0.5_+0.5_w0.25,0.2,200,34,-6.0,mix_-1.0_+0.5_w0.25,0.0035475756471617507,0.049353190029104564
mix_-0.5_+0.5_w0.25,0.2,400,34,-6.0,mix_-0.5_+1.0_w0.50,0.005509471215815296,0.08259986718851507
mix_-0.5_+0.5_w0.25,0.2,800,34,-6.0,mix_-0.5_+1.0_w0.50,0.005509471215815296,0.08259986718851507
mix_-0.5_+0.5_w0.25,0.2,1600,34,-6.0,mix_-0.5_+1.0_w0.50,0.005509471215815296,0.08259986718851507
mix_-0.5_+0.5_w0.25,0.2,100,35,-6.0,mix_-1.0_+1.0_w0.25,0.01891489368152082,0.1584934588166174
mix_-0.5_+0.5_w0.25,0.2,200,35,-6.0,mix_-1.0_+0.5_w0.25,0.0035475756471617507,0.049353190029104564
mix_-0.5_+0.5_w0.25,0.2,400,35,-6.0,mix_-0.5_+1.0_w0.50,0.005509471215815296,0.08259986718851507
mix_-0.5_+0.5_w0.25,0.2,800,35,-6.0,mix_-0.5_+1.0_w0.50,0.005509471215815296,0.08259986718851507
mix_-0.5_+0.5_w0.25,0.2,1600,35,-6.0,mix_-1.0_+0.5_w0.25,0.0035475756471617507,0.049353190029104564
mix_-0.5_+0.5_w0.25,0.2,100,36,-6.0,mix_-1.0_+1.0_w0.475,0.022882574331657905,0.16619426479071442
mix_-0.5_+0.5_w0.25,0.2,200,36,-6.0,mix_-1.0_+0.5_w0.25,0.0035475756471617507,0.049353190029104564
mix_-0.5_+0.5_w0.25,0.2,400,36,-6.0,mix_-0.5_+1.0_w0.50,0.005509471215815296,0.08259986718851507
mix_-0.5_+0.5_w0.25,0.2,800,36,-6.0,mix_-0.5_+1.0_w0.50,0.005509471215815296,0.08259986718851507
mix_-0.5_+0.5_w0.25,0.2,1600,36,-6.0,mix_-0.5_+1.0_w0.50,0.005509471215815296,0.08259986718851507
mix_-0.5_+0.5_w0.25,0.2,100,37,-6.0,mix_-1.0_+1.0_w0.50,0.024855098863537498,0.17309248130126523
mix_-0.5_+0.5_w0.25,0.2,200,37,-6.0,mix_-0.5_+0.5_w0.25,0.0,0.0
mix_-0.5_+0.5_w0.25,0.2,400,37,-6.0,mix_-0.5_+1.0_w0.50,0.005509471215815296,0.08259986718851507
mix_-0.5_+0.5_w0.25,0.2,800,37,-6.0,mix_-0.5_+0.5_w0.25,0.0,0.0
mix_-0.5_+0.5_w0.25,0.2,1600,37,-6.0,mix_-0.5_+1.0_w0.50,0.005509471215815296,0.08259986718851507
mix_-0.5_+0.5_w0.25,0.2,100,38,-6.0,mix_-0.5_+1.0_w0.50,0.005509471215815296,0.08259986718851507
mix_-0.5_+0.5_w0.25,0.2,200,38,-6.0,mix_-1.0_+1.0_w0.475,0.022882574331657905,0.16619426479071442
mix_-0.5_+0.5_w0.25,0.2,400,38,-6.0,mix_-1.0_+0.5_w0.25,0.0035475756471617507,0.049353190029104564
mix_-0.5_+0.5_w0.25,0.2,800,38,-6.0,mix_-0.5_+1.0_w0.50,0.005509471215815296,0.08259986718851507
mix_-0.5_+0.5_w0.25,0.2,1600,38,-6.0,mix_-0.5_+1.0_w0.50,0.005509471215815296,0.08259986718851507
mix_-0.5_+0.5_w0.25,0.2,100,39,-6.0,mix_-1.0_+1.0_w0.525,0.027125516077023532,0.18106930102982913
mix_-0.5_+0.5_w0.25,0.2,200,39,-6.0,mix_-0.5_+1.0_w0.50,0.005509471215815296,0.08259986718851507
mix_-0.5_+0.5_w0.25,0.2,400,39,-6.0,mix_-0.5_+1.0_w0.50,0.005509471215815296,0.08259986718851507
mix_-0.5_+0.5_w0.25,0.2,800,39,-6.0,mix_-0.5_+1.0_w0.50,0.005509471215815296,0.08259986718851507
mix_-0.5_+0.5_w0.25,0.2,1600,39,-6.0,mix_-0.5_+1.0_w0.50,0.005509471215815296,0.08259986718851507
mix_-1.0_+0.5_w0.50,0.0,100,0,-6.0,mix_-0.5_+0.5_w0.75,0.0055094712158152955,0.08259986718851509
mix_-1.0_+0.5_w0.50,0.0,200,0,-6.0,mix_-1.0_+0.5_w0.50,0.0,0.0
mix_-1.0_+0.5_w0.50,0.0,400,0,-6.0,mix_-0.5_+1.0_w0.75,0.0035145266410161894,0.05142895014540709
mix_-1.0_+0.5_w0.50,0.0,800,0,-6.0,mix_-1.0_+0.5_w0.50,0.0,0.0
mix_-1.0_+0.5_w0.50,0.0,1600,0,-6.0,mix_-1.0_+0.5_w0.50,0.0,0.0
mix_-1.0_+0.5_w0.50,0.0,100,1,-6.0,mix_-1.0_+0.5_w0.50,0.0,0.0
mix_-1.0_+0.5_w0.50,0.0,200,1,-6.0,mix_-1.0_+0.5_w0.50,0.0,0.0
mix_-1.0_+0.5_w0.50,0.0,400,1,-6.0,mix_-1.0_+0.5_w0.50,0.0,0.0
mix_-1.0_+0.5_w0.50,0.0,800,1,-6.0,mix_-1.0_+0.5_w0.50,0.0,0.0
mix_-1.0_+0.5_w0.50,0.0,1600,1,-6.0,mix_-1.0_+0.5_w0.50,0.0,0.0
mix_-1.0_+0.5_w0.50,0.0,100,2,-6.0,mix_-1.0_+0.5_w0.50,0.0,0.0
mix_-1.0_+0.5_w0.50,0.0,200,2,-6.0,mix_-1.0_+0.5_w0.50,0.0,0.0
mix_-1.0_+0.5_w0.50,0.0,400,2,-6.0,mix_-1.0_+0.5_w0.50,0.0,0.0
mix_-1.0_+0.5_w0.50,0.0,800,2,-6.0,mix_-1.0_+0.5_w0.50,0.0,0.0
mix_-1.0_+0.5_w0.50,0.0,1600,2,-6.0,mix_-1.0_+0.5_w0.50,0.0,0.0
mix_-1.0_+0.5_w0.50,0.0,100,3,-6.0,mix_-1.0_+0.5_w0.50,0.0,0.0
mix_-1.0_+0.5_w0.50,0.0,200,3,-6.0,mix_-1.0_+0.5_w0.50,0.0,0.0
mix_-1.0_+0.5_w0.50,0.0,400,3,-6.0,mix_-1.0_+0.5_w0.50,0.0,0.0
mix_-1.0_+0.5_w0.50,0.0,800,3,-6.0,mix_-1.0_+0.5_w0.50,0.0,0.0
mix_-1.0_+0.5_w0.50,0.0,1600,3,-6.0,mix_-1.0_+0.5_w0.50,0.0,0.0
mix_-1.0_+0.5_w0.50,0.0,100,4,-6.0,mix_-1.0_+0.5_w0.50,0.0,0.0
mix_-1.0_+0.5_w0.50,0.0,200,4,-6.0,mix_-1.0_+0.5_w0.50,0.0,0.0
mix_-1.0_+0.5_w0.50,0.0,400,4,-6.0,mix_-1.0_+0.5_w0.50,0.0,0.0
mix_-1.0_+0.5_w0.50,0.0,800,4,-6.0,mix_-1.0_+0.5_w0.50,0.0,0.0
mix_-1.0_+0.5_w0.50,0.0,1600,4,-6.0,mix_-1.0_+0.5_w0.50,0.0,0.0
mix_-1.0_+0.5_w0.50,0.0,100,5,-6.0,mix_-0.5_+0.5_w0.50,0.009073754319555628,0.09870638005820911
mix_-1.0_+0.5_w0.50,0.0,200,5,-6.0,mix_-1.0_+1.0_w0.50,0.009588090961338513,0.09870638005820911
mix_-1.0_+0.5_w0.50,0.0,400,5,-6.0,mix_-1.0_+0.5_w0.50,0.0,0.0
mix_-1.0_+0.5_w0.50,0.0,800,5,-6.0,mix_-1.0_+0.5_w0.50,0.0,0.0
mix_-1.0_+0.5_w0.50,0.0,1600,5,-6.0,mix_-1.0_+0.5_w0.50,0.0,0.0
mix_-1.0_+0.5_w0.50,0.0,100,6,-6.0,mix_-1.0_+0.5_w0.50,0.0,0.0
mix_-1.0_+0.5_w0.50,0.0,200,6,-6.0,mix_-0.5_+1.0_w0.75,0.0035145266410161894,0.05142895014540709
mix_-1.0_+0.5_w0.50,0.0,400,6,-6.0,mix_-1.0_+0.5_w0.50,0.0,0.0
mix_-1.0_+0.5_w0.50,0.0,800,6,-6.0,mix_-0.5_+1.0_w0.75,0.0035145266410161894,0.05142895014540709
mix_-1.0_+0.5_w0.50,0.0,1600,6,-6.0,mix_-1.0_+0.5_w0.50,0.0,0.0
mix_-1.0_+0.5_w0.50,0.0,100,7,-6.0,mix_-1.0_+1.0_w0.75,0.008638817916431668,0.11700069301322064
mix_-1.0_+0.5_w0.50,0.0,200,7,-6.0,mix_-0.5_+0.5_w0.75,0.0055094712158152955,0.08259986718851509
mix_-1.0_+0.5_w0.50,0.0,400,7,-6.0,mix_-0.5_+0.5_w0.50,0.009073754319555628,0.09870638005820911
mix_-1.0_+0.5_w0.50,0.0,800,7,-6.0,mix_-0.5_+1.0_w0.75,0.0035145266410161894,0.05142895014540709
mix_-1.0_+0.5_w0.50,0.0,1600,7,-6.0,mix_-1.0_+0.5_w0.50,0.0,0.0
mix_-1.0_+0.5_w0.50,0.0,100,8,-6.0,mix_-1.0_+0.5_w0.50,0.0,0.0
mix_-1.0_+0.5_w0.50,0.0,200,8,-6.0,mix_-0.5_+0.5_w0.50,0.009073754319555628,0.09870638005820911
mix_-1.0_+0.5_w0.50,0.0,400,8,-6.0,mix_-0.5_+1.0_w0.75,0.0035145266410161894,0.05142895014540709
mix_-1.0_+0.5_w0.50,0.0,800,8,-6.0,mix_-1.0_+0.5_w0.50,0.0,0.0
mix_-1.0_+0.5_w0.50,0.0,1600,8,-6.0,mix_-1.0_+0.5_w0.50,0.0,0.0
mix_-1.0_+0.5_w0.50,0.0,100,9,-6.0,mix_-1.0_+0.5_w0.25,0.012535222416389186,0.13668641556451236
mix_-1.0_+0.5_w0.50,0.0,200,9,-6.0,mix_-1.0_+0.5_w0.50,0.0,0.0
mix_-1.0_+0.5_w0.50,0.0,400,9,-6.0,mix_-1.0_+0.5_w0.50,0.0,0.0
mix_-1.0_+0.5_w0.50,0.0,800,9,-6.0,mix_-1.0_+0.5_w0.50,0.0,0.0
mix_-1.0_+0.5_w0.50,0.0,1600,9,-6.0,mix_-1.0_+0.5_w0.50,0.0,0.0
mix_-1.0_+0.5_w0.50,0.0,100,10,-6.0,mix_-1.0_+0.5_w0.50,0.0,0.0
mix_-1.0_+0.5_w0.50,0.0,200,10,-6.0,mix_-0.5_+0.5_w0.75,0.0055094712158152955,0.08259986718851509
mix_-1.0_+0.5_w0.50,0.0,400,10,-6.0,mix_-1.0_+0.5_w0.50,0.0,0.0
mix_-1.0_+0.5_w0.50,0.0,800,10,-6.0,mix_-1.0_+0.5_w0.50,0.0,0.0
mix_-1.0_+0.5_w0.50,0.0,1600,10,-6.0,mix_-1.0_+0.5_w0.50,0.0,0.0
mix_-1.0_+0.5_w0.50,0.0,100,11,-6.0,mix_-1.0_+0.5_w0.50,0.0,0.0
mix_-1.0_+0.5_w0.50,0.0,200,11,-6.0,mix_-1.0_+0.5_w0.50,0.0,0.0
mix_-1.0_+0.5_w0.50,0.0,400,11,-6.0,mix_-1.0_+0.5_w0.50,0.0,0.0
mix_-1.0_+0.5_w0.50,0.0,800,11,-6.0,mix_-1.0_+0.5_w0.50,0.0,0.0
mix_-1.0_+0.5_w0.50,0.0,1600,11,-6.0,mix_-1.0_+0.5_w0.50,0.0,0.0
mix_-1.0_+0.5_w0.50,0.0,100,12,-6.0,mix_-1.0_+0.5_w0.50,0.0,0.0
mix_-1.0_+0.5_w0.50,0.0,200,12,-6.0,mix_-1.0_+0.5_w0.50,0.0,0.0
mix_-1.0_+0.5_w0.50,0.0,400,12,-6.0,mix_-1.0_+0.5_w0.50,0.0,0.0
mix_-1.0_+0.5_w0.50,0.0,800,12,-6.0,mix_-1.0_+0.5_w0.50,0.0,0.0
mix_-1.0_+0.5_w0.50,0.0,1600,12,-6.0,mix_-1.0_+0.5_w0.50,0.0,0.0
mix_-1.0_+0.5_w0.50,0.0,100,13,-6.0,mix_-1.0_+0.5_w0.50,0.0,0.0
mix_-1.0_+0.5_w0.50,0.0,200,13,-6.0,mix_-1.0_+0.5_w0.50,0.0,0.0
mix_-1.0_+0.5_w0.50,0.0,400,13,-6.0,mix_-1.0_+0.5_w0.50,0.0,0.0
mix_-1.0_+0.5_w0.50,0.0,800,13,-6.0,mix_-1.0_+0.5_w0.50,0.0,0.0
mix_-1.0_+0.5_w0.50,0.0,1600,13,-6.0,mix_-1.0_+0.5_w0.50,0.0,0.0
mix_-1.0_+0.5_w0.50,0.0,100,14,-6.0,mix_-1.0_+0.5_w0.25,0.012535222416389186,0.13668641556451236
mix_-1.0_+0.5_w0.50,0.0,200,14,-6.0,mix_-1.0_+1.0_w0.525,0.007990784255279777,0.0865746563837012
mix_-1.0_+0.5_w0.50,0.0,400,14,-6.0,mix_-1.0_+0.5_w0.50,0.0,0.0
mix_-1.0_+0.5_w0.50,0.0,800,14,-6.0,mix_-1.0_+0.5_w0.50,0.0,0.0
mix_-1.0_+0.5_w0.50,0.0,1600,14,-6.0,mix_-1.0_+0.5_w0.50,0.0,0.0
mix_-1.0_+0.5_w0.50,0.0,100,15,-6.0,mix_-0.5_+1.0_w0.75,0.0035145266410161894,0.05142895014540709
mix_-1.0_+0.5_w0.50,0.0,200,15,-6.0,mix_-1.0_+0.5_w0.50,0.0,0.0
mix_-1.0_+0.5_w0.50,0.0,400,15,-6.0,mix_-1.0_+0.5_w0.50,0.0,0.0
mix_-1.0_+0.5_w0.50,0.0,800,15,-6.0,mix_-1.0_+0.5_w0.50,0.0,0.0
mix_-1.0_+0.5_w0.50,0.0,1600,15,-6.0,mix_-1.0_+0.5_w0.50,0.0,0.0
mix_-1.0_+0.5_w0.50,0.0,100,16,-6.0,mix_-1.0_+0.5_w0.50,0.0,0.0
mix_-1.0_+0.5_w0.50,0.0,200,16,-6.0,mix_-1.0_+0.5_w0.50,0.0,0.0
mix_-1.0_+0.5_w0.50,0.0,400,16,-6.0,mix_-0.5_+1.0_w0.75,0.0035145266410161894,0.05142895014540709
mix_-1.0_+0.5_w0.50,0.0,800,16,-6.0,mix_-1.0_+0.5_w0.50,0.0,0.0
mix_-1.0_+0.5_w0.50,0.0,1600,16,-6.0,mix_-1.0_+0.5_w0.50,0.0,0.0
mix_-1.0_+0.5_w0.50,0.0,100,17,-6.0,mix_-0.5_+0.5_w0.75,0.0055094712158152955,0.08259986718851509
mix_-1.0_+0.5_w0.50,0.0,200,17,-6.0,mix_-1.0_+0.5_w0.50,0.0,0.0
mix_-1.0_+0.5_w0.50,0.0,400,17,-6.0,mix_-1.0_+0.5_w0.50,0.0,0.0
mix_-1.0_+0.5_w0.50,0.0,800,17,-6.0,mix_-1.0_+0.5_w0.50,0.0,0.0
mix_-1.0_+0.5_w0.50,0.0,1600,17,-6.0,mix_-1.0_+0.5_w0.50,0.0,0.0
mix_-1.0_+0.5_w0.50,0.0,100,18,-6.0,mix_-1.0_+1.0_w0.525,0.007990784255279777,0.0865746563837012
mix_-1.0_+0.5_w0.50,0.0,200,18,-6.0,mix_-0.5_+1.0_w0.75,0.0035145266410161894,0.05142895014540709
mix_-1.0_+0.5_w0.50,0.0,400,18,-6.0,mix_-1.0_+0.5_w0.50,0.0,0.0
mix_-1.0_+0.5_w0.50,0.0,800,18,-6.0,mix_-1.0_+0.5_w0.50,0.0,0.0
mix_-1.0_+0.5_w0.50,0.0,1600,18,-6.0,mix_-1.0_+0.5_w0.50,0.0,0.0
mix_-1.0_+0.5_w0.50,0.0,100,19,-6.0,mix_-0.5_+1.0_w0.75,0.0035145266410161894,0.05142895014540709
mix_-1.0_+0.5_w0.50,0.0,200,19,-6.0,mix_-0.5_+0.5_w0.75,0.0055094712158152955,0.08259986718851509
mix_-1.0_+0.5_w0.50,0.0,400,19,-6.0,mix_-1.0_+0.5_w0.50,0.0,0.0
mix_-1.0_+0.5_w0.50,0.0,800,19,-6.0,mix_-1.0_+0.5_w0.50,0.0,0.0
mix_-1.0_+0.5_w0.50,0.0,1600,19,-6.0,mix_-1.0_+0.5_w0.50,0.0,0.0
mix_-1.0_+0.5_w0.50,0.0,100,20,-6.0,mix_-0.5_+0.5_w0.50,0.009073754319555628,0.09870638005820911
mix_-1.0_+0.5_w0.50,0.0,200,20,-6.0,mix_-1.0_+0.5_w0.50,0.0,0.0
mix_-1.0_+0.5_w0.50,0.0,400,20,-6.0,mix_-1.0_+0.5_w0.50,0.0,0.0
mix_-1.0_+0.5_w0.50,0.0,800,20,-6.0,mix_-1.0_+0.5_w0.50,0.0,0.0
mix_-1.0_+0.5_w0.50,0.0,1600,20,-6.0,mix_-1.0_+0.5_w0.50,0.0,0.0
mix_-1.0_+0.5_w0.50,0.0,100,21,-6.0,mix_-1.0_+0.5_w0.50,0.0,0.0
mix_-1.0_+0.5_w0.50,0.0,200,21,-6.0,mix_-1.0_+0.5_w0.50,0.0,0.0
mix_-1.0_+0.5_w0.50,0.0,400,21,-6.0,mix_-1.0_+0.5_w0.50,0.0,0.0
mix_-1.0_+0.5_w0.50,0.0,800,21,-6.0,mix_-1.0_+0.5_w0.50,0.0,0.0
mix_-1.0_+0.5_w0.50,0.0,1600,21,-6.0,mix_-1.0_+0.5_w0.50,0.0,0.0
mix_-1.0_+0.5_w0.50,0.0,100,22,-6.0,mix_-0.5_+1.0_w0.75,0.0035145266410161894,0.05142895014540709
mix_-1.0_+0.5_w0.50,0.0,200,22,-6.0,mix_-0.5_+0.5_w0.75,0.0055094712158152955,0.08259986718851509
mix_-1.0_+0.5_w0.50,0.0,400,22,-6.0,mix_-1.0_+0.5_w0.50,0.0,0.0
mix_-1.0_+0.5_w0.50,0.0,800,22,-6.0,mix_-1.0_+0.5_w0.50,0.0,0.0
mix_-1.0_+0.5_w0.50,0.0,1600,22,-6.0,mix_-1.0_+0.5_w0.50,0.0,0.0
mix_-1.0_+0.5_w0.50,0.0,100,23,-6.0,mix_-1.0_+1.0_w0.525,0.007990784255279777,0.0865746563837012
mix_-1.0_+0.5_w0.50,0.0,200,23,-6.0,mix_-1.0_+0.5_w0.50,0.0,0.0
mix_-1.0_+0.5_w0.50,0.0,400,23,-6.0,mix_-1.0_+0.5_w0.50,0.0,0.0
mix_-1.0_+0.5_w0.50,0.0,800,23,-6.0,mix_-1.0_+0.5_w0.50,0.0,0.0
mix_-1.0_+0.5_w0.50,0.0,1600,23,-6.0,mix_-1.0_+0.5_w0.50,0.0,0.0
mix_-1.0_+0.5_w0.50,0.0,100,24,-6.0,mix_-0.5_+0.5_w0.50,0.009073754319555628,0.09870638005820911
mix_-1.0_+0.5_w0.50,0.0,200,24,-6.0,mix_-1.0_+0.5_w0.50,0.0,0.0
mix_-1.0_+0.5_w0.50,0.0,400,24,-6.0,mix_-1.0_+0.5_w0.50,0.0,0.0
mix_-1.0_+0.5_w0.50,0.0,800,24,-6.0,mix_-0.5_+1.0_w0.75,0.0035145266410161894,0.05142895014540709
mix_-1.0_+0.5_w0.50,0.0,1600,24,-6.0,mix_-1.0_+0.5_w0.50,0.0,0.0
mix_-1.0_+0.5_w0.50,0.0,100,25,-6.0,mix_-1.0_+0.5_w0.50,0.0,0.0
mix_-1.0_+0.5_w0.50,0.0,200,25,-6.0,mix_-1.0_+0.5_w0.50,0.0,0.0
mix_-1.0_+0.5_w0.50,0.0,400,25,-6.0,mix_-1.0_+0.5_w0.50,0.0,0.0
mix_-1.0_+0.5_w0.50,0.0,800,25,-6.0,mix_-0.5_+1.0_w0.75,0.0035145266410161894,0.05142895014540709
mix_-1.0_+0.5_w0.50,0.0,1600,25,-6.0,mix_-1.0_+0.5_w0.50,0.0,0.0
mix_-1.0_+0.5_w0.50,0.0,100,26,-6.0,mix_-1.0_+0.5_w0.50,0.0,0.0
mix_-1.0_+0.5_w0.50,0.0,200,26,-6.0,mix_-1.0_+0.5_w0.50,0.0,0.0
mix_-1.0_+0.5_w0.50,0.0,400,26,-6.0,mix_-1.0_+0.5_w0.50,0.0,0.0
mix_-1.0_+0.5_w0.50,0.0,800,26,-6.0,mix_-1.0_+0.5_w0.50,0.0,0.0
mix_-1.0_+0.5_w0.50,0.0,1600,26,-6.0,mix_-1.0_+0.5_w0.50,0.0,0.0
mix_-1.0_+0.5_w0.50,0.0,100,27,-6.0,mix_-1.0_+1.0_w0.525,0.007990784255279777,0.0865746563837012
mix_-1.0_+0.5_w0.50,0.0,200,27,-6.0,mix_-1.0_+0.5_w0.50,0.0,0.0
mix_-1.0_+0.5_w0.50,0.0,400,27,-6.0,mix_-1.0_+0.5_w0.50,0.0,0.0
mix_-1.0_+0.5_w0.50,0.0,800,27,-6.0,mix_-1.0_+0.5_w0.50,0.0,0.0
mix_-1.0_+0.5_w0.50,0.0,1600,27,-6.0,mix_-1.0_+0.5_w0.50,0.0,0.0
mix_-1.0_+0.5_w0.50,0.0,100,28,-6.0,mix_-1.0_+0.5_w0.50,0.0,0.0
mix_-1.0_+0.5_w0.50,0.0,200,28,-6.0,mix_-1.0_+0.5_w0.50,0.0,0.0
mix_-1.0_+0.5_w0.50,0.0,400,28,-6.0,mix_-1.0_+0.5_w0.50,0.0,0.0
mix_-1.0_+0.5_w0.50,0.0,800,28,-6.0,mix_-1.0_+0.5_w0.50,0.0,0.0
mix_-1.0_+0.5_w0.50,0.0,1600,28,-6.0,mix_-0.5_+1.0_w0.75,0.0035145266410161894,0.05142895014540709
mix_-1.0_+0.5_w0.50,0.0,100,29,-6.0,mix_-1.0_+1.0_w0.75,0.008638817916431668,0.11700069301322064
mix_-1.0_+0.5_w0.50,0.0,200,29,-6.0,mix_-1.0_+0.5_w0.50,0.0,0.0
mix_-1.0_+0.5_w0.50,0.0,400,29,-6.0,mix_-1.0_+0.5_w0.50,0.0,0.0
mix_-1.0_+0.5_w0.50,0.0,800,29,-6.0,mix_-1.0_+0.5_w0.50,0.0,0.0
mix_-1.0_+0.5_w0.50,0.0,1600,29,-6.0,mix_-1.0_+0.5_w0.50,0.0,0.0
mix_-1.0_+0.5_w0.50,0.0,100,30,-6.0,mix_-1.0_+1.0_w0.525,0.007990784255279777,0.0865746563837012
mix_-1.0_+0.5_w0.50,0.0,200,30,-6.0,mix_-1.0_+0.5_w0.50,0.0,0.0
mix_-1.0_+0.5_w0.50,0.0,400,30,-6.0,mix_-1.0_+0.5_w0.50,0.0,0.0
mix_-1.0_+0.5_w0.50,0.0,800,30,-6.0,mix_-1.0_+0.5_w0.50,0.0,0.0
mix_-1.0_+0.5_w0.50,0.0,1600,30,-6.0,mix_-1.0_+0.5_w0.50,0.0,0.0
mix_-1.0_+0.5_w0.50,0.0,100,31,-6.0,mix_-1.0_+0.5_w0.50,0.0,0.0
mix_-1.0_+0.5_w0.50,0.0,200,31,-6.0,mix_-1.0_+0.5_w0.50,0.0,0.0
mix_-1.0_+0.5_w0.50,0.0,400,31,-6.0,mix_-1.0_+0.5_w0.50,0.0,0.0
mix_-1.0_+0.5_w0.50,0.0,800,31,-6.0,mix_-1.0_+0.5_w0.50,0.0,0.0
mix_-1.0_+0.5_w0.50,0.0,1600,31,-6.0,mix_-1.0_+0.5_w0.50,0.0,0.0
mix_-1.0_+0.5_w0.50,0.0,100,32,-6.0,mix_-1.0_+1.0_w0.525,0.007990784255279777,0.0865746563837012
mix_-1.0_+0.5_w0.50,0.0,200,32,-6.0,mix_-1.0_+0.5_w0.50,0.0,0.0
mix_-1.0_+0.5_w0.50,0.0,400,32,-6.0,mix_-0.5_+1.0_w0.75,0.0035145266410161894,0.05142895014540709
mix_-1.0_+0.5_w0.50,0.0,800,32,-6.0,mix_-1.0_+0.5_w0.50,0.0,0.0
mix_-1.0_+0.5_w0.50,0.0,1600,32,-6.0,mix_-1.0_+0.5_w0.50,0.0,0.0
mix_-1.0_+0.5_w0.50,0.0,100,33,-6.0,mix_-1.0_+1.0_w0.75,0.008638817916431668,0.11700069301322064
mix_-1.0_+0.5_w0.50,0.0,200,33,-6.0,mix_-1.0_+0.5_w0.50,0.0,0.0
mix_-1.0_+0.5_w0.50,0.0,400,33,-6.0,mix_-1.0_+0.5_w0.50,0.0,0.0
mix_-1.0_+0.5_w0.50,0.0,800,33,-6.0,mix_-1.0_+0.5_w0.50,0.0,0.0
mix_-1.0_+0.5_w0.50,0.0,1600,33,-6.0,mix_-1.0_+0.5_w0.50,0.0,0.0
mix_-1.0_+0.5_w0.50,0.0,100,34,-6.0,mix_-1.0_+0.5_w0.50,0.0,0.0
mix_-1.0_+0.5_w0.50,0.0,200,34,-6.0,mix_-1.0_+0.5_w0.50,0.0,0.0
mix_-1.0_+0.5_w0.50,0.0,400,34,-6.0,mix_-1.0_+0.5_w0.50,0.0,0.0
mix_-1.0_+0.5_w0.50,0.0,800,34,-6.0,mix_-1.0_+0.5_w0.50,0.0,0.0
mix_-1.0_+0.5_w0.50,0.0,1600,34,-6.0,mix_-0.5_+1.0_w0.75,0.0035145266410161894,0.05142895014540709
mix_-1.0_+0.5_w0.50,0.0,100,35,-6.0,mix_-1.0_+0.5_w0.50,0.0,0.0
mix_-1.0_+0.5_w0.50,0.0,200,35,-6.0,mix_-1.0_+0.5_w0.50,0.0,0.0
mix_-1.0_+0.5_w0.50,0.0,400,35,-6.0,mix_-1.0_+0.5_w0.50,0.0,0.0
mix_-1.0_+0.5_w0.50,0.0,800,35,-6.0,mix_-1.0_+0.5_w0.50,0.0,0.0
mix_-1.0_+0.5_w0.50,0.0,1600,35,-6.0,mix_-1.0_+0.5_w0.50,0.0,0.0
mix_-1.0_+0.5_w0.50,0.0,100,36,-6.0,mix_-1.0_+0.5_w0.50,0.0,0.0
mix_-1.0_+0.5_w0.50,0.0,200,36,-6.0,mix_-1.0_+0.5_w0.50,0.0,0.0
mix_-1.0_+0.5_w0.50,0.0,400,36,-6.0,mix_-1.0_+0.5_w0.50,0.0,0.0
mix_-1.0_+0.5_w0.50,0.0,800,36,-6.0,mix_-0.5_+1.0_w0.75,0.0035145266410161894,0.05142895014540709
mix_-1.0_+0.5_w0.50,0.0,1600,36,-6.0,mix_-1.0_+0.5_w0.50,0.0,0.0
mix_-1.0_+0.5_w0.50,0.0,100,37,-6.0,mix_-0.5_+1.0_w0.75,0.0035145266410161894,0.05142895014540709
mix_-1.0_+0.5_w0.50,0.0,200,37,-6.0,mix_-0.5_+1.0_w0.75,0.0035145266410161894,0.05142895014540709
mix_-1.0_+0.5_w0.50,0.0,400,37,-6.0,mix_-0.5_+1.0_w0.75,0.0035145266410161894,0.05142895014540709
mix_-1.0_+0.5_w0.50,0.0,800,37,-6.0,mix_-1.0_+0.5_w0.50,0.0,0.0
mix_-1.0_+0.5_w0.50,0.0,1600,37,-6.0,mix_-1.0_+0.5_w0.50,0.0,0.0
mix_-1.0_+0.5_w0.50,0.0,100,38,-6.0,mix_-1.0_+1.0_w0.525,0.007990784255279777,0.0865746563837012
mix_-1.0_+0.5_w0.50,0.0,200,38,-6.0,mix_-1.0_+0.5_w0.50,0.0,0.0
mix_-1.0_+0.5_w0.50,0.0,400,38,-6.0,mix_-1.0_+0.5_w0.50,0.0,0.0
mix_-1.0_+0.5_w0.50,0.0,800,38,-6.0,mix_-1.0_+0.5_w0.50,0.0,0.0
mix_-1.0_+0.5_w0.50,0.0,1600,38,-6.0,mix_-1.0_+0.5_w0.50,0.0,0.0
mix_-1.0_+0.5_w0.50,0.0,100,39,-6.0,mix_-0.5_+1.0_w0.75,0.0035145266410161894,0.05142895014540709
mix_-1.0_+0.5_w0.50,0.0,200,39,-6.0,mix_-1.0_+0.5_w0.50,0.0,0.0
mix_-1.0_+0.5_w0.50,0.0,400,39,-6.0,mix_-1.0_+0.5_w0.50,0.0,0.0
mix_-1.0_+0.5_w0.50,0.0,800,39,-6.0,mix_-1.0_+0.5_w0.50,0.0,0.0
mix_-1.0_+0.5_w0.50,0.0,1600,39,-6.0,mix_-1.0_+0.5_w0.50,0.0,0.0
mix_-1.0_+0.5_w0.50,0.02,100,0,-6.0,mix_-0.5_+1.0_w0.75,0.0035145266410161894,0.05142895014540709
mix_-1.0_+0.5_w0.50,0.02,200,0,-6.0,mix_-0.5_+1.0_w0.75,0.0035145266410161894,0.05142895014540709
mix_-1.0_+0.5_w0.50,0.02,400,0,-6.0,mix_-1.0_+0.5_w0.50,0.0,0.0
mix_-1.0_+0.5_w0.50,0.02,800,0,-6.0,mix_-1.0_+0.5_w0.50,0.0,0.0
mix_-1.0_+0.5_w0.50,0.02,1600,0,-6.0,mix_-1.0_+0.5_w0.50,0.0,0.0
mix_-1.0_+0.5_w0.50,0.02,100,1,-6.0,mix_-1.0_+0.5_w0.50,0.0,0.0
mix_-1.0_+0.5_w0.50,0.02,200,1,-6.0,mix_-0.5_+0.5_w0.75,0.0055094712158152955,0.08259986718851509
mix_-1.0_+0.5_w0.50,0.02,400,1,-6.0,mix_-1.0_+0.5_w0.50,0.0,0.0
mix_-1.0_+0.5_w0.50,0.02,800,1,-6.0,mix_-1.0_+0.5_w0.50,0.0,0.0
mix_-1.0_+0.5_w0.50,0.02,1600,1,-6.0,mix_-1.0_+0.5_w0.50,0.0,0.0
mix_-1.0_+0.5_w0.50,0.02,100,2,-6.0,mix_-1.0_+0.5_w0.50,0.0,0.0
mix_-1.0_+0.5_w0.50,0.02,200,2,-6.0,mix_-1.0_+0.5_w0.25,0.012535222416389186,0.13668641556451236
mix_-1.0_+0.5_w0.50,0.02,400,2,-6.0,mix_-1.0_+0.5_w0.50,0.0,0.0
mix_-1.0_+0.5_w0.50,0.02,800,2,-6.0,mix_-1.0_+0.5_w0.50,0.0,0.0
mix_-1.0_+0.5_w0.50,0.02,1600,2,-6.0,mix_-1.0_+0.5_w0.50,0.0,0.0
mix_-1.0_+0.5_w0.50,0.02,100,3,-6.0,mix_-1.0_+0.5_w0.50,0.0,0.0
mix_-1.0_+0.5_w0.50,0.02,200,3,-6.0,mix_-1.0_+0.5_w0.50,0.0,0.0
mix_-1.0_+0.5_w0.50,0.02,400,3,-6.0,mix_-1.0_+0.5_w0.50,0.0,0.0
mix_-1.0_+0.5_w0.50,0.02,800,3,-6.0,mix_-1.0_+0.5_w0.50,0.0,0.0
mix_-1.0_+0.5_w0.50,0.02,1600,3,-6.0,mix_-1.0_+0.5_w0.50,0.0,0.0
mix_-1.0_+0.5_w0.50,0.02,100,4,-6.0,mix_-1.0_+0.5_w0.50,0.0,0.0
mix_-1.0_+0.5_w0.50,0.02,200,4,-6.0,mix_-1.0_+0.5_w0.50,0.0,0.0
mix_-1.0_+0.5_w0.50,0.02,400,4,-6.0,mix_-1.0_+0.5_w0.50,0.0,0.0
mix_-1.0_+0.5_w0.50,0.02,800,4,-6.0,mix_-1.0_+0.5_w0.50,0.0,0.0
mix_-1.0_+0.5_w0.50,0.02,1600,4,-6.0,mix_-1.0_+0.5_w0.50,0.0,0.0
mix_-1.0_+0.5_w0.50,0.02,100,5,-6.0,mix_-1.0_+0.5_w0.50,0.0,0.0
mix_-1.0_+0.5_w0.50,0.02,200,5,-6.0,mix_-0.5_+0.5_w0.75,0.0055094712158152955,0.08259986718851509
mix_-1.0_+0.5_w0.50,0.02,400,5,-6.0,mix_-1.0_+0.5_w0.50,0.0,0.0
mix_-1.0_+0.5_w0.50,0.02,800,5,-6.0,mix_-1.0_+0.5_w0.50,0.0,0.0
mix_-1.0_+0.5_w0.50,0.02,1600,5,-6.0,mix_-1.0_+0.5_w0.50,0.0,0.0
mix_-1.0_+0.5_w0.50,0.02,100,6,-6.0,mix_-1.0_+1.0_w0.525,0.007990784255279777,0.0865746563837012
mix_-1.0_+0.5_w0.50,0.02,200,6,-6.0,mix_-0.5_+1.0_w0.75,0.0035145266410161894,0.05142895014540709
mix_-1.0_+0.5_w0.50,0.02,400,6,-6.0,mix_-1.0_+0.5_w0.50,0.0,0.0
mix_-1.0_+0.5_w0.50,0.02,800,6,-6.0,mix_-1.0_+0.5_w0.50,0.0,0.0
mix_-1.0_+0.5_w0.50,0.02,1600,6,-6.0,mix_-1.0_+0.5_w0.50,0.0,0.0
mix_-1.0_+0.5_w0.50,0.02,100,7,-6.0,mix_-1.0_+1.0_w0.525,0.007990784255279777,0.0865746563837012
mix_-1.0_+0.5_w0.50,0.02,200,7,-6.0,mix_-1.0_+0.5_w0.50,0.0,0.0
mix_-1.0_+0.5_w0.50,0.02,400,7,-6.0,mix_-1.0_+0.5_w0.50,0.0,0.0
mix_-1.0_+0.5_w0.50,0.02,800,7,-6.0,mix_-1.0_+0.5_w0.50,0.0,0.0
mix_-1.0_+0.5_w0.50,0.02,1600,7,-6.0,mix_-1.0_+0.5_w0.50,0.0,0.0
mix_-1.0_+0.5_w0.50,0.02,100,8,-6.0,mix_-1.0_+0.5_w0.50,0.0,0.0
mix_-1.0_+0.5_w0.50,0.02,200,8,-6.0,mix_-1.0_+1.0_w0.75,0.008638817916431668,0.11700069301322064
mix_-1.0_+0.5_w0.50,0.02,400,8,-6.0,mix_-1.0_+0.5_w0.50,0.0,0.0
mix_-1.0_+0.5_w0.50,0.02,800,8,-6.0,mix_-1.0_+0.5_w0.50,0.0,0.0
mix_-1.0_+0.5_w0.50,0.02,1600,8,-6.0,mix_-1.0_+0.5_w0.50,0.0,0.0
mix_-1.0_+0.5_w0.50,0.02,100,9,-6.0,mix_-1.0_+1.0_w0.75,0.008638817916431668,0.11700069301322064
mix_-1.0_+0.5_w0.50,0.02,200,9,-6.0,mix_-1.0_+0.5_w0.50,0.0,0.0
mix_-1.0_+0.5_w0.50,0.02,400,9,-6.0,mix_-1.0_+0.5_w0.50,0.0,0.0
mix_-1.0_+0.5_w0.50,0.02,800,9,-6.0,mix_-1.0_+0.5_w0.50,0.0,0.0
mix_-1.0_+0.5_w0.50,0.02,1600,9,-6.0,mix_-1.0_+0.5_w0.50,0.0,0.0
mix_-1.0_+0.5_w0.50,0.02,100,10,-6.0,mix_-1.0_+1.0_w0.475,0.011507323399469686,0.11294620828892588
mix_-1.0_+0.5_w0.50,0.02,200,10,-6.0,mix_-1.0_+0.5_w0.50,0.0,0.0
mix_-1.0_+0.5_w0.50,0.02,400,10,-6.0,mix_-1.0_+0.5_w0.50,0.0,0.0
mix_-1.0_+0.5_w0.50,0.02,800,10,-6.0,mix_-1.0_+0.5_w0.50,0.0,0.0
mix_-1.0_+0.5_w0.50,0.02,1600,10,-6.0,mix_-1.0_+0.5_w0.50,0.0,0.0
mix_-1.0_+0.5_w0.50,0.02,100,11,-6.0,mix_-1.0_+1.0_w0.525,0.007990784255279777,0.0865746563837012
mix_-1.0_+0.5_w0.50,0.02,200,11,-6.0,mix_-1.0_+1.0_w0.475,0.011507323399469686,0.11294620828892588
mix_-1.0_+0.5_w0.50,0.02,400,11,-6.0,mix_-1.0_+0.5_w0.50,0.0,0.0
mix_-1.0_+0.5_w0.50,0.02,800,11,-6.0,mix_-1.0_+0.5_w0.50,0.0,0.0
mix_-1.0_+0.5_w0.50,0.02,1600,11,-6.0,mix_-1.0_+0.5_w0.50,0.0,0.0
mix_-1.0_+0.5_w0.50,0.02,100,12,-6.0,mix_-1.0_+1.0_w0.75,0.008638817916431668,0.11700069301322064
mix_-1.0_+0.5_w0.50,0.02,200,12,-6.0,mix_-1.0_+0.5_w0.50,0.0,0.0
mix_-1.0_+0.5_w0.50,0.02,400,12,-6.0,mix_-1.0_+0.5_w0.50,0.0,0.0
mix_-1.0_+0.5_w0.50,0.02,800,12,-6.0,mix_-1.0_+0.5_w0.50,0.0,0.0
mix_-1.0_+0.5_w0.50,0.02,1600,12,-6.0,mix_-1.0_+0.5_w0.50,0.0,0.0
mix_-1.0_+0.5_w0.50,0.02,100,13,-6.0,mix_-1.0_+0.5_w0.75,0.012535222416389193,0.13668641556451233
mix_-1.0_+0.5_w0.50,0.02,200,13,-6.0,mix_-1.0_+1.0_w0.525,0.007990784255279777,0.0865746563837012
mix_-1.0_+0.5_w0.50,0.02,400,13,-6.0,mix_-1.0_+0.5_w0.50,0.0,0.0
mix_-1.0_+0.5_w0.50,0.02,800,13,-6.0,mix_-1.0_+0.5_w0.50,0.0,0.0
mix_-1.0_+0.5_w0.50,0.02,1600,13,-6.0,mix_-1.0_+0.5_w0.50,0.0,0.0
mix_-1.0_+0.5_w0.50,0.02,100,14,-6.0,mix_-1.0_+0.5_w0.25,0.012535222416389186,0.13668641556451236
mix_-1.0_+0.5_w0.50,0.02,200,14,-6.0,mix_-1.0_+0.5_w0.50,0.0,0.0
mix_-1.0_+0.5_w0.50,0.02,400,14,-6.0,mix_-1.0_+0.5_w0.50,0.0,0.0
mix_-1.0_+0.5_w0.50,0.02,800,14,-6.0,mix_-1.0_+0.5_w0.50,0.0,0.0
mix_-1.0_+0.5_w0.50,0.02,1600,14,-6.0,mix_-1.0_+0.5_w0.50,0.0,0.0
mix_-1.0_+0.5_w0.50,0.02,100,15,-6.0,mix_-1.0_+0.5_w0.50,0.0,0.0
mix_-1.0_+0.5_w0.50,0.02,200,15,-6.0,mix_-0.5_+1.0_w0.75,0.0035145266410161894,0.05142895014540709
mix_-1.0_+0.5_w0.50,0.02,400,15,-6.0,mix_-1.0_+0.5_w0.50,0.0,0.0
mix_-1.0_+0.5_w0.50,0.02,800,15,-6.0,mix_-1.0_+0.5_w0.50,0.0,0.0
mix_-1.0_+0.5_w0.50,0.02,1600,15,-6.0,mix_-1.0_+0.5_w0.50,0.0,0.0
mix_-1.0_+0.5_w0.50,0.02,100,16,-6.0,mix_-0.5_+1.0_w0.75,0.0035145266410161894,0.05142895014540709
mix_-1.0_+0.5_w0.50,0.02,200,16,-6.0,mix_-1.0_+1.0_w0.75,0.008638817916431668,0.11700069301322064
mix_-1.0_+0.5_w0.50,0.02,400,16,-6.0,mix_-1.0_+0.5_w0.50,0.0,0.0
mix_-1.0_+0.5_w0.50,0.02,800,16,-6.0,mix_-1.0_+0.5_w0.50,0.0,0.0
mix_-1.0_+0.5_w0.50,0.02,1600,16,-6.0,mix_-1.0_+0.5_w0.50,0.0,0.0
mix_-1.0_+0.5_w0.50,0.02,100,17,-6.0,mix_-1.0_+0.5_w0.50,0.0,0.0
mix_-1.0_+0.5_w0.50,0.02,200,17,-6.0,mix_-1.0_+0.5_w0.50,0.0,0.0
mix_-1.0_+0.5_w0.50,0.02,400,17,-6.0,mix_-1.0_+0.5_w0.50,0.0,0.0
mix_-1.0_+0.5_w0.50,0.02,800,17,-6.0,mix_-1.0_+0.5_w0.50,0.0,0.0
mix_-1.0_+0.5_w0.50,0.02,1600,17,-6.0,mix_-1.0_+0.5_w0.50,0.0,0.0
mix_-1.0_+0.5_w0.50,0.02,100,18,-6.0,mix_-1.0_+0.5_w0.50,0.0,0.0
mix_-1.0_+0.5_w0.50,0.02,200,18,-6.0,mix_-0.5_+1.0_w0.75,0.0035145266410161894,0.05142895014540709
mix_-1.0_+0.5_w0.50,0.02,400,18,-6.0,mix_-1.0_+1.0_w0.525,0.007990784255279777,0.0865746563837012
mix_-1.0_+0.5_w0.50,0.02,800,18,-6.0,mix_-1.0_+0.5_w0.50,0.0,0.0
mix_-1.0_+0.5_w0.50,0.02,1600,18,-6.0,mix_-1.0_+0.5_w0.50,0.0,0.0
mix_-1.0_+0.5_w0.50,0.02,100,19,-6.0,mix_-1.0_+0.5_w0.50,0.0,0.0
mix_-1.0_+0.5_w0.50,0.02,200,19,-6.0,mix_-0.5_+0.5_w0.50,0.009073754319555628,0.09870638005820911
mix_-1.0_+0.5_w0.50,0.02,400,19,-6.0,mix_-1.0_+0.5_w0.50,0.0,0.0
mix_-1.0_+0.5_w0.50,0.02,800,19,-6.0,mix_-1.0_+0.5_w0.50,0.0,0.0
mix_-1.0_+0.5_w0.50,0.02,1600,19,-6.0,mix_-1.0_+0.5_w0.50,0.0,0.0
mix_-1.0_+0.5_w0.50,0.02,100,20,-6.0,mix_-1.0_+0.5_w0.50,0.0,0.0
mix_-1.0_+0.5_w0.50,0.02,200,20,-6.0,mix_-1.0_+0.5_w0.50,0.0,0.0
mix_-1.0_+0.5_w0.50,0.02,400,20,-6.0,mix_-1.0_+0.5_w0.50,0.0,0.0
mix_-1.0_+0.5_w0.50,0.02,800,20,-6.0,mix_-1.0_+0.5_w0.50,0.0,0.0
mix_-1.0_+0.5_w0.50,0.02,1600,20,-6.0,mix_-1.0_+0.5_w0.50,0.0,0.0
mix_-1.0_+0.5_w0.50,0.02,100,21,-6.0,mix_-0.5_+0.5_w0.75,0.0055094712158152955,0.08259986718851509
mix_-1.0_+0.5_w0.50,0.02,200,21,-6.0,mix_-1.0_+0.5_w0.50,0.0,0.0
mix_-1.0_+0.5_w0.50,0.02,400,21,-6.0,mix_-1.0_+0.5_w0.50,0.0,0.0
mix_-1.0_+0.5_w0.50,0.02,800,21,-6.0,mix_-1.0_+0.5_w0.50,0.0,0.0
mix_-1.0_+0.5_w0.50,0.02,1600,21,-6.0,mix_-1.0_+0.5_w0.50,0.0,0.0
mix_-1.0_+0.5_w0.50,0.02,100,22,-6.0,mix_-1.0_+1.0_w0.50,0.009588090961338513,0.09870638005820911
mix_-1.0_+0.5_w0.50,0.02,200,22,-6.0,mix_-1.0_+0.5_w0.50,0.0,0.0
mix_-1.0_+0.5_w0.50,0.02,400,22,-6.0,mix_-1.0_+1.0_w0.525,0.007990784255279777,0.0865746563837012
mix_-1.0_+0.5_w0.50,0.02,800,22,-6.0,mix_-1.0_+0.5_w0.50,0.0,0.0
mix_-1.0_+0.5_w0.50,0.02,1600,22,-6.0,mix_-1.0_+0.5_w0.50,0.0,0.0
mix_-1.0_+0.5_w0.50,0.02,100,23,-6.0,mix_-1.0_+0.5_w0.50,0.0,0.0
mix_-1.0_+0.5_w0.50,0.02,200,23,-6.0,mix_-1.0_+0.5_w0.50,0.0,0.0
mix_-1.0_+0.5_w0.50,0.02,400,23,-6.0,mix_-1.0_+0.5_w0.50,0.0,0.0
mix_-1.0_+0.5_w0.50,0.02,800,23,-6.0,mix_-1.0_+0.5_w0.50,0.0,0.0
mix_-1.0_+0.5_w0.50,0.02,1600,23,-6.0,mix_-1.0_+0.5_w0.50,0.0,0.0
mix_-1.0_+0.5_w0.50,0.02,100,24,-6.0,mix_-1.0_+0.5_w0.50,0.0,0.0
mix_-1.0_+0.5_w0.50,0.02,200,24,-6.0,mix_-1.0_+0.5_w0.75,0.012535222416389193,0.13668641556451233
mix_-1.0_+0.5_w0.50,0.02,400,24,-6.0,mix_-1.0_+0.5_w0.50,0.0,0.0
mix_-1.0_+0.5_w0.50,0.02,800,24,-6.0,mix_-1.0_+0.5_w0.50,0.0,0.0
mix_-1.0_+0.5_w0.50,0.02,1600,24,-6.0,mix_-1.0_+0.5_w0.50,0.0,0.0
mix_-1.0_+0.5_w0.50,0.02,100,25,-6.0,mix_-1.0_+1.0_w0.525,0.007990784255279777,0.0865746563837012
mix_-1.0_+0.5_w0.50,0.02,200,25,-6.0,mix_-1.0_+0.5_w0.50,0.0,0.0
mix_-1.0_+0.5_w0.50,0.02,400,25,-6.0,mix_-1.0_+0.5_w0.50,0.0,0.0
mix_-1.0_+0.5_w0.50,0.02,800,25,-6.0,mix_-1.0_+0.5_w0.50,0.0,0.0
mix_-1.0_+0.5_w0.50,0.02,1600,25,-6.0,mix_-1.0_+0.5_w0.50,0.0,0.0
mix_-1.0_+0.5_w0.50,0.02,100,26,-6.0,mix_-1.0_+0.5_w0.50,0.0,0.0
mix_-1.0_+0.5_w0.50,0.02,200,26,-6.0,mix_-1.0_+0.5_w0.50,0.0,0.0
mix_-1.0_+0.5_w0.50,0.02,400,26,-6.0,mix_-1.0_+0.5_w0.50,0.0,0.0
mix_-1.0_+0.5_w0.50,0.02,800,26,-6.0,mix_-1.0_+0.5_w0.50,0.0,0.0
mix_-1.0_+0.5_w0.50,0.02,1600,26,-6.0,mix_-1.0_+0.5_w0.50,0.0,0.0
mix_-1.0_+0.5_w0.50,0.02,100,27,-6.0,mix_-1.0_+0.5_w0.50,0.0,0.0
mix_-1.0_+0.5_w0.50,0.02,200,27,-6.0,mix_-1.0_+0.5_w0.50,0.0,0.0
mix_-1.0_+0.5_w0.50,0.02,400,27,-6.0,mix_-1.0_+0.5_w0.50,0.0,0.0
mix_-1.0_+0.5_w0.50,0.02,800,27,-6.0,mix_-1.0_+0.5_w0.50,0.0,0.0
mix_-1.0_+0.5_w0.50,0.02,1600,27,-6.0,mix_-1.0_+0.5_w0.50,0.0,0.0
mix_-1.0_+0.5_w0.50,0.02,100,28,-6.0,mix_-1.0_+0.5_w0.50,0.0,0.0
mix_-1.0_+0.5_w0.50,0.02,200,28,-6.0,mix_-1.0_+0.5_w0.50,0.0,0.0
mix_-1.0_+0.5_w0.50,0.02,400,28,-6.0,mix_-1.0_+0.5_w0.50,0.0,0.0
mix_-1.0_+0.5_w0.50,0.02,800,28,-6.0,mix_-1.0_+0.5_w0.50,0.0,0.0
mix_-1.0_+0.5_w0.50,0.02,1600,28,-6.0,mix_-1.0_+0.5_w0.50,0.0,0.0
mix_-1.0_+0.5_w0.50,0.02,100,29,-6.0,mix_-1.0_+1.0_w0.75,0.008638817916431668,0.11700069301322064
mix_-1.0_+0.5_w0.50,0.02,200,29,-6.0,mix_-1.0_+0.5_w0.50,0.0,0.0
mix_-1.0_+0.5_w0.50,0.02,400,29,-6.0,mix_-1.0_+0.5_w0.50,0.0,0.0
mix_-1.0_+0.5_w0.50,0.02,800,29,-6.0,mix_-1.0_+0.5_w0.50,0.0,0.0
mix_-1.0_+0.5_w0.50,0.02,1600,29,-6.0,mix_-1.0_+0.5_w0.50,0.0,0.0
mix_-1.0_+0.5_w0.50,0.02,100,30,-6.0,mix_-1.0_+1.0_w0.75,0.008638817916431668,0.11700069301322064
mix_-1.0_+0.5_w0.50,0.02,200,30,-6.0,mix_-1.0_+0.5_w0.50,0.0,0.0
mix_-1.0_+0.5_w0.50,0.02,400,30,-6.0,mix_-1.0_+0.5_w0.50,0.0,0.0
mix_-1.0_+0.5_w0.50,0.02,800,30,-6.0,mix_-1.0_+0.5_w0.50,0.0,0.0
mix_-1.0_+0.5_w0.50,0.02,1600,30,-6.0,mix_-1.0_+0.5_w0.50,0.0,0.0
mix_-1.0_+0.5_w0.50,0.02,100,31,-6.0,mix_-1.0_+0.5_w0.50,0.0,0.0
mix_-1.0_+0.5_w0.50,0.02,200,31,-6.0,mix_-1.0_+0.5_w0.50,0.0,0.0
mix_-1.0_+0.5_w0.50,0.02,400,31,-6.0,mix_-1.0_+0.5_w0.50,0.0,0.0
mix_-1.0_+0.5_w0.50,0.02,800,31,-6.0,mix_-1.0_+0.5_w0.50,0.0,0.0
mix_-1.0_+0.5_w0.50,0.02,1600,31,-6.0,mix_-1.0_+0.5_w0.50,0.0,0.0
mix_-1.0_+0.5_w0.50,0.02,100,32,-6.0,mix_-1.0_+0.5_w0.50,0.0,0.0
mix_-1.0_+0.5_w0.50,0.02,200,32,-6.0,mix_-1.0_+1.0_w0.525,0.007990784255279777,0.0865746563837012
mix_-1.0_+0.5_w0.50,0.02,400,32,-6.0,mix_-1.0_+0.5_w0.50,0.0,0.0
mix_-1.0_+0.5_w0.50,0.02,800,32,-6.0,mix_-1.0_+0.5_w0.50,0.0,0.0
mix_-1.0_+0.5_w0.50,0.02,1600,32,-6.0,mix_-1.0_+0.5_w0.50,0.0,0.0
mix_-1.0_+0.5_w0.50,0.02,100,33,-6.0,mix_-1.0_+1.0_w0.525,0.007990784255279777,0.0865746563837012
mix_-1.0_+0.5_w0.50,0.02,200,33,-6.0,mix_-1.0_+0.5_w0.50,0.0,0.0
mix_-1.0_+0.5_w0.50,0.02,400,33,-6.0,mix_-1.0_+0.5_w0.50,0.0,0.0
mix_-1.0_+0.5_w0.50,0.02,800,33,-6.0,mix_-1.0_+0.5_w0.50,0.0,0.0
mix_-1.0_+0.5_w0.50,0.02,1600,33,-6.0,mix_-1.0_+0.5_w0.50,0.0,0.0
mix_-1.0_+0.5_w0.50,0.02,100,34,-6.0,mix_-1.0_+0.5_w0.50,0.0,0.0
mix_-1.0_+0.5_w0.50,0.02,200,34,-6.0,mix_-1.0_+0.5_w0.50,0.0,0.0
mix_-1.0_+0.5_w0.50,0.02,400,34,-6.0,mix_-1.0_+0.5_w0.50,0.0,0.0
mix_-1.0_+0.5_w0.50,0.02,800,34,-6.0,mix_-1.0_+0.5_w0.50,0.0,0.0
mix_-1.0_+0.5_w0.50,0.02,1600,34,-6.0,mix_-1.0_+0.5_w0.50,0.0,0.0
mix_-1.0_+0.5_w0.50,0.02,100,35,-6.0,mix_-0.5_+0.5_w0.75,0.0055094712158152955,0.08259986718851509
mix_-1.0_+0.5_w0.50,0.02,200,35,-6.0,mix_-1.0_+0.5_w0.50,0.0,0.0
mix_-1.0_+0.5_w0.50,0.02,400,35,-6.0,mix_-1.0_+1.0_w0.525,0.007990784255279777,0.0865746563837012
mix_-1.0_+0.5_w0.50,0.02,800,35,-6.0,mix_-1.0_+0.5_w0.50,0.0,0.0
mix_-1.0_+0.5_w0.50,0.02,1600,35,-6.0,mix_-1.0_+0.5_w0.50,0.0,0.0
mix_-1.0_+0.5_w0.50,0.02,100,36,-6.0,mix_-1.0_+1.0_w0.75,0.008638817916431668,0.11700069301322064
mix_-1.0_+0.5_w0.50,0.02,200,36,-6.0,mix_-1.0_+0.5_w0.50,0.0,0.0
mix_-1.0_+0.5_w0.50,0.02,400,36,-6.0,mix_-1.0_+0.5_w0.50,0.0,0.0
mix_-1.0_+0.5_w0.50,0.02,800,36,-6.0,mix_-1.0_+0.5_w0.50,0.0,0.0
mix_-1.0_+0.5_w0.50,0.02,1600,36,-6.0,mix_-1.0_+0.5_w0.50,0.0,0.0
mix_-1.0_+0.5_w0.50,0.02,100,37,-6.0,mix_-1.0_+1.0_w0.75,0.008638817916431668,0.11700069301322064
mix_-1.0_+0.5_w0.50,0.02,200,37,-6.0,mix_-1.0_+0.5_w0.50,0.0,0.0
mix_-1.0_+0.5_w0.50,0.02,400,37,-6.0,mix_-1.0_+0.5_w0.50,0.0,0.0
mix_-1.0_+0.5_w0.50,0.02,800,37,-6.0,mix_-1.0_+0.5_w0.50,0.0,0.0
mix_-1.0_+0.5_w0.50,0.02,1600,37,-6.0,mix_-1.0_+0.5_w0.50,0.0,0.0
mix_-1.0_+0.5_w0.50,0.02,100,38,-6.0,mix_-1.0_+1.0_w0.475,0.011507323399469686,0.11294620828892588
mix_-1.0_+0.5_w0.50,0.02,200,38,-6.0,mix_-1.0_+1.0_w0.525,0.007990784255279777,0.0865746563837012
mix_-1.0_+0.5_w0.50,0.02,400,38,-6.0,mix_-1.0_+1.0_w0.525,0.007990784255279777,0.0865746563837012
mix_-1.0_+0.5_w0.50,0.02,800,38,-6.0,mix_-1.0_+0.5_w0.50,0.0,0.0
mix_-1.0_+0.5_w0.50,0.02,1600,38,-6.0,mix_-1.0_+0.5_w0.50,0.0,0.0
mix_-1.0_+0.5_w0.50,0.02,100,39,-6.0,mix_-1.0_+0.5_w0.50,0.0,0.0
mix_-1.0_+0.5_w0.50,0.02,200,39,-6.0,mix_-0.5_+0.5_w0.50,0.009073754319555628,0.09870638005820911
mix_-1.0_+0.5_w0.50,0.02,400,39,-6.0,mix_-1.0_+0.5_w0.50,0.0,0.0
mix_-1.0_+0.5_w0.50,0.02,800,39,-6.0,mix_-1.0_+0.5_w0.50,0.0,0.0
mix_-1.0_+0.5_w0.50,0.02,1600,39,-6.0,mix_-1.0_+0.5_w0.50,0.0,0.0
mix_-1.0_+0.5_w0.50,0.05,100,0,-6.0,mix_-1.0_+0.5_w0.50,0.0,0.0
mix_-1.0_+0.5_w0.50,0.05,200,0,-6.0,mix_-1.0_+1.0_w0.525,0.007990784255279777,0.0865746563837012
mix_-1.0_+0.5_w0.50,0.05,400,0,-6.0,mix_-1.0_+0.5_w0.50,0.0,0.0
mix_-1.0_+0.5_w0.50,0.05,800,0,-6.0,mix_-1.0_+0.5_w0.50,0.0,0.0
mix_-1.0_+0.5_w0.50,0.05,1600,0,-6.0,mix_-1.0_+0.5_w0.50,0.0,0.0
mix_-1.0_+0.5_w0.50,0.05,100,1,-6.0,mix_-1.0_+1.0_w0.525,0.007990784255279777,0.0865746563837012
mix_-1.0_+0.5_w0.50,0.05,200,1,-6.0,mix_-1.0_+0.5_w0.50,0.0,0.0
mix_-1.0_+0.5_w0.50,0.05,400,1,-6.0,mix_-1.0_+0.5_w0.50,0.0,0.0
mix_-1.0_+0.5_w0.50,0.05,800,1,-6.0,mix_-1.0_+0.5_w0.50,0.0,0.0
mix_-1.0_+0.5_w0.50,0.05,1600,1,-6.0,mix_-1.0_+0.5_w0.50,0.0,0.0
mix_-1.0_+0.5_w0.50,0.05,100,2,-6.0,mix_-1.0_+1.0_w0.525,0.007990784255279777,0.0865746563837012
mix_-1.0_+0.5_w0.50,0.05,200,2,-6.0,mix_-1.0_+0.5_w0.50,0.0,0.0
mix_-1.0_+0.5_w0.50,0.05,400,2,-6.0,mix_-1.0_+0.5_w0.50,0.0,0.0
mix_-1.0_+0.5_w0.50,0.05,800,2,-6.0,mix_-1.0_+0.5_w0.50,0.0,0.0
mix_-1.0_+0.5_w0.50,0.05,1600,2,-6.0,mix_-1.0_+0.5_w0.50,0.0,0.0
mix_-1.0_+0.5_w0.50,0.05,100,3,-6.0,mix_-1.0_+0.5_w0.50,0.0,0.0
mix_-1.0_+0.5_w0.50,0.05,200,3,-6.0,mix_-1.0_+0.5_w0.50,0.0,0.0
mix_-1.0_+0.5_w0.50,0.05,400,3,-6.0,mix_-1.0_+0.5_w0.50,0.0,0.0
mix_-1.0_+0.5_w0.50,0.05,800,3,-6.0,mix_-1.0_+0.5_w0.50,0.0,0.0
mix_-1.0_+0.5_w0.50,0.05,1600,3,-6.0,mix_-1.0_+0.5_w0.50,0.0,0.0
mix_-1.0_+0.5_w0.50,0.05,100,4,-6.0,mix_-1.0_+0.5_w0.50,0.0,0.0
mix_-1.0_+0.5_w0.50,0.05,200,4,-6.0,mix_-1.0_+0.5_w0.50,0.0,0.0
mix_-1.0_+0.5_w0.50,0.05,400,4,-6.0,mix_-1.0_+0.5_w0.50,0.0,0.0
mix_-1.0_+0.5_w0.50,0.05,800,4,-6.0,mix_-1.0_+0.5_w0.50,0.0,0.0
mix_-1.0_+0.5_w0.50,0.05,1600,4,-6.0,mix_-1.0_+0.5_w0.50,0.0,0.0
mix_-1.0_+0.5_w0.50,0.05,100,5,-6.0,mix_-1.0_+1.0_w0.525,0.007990784255279777,0.0865746563837012
mix_-1.0_+0.5_w0.50,0.05,200,5,-6.0,mix_-0.5_+1.0_w0.75,0.0035145266410161894,0.05142895014540709
mix_-1.0_+0.5_w0.50,0.05,400,5,-6.0,mix_-1.0_+0.5_w0.50,0.0,0.0
mix_-1.0_+0.5_w0.50,0.05,800,5,-6.0,mix_-1.0_+0.5_w0.50,0.0,0.0
mix_-1.0_+0.5_w0.50,0.05,1600,5,-6.0,mix_-1.0_+0.5_w0.50,0.0,0.0
mix_-1.0_+0.5_w0.50,0.05,100,6,-6.0,mix_-1.0_+0.5_w0.50,0.0,0.0
mix_-1.0_+0.5_w0.50,0.05,200,6,-6.0,mix_-0.5_+1.0_w0.75,0.0035145266410161894,0.05142895014540709
mix_-1.0_+0.5_w0.50,0.05,400,6,-6.0,mix_-1.0_+0.5_w0.50,0.0,0.0
mix_-1.0_+0.5_w0.50,0.05,800,6,-6.0,mix_-1.0_+0.5_w0.50,0.0,0.0
mix_-1.0_+0.5_w0.50,0.05,1600,6,-6.0,mix_-1.0_+0.5_w0.50,0.0,0.0
mix_-1.0_+0.5_w0.50,0.05,100,7,-6.0,mix_-1.0_+0.5_w0.50,0.0,0.0
mix_-1.0_+0.5_w0.50,0.05,200,7,-6.0,mix_-1.0_+1.0_w0.75,0.008638817916431668,0.11700069301322064
mix_-1.0_+0.5_w0.50,0.05,400,7,-6.0,mix_-1.0_+0.5_w0.50,0.0,0.0
mix_-1.0_+0.5_w0.50,0.05,800,7,-6.0,mix_-1.0_+0.5_w0.50,0.0,0.0
mix_-1.0_+0.5_w0.50,0.05,1600,7,-6.0,mix_-1.0_+0.5_w0.50,0.0,0.0
mix_-1.0_+0.5_w0.50,0.05,100,8,-6.0,mix_-1.0_+0.5_w0.50,0.0,0.0
mix_-1.0_+0.5_w0.50,0.05,200,8,-6.0,mix_-1.0_+0.5_w0.50,0.0,0.0
mix_-1.0_+0.5_w0.50,0.05,400,8,-6.0,mix_-1.0_+0.5_w0.50,0.0,0.0
mix_-1.0_+0.5_w0.50,0.05,800,8,-6.0,mix_-1.0_+0.5_w0.50,0.0,0.0
mix_-1.0_+0.5_w0.50,0.05,1600,8,-6.0,mix_-1.0_+0.5_w0.50,0.0,0.0
mix_-1.0_+0.5_w0.50,0.05,100,9,-6.0,mix_-1.0_+1.0_w0.75,0.008638817916431668,0.11700069301322064
mix_-1.0_+0.5_w0.50,0.05,200,9,-6.0,mix_-1.0_+0.5_w0.50,0.0,0.0
mix_-1.0_+0.5_w0.50,0.05,400,9,-6.0,mix_-1.0_+0.5_w0.50,0.0,0.0
mix_-1.0_+0.5_w0.50,0.05,800,9,-6.0,mix_-1.0_+0.5_w0.50,0.0,0.0
mix_-1.0_+0.5_w0.50,0.05,1600,9,-6.0,mix_-1.0_+0.5_w0.50,0.0,0.0
mix_-1.0_+0.5_w0.50,0.05,100,10,-6.0,mix_-1.0_+0.5_w0.50,0.0,0.0
mix_-1.0_+0.5_w0.50,0.05,200,10,-6.0,mix_-1.0_+0.5_w0.50,0.0,0.0
mix_-1.0_+0.5_w0.50,0.05,400,10,-6.0,mix_-1.0_+1.0_w0.525,0.007990784255279777,0.0865746563837012
mix_-1.0_+0.5_w0.50,0.05,800,10,-6.0,mix_-1.0_+0.5_w0.50,0.0,0.0
mix_-1.0_+0.5_w0.50,0.05,1600,10,-6.0,mix_-1.0_+0.5_w0.50,0.0,0.0
mix_-1.0_+0.5_w0.50,0.05,100,11,-6.0,mix_-1.0_+1.0_w0.525,0.007990784255279777,0.0865746563837012
mix_-1.0_+0.5_w0.50,0.05,200,11,-6.0,mix_-1.0_+0.5_w0.50,0.0,0.0
mix_-1.0_+0.5_w0.50,0.05,400,11,-6.0,mix_-1.0_+0.5_w0.50,0.0,0.0
mix_-1.0_+0.5_w0.50,0.05,800,11,-6.0,mix_-1.0_+0.5_w0.50,0.0,0.0
mix_-1.0_+0.5_w0.50,0.05,1600,11,-6.0,mix_-1.0_+0.5_w0.50,0.0,0.0
mix_-1.0_+0.5_w0.50,0.05,100,12,-6.0,mix_-1.0_+1.0_w0.525,0.007990784255279777,0.0865746563837012
mix_-1.0_+0.5_w0.50,0.05,200,12,-6.0,mix_-1.0_+0.5_w0.50,0.0,0.0
mix_-1.0_+0.5_w0.50,0.05,400,12,-6.0,mix_-1.0_+0.5_w0.50,0.0,0.0
mix_-1.0_+0.5_w0.50,0.05,800,12,-6.0,mix_-1.0_+0.5_w0.50,0.0,0.0
mix_-1.0_+0.5_w0.50,0.05,1600,12,-6.0,mix_-1.0_+0.5_w0.50,0.0,0.0
mix_-1.0_+0.5_w0.50,0.05,100,13,-6.0,mix_-1.0_+0.5_w0.50,0.0,0.0
mix_-1.0_+0.5_w0.50,0.05,200,13,-6.0,mix_-1.0_+1.0_w0.75,0.008638817916431668,0.11700069301322064
mix_-1.0_+0.5_w0.50,0.05,400,13,-6.0,mix_-1.0_+0.5_w0.50,0.0,0.0
mix_-1.0_+0.5_w0.50,0.05,800,13,-6.0,mix_-1.0_+0.5_w0.50,0.0,0.0
mix_-1.0_+0.5_w0.50,0.05,1600,13,-6.0,mix_-1.0_+0.5_w0.50,0.0,0.0
mix_-1.0_+0.5_w0.50,0.05,100,14,-6.0,point_-0.5,0.019355627343942066,0.14202722083605684
mix_-1.0_+0.5_w0.50,0.05,200,14,-6.0,mix_-1.0_+1.0_w0.75,0.008638817916431668,0.11700069301322064
mix_-1.0_+0.5_w0.50,0.05,400,14,-6.0,mix_-1.0_+0.5_w0.50,0.0,0.0
mix_-1.0_+0.5_w0.50,0.05,800,14,-6.0,mix_-1.0_+0.5_w0.50,0.0,0.0
mix_-1.0_+0.5_w0.50,0.05,1600,14,-6.0,mix_-1.0_+0.5_w0.50,0.0,0.0
mix_-1.0_+0.5_w0.50,0.05,100,15,-6.0,mix_-0.5_+0.5_w0.75,0.0055094712158152955,0.08259986718851509
mix_-1.0_+0.5_w0.50,0.05,200,15,-6.0,mix_-0.5_+0.5_w0.75,0.0055094712158152955,0.08259986718851509
mix_-1.0_+0.5_w0.50,0.05,400,15,-6.0,mix_-1.0_+0.5_w0.50,0.0,0.0
mix_-1.0_+0.5_w0.50,0.05,800,15,-6.0,mix_-1.0_+0.5_w0.50,0.0,0.0
mix_-1.0_+0.5_w0.50,0.05,1600,15,-6.0,mix_-1.0_+0.5_w0.50,0.0,0.0
mix_-1.0_+0.5_w0.50,0.05,100,16,-6.0,mix_-0.5_+1.0_w0.75,0.0035145266410161894,0.05142895014540709
mix_-1.0_+0.5_w0.50,0.05,200,16,-6.0,mix_-1.0_+0.5_w0.50,0.0,0.0
mix_-1.0_+0.5_w0.50,0.05,400,16,-6.0,mix_-1.0_+0.5_w0.50,0.0,0.0
mix_-1.0_+0.5_w0.50,0.05,800,16,-6.0,mix_-1.0_+0.5_w0.50,0.0,0.0
mix_-1.0_+0.5_w0.50,0.05,1600,16,-6.0,mix_-1.0_+0.5_w0.50,0.0,0.0
mix_-1.0_+0.5_w0.50,0.05,100,17,-6.0,mix_-1.0_+0.5_w0.50,0.0,0.0
mix_-1.0_+0.5_w0.50,0.05,200,17,-6.0,mix_-1.0_+1.0_w0.525,0.007990784255279777,0.0865746563837012
mix_-1.0_+0.5_w0.50,0.05,400,17,-6.0,mix_-1.0_+0.5_w0.50,0.0,0.0
mix_-1.0_+0.5_w0.50,0.05,800,17,-6.0,mix_-1.0_+0.5_w0.50,0.0,0.0
mix_-1.0_+0.5_w0.50,0.05,1600,17,-6.0,mix_-1.0_+0.5_w0.50,0.0,0.0
mix_-1.0_+0.5_w0.50,0.05,100,18,-6.0,mix_-1.0_+0.5_w0.50,0.0,0.0
mix_-1.0_+0.5_w0.50,0.05,200,18,-6.0,mix_-1.0_+0.5_w0.50,0.0,0.0
mix_-1.0_+0.5_w0.50,0.05,400,18,-6.0,mix_-1.0_+0.5_w0.50,0.0,0.0
mix_-1.0_+0.5_w0.50,0.05,800,18,-6.0,mix_-1.0_+0.5_w0.50,0.0,0.0
mix_-1.0_+0.5_w0.50,0.05,1600,18,-6.0,mix_-1.0_+0.5_w0.50,0.0,0.0
mix_-1.0_+0.5_w0.50,0.05,100,19,-6.0,mix_-1.0_+1.0_w0.50,0.009588090961338513,0.09870638005820911
mix_-1.0_+0.5_w0.50,0.05,200,19,-6.0,mix_-1.0_+0.5_w0.50,0.0,0.0
mix_-1.0_+0.5_w0.50,0.05,400,19,-6.0,mix_-1.0_+0.5_w0.50,0.0,0.0
mix_-1.0_+0.5_w0.50,0.05,800,19,-6.0,mix_-1.0_+1.0_w0.525,0.007990784255279777,0.0865746563837012
mix_-1.0_+0.5_w0.50,0.05,1600,19,-6.0,mix_-1.0_+0.5_w0.50,0.0,0.0
mix_-1.0_+0.5_w0.50,0.05,100,20,-6.0,mix_-1.0_+0.5_w0.50,0.0,0.0
mix_-1.0_+0.5_w0.50,0.05,200,20,-6.0,mix_-1.0_+1.0_w0.75,0.008638817916431668,0.11700069301322064
mix_-1.0_+0.5_w0.50,0.05,400,20,-6.0,mix_-1.0_+0.5_w0.50,0.0,0.0
mix_-1.0_+0.5_w0.50,0.05,800,20,-6.0,mix_-1.0_+0.5_w0.50,0.0,0.0
mix_-1.0_+0.5_w0.50,0.05,1600,20,-6.0,mix_-1.0_+0.5_w0.50,0.0,0.0
mix_-1.0_+0.5_w0.50,0.05,100,21,-6.0,mix_-1.0_+1.0_w0.525,0.007990784255279777,0.0865746563837012
mix_-1.0_+0.5_w0.50,0.05,200,21,-6.0,mix_-1.0_+0.5_w0.50,0.0,0.0
mix_-1.0_+0.5_w0.50,0.05,400,21,-6.0,mix_-1.0_+0.5_w0.50,0.0,0.0
mix_-1.0_+0.5_w0.50,0.05,800,21,-6.0,mix_-1.0_+0.5_w0.50,0.0,0.0
mix_-1.0_+0.5_w0.50,0.05,1600,21,-6.0,mix_-1.0_+0.5_w0.50,0.0,0.0
mix_-1.0_+0.5_w0.50,0.05,100,22,-6.0,mix_-1.0_+1.0_w0.75,0.008638817916431668,0.11700069301322064
mix_-1.0_+0.5_w0.50,0.05,200,22,-6.0,mix_-1.0_+0.5_w0.50,0.0,0.0
mix_-1.0_+0.5_w0.50,0.05,400,22,-6.0,mix_-1.0_+0.5_w0.50,0.0,0.0
mix_-1.0_+0.5_w0.50,0.05,800,22,-6.0,mix_-1.0_+0.5_w0.50,0.0,0.0
mix_-1.0_+0.5_w0.50,0.05,1600,22,-6.0,mix_-1.0_+0.5_w0.50,0.0,0.0
mix_-1.0_+0.5_w0.50,0.05,100,23,-6.0,mix_-1.0_+0.5_w0.50,0.0,0.0
mix_-1.0_+0.5_w0.50,0.05,200,23,-6.0,mix_-1.0_+1.0_w0.75,0.008638817916431668,0.11700069301322064
mix_-1.0_+0.5_w0.50,0.05,400,23,-6.0,mix_-1.0_+0.5_w0.50,0.0,0.0
mix_-1.0_+0.5_w0.50,0.05,800,23,-6.0,mix_-1.0_+0.5_w0.50,0.0,0.0
mix_-1.0_+0.5_w0.50,0.05,1600,23,-6.0,mix_-1.0_+0.5_w0.50,0.0,0.0
mix_-1.0_+0.5_w0.50,0.05,100,24,-6.0,mix_-0.5_+0.5_w0.75,0.0055094712158152955,0.08259986718851509
mix_-1.0_+0.5_w0.50,0.05,200,24,-6.0,mix_-1.0_+1.0_w0.75,0.008638817916431668,0.11700069301322064
mix_-1.0_+0.5_w0.50,0.05,400,24,-6.0,mix_-1.0_+0.5_w0.50,0.0,0.0
mix_-1.0_+0.5_w0.50,0.05,800,24,-6.0,mix_-1.0_+0.5_w0.50,0.0,0.0
mix_-1.0_+0.5_w0.50,0.05,1600,24,-6.0,mix_-1.0_+0.5_w0.50,0.0,0.0
mix_-1.0_+0.5_w0.50,0.05,100,25,-6.0,mix_-1.0_+0.5_w0.50,0.0,0.0
mix_-1.0_+0.5_w0.50,0.05,200,25,-6.0,mix_-1.0_+0.5_w0.50,0.0,0.0
mix_-1.0_+0.5_w0.50,0.05,400,25,-6.0,mix_-1.0_+1.0_w0.525,0.007990784255279777,0.0865746563837012
mix_-1.0_+0.5_w0.50,0.05,800,25,-6.0,mix_-1.0_+0.5_w0.50,0.0,0.0
mix_-1.0_+0.5_w0.50,0.05,1600,25,-6.0,mix_-1.0_+0.5_w0.50,0.0,0.0
mix_-1.0_+0.5_w0.50,0.05,100,26,-6.0,mix_-1.0_+0.5_w0.50,0.0,0.0
mix_-1.0_+0.5_w0.50,0.05,200,26,-6.0,mix_-1.0_+0.5_w0.50,0.0,0.0
mix_-1.0_+0.5_w0.50,0.05,400,26,-6.0,mix_-1.0_+0.5_w0.50,0.0,0.0
mix_-1.0_+0.5_w0.50,0.05,800,26,-6.0,mix_-1.0_+0.5_w0.50,0.0,0.0
mix_-1.0_+0.5_w0.50,0.05,1600,26,-6.0,mix_-1.0_+0.5_w0.50,0.0,0.0
mix_-1.0_+0.5_w0.50,0.05,100,27,-6.0,mix_-1.0_+1.0_w0.75,0.008638817916431668,0.11700069301322064
mix_-1.0_+0.5_w0.50,0.05,200,27,-6.0,mix_-1.0_+0.5_w0.50,0.0,0.0
mix_-1.0_+0.5_w0.50,0.05,400,27,-6.0,mix_-1.0_+0.5_w0.50,0.0,0.0
mix_-1.0_+0.5_w0.50,0.05,800,27,-6.0,mix_-1.0_+0.5_w0.50,0.0,0.0
mix_-1.0_+0.5_w0.50,0.05,1600,27,-6.0,mix_-1.0_+0.5_w0.50,0.0,0.0
mix_-1.0_+0.5_w0.50,0.05,100,28,-6.0,mix_-1.0_+1.0_w0.75,0.008638817916431668,0.11700069301322064
mix_-1.0_+0.5_w0.50,0.05,200,28,-6.0,mix_-0.5_+0.5_w0.75,0.0055094712158152955,0.08259986718851509
mix_-1.0_+0.5_w0.50,0.05,400,28,-6.0,mix_-1.0_+0.5_w0.50,0.0,0.0
mix_-1.0_+0.5_w0.50,0.05,800,28,-6.0,mix_-1.0_+0.5_w0.50,0.0,0.0
mix_-1.0_+0.5_w0.50,0.05,1600,28,-6.0,mix_-1.0_+0.5_w0.50,0.0,0.0
mix_-1.0_+0.5_w0.50,0.05,100,29,-6.0,mix_-1.0_+0.5_w0.50,0.0,0.0
mix_-1.0_+0.5_w0.50,0.05,200,29,-6.0,mix_-0.5_+0.5_w0.75,0.0055094712158152955,0.08259986718851509
mix_-1.0_+0.5_w0.50,0.05,400,29,-6.0,mix_-1.0_+0.5_w0.50,0.0,0.0
mix_-1.0_+0.5_w0.50,0.05,800,29,-6.0,mix_-1.0_+0.5_w0.50,0.0,0.0
mix_-1.0_+0.5_w0.50,0.05,1600,29,-6.0,mix_-1.0_+0.5_w0.50,0.0,0.0
mix_-1.0_+0.5_w0.50,0.05,100,30,-6.0,mix_-1.0_+0.5_w0.50,0.0,0.0
mix_-1.0_+0.5_w0.50,0.05,200,30,-6.0,mix_-1.0_+1.0_w0.75,0.008638817916431668,0.11700069301322064
mix_-1.0_+0.5_w0.50,0.05,400,30,-6.0,mix_-1.0_+0.5_w0.50,0.0,0.0
mix_-1.0_+0.5_w0.50,0.05,800,30,-6.0,mix_-1.0_+0.5_w0.50,0.0,0.0
mix_-1.0_+0.5_w0.50,0.05,1600,30,-6.0,mix_-1.0_+0.5_w0.50,0.0,0.0
mix_-1.0_+0.5_w0.50,0.05,100,31,-6.0,mix_-1.0_+0.5_w0.50,0.0,0.0
mix_-1.0_+0.5_w0.50,0.05,200,31,-6.0,mix_-1.0_+0.5_w0.50,0.0,0.0
mix_-1.0_+0.5_w0.50,0.05,400,31,-6.0,mix_-1.0_+0.5_w0.50,0.0,0.0
mix_-1.0_+0.5_w0.50,0.05,800,31,-6.0,mix_-1.0_+0.5_w0.50,0.0,0.0
mix_-1.0_+0.5_w0.50,0.05,1600,31,-6.0,mix_-1.0_+0.5_w0.50,0.0,0.0
mix_-1.0_+0.5_w0.50,0.05,100,32,-6.0,mix_-1.0_+1.0_w0.525,0.007990784255279777,0.0865746563837012
mix_-1.0_+0.5_w0.50,0.05,200,32,-6.0,mix_-1.0_+0.5_w0.50,0.0,0.0
mix_-1.0_+0.5_w0.50,0.05,400,32,-6.0,mix_-1.0_+1.0_w0.525,0.007990784255279777,0.0865746563837012
mix_-1.0_+0.5_w0.50,0.05,800,32,-6.0,mix_-1.0_+0.5_w0.50,0.0,0.0
mix_-1.0_+0.5_w0.50,0.05,1600,32,-6.0,mix_-1.0_+0.5_w0.50,0.0,0.0
mix_-1.0_+0.5_w0.50,0.05,100,33,-6.0,mix_-1.0_+1.0_w0.525,0.007990784255279777,0.0865746563837012
mix_-1.0_+0.5_w0.50,0.05,200,33,-6.0,mix_-1.0_+0.5_w0.50,0.0,0.0
mix_-1.0_+0.5_w0.50,0.05,400,33,-6.0,mix_-1.0_+0.5_w0.50,0.0,0.0
mix_-1.0_+0.5_w0.50,0.05,800,33,-6.0,mix_-1.0_+0.5_w0.50,0.0,0.0
mix_-1.0_+0.5_w0.50,0.05,1600,33,-6.0,mix_-1.0_+0.5_w0.50,0.0,0.0
mix_-1.0_+0.5_w0.50,0.05,100,34,-6.0,mix_-1.0_+0.5_w0.25,0.012535222416389186,0.13668641556451236
mix_-1.0_+0.5_w0.50,0.05,200,34,-6.0,mix_-1.0_+1.0_w0.525,0.007990784255279777,0.0865746563837012
mix_-1.0_+0.5_w0.50,0.05,400,34,-6.0,mix_-1.0_+0.5_w0.50,0.0,0.0
mix_-1.0_+0.5_w0.50,0.05,800,34,-6.0,mix_-1.0_+0.5_w0.50,0.0,0.0
mix_-1.0_+0.5_w0.50,0.05,1600,34,-6.0,mix_-1.0_+0.5_w0.50,0.0,0.0
mix_-1.0_+0.5_w0.50,0.05,100,35,-6.0,mix_-1.0_+0.5_w0.50,0.0,0.0
mix_-1.0_+0.5_w0.50,0.05,200,35,-6.0,mix_-0.5_+0.5_w0.75,0.0055094712158152955,0.08259986718851509
mix_-1.0_+0.5_w0.50,0.05,400,35,-6.0,mix_-1.0_+0.5_w0.50,0.0,0.0
mix_-1.0_+0.5_w0.50,0.05,800,35,-6.0,mix_-1.0_+0.5_w0.50,0.0,0.0
mix_-1.0_+0.5_w0.50,0.05,1600,35,-6.0,mix_-1.0_+0.5_w0.50,0.0,0.0
mix_-1.0_+0.5_w0.50,0.05,100,36,-6.0,mix_-1.0_+1.0_w0.525,0.007990784255279777,0.0865746563837012
mix_-1.0_+0.5_w0.50,0.05,200,36,-6.0,mix_-1.0_+0.5_w0.50,0.0,0.0
mix_-1.0_+0.5_w0.50,0.05,400,36,-6.0,mix_-1.0_+0.5_w0.50,0.0,0.0
mix_-1.0_+0.5_w0.50,0.05,800,36,-6.0,mix_-1.0_+0.5_w0.50,0.0,0.0
mix_-1.0_+0.5_w0.50,0.05,1600,36,-6.0,mix_-1.0_+0.5_w0.50,0.0,0.0
mix_-1.0_+0.5_w0.50,0.05,100,37,-6.0,mix_-1.0_+1.0_w0.50,0.009588090961338513,0.09870638005820911
mix_-1.0_+0.5_w0.50,0.05,200,37,-6.0,mix_-1.0_+0.5_w0.50,0.0,0.0
mix_-1.0_+0.5_w0.50,0.05,400,37,-6.0,mix_-1.0_+0.5_w0.50,0.0,0.0
mix_-1.0_+0.5_w0.50,0.05,800,37,-6.0,mix_-1.0_+0.5_w0.50,0.0,0.0
mix_-1.0_+0.5_w0.50,0.05,1600,37,-6.0,mix_-1.0_+0.5_w0.50,0.0,0.0
mix_-1.0_+0.5_w0.50,0.05,100,38,-6.0,mix_-1.0_+1.0_w0.525,0.007990784255279777,0.0865746563837012
mix_-1.0_+0.5_w0.50,0.05,200,38,-6.0,mix_-1.0_+0.5_w0.50,0.0,0.0
mix_-1.0_+0.5_w0.50,0.05,400,38,-6.0,mix_-1.0_+0.5_w0.50,0.0,0.0
mix_-1.0_+0.5_w0.50,0.05,800,38,-6.0,mix_-1.0_+0.5_w0.50,0.0,0.0
mix_-1.0_+0.5_w0.50,0.05,1600,38,-6.0,mix_-1.0_+0.5_w0.50,0.0,0.0
mix_-1.0_+0.5_w0.50,0.05,100,39,-6.0,mix_-1.0_+0.5_w0.50,0.0,0.0
mix_-1.0_+0.5_w0.50,0.05,200,39,-6.0,mix_-1.0_+1.0_w0.525,0.007990784255279777,0.0865746563837012
mix_-1.0_+0.5_w0.50,0.05,400,39,-6.0,mix_-1.0_+0.5_w0.50,0.0,0.0
mix_-1.0_+0.5_w0.50,0.05,800,39,-6.0,mix_-1.0_+0.5_w0.50,0.0,0.0
mix_-1.0_+0.5_w0.50,0.05,1600,39,-6.0,mix_-1.0_+0.5_w0.50,0.0,0.0
mix_-1.0_+0.5_w0.50,0.1,100,0,-6.0,mix_-1.0_+1.0_w0.75,0.008638817916431668,0.11700069301322064
mix_-1.0_+0.5_w0.50,0.1,200,0,-6.0,mix_-1.0_+1.0_w0.75,0.008638817916431668,0.11700069301322064
mix_-1.0_+0.5_w0.50,0.1,400,0,-6.0,mix_-1.0_+0.5_w0.50,0.0,0.0
mix_-1.0_+0.5_w0.50,0.1,800,0,-6.0,mix_-1.0_+0.5_w0.50,0.0,0.0
mix_-1.0_+0.5_w0.50,0.1,1600,0,-6.0,mix_-1.0_+0.5_w0.50,0.0,0.0
mix_-1.0_+0.5_w0.50,0.1,100,1,-6.0,mix_-1.0_+1.0_w0.525,0.007990784255279777,0.0865746563837012
mix_-1.0_+0.5_w0.50,0.1,200,1,-6.0,mix_-1.0_+0.5_w0.50,0.0,0.0
mix_-1.0_+0.5_w0.50,0.1,400,1,-6.0,mix_-1.0_+0.5_w0.50,0.0,0.0
mix_-1.0_+0.5_w0.50,0.1,800,1,-6.0,mix_-1.0_+0.5_w0.50,0.0,0.0
mix_-1.0_+0.5_w0.50,0.1,1600,1,-6.0,mix_-1.0_+0.5_w0.50,0.0,0.0
mix_-1.0_+0.5_w0.50,0.1,100,2,-6.0,mix_-1.0_+1.0_w0.525,0.007990784255279777,0.0865746563837012
mix_-1.0_+0.5_w0.50,0.1,200,2,-6.0,mix_-0.5_+1.0_w0.75,0.0035145266410161894,0.05142895014540709
mix_-1.0_+0.5_w0.50,0.1,400,2,-6.0,mix_-1.0_+0.5_w0.50,0.0,0.0
mix_-1.0_+0.5_w0.50,0.1,800,2,-6.0,mix_-1.0_+0.5_w0.50,0.0,0.0
mix_-1.0_+0.5_w0.50,0.1,1600,2,-6.0,mix_-1.0_+0.5_w0.50,0.0,0.0
mix_-1.0_+0.5_w0.50,0.1,100,3,-6.0,mix_-1.0_+0.5_w0.50,0.0,0.0
mix_-1.0_+0.5_w0.50,0.1,200,3,-6.0,mix_-0.5_+1.0_w0.75,0.0035145266410161894,0.05142895014540709
mix_-1.0_+0.5_w0.50,0.1,400,3,-6.0,mix_-1.0_+1.0_w0.525,0.007990784255279777,0.0865746563837012
mix_-1.0_+0.5_w0.50,0.1,800,3,-6.0,mix_-1.0_+0.5_w0.50,0.0,0.0
mix_-1.0_+0.5_w0.50,0.1,1600,3,-6.0,mix_-1.0_+0.5_w0.50,0.0,0.0
mix_-1.0_+0.5_w0.50,0.1,100,4,-6.0,mix_-1.0_+0.5_w0.50,0.0,0.0
mix_-1.0_+0.5_w0.50,0.1,200,4,-6.0,mix_-1.0_+0.5_w0.50,0.0,0.0
mix_-1.0_+0.5_w0.50,0.1,400,4,-6.0,mix_-1.0_+0.5_w0.50,0.0,0.0
mix_-1.0_+0.5_w0.50,0.1,800,4,-6.0,mix_-1.0_+0.5_w0.50,0.0,0.0
mix_-1.0_+0.5_w0.50,0.1,1600,4,-6.0,mix_-1.0_+0.5_w0.50,0.0,0.0
mix_-1.0_+0.5_w0.50,0.1,100,5,-6.0,mix_-1.0_+1.0_w0.525,0.007990784255279777,0.0865746563837012
mix_-1.0_+0.5_w0.50,0.1,200,5,-6.0,mix_-1.0_+0.5_w0.50,0.0,0.0
mix_-1.0_+0.5_w0.50,0.1,400,5,-6.0,mix_-1.0_+1.0_w0.525,0.007990784255279777,0.0865746563837012
mix_-1.0_+0.5_w0.50,0.1,800,5,-6.0,mix_-1.0_+0.5_w0.50,0.0,0.0
mix_-1.0_+0.5_w0.50,0.1,1600,5,-6.0,mix_-1.0_+1.0_w0.525,0.007990784255279777,0.0865746563837012
mix_-1.0_+0.5_w0.50,0.1,100,6,-6.0,mix_-1.0_+1.0_w0.525,0.007990784255279777,0.0865746563837012
mix_-1.0_+0.5_w0.50,0.1,200,6,-6.0,mix_-1.0_+0.5_w0.50,0.0,0.0
mix_-1.0_+0.5_w0.50,0.1,400,6,-6.0,mix_-1.0_+0.5_w0.50,0.0,0.0
mix_-1.0_+0.5_w0.50,0.1,800,6,-6.0,mix_-1.0_+0.5_w0.50,0.0,0.0
mix_-1.0_+0.5_w0.50,0.1,1600,6,-6.0,mix_-1.0_+0.5_w0.50,0.0,0.0
mix_-1.0_+0.5_w0.50,0.1,100,7,-6.0,mix_-1.0_+0.5_w0.50,0.0,0.0
mix_-1.0_+0.5_w0.50,0.1,200,7,-6.0,mix_-1.0_+1.0_w0.525,0.007990784255279777,0.0865746563837012
mix_-1.0_+0.5_w0.50,0.1,400,7,-6.0,mix_-1.0_+0.5_w0.50,0.0,0.0
mix_-1.0_+0.5_w0.50,0.1,800,7,-6.0,mix_-1.0_+0.5_w0.50,0.0,0.0
mix_-1.0_+0.5_w0.50,0.1,1600,7,-6.0,mix_-1.0_+0.5_w0.50,0.0,0.0
mix_-1.0_+0.5_w0.50,0.1,100,8,-6.0,mix_-0.5_+1.0_w0.75,0.0035145266410161894,0.05142895014540709
mix_-1.0_+0.5_w0.50,0.1,200,8,-6.0,mix_-1.0_+0.5_w0.50,0.0,0.0
mix_-1.0_+0.5_w0.50,0.1,400,8,-6.0,mix_-1.0_+1.0_w0.525,0.007990784255279777,0.0865746563837012
mix_-1.0_+0.5_w0.50,0.1,800,8,-6.0,mix_-1.0_+0.5_w0.50,0.0,0.0
mix_-1.0_+0.5_w0.50,0.1,1600,8,-6.0,mix_-1.0_+0.5_w0.50,0.0,0.0
mix_-1.0_+0.5_w0.50,0.1,100,9,-6.0,mix_-0.5_+0.5_w0.50,0.009073754319555628,0.09870638005820911
mix_-1.0_+0.5_w0.50,0.1,200,9,-6.0,mix_-1.0_+0.5_w0.50,0.0,0.0
mix_-1.0_+0.5_w0.50,0.1,400,9,-6.0,mix_-1.0_+0.5_w0.50,0.0,0.0
mix_-1.0_+0.5_w0.50,0.1,800,9,-6.0,mix_-1.0_+0.5_w0.50,0.0,0.0
mix_-1.0_+0.5_w0.50,0.1,1600,9,-6.0,mix_-1.0_+0.5_w0.50,0.0,0.0
mix_-1.0_+0.5_w0.50,0.1,100,10,-6.0,mix_-1.0_+1.0_w0.75,0.008638817916431668,0.11700069301322064
mix_-1.0_+0.5_w0.50,0.1,200,10,-6.0,mix_-1.0_+0.5_w0.50,0.0,0.0
mix_-1.0_+0.5_w0.50,0.1,400,10,-6.0,mix_-1.0_+0.5_w0.50,0.0,0.0
mix_-1.0_+0.5_w0.50,0.1,800,10,-6.0,mix_-1.0_+0.5_w0.50,0.0,0.0
mix_-1.0_+0.5_w0.50,0.1,1600,10,-6.0,mix_-1.0_+0.5_w0.50,0.0,0.0
mix_-1.0_+0.5_w0.50,0.1,100,11,-6.0,mix_-1.0_+1.0_w0.475,0.011507323399469686,0.11294620828892588
mix_-1.0_+0.5_w0.50,0.1,200,11,-6.0,mix_-1.0_+0.5_w0.50,0.0,0.0
mix_-1.0_+0.5_w0.50,0.1,400,11,-6.0,mix_-1.0_+0.5_w0.50,0.0,0.0
mix_-1.0_+0.5_w0.50,0.1,800,11,-6.0,mix_-1.0_+0.5_w0.50,0.0,0.0
mix_-1.0_+0.5_w0.50,0.1,1600,11,-6.0,mix_-1.0_+0.5_w0.50,0.0,0.0
mix_-1.0_+0.5_w0.50,0.1,100,12,-6.0,mix_-1.0_+1.0_w0.525,0.007990784255279777,0.0865746563837012
mix_-1.0_+0.5_w0.50,0.1,200,12,-6.0,mix_-1.0_+1.0_w0.525,0.007990784255279777,0.0865746563837012
mix_-1.0_+0.5_w0.50,0.1,400,12,-6.0,mix_-0.5_+1.0_w0.75,0.0035145266410161894,0.05142895014540709
mix_-1.0_+0.5_w0.50,0.1,800,12,-6.0,mix_-1.0_+0.5_w0.50,0.0,0.0
mix_-1.0_+0.5_w0.50,0.1,1600,12,-6.0,mix_-1.0_+0.5_w0.50,0.0,0.0
mix_-1.0_+0.5_w0.50,0.1,100,13,-6.0,mix_-1.0_+0.5_w0.50,0.0,0.0
mix_-1.0_+0.5_w0.50,0.1,200,13,-6.0,mix_-1.0_+1.0_w0.525,0.007990784255279777,0.0865746563837012
mix_-1.0_+0.5_w0.50,0.1,400,13,-6.0,mix_-1.0_+0.5_w0.50,0.0,0.0
mix_-1.0_+0.5_w0.50,0.1,800,13,-6.0,mix_-1.0_+0.5_w0.50,0.0,0.0
mix_-1.0_+0.5_w0.50,0.1,1600,13,-6.0,mix_-1.0_+0.5_w0.50,0.0,0.0
mix_-1.0_+0.5_w0.50,0.1,100,14,-6.0,mix_-1.0_+1.0_w0.75,0.008638817916431668,0.11700069301322064
mix_-1.0_+0.5_w0.50,0.1,200,14,-6.0,mix_-0.5_+1.0_w0.75,0.0035145266410161894,0.05142895014540709
mix_-1.0_+0.5_w0.50,0.1,400,14,-6.0,mix_-1.0_+0.5_w0.50,0.0,0.0
mix_-1.0_+0.5_w0.50,0.1,800,14,-6.0,mix_-1.0_+0.5_w0.50,0.0,0.0
mix_-1.0_+0.5_w0.50,0.1,1600,14,-6.0,mix_-1.0_+0.5_w0.50,0.0,0.0
mix_-1.0_+0.5_w0.50,0.1,100,15,-6.0,mix_-1.0_+1.0_w0.75,0.008638817916431668,0.11700069301322064
mix_-1.0_+0.5_w0.50,0.1,200,15,-6.0,mix_-1.0_+1.0_w0.525,0.007990784255279777,0.0865746563837012
mix_-1.0_+0.5_w0.50,0.1,400,15,-6.0,mix_-1.0_+0.5_w0.50,0.0,0.0
mix_-1.0_+0.5_w0.50,0.1,800,15,-6.0,mix_-1.0_+0.5_w0.50,0.0,0.0
mix_-1.0_+0.5_w0.50,0.1,1600,15,-6.0,mix_-1.0_+0.5_w0.50,0.0,0.0
mix_-1.0_+0.5_w0.50,0.1,100,16,-6.0,mix_-1.0_+1.0_w0.525,0.007990784255279777,0.0865746563837012
mix_-1.0_+0.5_w0.50,0.1,200,16,-6.0,mix_-1.0_+0.5_w0.50,0.0,0.0
mix_-1.0_+0.5_w0.50,0.1,400,16,-6.0,mix_-1.0_+0.5_w0.50,0.0,0.0
mix_-1.0_+0.5_w0.50,0.1,800,16,-6.0,mix_-1.0_+0.5_w0.50,0.0,0.0
mix_-1.0_+0.5_w0.50,0.1,1600,16,-6.0,mix_-1.0_+1.0_w0.525,0.007990784255279777,0.0865746563837012
mix_-1.0_+0.5_w0.50,0.1,100,17,-6.0,mix_-1.0_+0.5_w0.50,0.0,0.0
mix_-1.0_+0.5_w0.50,0.1,200,17,-6.0,mix_-1.0_+1.0_w0.525,0.007990784255279777,0.0865746563837012
mix_-1.0_+0.5_w0.50,0.1,400,17,-6.0,mix_-1.0_+0.5_w0.50,0.0,0.0
mix_-1.0_+0.5_w0.50,0.1,800,17,-6.0,mix_-1.0_+0.5_w0.50,0.0,0.0
mix_-1.0_+0.5_w0.50,0.1,1600,17,-6.0,mix_-1.0_+0.5_w0.50,0.0,0.0
mix_-1.0_+0.5_w0.50,0.1,100,18,-6.0,mix_-1.0_+0.5_w0.50,0.0,0.0
mix_-1.0_+0.5_w0.50,0.1,200,18,-6.0,mix_-1.0_+0.5_w0.50,0.0,0.0
mix_-1.0_+0.5_w0.50,0.1,400,18,-6.0,mix_-1.0_+0.5_w0.50,0.0,0.0
mix_-1.0_+0.5_w0.50,0.1,800,18,-6.0,mix_-1.0_+0.5_w0.50,0.0,0.0
mix_-1.0_+0.5_w0.50,0.1,1600,18,-6.0,mix_-1.0_+0.5_w0.50,0.0,0.0
mix_-1.0_+0.5_w0.50,0.1,100,19,-6.0,mix_-1.0_+0.5_w0.50,0.0,0.0
mix_-1.0_+0.5_w0.50,0.1,200,19,-6.0,mix_-1.0_+0.5_w0.50,0.0,0.0
mix_-1.0_+0.5_w0.50,0.1,400,19,-6.0,mix_-1.0_+0.5_w0.50,0.0,0.0
mix_-1.0_+0.5_w0.50,0.1,800,19,-6.0,mix_-1.0_+0.5_w0.50,0.0,0.0
mix_-1.0_+0.5_w0.50,0.1,1600,19,-6.0,mix_-1.0_+0.5_w0.50,0.0,0.0
mix_-1.0_+0.5_w0.50,0.1,100,20,-6.0,mix_-1.0_+1.0_w0.525,0.007990784255279777,0.0865746563837012
mix_-1.0_+0.5_w0.50,0.1,200,20,-6.0,mix_-1.0_+0.5_w0.50,0.0,0.0
mix_-1.0_+0.5_w0.50,0.1,400,20,-6.0,mix_-1.0_+0.5_w0.50,0.0,0.0
mix_-1.0_+0.5_w0.50,0.1,800,20,-6.0,mix_-1.0_+0.5_w0.50,0.0,0.0
mix_-1.0_+0.5_w0.50,0.1,1600,20,-6.0,mix_-1.0_+0.5_w0.50,0.0,0.0
mix_-1.0_+0.5_w0.50,0.1,100,21,-6.0,mix_-1.0_+1.0_w0.525,0.007990784255279777,0.0865746563837012
mix_-1.0_+0.5_w0.50,0.1,200,21,-6.0,mix_-1.0_+0.5_w0.50,0.0,0.0
mix_-1.0_+0.5_w0.50,0.1,400,21,-6.0,mix_-1.0_+0.5_w0.50,0.0,0.0
mix_-1.0_+0.5_w0.50,0.1,800,21,-6.0,mix_-1.0_+0.5_w0.50,0.0,0.0
mix_-1.0_+0.5_w0.50,0.1,1600,21,-6.0,mix_-1.0_+0.5_w0.50,0.0,0.0
mix_-1.0_+0.5_w0.50,0.1,100,22,-6.0,mix_-1.0_+1.0_w0.525,0.007990784255279777,0.0865746563837012
mix_-1.0_+0.5_w0.50,0.1,200,22,-6.0,mix_-1.0_+0.5_w0.50,0.0,0.0
mix_-1.0_+0.5_w0.50,0.1,400,22,-6.0,mix_-1.0_+0.5_w0.50,0.0,0.0
mix_-1.0_+0.5_w0.50,0.1,800,22,-6.0,mix_-1.0_+0.5_w0.50,0.0,0.0
mix_-1.0_+0.5_w0.50,0.1,1600,22,-6.0,mix_-1.0_+0.5_w0.50,0.0,0.0
mix_-1.0_+0.5_w0.50,0.1,100,23,-6.0,mix_-1.0_+1.0_w0.50,0.009588090961338513,0.09870638005820911
mix_-1.0_+0.5_w0.50,0.1,200,23,-6.0,mix_-1.0_+1.0_w0.525,0.007990784255279777,0.0865746563837012
mix_-1.0_+0.5_w0.50,0.1,400,23,-6.0,mix_-1.0_+0.5_w0.50,0.0,0.0
mix_-1.0_+0.5_w0.50,0.1,800,23,-6.0,mix_-1.0_+0.5_w0.50,0.0,0.0
mix_-1.0_+0.5_w0.50,0.1,1600,23,-6.0,mix_-1.0_+0.5_w0.50,0.0,0.0
mix_-1.0_+0.5_w0.50,0.1,100,24,-6.0,mix_-0.5_+0.5_w0.50,0.009073754319555628,0.09870638005820911
mix_-1.0_+0.5_w0.50,0.1,200,24,-6.0,mix_-1.0_+0.5_w0.50,0.0,0.0
mix_-1.0_+0.5_w0.50,0.1,400,24,-6.0,mix_-1.0_+0.5_w0.50,0.0,0.0
mix_-1.0_+0.5_w0.50,0.1,800,24,-6.0,mix_-1.0_+0.5_w0.50,0.0,0.0
mix_-1.0_+0.5_w0.50,0.1,1600,24,-6.0,mix_-1.0_+0.5_w0.50,0.0,0.0
mix_-1.0_+0.5_w0.50,0.1,100,25,-6.0,mix_-1.0_+0.5_w0.50,0.0,0.0
mix_-1.0_+0.5_w0.50,0.1,200,25,-6.0,mix_-1.0_+0.5_w0.50,0.0,0.0
mix_-1.0_+0.5_w0.50,0.1,400,25,-6.0,mix_-1.0_+0.5_w0.50,0.0,0.0
mix_-1.0_+0.5_w0.50,0.1,800,25,-6.0,mix_-1.0_+0.5_w0.50,0.0,0.0
mix_-1.0_+0.5_w0.50,0.1,1600,25,-6.0,mix_-1.0_+0.5_w0.50,0.0,0.0
mix_-1.0_+0.5_w0.50,0.1,100,26,-6.0,mix_-1.0_+1.0_w0.525,0.007990784255279777,0.0865746563837012
mix_-1.0_+0.5_w0.50,0.1,200,26,-6.0,mix_-1.0_+0.5_w0.50,0.0,0.0
mix_-1.0_+0.5_w0.50,0.1,400,26,-6.0,mix_-1.0_+1.0_w0.525,0.007990784255279777,0.0865746563837012
mix_-1.0_+0.5_w0.50,0.1,800,26,-6.0,mix_-1.0_+0.5_w0.50,0.0,0.0
mix_-1.0_+0.5_w0.50,0.1,1600,26,-6.0,mix_-1.0_+0.5_w0.50,0.0,0.0
mix_-1.0_+0.5_w0.50,0.1,100,27,-6.0,mix_-1.0_+0.5_w0.50,0.0,0.0
mix_-1.0_+0.5_w0.50,0.1,200,27,-6.0,mix_-1.0_+1.0_w0.525,0.007990784255279777,0.0865746563837012
mix_-1.0_+0.5_w0.50,0.1,400,27,-6.0,mix_-1.0_+0.5_w0.50,0.0,0.0
mix_-1.0_+0.5_w0.50,0.1,800,27,-6.0,mix_-1.0_+0.5_w0.50,0.0,0.0
mix_-1.0_+0.5_w0.50,0.1,1600,27,-6.0,mix_-1.0_+0.5_w0.50,0.0,0.0
mix_-1.0_+0.5_w0.50,0.1,100,28,-6.0,mix_-1.0_+1.0_w0.75,0.008638817916431668,0.11700069301322064
mix_-1.0_+0.5_w0.50,0.1,200,28,-6.0,mix_-1.0_+0.5_w0.50,0.0,0.0
mix_-1.0_+0.5_w0.50,0.1,400,28,-6.0,mix_-1.0_+1.0_w0.525,0.007990784255279777,0.0865746563837012
mix_-1.0_+0.5_w0.50,0.1,800,28,-6.0,mix_-1.0_+0.5_w0.50,0.0,0.0
mix_-1.0_+0.5_w0.50,0.1,1600,28,-6.0,mix_-1.0_+0.5_w0.50,0.0,0.0
mix_-1.0_+0.5_w0.50,0.1,100,29,-6.0,mix_-1.0_+0.5_w0.50,0.0,0.0
mix_-1.0_+0.5_w0.50,0.1,200,29,-6.0,mix_-1.0_+0.5_w0.50,0.0,0.0
mix_-1.0_+0.5_w0.50,0.1,400,29,-6.0,mix_-1.0_+0.5_w0.50,0.0,0.0
mix_-1.0_+0.5_w0.50,0.1,800,29,-6.0,mix_-1.0_+1.0_w0.525,0.007990784255279777,0.0865746563837012
mix_-1.0_+0.5_w0.50,0.1,1600,29,-6.0,mix_-1.0_+0.5_w0.50,0.0,0.0
mix_-1.0_+0.5_w0.50,0.1,100,30,-6.0,mix_-1.0_+1.0_w0.525,0.007990784255279777,0.0865746563837012
mix_-1.0_+0.5_w0.50,0.1,200,30,-6.0,mix_-1.0_+1.0_w0.525,0.007990784255279777,0.0865746563837012
mix_-1.0_+0.5_w0.50,0.1,400,30,-6.0,mix_-1.0_+0.5_w0.50,0.0,0.0
mix_-1.0_+0.5_w0.50,0.1,800,30,-6.0,mix_-1.0_+0.5_w0.50,0.0,0.0
mix_-1.0_+0.5_w0.50,0.1,1600,30,-6.0,mix_-1.0_+0.5_w0.50,0.0,0.0
mix_-1.0_+0.5_w0.50,0.1,100,31,-6.0,mix_-1.0_+0.5_w0.50,0.0,0.0
mix_-1.0_+0.5_w0.50,0.1,200,31,-6.0,mix_-1.0_+1.0_w0.75,0.008638817916431668,0.11700069301322064
mix_-1.0_+0.5_w0.50,0.1,400,31,-6.0,mix_-1.0_+0.5_w0.50,0.0,0.0
mix_-1.0_+0.5_w0.50,0.1,800,31,-6.0,mix_-1.0_+0.5_w0.50,0.0,0.0
mix_-1.0_+0.5_w0.50,0.1,1600,31,-6.0,mix_-1.0_+0.5_w0.50,0.0,0.0
mix_-1.0_+0.5_w0.50,0.1,100,32,-6.0,mix_-0.5_+1.0_w0.75,0.0035145266410161894,0.05142895014540709
mix_-1.0_+0.5_w0.50,0.1,200,32,-6.0,mix_-1.0_+1.0_w0.525,0.007990784255279777,0.0865746563837012
mix_-1.0_+0.5_w0.50,0.1,400,32,-6.0,mix_-1.0_+0.5_w0.50,0.0,0.0
mix_-1.0_+0.5_w0.50,0.1,800,32,-6.0,mix_-1.0_+0.5_w0.50,0.0,0.0
mix_-1.0_+0.5_w0.50,0.1,1600,32,-6.0,mix_-1.0_+0.5_w0.50,0.0,0.0
mix_-1.0_+0.5_w0.50,0.1,100,33,-6.0,mix_-1.0_+1.0_w0.75,0.008638817916431668,0.11700069301322064
mix_-1.0_+0.5_w0.50,0.1,200,33,-6.0,mix_-1.0_+1.0_w0.525,0.007990784255279777,0.0865746563837012
mix_-1.0_+0.5_w0.50,0.1,400,33,-6.0,mix_-1.0_+1.0_w0.525,0.007990784255279777,0.0865746563837012
mix_-1.0_+0.5_w0.50,0.1,800,33,-6.0,mix_-1.0_+0.5_w0.50,0.0,0.0
mix_-1.0_+0.5_w0.50,0.1,1600,33,-6.0,mix_-1.0_+0.5_w0.50,0.0,0.0
mix_-1.0_+0.5_w0.50,0.1,100,34,-6.0,mix_-1.0_+1.0_w0.75,0.008638817916431668,0.11700069301322064
mix_-1.0_+0.5_w0.50,0.1,200,34,-6.0,mix_-1.0_+1.0_w0.525,0.007990784255279777,0.0865746563837012
mix_-1.0_+0.5_w0.50,0.1,400,34,-6.0,mix_-1.0_+0.5_w0.50,0.0,0.0
mix_-1.0_+0.5_w0.50,0.1,800,34,-6.0,mix_-1.0_+0.5_w0.50,0.0,0.0
mix_-1.0_+0.5_w0.50,0.1,1600,34,-6.0,mix_-1.0_+0.5_w0.50,0.0,0.0
mix_-1.0_+0.5_w0.50,0.1,100,35,-6.0,mix_-1.0_+1.0_w0.75,0.008638817916431668,0.11700069301322064
mix_-1.0_+0.5_w0.50,0.1,200,35,-6.0,mix_-1.0_+0.5_w0.50,0.0,0.0
mix_-1.0_+0.5_w0.50,0.1,400,35,-6.0,mix_-1.0_+0.5_w0.50,0.0,0.0
mix_-1.0_+0.5_w0.50,0.1,800,35,-6.0,mix_-1.0_+0.5_w0.50,0.0,0.0
mix_-1.0_+0.5_w0.50,0.1,1600,35,-6.0,mix_-1.0_+0.5_w0.50,0.0,0.0
mix_-1.0_+0.5_w0.50,0.1,100,36,-6.0,mix_-1.0_+1.0_w0.75,0.008638817916431668,0.11700069301322064
mix_-1.0_+0.5_w0.50,0.1,200,36,-6.0,mix_-1.0_+1.0_w0.525,0.007990784255279777,0.0865746563837012
mix_-1.0_+0.5_w0.50,0.1,400,36,-6.0,mix_-1.0_+0.5_w0.50,0.0,0.0
mix_-1.0_+0.5_w0.50,0.1,800,36,-6.0,mix_-1.0_+0.5_w0.50,0.0,0.0
mix_-1.0_+0.5_w0.50,0.1,1600,36,-6.0,mix_-1.0_+0.5_w0.50,0.0,0.0
mix_-1.0_+0.5_w0.50,0.1,100,37,-6.0,mix_-1.0_+1.0_w0.75,0.008638817916431668,0.11700069301322064
mix_-1.0_+0.5_w0.50,0.1,200,37,-6.0,mix_-1.0_+0.5_w0.50,0.0,0.0
mix_-1.0_+0.5_w0.50,0.1,400,37,-6.0,mix_-1.0_+0.5_w0.50,0.0,0.0
mix_-1.0_+0.5_w0.50,0.1,800,37,-6.0,mix_-1.0_+0.5_w0.50,0.0,0.0
mix_-1.0_+0.5_w0.50,0.1,1600,37,-6.0,mix_-1.0_+0.5_w0.50,0.0,0.0
mix_-1.0_+0.5_w0.50,0.1,100,38,-6.0,mix_-1.0_+0.5_w0.50,0.0,0.0
mix_-1.0_+0.5_w0.50,0.1,200,38,-6.0,mix_-1.0_+1.0_w0.525,0.007990784255279777,0.0865746563837012
mix_-1.0_+0.5_w0.50,0.1,400,38,-6.0,mix_-1.0_+0.5_w0.50,0.0,0.0
mix_-1.0_+0.5_w0.50,0.1,800,38,-6.0,mix_-1.0_+0.5_w0.50,0.0,0.0
mix_-1.0_+0.5_w0.50,0.1,1600,38,-6.0,mix_-1.0_+0.5_w0.50,0.0,0.0
mix_-1.0_+0.5_w0.50,0.1,100,39,-6.0,mix_-1.0_+1.0_w0.525,0.007990784255279777,0.0865746563837012
mix_-1.0_+0.5_w0.50,0.1,200,39,-6.0,mix_-1.0_+0.5_w0.50,0.0,0.0
mix_-1.0_+0.5_w0.50,0.1,400,39,-6.0,mix_-1.0_+0.5_w0.50,0.0,0.0
mix_-1.0_+0.5_w0.50,0.1,800,39,-6.0,mix_-1.0_+0.5_w0.50,0.0,0.0
mix_-1.0_+0.5_w0.50,0.1,1600,39,-6.0,mix_-1.0_+0.5_w0.50,0.0,0.0
mix_-1.0_+0.5_w0.50,0.2,100,0,3.0,mix_-1.0_+0.5_w0.50,0.0,0.0
mix_-1.0_+0.5_w0.50,0.2,200,0,3.0,mix_-1.0_+0.5_w0.50,0.0,0.0
mix_-1.0_+0.5_w0.50,0.2,400,0,3.0,mix_-1.0_+1.0_w0.525,0.007990784255279777,0.0865746563837012
mix_-1.0_+0.5_w0.50,0.2,800,0,3.0,mix_-1.0_+1.0_w0.525,0.007990784255279777,0.0865746563837012
mix_-1.0_+0.5_w0.50,0.2,1600,0,3.0,mix_-1.0_+1.0_w0.525,0.007990784255279777,0.0865746563837012
mix_-1.0_+0.5_w0.50,0.2,100,1,3.0,mix_-1.0_+1.0_w0.525,0.007990784255279777,0.0865746563837012
mix_-1.0_+0.5_w0.50,0.2,200,1,3.0,mix_-1.0_+1.0_w0.525,0.007990784255279777,0.0865746563837012
mix_-1.0_+0.5_w0.50,0.2,400,1,3.0,mix_-1.0_+1.0_w0.525,0.007990784255279777,0.0865746563837012
mix_-1.0_+0.5_w0.50,0.2,800,1,3.0,mix_-1.0_+1.0_w0.525,0.007990784255279777,0.0865746563837012
mix_-1.0_+0.5_w0.50,0.2,1600,1,3.0,mix_-1.0_+1.0_w0.525,0.007990784255279777,0.0865746563837012
mix_-1.0_+0.5_w0.50,0.2,100,2,3.0,mix_-1.0_+1.0_w0.50,0.009588090961338513,0.09870638005820911
mix_-1.0_+0.5_w0.50,0.2,200,2,3.0,mix_-1.0_+1.0_w0.525,0.007990784255279777,0.0865746563837012
mix_-1.0_+0.5_w0.50,0.2,400,2,3.0,mix_-1.0_+1.0_w0.525,0.007990784255279777,0.0865746563837012
mix_-1.0_+0.5_w0.50,0.2,800,2,3.0,mix_-1.0_+1.0_w0.525,0.007990784255279777,0.0865746563837012
mix_-1.0_+0.5_w0.50,0.2,1600,2,3.0,mix_-1.0_+1.0_w0.525,0.007990784255279777,0.0865746563837012
mix_-1.0_+0.5_w0.50,0.2,100,3,3.0,mix_-1.0_+1.0_w0.525,0.007990784255279777,0.0865746563837012
mix_-1.0_+0.5_w0.50,0.2,200,3,3.0,mix_-1.0_+0.5_w0.50,0.0,0.0
mix_-1.0_+0.5_w0.50,0.2,400,3,3.0,mix_-1.0_+1.0_w0.525,0.007990784255279777,0.0865746563837012
mix_-1.0_+0.5_w0.50,0.2,800,3,3.0,mix_-1.0_+1.0_w0.525,0.007990784255279777,0.0865746563837012
mix_-1.0_+0.5_w0.50,0.2,1600,3,3.0,mix_-1.0_+0.5_w0.50,0.0,0.0
mix_-1.0_+0.5_w0.50,0.2,100,4,3.0,mix_-1.0_+1.0_w0.525,0.007990784255279777,0.0865746563837012
mix_-1.0_+0.5_w0.50,0.2,200,4,3.0,mix_-1.0_+1.0_w0.525,0.007990784255279777,0.0865746563837012
mix_-1.0_+0.5_w0.50,0.2,400,4,3.0,mix_-1.0_+1.0_w0.525,0.007990784255279777,0.0865746563837012
mix_-1.0_+0.5_w0.50,0.2,800,4,3.0,mix_-1.0_+0.5_w0.50,0.0,0.0
mix_-1.0_+0.5_w0.50,0.2,1600,4,3.0,mix_-1.0_+1.0_w0.525,0.007990784255279777,0.0865746563837012
mix_-1.0_+0.5_w0.50,0.2,100,5,3.0,mix_-1.0_+1.0_w0.50,0.009588090961338513,0.09870638005820911
mix_-1.0_+0.5_w0.50,0.2,200,5,3.0,mix_-1.0_+0.5_w0.50,0.0,0.0
mix_-1.0_+0.5_w0.50,0.2,400,5,3.0,mix_-1.0_+1.0_w0.525,0.007990784255279777,0.0865746563837012
mix_-1.0_+0.5_w0.50,0.2,800,5,3.0,mix_-1.0_+1.0_w0.525,0.007990784255279777,0.0865746563837012
mix_-1.0_+0.5_w0.50,0.2,1600,5,3.0,mix_-1.0_+0.5_w0.50,0.0,0.0
mix_-1.0_+0.5_w0.50,0.2,100,6,3.0,mix_-1.0_+0.5_w0.50,0.0,0.0
mix_-1.0_+0.5_w0.50,0.2,200,6,3.0,mix_-1.0_+1.0_w0.525,0.007990784255279777,0.0865746563837012
mix_-1.0_+0.5_w0.50,0.2,400,6,3.0,mix_-1.0_+1.0_w0.525,0.007990784255279777,0.0865746563837012
mix_-1.0_+0.5_w0.50,0.2,800,6,3.0,mix_-1.0_+1.0_w0.525,0.007990784255279777,0.0865746563837012
mix_-1.0_+0.5_w0.50,0.2,1600,6,3.0,mix_-1.0_+0.5_w0.50,0.0,0.0
mix_-1.0_+0.5_w0.50,0.2,100,7,3.0,mix_-1.0_+1.0_w0.525,0.007990784255279777,0.0865746563837012
mix_-1.0_+0.5_w0.50,0.2,200,7,3.0,mix_-1.0_+1.0_w0.525,0.007990784255279777,0.0865746563837012
mix_-1.0_+0.5_w0.50,0.2,400,7,3.0,mix_-1.0_+1.0_w0.525,0.007990784255279777,0.0865746563837012
mix_-1.0_+0.5_w0.50,0.2,800,7,3.0,mix_-1.0_+0.5_w0.50,0.0,0.0
mix_-1.0_+0.5_w0.50,0.2,1600,7,3.0,mix_-1.0_+1.0_w0.525,0.007990784255279777,0.0865746563837012
mix_-1.0_+0.5_w0.50,0.2,100,8,3.0,mix_-1.0_+1.0_w0.525,0.007990784255279777,0.0865746563837012
mix_-1.0_+0.5_w0.50,0.2,200,8,3.0,mix_-1.0_+1.0_w0.525,0.007990784255279777,0.0865746563837012
mix_-1.0_+0.5_w0.50,0.2,400,8,3.0,mix_-1.0_+1.0_w0.525,0.007990784255279777,0.0865746563837012
mix_-1.0_+0.5_w0.50,0.2,800,8,3.0,mix_-1.0_+1.0_w0.525,0.007990784255279777,0.0865746563837012
mix_-1.0_+0.5_w0.50,0.2,1600,8,3.0,mix_-1.0_+1.0_w0.525,0.007990784255279777,0.0865746563837012
mix_-1.0_+0.5_w0.50,0.2,100,9,3.0,mix_-1.0_+0.5_w0.50,0.0,0.0
mix_-1.0_+0.5_w0.50,0.2,200,9,3.0,mix_-1.0_+0.5_w0.50,0.0,0.0
mix_-1.0_+0.5_w0.50,0.2,400,9,3.0,mix_-1.0_+1.0_w0.525,0.007990784255279777,0.0865746563837012
mix_-1.0_+0.5_w0.50,0.2,800,9,3.0,mix_-1.0_+1.0_w0.525,0.007990784255279777,0.0865746563837012
mix_-1.0_+0.5_w0.50,0.2,1600,9,3.0,mix_-1.0_+1.0_w0.525,0.007990784255279777,0.0865746563837012
mix_-1.0_+0.5_w0.50,0.2,100,10,3.0,mix_-1.0_+1.0_w0.525,0.007990784255279777,0.0865746563837012
mix_-1.0_+0.5_w0.50,0.2,200,10,3.0,mix_-1.0_+1.0_w0.525,0.007990784255279777,0.0865746563837012
mix_-1.0_+0.5_w0.50,0.2,400,10,3.0,mix_-1.0_+0.5_w0.50,0.0,0.0
mix_-1.0_+0.5_w0.50,0.2,800,10,3.0,mix_-1.0_+0.5_w0.50,0.0,0.0
mix_-1.0_+0.5_w0.50,0.2,1600,10,3.0,mix_-1.0_+1.0_w0.525,0.007990784255279777,0.0865746563837012
mix_-1.0_+0.5_w0.50,0.2,100,11,3.0,mix_-1.0_+1.0_w0.50,0.009588090961338513,0.09870638005820911
mix_-1.0_+0.5_w0.50,0.2,200,11,3.0,mix_-1.0_+1.0_w0.525,0.007990784255279777,0.0865746563837012
mix_-1.0_+0.5_w0.50,0.2,400,11,3.0,mix_-1.0_+1.0_w0.525,0.007990784255279777,0.0865746563837012
mix_-1.0_+0.5_w0.50,0.2,800,11,3.0,mix_-1.0_+1.0_w0.525,0.007990784255279777,0.0865746563837012
mix_-1.0_+0.5_w0.50,0.2,1600,11,3.0,mix_-1.0_+0.5_w0.50,0.0,0.0
mix_-1.0_+0.5_w0.50,0.2,100,12,3.0,mix_-1.0_+1.0_w0.75,0.008638817916431668,0.11700069301322064
mix_-1.0_+0.5_w0.50,0.2,200,12,3.0,mix_-1.0_+1.0_w0.525,0.007990784255279777,0.0865746563837012
mix_-1.0_+0.5_w0.50,0.2,400,12,3.0,mix_-1.0_+0.5_w0.50,0.0,0.0
mix_-1.0_+0.5_w0.50,0.2,800,12,3.0,mix_-1.0_+1.0_w0.525,0.007990784255279777,0.0865746563837012
mix_-1.0_+0.5_w0.50,0.2,1600,12,3.0,mix_-1.0_+1.0_w0.525,0.007990784255279777,0.0865746563837012
mix_-1.0_+0.5_w0.50,0.2,100,13,3.0,mix_-1.0_+0.5_w0.50,0.0,0.0
mix_-1.0_+0.5_w0.50,0.2,200,13,3.0,mix_-1.0_+1.0_w0.525,0.007990784255279777,0.0865746563837012
mix_-1.0_+0.5_w0.50,0.2,400,13,3.0,mix_-1.0_+0.5_w0.50,0.0,0.0
mix_-1.0_+0.5_w0.50,0.2,800,13,3.0,mix_-1.0_+1.0_w0.525,0.007990784255279777,0.0865746563837012
mix_-1.0_+0.5_w0.50,0.2,1600,13,3.0,mix_-1.0_+1.0_w0.525,0.007990784255279777,0.0865746563837012
mix_-1.0_+0.5_w0.50,0.2,100,14,3.0,mix_-1.0_+1.0_w0.525,0.007990784255279777,0.0865746563837012
mix_-1.0_+0.5_w0.50,0.2,200,14,3.0,mix_-1.0_+1.0_w0.50,0.009588090961338513,0.09870638005820911
mix_-1.0_+0.5_w0.50,0.2,400,14,3.0,mix_-1.0_+1.0_w0.525,0.007990784255279777,0.0865746563837012
mix_-1.0_+0.5_w0.50,0.2,800,14,3.0,mix_-1.0_+1.0_w0.525,0.007990784255279777,0.0865746563837012
mix_-1.0_+0.5_w0.50,0.2,1600,14,3.0,mix_-1.0_+1.0_w0.525,0.007990784255279777,0.0865746563837012
mix_-1.0_+0.5_w0.50,0.2,100,15,3.0,mix_-1.0_+1.0_w0.475,0.011507323399469686,0.11294620828892588
mix_-1.0_+0.5_w0.50,0.2,200,15,3.0,mix_-1.0_+0.5_w0.50,0.0,0.0
mix_-1.0_+0.5_w0.50,0.2,400,15,3.0,mix_-1.0_+0.5_w0.50,0.0,0.0
mix_-1.0_+0.5_w0.50,0.2,800,15,3.0,mix_-1.0_+0.5_w0.50,0.0,0.0
mix_-1.0_+0.5_w0.50,0.2,1600,15,3.0,mix_-1.0_+0.5_w0.50,0.0,0.0
mix_-1.0_+0.5_w0.50,0.2,100,16,3.0,mix_-1.0_+1.0_w0.525,0.007990784255279777,0.0865746563837012
mix_-1.0_+0.5_w0.50,0.2,200,16,3.0,mix_-1.0_+1.0_w0.525,0.007990784255279777,0.0865746563837012
mix_-1.0_+0.5_w0.50,0.2,400,16,3.0,mix_-1.0_+1.0_w0.525,0.007990784255279777,0.0865746563837012
mix_-1.0_+0.5_w0.50,0.2,800,16,3.0,mix_-1.0_+1.0_w0.525,0.007990784255279777,0.0865746563837012
mix_-1.0_+0.5_w0.50,0.2,1600,16,3.0,mix_-1.0_+1.0_w0.525,0.007990784255279777,0.0865746563837012
mix_-1.0_+0.5_w0.50,0.2,100,17,3.0,mix_-1.0_+1.0_w0.525,0.007990784255279777,0.0865746563837012
mix_-1.0_+0.5_w0.50,0.2,200,17,3.0,mix_-1.0_+1.0_w0.525,0.007990784255279777,0.0865746563837012
mix_-1.0_+0.5_w0.50,0.2,400,17,3.0,mix_-1.0_+1.0_w0.525,0.007990784255279777,0.0865746563837012
mix_-1.0_+0.5_w0.50,0.2,800,17,3.0,mix_-1.0_+1.0_w0.525,0.007990784255279777,0.0865746563837012
mix_-1.0_+0.5_w0.50,0.2,1600,17,3.0,mix_-1.0_+0.5_w0.50,0.0,0.0
mix_-1.0_+0.5_w0.50,0.2,100,18,3.0,mix_-1.0_+0.5_w0.50,0.0,0.0
mix_-1.0_+0.5_w0.50,0.2,200,18,3.0,mix_-1.0_+1.0_w0.525,0.007990784255279777,0.0865746563837012
mix_-1.0_+0.5_w0.50,0.2,400,18,3.0,mix_-1.0_+0.5_w0.50,0.0,0.0
mix_-1.0_+0.5_w0.50,0.2,800,18,3.0,mix_-1.0_+0.5_w0.50,0.0,0.0
mix_-1.0_+0.5_w0.50,0.2,1600,18,3.0,mix_-1.0_+1.0_w0.525,0.007990784255279777,0.0865746563837012
mix_-1.0_+0.5_w0.50,0.2,100,19,3.0,mix_-1.0_+1.0_w0.475,0.011507323399469686,0.11294620828892588
mix_-1.0_+0.5_w0.50,0.2,200,19,3.0,mix_-1.0_+1.0_w0.525,0.007990784255279777,0.0865746563837012
mix_-1.0_+0.5_w0.50,0.2,400,19,3.0,mix_-1.0_+0.5_w0.50,0.0,0.0
mix_-1.0_+0.5_w0.50,0.2,800,19,3.0,mix_-1.0_+1.0_w0.525,0.007990784255279777,0.0865746563837012
mix_-1.0_+0.5_w0.50,0.2,1600,19,3.0,mix_-1.0_+1.0_w0.525,0.007990784255279777,0.0865746563837012
mix_-1.0_+0.5_w0.50,0.2,100,20,3.0,mix_-1.0_+1.0_w0.525,0.007990784255279777,0.0865746563837012
mix_-1.0_+0.5_w0.50,0.2,200,20,3.0,mix_-1.0_+0.5_w0.50,0.0,0.0
mix_-1.0_+0.5_w0.50,0.2,400,20,3.0,mix_-1.0_+1.0_w0.525,0.007990784255279777,0.0865746563837012
mix_-1.0_+0.5_w0.50,0.2,800,20,3.0,mix_-1.0_+1.0_w0.525,0.007990784255279777,0.0865746563837012
mix_-1.0_+0.5_w0.50,0.2,1600,20,3.0,mix_-1.0_+1.0_w0.525,0.007990784255279777,0.0865746563837012
mix_-1.0_+0.5_w0.50,0.2,100,21,3.0,mix_-1.0_+1.0_w0.475,0.011507323399469686,0.11294620828892588
mix_-1.0_+0.5_w0.50,0.2,200,21,3.0,mix_-1.0_+0.5_w0.50,0.0,0.0
mix_-1.0_+0.5_w0.50,0.2,400,21,3.0,mix_-1.0_+1.0_w0.525,0.007990784255279777,0.0865746563837012
mix_-1.0_+0.5_w0.50,0.2,800,21,3.0,mix_-1.0_+1.0_w0.525,0.007990784255279777,0.0865746563837012
mix_-1.0_+0.5_w0.50,0.2,1600,21,3.0,mix_-1.0_+1.0_w0.525,0.007990784255279777,0.0865746563837012
mix_-1.0_+0.5_w0.50,0.2,100,22,3.0,mix_-1.0_+1.0_w0.525,0.007990784255279777,0.0865746563837012
mix_-1.0_+0.5_w0.50,0.2,200,22,3.0,mix_-1.0_+1.0_w0.75,0.008638817916431668,0.11700069301322064
mix_-1.0_+0.5_w0.50,0.2,400,22,3.0,mix_-1.0_+0.5_w0.50,0.0,0.0
mix_-1.0_+0.5_w0.50,0.2,800,22,3.0,mix_-1.0_+1.0_w0.525,0.007990784255279777,0.0865746563837012
mix_-1.0_+0.5_w0.50,0.2,1600,22,3.0,mix_-1.0_+0.5_w0.50,0.0,0.0
mix_-1.0_+0.5_w0.50,0.2,100,23,3.0,mix_-1.0_+0.5_w0.50,0.0,0.0
mix_-1.0_+0.5_w0.50,0.2,200,23,3.0,mix_-1.0_+1.0_w0.525,0.007990784255279777,0.0865746563837012
mix_-1.0_+0.5_w0.50,0.2,400,23,3.0,mix_-1.0_+0.5_w0.50,0.0,0.0
mix_-1.0_+0.5_w0.50,0.2,800,23,3.0,mix_-1.0_+1.0_w0.525,0.007990784255279777,0.0865746563837012
mix_-1.0_+0.5_w0.50,0.2,1600,23,3.0,mix_-1.0_+1.0_w0.525,0.007990784255279777,0.0865746563837012
mix_-1.0_+0.5_w0.50,0.2,100,24,3.0,mix_-1.0_+1.0_w0.525,0.007990784255279777,0.0865746563837012
mix_-1.0_+0.5_w0.50,0.2,200,24,3.0,mix_-1.0_+1.0_w0.525,0.007990784255279777,0.0865746563837012
mix_-1.0_+0.5_w0.50,0.2,400,24,3.0,mix_-1.0_+1.0_w0.525,0.007990784255279777,0.0865746563837012
mix_-1.0_+0.5_w0.50,0.2,800,24,3.0,mix_-1.0_+0.5_w0.50,0.0,0.0
mix_-1.0_+0.5_w0.50,0.2,1600,24,3.0,mix_-1.0_+0.5_w0.50,0.0,0.0
mix_-1.0_+0.5_w0.50,0.2,100,25,3.0,mix_-0.5_+1.0_w0.75,0.0035145266410161894,0.05142895014540709
mix_-1.0_+0.5_w0.50,0.2,200,25,3.0,mix_-1.0_+1.0_w0.475,0.011507323399469686,0.11294620828892588
mix_-1.0_+0.5_w0.50,0.2,400,25,3.0,mix_-1.0_+1.0_w0.525,0.007990784255279777,0.0865746563837012
mix_-1.0_+0.5_w0.50,0.2,800,25,3.0,mix_-1.0_+0.5_w0.50,0.0,0.0
mix_-1.0_+0.5_w0.50,0.2,1600,25,3.0,mix_-1.0_+1.0_w0.525,0.007990784255279777,0.0865746563837012
mix_-1.0_+0.5_w0.50,0.2,100,26,3.0,mix_-1.0_+0.5_w0.50,0.0,0.0
mix_-1.0_+0.5_w0.50,0.2,200,26,3.0,mix_-1.0_+1.0_w0.525,0.007990784255279777,0.0865746563837012
mix_-1.0_+0.5_w0.50,0.2,400,26,3.0,mix_-1.0_+0.5_w0.50,0.0,0.0
mix_-1.0_+0.5_w0.50,0.2,800,26,3.0,mix_-1.0_+0.5_w0.50,0.0,0.0
mix_-1.0_+0.5_w0.50,0.2,1600,26,3.0,mix_-1.0_+0.5_w0.50,0.0,0.0
mix_-1.0_+0.5_w0.50,0.2,100,27,3.0,mix_-1.0_+1.0_w0.525,0.007990784255279777,0.0865746563837012
mix_-1.0_+0.5_w0.50,0.2,200,27,3.0,mix_-1.0_+0.5_w0.50,0.0,0.0
mix_-1.0_+0.5_w0.50,0.2,400,27,3.0,mix_-1.0_+1.0_w0.525,0.007990784255279777,0.0865746563837012
mix_-1.0_+0.5_w0.50,0.2,800,27,3.0,mix_-1.0_+1.0_w0.525,0.007990784255279777,0.0865746563837012
mix_-1.0_+0.5_w0.50,0.2,1600,27,3.0,mix_-1.0_+1.0_w0.525,0.007990784255279777,0.0865746563837012
mix_-1.0_+0.5_w0.50,0.2,100,28,3.0,mix_-1.0_+1.0_w0.475,0.011507323399469686,0.11294620828892588
mix_-1.0_+0.5_w0.50,0.2,200,28,3.0,mix_-1.0_+1.0_w0.525,0.007990784255279777,0.0865746563837012
mix_-1.0_+0.5_w0.50,0.2,400,28,3.0,mix_-1.0_+0.5_w0.50,0.0,0.0
mix_-1.0_+0.5_w0.50,0.2,800,28,3.0,mix_-1.0_+1.0_w0.525,0.007990784255279777,0.0865746563837012
mix_-1.0_+0.5_w0.50,0.2,1600,28,3.0,mix_-1.0_+1.0_w0.525,0.007990784255279777,0.0865746563837012
mix_-1.0_+0.5_w0.50,0.2,100,29,3.0,mix_-1.0_+1.0_w0.525,0.007990784255279777,0.0865746563837012
mix_-1.0_+0.5_w0.50,0.2,200,29,3.0,mix_-1.0_+1.0_w0.75,0.008638817916431668,0.11700069301322064
mix_-1.0_+0.5_w0.50,0.2,400,29,3.0,mix_-1.0_+1.0_w0.525,0.007990784255279777,0.0865746563837012
mix_-1.0_+0.5_w0.50,0.2,800,29,3.0,mix_-1.0_+1.0_w0.525,0.007990784255279777,0.0865746563837012
mix_-1.0_+0.5_w0.50,0.2,1600,29,3.0,mix_-1.0_+1.0_w0.525,0.007990784255279777,0.0865746563837012
mix_-1.0_+0.5_w0.50,0.2,100,30,3.0,mix_-1.0_+1.0_w0.525,0.007990784255279777,0.0865746563837012
mix_-1.0_+0.5_w0.50,0.2,200,30,3.0,mix_-1.0_+1.0_w0.75,0.008638817916431668,0.11700069301322064
mix_-1.0_+0.5_w0.50,0.2,400,30,3.0,mix_-1.0_+1.0_w0.525,0.007990784255279777,0.0865746563837012
mix_-1.0_+0.5_w0.50,0.2,800,30,3.0,mix_-1.0_+1.0_w0.525,0.007990784255279777,0.0865746563837012
mix_-1.0_+0.5_w0.50,0.2,1600,30,3.0,mix_-1.0_+1.0_w0.525,0.007990784255279777,0.0865746563837012
mix_-1.0_+0.5_w0.50,0.2,100,31,3.0,mix_-1.0_+0.5_w0.50,0.0,0.0
mix_-1.0_+0.5_w0.50,0.2,200,31,3.0,mix_-1.0_+1.0_w0.525,0.007990784255279777,0.0865746563837012
mix_-1.0_+0.5_w0.50,0.2,400,31,3.0,mix_-1.0_+0.5_w0.50,0.0,0.0
mix_-1.0_+0.5_w0.50,0.2,800,31,3.0,mix_-1.0_+1.0_w0.525,0.007990784255279777,0.0865746563837012
mix_-1.0_+0.5_w0.50,0.2,1600,31,3.0,mix_-1.0_+0.5_w0.50,0.0,0.0
mix_-1.0_+0.5_w0.50,0.2,100,32,3.0,mix_-1.0_+0.5_w0.50,0.0,0.0
mix_-1.0_+0.5_w0.50,0.2,200,32,3.0,mix_-1.0_+1.0_w0.50,0.009588090961338513,0.09870638005820911
mix_-1.0_+0.5_w0.50,0.2,400,32,3.0,mix_-1.0_+0.5_w0.50,0.0,0.0
mix_-1.0_+0.5_w0.50,0.2,800,32,3.0,mix_-1.0_+1.0_w0.525,0.007990784255279777,0.0865746563837012
mix_-1.0_+0.5_w0.50,0.2,1600,32,3.0,mix_-1.0_+1.0_w0.525,0.007990784255279777,0.0865746563837012
mix_-1.0_+0.5_w0.50,0.2,100,33,3.0,mix_-0.5_+0.5_w0.50,0.009073754319555628,0.09870638005820911
mix_-1.0_+0.5_w0.50,0.2,200,33,3.0,mix_-1.0_+0.5_w0.50,0.0,0.0
mix_-1.0_+0.5_w0.50,0.2,400,33,3.0,mix_-1.0_+0.5_w0.50,0.0,0.0
mix_-1.0_+0.5_w0.50,0.2,800,33,3.0,mix_-1.0_+1.0_w0.525,0.007990784255279777,0.0865746563837012
mix_-1.0_+0.5_w0.50,0.2,1600,33,3.0,mix_-1.0_+1.0_w0.525,0.007990784255279777,0.0865746563837012
mix_-1.0_+0.5_w0.50,0.2,100,34,3.0,mix_-1.0_+1.0_w0.525,0.007990784255279777,0.0865746563837012
mix_-1.0_+0.5_w0.50,0.2,200,34,3.0,mix_-1.0_+1.0_w0.525,0.007990784255279777,0.0865746563837012
mix_-1.0_+0.5_w0.50,0.2,400,34,3.0,mix_-1.0_+1.0_w0.525,0.007990784255279777,0.0865746563837012
mix_-1.0_+0.5_w0.50,0.2,800,34,3.0,mix_-1.0_+0.5_w0.50,0.0,0.0
mix_-1.0_+0.5_w0.50,0.2,1600,34,3.0,mix_-1.0_+1.0_w0.525,0.007990784255279777,0.0865746563837012
mix_-1.0_+0.5_w0.50,0.2,100,35,3.0,mix_-1.0_+0.5_w0.50,0.0,0.0
mix_-1.0_+0.5_w0.50,0.2,200,35,3.0,mix_-1.0_+1.0_w0.525,0.007990784255279777,0.0865746563837012
mix_-1.0_+0.5_w0.50,0.2,400,35,3.0,mix_-1.0_+0.5_w0.50,0.0,0.0
mix_-1.0_+0.5_w0.50,0.2,800,35,3.0,mix_-1.0_+1.0_w0.525,0.007990784255279777,0.0865746563837012
mix_-1.0_+0.5_w0.50,0.2,1600,35,3.0,mix_-1.0_+1.0_w0.525,0.007990784255279777,0.0865746563837012
mix_-1.0_+0.5_w0.50,0.2,100,36,3.0,mix_-1.0_+0.5_w0.50,0.0,0.0
mix_-1.0_+0.5_w0.50,0.2,200,36,3.0,mix_-1.0_+1.0_w0.475,0.011507323399469686,0.11294620828892588
mix_-1.0_+0.5_w0.50,0.2,400,36,3.0,mix_-1.0_+1.0_w0.525,0.007990784255279777,0.0865746563837012
mix_-1.0_+0.5_w0.50,0.2,800,36,3.0,mix_-1.0_+1.0_w0.525,0.007990784255279777,0.0865746563837012
mix_-1.0_+0.5_w0.50,0.2,1600,36,3.0,mix_-1.0_+1.0_w0.525,0.007990784255279777,0.0865746563837012
mix_-1.0_+0.5_w0.50,0.2,100,37,3.0,mix_-1.0_+1.0_w0.525,0.007990784255279777,0.0865746563837012
mix_-1.0_+0.5_w0.50,0.2,200,37,3.0,mix_-1.0_+1.0_w0.75,0.008638817916431668,0.11700069301322064
mix_-1.0_+0.5_w0.50,0.2,400,37,3.0,mix_-1.0_+0.5_w0.50,0.0,0.0
mix_-1.0_+0.5_w0.50,0.2,800,37,3.0,mix_-1.0_+1.0_w0.525,0.007990784255279777,0.0865746563837012
mix_-1.0_+0.5_w0.50,0.2,1600,37,3.0,mix_-1.0_+1.0_w0.525,0.007990784255279777,0.0865746563837012
mix_-1.0_+0.5_w0.50,0.2,100,38,3.0,mix_-1.0_+1.0_w0.50,0.009588090961338513,0.09870638005820911
mix_-1.0_+0.5_w0.50,0.2,200,38,3.0,mix_-1.0_+1.0_w0.50,0.009588090961338513,0.09870638005820911
mix_-1.0_+0.5_w0.50,0.2,400,38,3.0,mix_-1.0_+1.0_w0.525,0.007990784255279777,0.0865746563837012
mix_-1.0_+0.5_w0.50,0.2,800,38,3.0,mix_-1.0_+1.0_w0.525,0.007990784255279777,0.0865746563837012
mix_-1.0_+0.5_w0.50,0.2,1600,38,3.0,mix_-1.0_+1.0_w0.525,0.007990784255279777,0.0865746563837012
mix_-1.0_+0.5_w0.50,0.2,100,39,3.0,mix_-1.0_+1.0_w0.50,0.009588090961338513,0.09870638005820911
mix_-1.0_+0.5_w0.50,0.2,200,39,3.0,mix_-1.0_+1.0_w0.525,0.007990784255279777,0.0865746563837012
mix_-1.0_+0.5_w0.50,0.2,400,39,3.0,mix_-1.0_+1.0_w0.50,0.009588090961338513,0.09870638005820911
mix_-1.0_+0.5_w0.50,0.2,800,39,3.0,mix_-1.0_+0.5_w0.50,0.0,0.0
mix_-1.0_+0.5_w0.50,0.2,1600,39,3.0,mix_-1.0_+0.5_w0.50,0.0,0.0
