attempt,components,support_half_width,amplitude,tv,hellinger
0,11,3.5198519743412344,0.0013718267148241316,0.00015497974722806195,0.0004577804415667985
1,15,3.515538327567609,0.002536822716258385,0.0004536888209629816,0.0003590290605234107
2,8,2.698719379402155,0.0036722448082924385,0.00032317780204453264,0.0002656222311798583
4,5,3.560004496607107,0.012387680095370451,0.004126252159087091,0.0034515084877253933
5,8,3.3239465603193117,0.008348503698231004,0.001730801550397168,0.001400416510761823
6,5,2.185869816870853,0.012749577973648177,0.0009537414078324007,0.000948333450929206
7,8,3.952576543477611,0.0006355949565286424,7.588669745116701e-05,6.899144762414422e-05
8,8,2.8539216024212792,0.03137962235649966,0.01177385515175771,0.009763265595759919
9,5,1.9745371128859432,0.000810060654721608,0.00014548598609501033,0.00011529464177347376
11,8,3.8881659828151456,0.0019138208353878413,0.000675998367115605,0.0005268021192724347
12,8,2.9312389026685257,0.01115465835123809,0.0022365375436306442,0.0017768132524915742
13,11,1.7211856914491857,0.07459871195794299,0.008937368443300345,0.010063282006989109
14,8,1.552839696298428,0.0005671463261996916,2.2940569628462774e-05,2.0030645167604616e-05
15,15,3.3233859397120216,0.01938223549294114,0.002881585101869304,0.0023904614465273407
16,8,2.834499297296657,0.001536101509975995,0.0006292684661983597,0.0004968296830724346
17,15,1.8641538218387814,0.005182599927584763,0.0001013894127603041,0.00012888430693726646
18,5,2.3368283445800433,0.01296654641734122,0.001941919972563589,0.0018752102576390746
19,8,2.147765920609069,0.011344559685295281,0.0023662530441785736,0.002141897135538858
20,8,1.8597719474577177,0.00019023530712981743,4.000451499412494e-06,5.743956734453025e-06
21,11,1.675699694677657,0.00262152141510581,8.002578608433545e-05,6.490984833213639e-05
22,5,3.4157421032022137,0.0008089190175497267,0.00024381435369560023,0.0002106783241347654
24,15,3.0366081266179377,0.004194205664644979,0.00032777862023984633,0.0002716298566075459
25,11,3.2664352515914823,0.05515212704007573,0.006532227563846185,0.005892647496915861
26,15,1.7085366290935498,0.0009401067628490109,4.253112231815863e-05,4.007815702302068e-05
28,8,1.8061423711092246,0.008704972073648998,0.0007380916766831841,0.0009925977796686474
29,11,3.6490834222416177,0.09238003685554246,0.014417754365923085,0.012053469170710932
30,15,1.9810987829078393,0.00015626919668476632,6.56033921654418e-06,5.385020769050718e-06
32,11,3.40627744152781,0.001099087832519149,0.00014619565576195576,0.00015025632005937086
33,8,1.8440153722986619,0.00017029899989700912,1.0434614723284695e-05,8.871484480670378e-06
34,5,3.3716255616556587,0.0036005170364103766,0.001691928265673863,0.0026144449934792403
36,11,2.988501321050279,0.008341426602330693,0.0006421635423854257,0.0006281556240722487
37,11,2.651802563545326,0.16795856296469172,0.019746392141319465,0.016085649408025877
38,5,2.354079838359267,0.2864042531515844,0.016292866723098307,0.013622721274646653
39,8,2.3877488156308595,0.059478239447312384,0.013435539767942,0.01065351644818934
40,5,1.7790787948472642,0.01682233009496542,0.0028895514636884567,0.002624294491904093
41,15,3.827921398573983,0.01893197352393798,0.004243858437505459,0.004285915753028633
42,8,3.0162975608346527,0.00011043292605636171,2.4821449332546612e-05,2.1712488884591946e-05
43,8,2.2957290129454124,0.03995705547326035,0.007016757990296796,0.005589005552048305
45,15,2.725779358775582,0.03289922113196523,0.006326321084056986,0.005179236997147224
47,11,3.228567096143809,0.00029498116967957073,2.0121939068384224e-05,1.676102209914224e-05
48,5,2.218884392351086,0.00039166161122286075,7.978027387664711e-05,6.378917951702605e-05
49,5,2.0922221532019005,0.0028687880061865263,0.0003519229572756526,0.0003057888309804951
50,15,1.7751372618566184,0.00024965571810582155,2.928134381143688e-05,2.552183004725375e-05
51,15,1.6296577262924843,0.0006967704120222181,7.207058864039167e-05,6.494265558724107e-05
52,11,2.8481527914066396,0.009077082310336115,0.001007725555151082,0.0013094462643274932
53,15,2.3849711447159105,0.013117606020451995,0.0010276139732726154,0.0008038206561042047
54,8,3.2301495078072255,0.0005031091282318347,0.00012148249316792918,0.0001764033573930821
55,5,3.085697040805961,0.0001162017080161828,3.8998142804601404e-05,3.115555332959853e-05
56,8,2.130849180407282,0.04941384529804227,0.008684061257969453,0.009699225454103056
57,5,3.6723617898660534,0.0001716818616549153,1.2705733409700007e-05,9.82365210200404e-06
58,5,2.962880538323161,0.15780591813569916,0.04908923882589457,0.04045405827560208
59,5,3.405475075170528,0.005285166558207629,0.0012931664366817711,0.0011355210931639943
60,8,3.9192026993051834,0.001321666057493392,0.0004095775673547049,0.0007307275602863604
61,11,3.6049658210109037,0.030225898342931105,0.008566848643204727,0.009967543232126598
62,11,2.2739994958229865,0.011405286773002612,0.0011607696033409073,0.0010008422088056282
63,11,1.7019315839469982,0.0002586806926254801,3.520785809174527e-05,4.820535966001259e-05
64,8,1.8248527226430533,0.0009927920377555,7.619965093245871e-05,6.749847910702097e-05
65,15,3.2404219173531805,0.0033814982380370078,0.00019477437587290953,0.00023799813422162248
66,5,3.8759672593943817,0.20843804609562222,0.06418432631894164,0.048302279989854924
68,8,1.6598094202199936,0.003343764654975922,0.00020366913032085233,0.0001832816144436341
69,8,3.0462608168686427,0.0007644221491460552,0.00016021451725812326,0.0001416408538973592
70,11,3.7917595779893905,0.0001361339189534383,1.556014266706209e-05,1.3961832228581299e-05
71,5,2.4687274929848035,0.0002864129398762127,6.830312507613257e-05,7.221142502306059e-05
72,11,3.180129667760939,0.07390652859535288,0.021812104119556218,0.023796697129069195
73,11,2.002572741430651,0.0029045019271660495,0.0003826439192008,0.0004039965760972893
74,15,2.389085919350319,0.00015038134917780838,1.1275522501629133e-05,1.0929490931603165e-05
75,15,1.6786204632552433,0.006476239031871631,0.0003404578953330404,0.00035439605942516486
76,11,1.912285830737042,0.00013906370495898722,2.3154895949754378e-05,2.4442387972868897e-05
77,5,2.3667772134464307,0.004064315268028466,0.0007349561678749522,0.0006548856847436577
78,15,3.836794759710678,0.011822392094632296,0.002278530947662963,0.0017995029876065618
79,5,2.294571992250072,0.0004625817536285065,3.945477052763079e-05,3.521983024457713e-05
80,5,1.8649871297827836,0.0013033402103332405,0.0003299406879726062,0.00028482909603293525
81,11,2.756819481377986,0.011687239167184796,0.0003947210734534379,0.0004571555110308171
82,11,3.1898088756179988,0.011486742385216282,0.0033242952554527008,0.0032085531011954863
83,11,3.152584339408795,0.014733935568155491,0.002969111908851545,0.002547676589109292
84,5,3.811772954097348,0.006506256430875744,0.0018738467653356022,0.0014145971840622158
85,11,3.1272146446106315,0.06606228789229611,0.0031631109890385436,0.0026456479826144105
86,8,1.5559715737225706,0.0001523739813324363,1.3372783555389131e-05,1.5638624988627944e-05
87,15,3.3033839771831905,0.015450834764290294,0.0005329896088372407,0.0004708954983606926
88,8,2.8568845577072137,0.0004904017165688133,0.00011550172513030008,0.00010027699754128491
89,8,3.1802921278376566,0.021894694589598078,0.004041033074397478,0.004574452816615169
90,11,3.512082727571645,0.19652972779703554,0.05339110060291879,0.04929895914865869
91,15,2.7893526496467063,0.0004157141854370185,5.325908932446381e-05,5.0708382996382455e-05
92,15,1.8240671686520087,0.06285182006634195,0.002320994464323594,0.002298617506894794
93,11,3.096728659633065,0.00011743579102031518,1.8501014549110453e-05,1.4172415547596488e-05
94,8,1.6076747035885859,0.0014255090259207102,0.0002883430416949051,0.00028208290688938256
95,5,2.407819555852163,0.019349465691150213,0.0011004527683033537,0.0011799132247516412
96,15,2.7824530760210324,0.05038614421352472,0.004921529831557943,0.004408609448504656
97,15,2.461891668708258,0.004166446285815164,0.0015142295359517235,0.0012997992483610055
98,15,2.885845726331398,0.000508198440258537,3.677573955106413e-05,3.428015814787587e-05
99,11,2.4021646341853193,0.005295618141387956,0.0005709080562940503,0.0005100194533014503
101,15,2.290237463074273,0.00013066580301053686,2.5559458480322504e-05,2.173667730424387e-05
102,11,3.5666356015568272,0.16746200835759434,0.03499094172563467,0.030131710949360034
103,11,2.6688252234206695,0.011745011641131875,0.0009756747607630614,0.0008012563908593207
104,8,3.151136437106336,0.0013771261959992563,0.0003583966356886888,0.0002858263105765494
105,8,3.791798491622865,0.0026689625875149273,0.00012918409979567326,0.00014453636207169588
106,15,3.5781508922077645,0.0333231146822456,0.005725399722900474,0.004942024818608536
108,8,2.8632294699101477,0.0001625160224253137,2.8527296927744904e-05,2.595019468260132e-05
109,11,3.7663450426903533,0.0002685198386424314,6.696858130823552e-05,5.7988336084518845e-05
110,5,1.7046170927267106,0.004579484333879465,0.0002688255731637248,0.00024039798811628793
111,8,1.9371265578582455,0.0005693193797572369,5.673007559831402e-05,4.561239974320959e-05
112,11,3.837064689608743,0.00030354869584241017,6.846334480100236e-05,6.533699123744911e-05
113,11,3.283068794067451,0.01261443621918925,0.0020298736065475797,0.0016211218273801521
114,11,2.8678912400431336,0.004893000865312275,0.0012171363686102324,0.0009271280257880783
115,5,3.149199102508112,0.0024197585752428665,0.0005099375812648048,0.0003934636383544155
116,11,2.5397616074998437,0.000570164839858341,3.5201998104152134e-05,3.243506396896396e-05
117,8,1.9664035821748456,0.0007867557991893457,1.9686993172478484e-05,1.7161992013153403e-05
118,5,1.570321197871385,0.11742805000616933,0.0006808579455095156,0.0005997466848258854
119,5,2.48552815536986,0.1300522209273173,0.013668754718004451,0.01750361437718899
123,11,3.9804537220406147,0.0039257678479875935,0.0008912554945800702,0.0006776102879046934
125,5,3.6615223683582623,0.00038179868248110237,0.0001482582958330376,0.0001213773332493967
126,15,1.8208182012022838,0.0010458072670394298,1.3364600988160215e-06,1.752103443458502e-06
127,5,1.612085021107042,0.0007393747526706101,4.7232765778768506e-05,4.074307726808794e-05
128,11,2.2716938891928464,0.0010143328566384622,4.442232979398065e-05,0.0001269511964154193
129,5,2.822593008174752,0.00020622212913669227,7.083099659676995e-05,5.560523561139375e-05
130,5,2.262899907612645,0.00014111213919860928,5.8916782492261046e-05,4.9215268030754284e-05
131,8,1.7582683580729406,0.003484188833989447,0.0005893201061276335,0.0005729260502555856
132,8,1.8811062906641025,0.0598165601119681,0.0084999463629898,0.007511906548104563
133,15,1.9454748764344152,0.0102439575401531,0.0005171199564985422,0.00045175764567382653
134,5,1.982019493338846,0.027508335604191917,0.0006354640358001382,0.0005954839027733973
135,15,2.384439924174626,0.00240603566429982,0.00016668298460748512,0.00016623291667550478
136,5,2.94696730679863,0.00017666418749714296,1.5138337362090762e-05,1.661243390984655e-05
137,5,2.104551159537337,0.0030328583137861393,0.0010101948333486868,0.002133399372303958
138,5,2.294298431424782,0.005610049250700667,0.0009049916663125652,0.0008710907699027705
139,11,3.0772967974947956,0.0018375513731011368,0.00018283321458738516,0.00014595060816581642
140,11,2.2913371598627887,0.0005930994210211806,8.107648886327096e-05,6.535107438089857e-05
141,11,1.8896141411885747,0.1570603398816238,0.0322531315694206,0.031187090412115353
142,8,3.4825488966428213,0.0008168242730025959,0.0002129225705331158,0.00019251058829586811
143,15,1.6374516325088875,0.0007360659235342399,6.649141469547129e-05,6.224156346910032e-05
144,15,3.5298932940061762,0.004926966602465938,0.000509014133920554,0.0004986426727714189
145,8,2.7048718740716864,0.0155535650152703,0.0037634954374930205,0.003150415020491897
146,8,2.5562818597701584,0.020158119663063565,0.00296827877164572,0.0028128518400518097
148,8,2.453072580270366,0.043402295055425553,0.011341241232868497,0.008628230243089124
149,15,1.7471150458675848,0.00011532484056806712,1.7178076004656908e-05,1.4063378419141792e-05
150,8,3.590021464608312,0.0032473138227186982,0.0011470091871826496,0.0008825175749885957
152,15,3.265074247158095,0.00040153587197309986,0.00010043579422383707,8.406477829398763e-05
153,8,2.321109408279101,0.00019225527538745983,3.463892588933412e-05,3.373272909799466e-05
154,11,2.799681269410992,0.007085470278727962,0.0008802535156311941,0.0008260058164071779
155,11,2.7271045535658827,0.00011715316717956097,2.3821906249136882e-05,2.033202062637507e-05
157,11,3.67650392385414,0.009364325735269855,0.0012531934673793662,0.0009402850077117426
158,8,3.924166847915572,0.043267345891604546,0.01662227685045807,0.016664930943693868
159,11,2.0536262962819753,0.00040286989846634574,5.299991542521256e-05,4.3658346011998934e-05
160,8,1.9152870723620137,0.00121115619171099,0.00028499644723402985,0.00021939228142998931
162,11,2.4001991866396453,0.06978722741184082,0.0032593072015975125,0.0044014075737346375
164,8,2.251838897341618,0.004884415881271294,0.00026901305722252047,0.00020650159819732373
165,8,1.8735275715357678,0.008292867951861311,0.00017603664211147008,0.00015813961654073428
166,15,3.2154550602404077,0.00041058906419272145,5.2291098044839816e-05,5.025796590224594e-05
168,15,2.162441983139281,0.000106724102101683,3.2737351760298226e-06,3.292694146797128e-06
169,15,3.930094633395955,0.00010378166215088402,2.6673102965132013e-05,2.4167591961003295e-05
170,8,3.456637909520375,0.0015690581681365352,0.0003047125362777278,0.0003620756800679309
171,15,2.6079212509156378,0.051977275722532155,0.0037528180554509284,0.003299578160745765
172,15,3.316114688143973,0.031932950495748305,0.003555070627947071,0.00334394298124375
173,15,2.4265709304373457,0.00022437784384919532,1.4155333426835794e-05,1.3633264928441631e-05
174,5,3.0608925268370557,0.031287898405642924,0.008366690597409184,0.0064163686912609725
175,8,2.398284038809532,0.0012758626331764503,0.00011349457105320132,0.00017365605034510708
176,15,1.9075937877276608,0.0008085328277048149,7.093686493150645e-05,7.414828271454417e-05
177,11,2.372317129133032,0.0013159508942261052,0.00022917002478117015,0.00027771120686126237
178,5,2.8374441252267917,0.02739189659414729,0.007294692821356338,0.006896501210214552
179,8,2.287595567339976,0.22091743147483336,0.037538298776294846,0.03058564389831267
180,15,2.2592795099128926,0.0010722445087888344,5.896976697909958e-05,6.187412815122571e-05
181,5,3.6068762331644613,0.0001386212892475685,2.375127806415861e-05,2.2562744104912373e-05
182,11,1.7328044686975983,0.0007886664757521831,0.00010008216589338479,8.350212932119378e-05
184,5,2.708853951767703,0.0008142691730139799,0.00022012611004982647,0.00027028948570334874
185,15,1.5467535462915947,0.0021670398867084757,0.00011613403280603474,0.00010202749830739275
186,11,1.608929333363334,0.03222407938109103,0.002822140304839282,0.0025545505644461726
187,11,2.5679786486799703,0.0007441387014658461,4.701382426924365e-05,5.103005743006245e-05
188,8,2.2661443713645095,0.004992307016666115,0.0011165918523231538,0.0010093648569253957
189,5,1.8634827597477917,0.07230097072683252,0.01262691162480453,0.00985895888524965
190,11,2.889197660063698,0.17201360533010246,0.02213736951683374,0.02315864121909439
191,15,1.6456564271115377,0.026279405639396906,0.002514905075423994,0.002067548231391252
192,11,3.172536936273403,0.016910037082330274,0.0028894819866633593,0.002633623823678961
193,8,1.6875174681814555,0.008899381870683424,0.001838432923115598,0.0015550143062642203
194,8,2.6664293495354823,0.00010566828942109968,3.371312529567254e-05,2.5376999589091247e-05
196,8,2.2075661770207686,0.008618363328386362,0.002900454923437072,0.0022030424043568433
197,11,3.8326441282977557,0.0018519781029481428,0.00043521132962740243,0.00037405527237928924
198,5,2.9528924845148077,0.003086806086342336,0.0002599126210580964,0.0003084886484935798
199,15,1.7742042167092191,0.023340568309322678,0.0019471568020771916,0.002177200726121424
200,5,3.4113894181551423,0.0012857124566090083,0.00043655125103540956,0.00035689522548418783
201,15,3.1934946432040374,0.003460814032293072,0.0003051446343194124,0.0005000429104256409
203,8,2.4220074031808023,0.0016167700131374998,0.0006042961344603049,0.0005538644053139579
204,8,3.054192921179821,0.0002296624143656731,4.470974180729355e-05,4.1735421119561686e-05
205,5,2.4359109868010034,0.0005630777347379675,4.863662891241188e-05,6.625630134120164e-05
208,11,2.609315791219674,0.1236699880168146,0.02736193565822577,0.02162404549434483
209,15,2.282026154700733,0.0006428808182775345,7.089982630804374e-05,5.7800747658870384e-05
211,11,2.387301437765383,0.009208857168586295,0.002044382499221787,0.0018617365926119366
213,5,2.6630097858427577,0.00011170478066142904,5.078412863526514e-05,4.871663443282624e-05
214,15,3.426996185731971,0.0004363484092883185,6.487039159434757e-05,5.507704004361295e-05
215,15,2.254135058532907,0.0010773804307408934,0.00026014909048576286,0.00021897199544087555
217,8,2.901526955630495,0.005987290321872142,0.002443191977374262,0.0018293931140499669
218,11,2.6480422928240377,0.000785015711815836,0.0001421957401306083,0.0001365564409612651
220,5,1.7734991010540542,0.0003367102144295983,5.946083472879286e-06,8.253048278565909e-06
221,5,3.666753740305381,0.04563058458281211,0.005709382229810209,0.004629597201792773
222,8,2.0391392682462435,0.0005407261658623541,0.00011295740355627434,0.00010119901954097304
223,8,2.6478684764860416,0.0498519107084524,0.011339863791128543,0.01009966979108843
224,5,3.9046112289674686,0.028868424143651646,0.0027664915831651198,0.0024036000728778636
225,15,3.903472704656261,0.001995500819047117,0.0002976543011407852,0.0003206637266668246
226,8,3.2229316413301516,0.0037184057230808436,0.00035986773514049453,0.0002886555040231762
227,15,2.803575022793144,0.07728935272105632,0.015524963947713815,0.01208089470562929
229,11,1.5738238814109728,0.0002833239628449305,4.509788911549647e-05,4.7120851431175905e-05
230,5,3.3860222637274098,0.219048615703821,0.1041811110171029,0.08594575937342344
231,8,1.938900642026239,0.0420464096615863,0.008727430678171784,0.010528108089166578
232,8,3.7313704336286717,0.010817271706622226,0.0016532091673269983,0.0017325452845076794
233,8,2.6848559347754093,0.0022632674363066685,0.0003967614381005955,0.000326349201214715
234,5,2.5776713275230456,0.0007069282065187987,8.00425001560506e-05,7.28117299762049e-05
235,5,3.970944768452932,0.00030094087409065985,9.634917721395463e-05,0.00011751961588486477
236,15,1.6756654231521504,0.0008942908925607236,0.00010327388279737945,9.451932368236756e-05
237,11,2.683041380092188,0.00044137095487289463,4.809805487182238e-05,3.960182650832344e-05
238,8,3.863575214938215,0.016636324914958093,0.0019036193322875263,0.0016102823798067394
239,11,2.1527280477608812,0.0011125728729704965,0.0002588625158088553,0.00025734850619255794
241,15,3.9940620919219185,0.0014605910617442753,0.00022470324603458388,0.00020811693768898266
242,5,1.5869760838438514,0.005575469473704662,0.0018702373786611212,0.0015824794292104048
243,5,3.0833843472546936,0.00038839582777229427,6.450325539990518e-05,5.67912881576872e-05
244,11,2.034615308730479,0.0012769457721648486,0.00029914655349776734,0.00023317191609836617
245,5,3.7626140249980278,0.10887736102637727,0.050126707365003215,0.03935638789746452
247,8,2.591257070663671,0.0003285886118587412,5.0636795885084204e-05,9.200040349631282e-05
248,11,3.364102629970445,0.000166344224239878,4.789386385804445e-05,4.2511577042567734e-05
249,5,2.225035284774923,0.10835327856480637,0.016027705161556598,0.015133924074270123
250,8,2.439504285165195,0.00016154743502116216,2.5196483543348805e-05,2.1943339797075876e-05
251,15,2.442334856725933,0.0008531728334201056,8.84779268492284e-05,6.980227145214025e-05
252,15,1.9561349088908693,0.0047775494054747404,0.00018896213093423422,0.00018559165589654336
253,11,1.9056025312774487,0.00010151996636092603,2.5233558518984134e-05,2.2741140921731124e-05
254,5,3.4452726611796374,0.00014719197629746976,5.779185289003932e-05,5.9612748487492375e-05
256,5,1.6321242872490727,0.0019000934063206245,3.2934077397907236e-05,2.9166253225362637e-05
257,11,1.6367051662916876,0.0010814999503563978,0.00029990841476422426,0.00024478885700897763
258,8,2.0567026107225463,0.031243082103488255,0.008146661240365314,0.006406544052656028
259,11,2.553026863732511,0.013162897340375724,0.002608818465793706,0.00195425707132545
260,11,3.6805462028636002,0.00746585309836335,0.0012702117483230466,0.0011469785114266524
261,15,1.9799124942514186,0.00020770470292154523,1.3337546212960239e-05,1.292278851708963e-05
262,5,2.4574334773907207,0.0012078610485926654,0.00046752984651944195,0.00036823540757216424
263,15,1.9550746609632785,0.0007501387689960752,0.00010170390738319652,8.591615958936453e-05
264,15,3.647267982657021,0.03732020722068064,0.005957865796012373,0.005371276912445424
265,15,3.9557577591559228,0.001075117679040148,0.00030312247701715713,0.00023763691714360417
266,11,3.818719004642222,0.00010132318908165481,2.006203594184334e-05,2.120311716920068e-05
267,8,3.591249833150681,0.005811431440904637,0.00042697523647232296,0.0004660590304807267
268,8,3.2047527739851622,0.012677116214542402,0.0025384674953459574,0.002497908424086509
270,5,2.082394703443085,0.003143128352804424,0.00033477218246341325,0.000592952490116833
271,15,2.255347114805453,0.00018631341269224156,1.8525238850881805e-05,2.0190859482675614e-05
272,5,1.9523258684766298,0.026061210381459962,0.005717345200825181,0.004362462992897366
273,15,2.8074054611059567,0.011870530195949441,0.0007616907457890481,0.000611698529140901
274,8,2.2610540912499744,0.00015119929819819641,1.939622198277174e-05,1.6954270071773753e-05
275,11,3.192257366481802,0.002727880641068756,0.0007114117856639708,0.0006202341673098265
276,8,2.3106425411365232,0.18552680514391828,0.0166179862793307,0.019841984730216138
277,8,2.402249547638233,0.0010875637157220107,6.854849884788803e-05,5.7770138951927205e-05
279,11,3.601894420721164,0.0062601194238336875,0.001190909635370712,0.0019394658606240885
280,15,3.320247435124026,0.1151394178851914,0.019777432978440854,0.015921678108358834
281,15,2.6208465592121497,0.011443642023540436,0.0023161925414298254,0.0022745691518041115
282,8,3.0266782465453597,0.00037650367509503547,0.00010283932897207191,7.980571432280171e-05
283,5,3.9401715655797718,0.0003019705040408883,0.00010763987761988695,8.181388767665517e-05
284,5,3.4259141853139896,0.00010739565832756046,1.574405908427472e-05,1.4639790109681464e-05
285,5,2.78036614914489,0.0018687463377992024,0.00039013491659149117,0.0003492308421998066
286,11,3.2894240102583177,0.0001187865352177248,1.14523699365268e-05,9.360798032750618e-06
287,5,3.320547802520723,0.07253472754209078,0.014431732504999484,0.012762687472167888
288,11,2.9229118095835642,0.010500396788819635,0.0019036887784176278,0.0014425547196612717
289,11,1.6160358229490424,0.003834298545167428,0.0005011995258834299,0.00048014918155897676
290,15,3.655736528961214,0.020920631258355728,0.0014538148936640658,0.0011838837072943025
291,8,2.74254999426719,0.007061830048323882,0.0006755819019446573,0.0006948131524260279
292,5,2.454896883835575,0.0006884838103948373,0.00011282666153663047,0.00010868594745859223
293,5,2.153275083766581,0.0014672889071001298,0.00020369354936450144,0.00018371437811710612
294,5,2.083140555077664,0.0003868440379589693,9.946102457275323e-05,7.854492633016372e-05
295,5,1.9113675386773006,0.014126482961975067,0.0017702948606800307,0.0014376285802967662
296,15,2.797166831255744,0.014890243718760356,0.0009721483773088022,0.0007904121358179879
297,8,3.796557049131053,0.011088512602211097,0.0035091134251775936,0.003835685815342752
298,11,2.0941584419900585,0.02131617391623247,0.0020526148360662504,0.0020458145863953363
299,8,2.6752119412777255,0.0001019688900127763,3.044402644591381e-05,3.878553641793148e-05
300,15,3.1451153787004955,0.0002888578534812798,5.0614416897849054e-05,4.074748129481332e-05
301,5,3.7767648304241423,0.0002923368128087796,6.629700866977344e-05,6.002849848158299e-05
302,5,2.278765894180318,0.051183790541809514,0.013291729051285318,0.013136164837701449
303,15,3.81874402410822,0.000148709272119087,1.4482099738888651e-05,1.2339643734385043e-05
304,11,3.585998588952696,0.009321649223025471,0.0016507868263924879,0.0012865807978009098
305,15,1.7808516526910296,0.0026532235516028217,0.00032183573581405516,0.0002580652636278364
306,5,1.7599510761765267,0.014055910777217568,0.004518083739447594,0.004042862940313984
307,5,2.472633180935312,0.049551824905447475,0.0012696240436453044,0.0011075767883494806
308,5,2.868913925830925,0.012034744247534706,0.003668350220262206,0.0033090409050387506
309,15,3.120050757209412,0.0031613791655289965,0.00018563908018339942,0.00029072225868068065
310,11,2.6096519278953934,0.055934765987468583,0.008609791640788485,0.01058789299352667
311,5,2.481032732178511,0.00019485607953262935,4.353321164881698e-05,3.39282417687989e-05
312,8,1.865434692973373,0.0005279670075447835,7.488380703193716e-05,6.061646607168757e-05
313,8,3.751347093513135,0.0020078985180436125,0.00032049215695630377,0.0003078903183745659
314,8,1.6126165022470114,0.008700084475352251,0.0016140860683991293,0.0012532321856773734
315,8,1.5920699822132296,0.00019138106556394315,3.4328256245947435e-05,3.8668090895227403e-05
316,15,2.254104592277962,0.0003654895864465081,3.713230811921645e-05,3.473202968990452e-05
317,15,1.7669537010798804,0.00038315238996405274,3.8614354677873524e-05,3.6457424282287194e-05
318,11,2.0077082889659374,0.03443687477025093,0.007274375726337405,0.006438199291526688
319,11,1.701884886201621,0.0040477521279362536,0.0005623039287792139,0.00048526093951106795
320,5,1.7367742898031733,0.0005327992458046167,5.350413307700933e-05,4.346567565905308e-05
321,8,3.5310602990289954,0.02026933235820337,0.002497092420309324,0.002317102876014387
322,15,1.8086731851889757,0.013222126853409637,0.0021580263009963454,0.001885538931124621
323,8,2.2559537767124884,0.0024488825288078928,0.0003659405013819666,0.00030989301464681685
324,15,2.4613726829997002,0.00028977394304026557,2.9159624725034192e-05,3.587026770601136e-05
325,11,3.3970248465103023,0.011993265951053237,0.001968326114280026,0.0016825287250489304
326,5,3.694549217829723,0.008462517040694227,0.0012685173768017624,0.0016456615259487874
327,8,3.4935344158014603,0.023643285739973024,0.0031821637302794754,0.003440918838088715
329,11,2.7241899793419986,0.0017862529835876552,0.0002576557298821301,0.0002359484662682242
330,15,3.1671485587813746,0.0007330156770927468,0.00012421374172637937,0.00010642937871477461
331,15,3.5522675672201163,0.0006204445667475984,0.00012497218308507018,9.302421678336278e-05
332,15,2.090978705680912,0.17392065727395656,0.010422657003536524,0.01090167488989667
333,8,2.1436331943836637,0.03114015852911655,0.001967976399497035,0.0023338213477538915
334,15,2.9030436122302556,0.015799204006108045,0.0017902850604625204,0.0014037617718888093
335,5,3.625290508018748,0.000503943124825327,0.00014072733938038786,0.00010661719491320409
336,8,1.81603762703854,0.012737708312079673,0.0010755518863536282,0.0008710147264905297
337,5,3.930555530555062,0.04956370466750193,0.018118878578980657,0.039497052111173964
338,5,2.0467979629642503,0.00015038159997191243,2.19218398412513e-05,1.839453460937335e-05
339,5,3.9315226208212866,0.0014380245253735684,0.0003467152708533196,0.00027462431879635277
340,8,2.854738808139779,0.003091374655013317,0.00039933885468075163,0.00039172027004539216
341,11,3.29866794993976,0.0014532487107744491,0.00034506443702969527,0.000333124197491434
342,11,2.1284586211144774,0.09442878111600606,0.02226260000879284,0.019760094805530627
343,11,2.8771548279476793,0.007542270337349045,0.0014672139407878363,0.0012562172396094109
344,15,3.9186295964228868,0.004653599210007987,0.0008933422061480577,0.0008701976726913003
345,11,2.57019177623702,0.035555524293867685,0.006761505324870885,0.00557400852157729
346,5,2.94610068430966,0.0004949677222136007,0.00020558006619740023,0.00016971337380616933
347,11,2.657367939676934,0.00041346112133888,5.203918253998975e-05,4.327672861405476e-05
348,11,1.7941841471118876,0.0008358994900734159,0.00013935465794969918,0.00012330752531930953
349,15,2.088876417300131,0.017911822319802526,0.0014751961317755638,0.0012406557345657626
350,5,3.015368325188488,0.003276905012134366,0.0008556412740597093,0.0007635819772048932
353,5,2.977781686086736,0.009400432399324952,0.0014141715431141694,0.0012658074867762542
354,15,3.949442603965157,0.0988934097562795,0.013756518538332043,0.011956190552459094
356,8,3.0667852810335288,0.0014944680195390996,0.0001620222743463457,0.00016219050683413474
357,11,2.0395896526072796,0.00015077764301501756,2.340156504924333e-05,2.135954479760839e-05
358,5,1.6883101797035625,0.0072686571325029274,0.0005225991253762624,0.00045760350914056164
359,5,2.596798681210718,0.002446533513552415,0.0004043459990627262,0.0003297059466859488
360,8,3.954980877401673,0.00044609474732148623,8.563016992481164e-05,0.00010259874888525255
361,11,3.534237960983956,0.033681038120637774,0.0017036957126600094,0.0016881384602627477
362,5,1.7972342222598499,0.0010786530515885342,0.00013813132377702933,0.0001529460504555698
363,5,2.9272739710782907,0.00012654589954566798,3.283029706474084e-05,3.7680297349906184e-05
364,11,2.932939790891299,0.004872636724955804,0.0006020362872655844,0.0005694059697992997
365,15,2.901447905918006,0.00243063441604423,0.00033638636344969486,0.0002680360461762476
367,5,2.0133768057575665,0.000131602532167799,5.164309210089346e-05,4.029487351928562e-05
368,15,3.5314704206795358,0.09557450676114629,0.00678658544640513,0.006083318534603708
369,8,3.7279457761152615,0.008526708040430297,0.0006440380883231229,0.0006791418085790022
370,8,3.1689655675738764,0.00023486548244986539,4.323949178262456e-05,3.5709446803803143e-05
371,5,3.0007239292638257,0.14380364999638118,0.02617959870884899,0.021009025659296694
372,5,3.1523428723906113,0.04621790348561587,0.007947614913211512,0.006788064395609124
373,5,1.9970135005174976,0.06488916918645254,0.021439780810931446,0.01670836601030041
374,11,3.8104954162421905,0.005689000925896639,0.00134633486826392,0.001796201493765365
375,11,3.731073400443098,0.00018189308006657853,1.9723247127699002e-05,2.091957430631386e-05
376,8,2.4531824417935923,0.04577056655812935,0.006605537850815384,0.006314127461660005
377,8,2.553678847467528,0.016769830615655665,0.0021741413466894706,0.0017654874199840094
378,11,1.6037242725386482,0.0007585959332100673,0.0001354788750759295,0.00010873590447561805
379,5,2.2591941756490677,0.0003980024354664011,2.98875540710385e-05,2.617729084134531e-05
380,15,2.755393588409392,0.001090904683193259,0.0002843673065499334,0.0002282611046560894
382,11,1.5626301375777212,0.0036684312881740126,0.00033837170841393793,0.0002843604745575401
384,8,3.266930811016685,0.013544165133857818,0.0026988246862565835,0.0022319949052273962
385,11,3.197762437887353,0.064888396487152,0.006678297796446997,0.014760571178053222
386,15,3.096731329463516,0.16532767354135897,0.02245234705693966,0.023658171313418425
387,15,2.0735805424521976,0.006864224837649569,0.000267638821586224,0.0003637396107837039
388,11,1.6049093131562424,0.00019317515932267711,6.976726223957984e-06,6.199575520064431e-06
389,5,2.2056598063149524,0.004492868574574282,0.0012653821738649756,0.0010170249021562406
390,8,2.7404341208775187,0.0032708804014390377,0.0011402625191490143,0.0010187963521693024
391,5,3.054517414950696,0.00037268764664619456,8.726740700967092e-05,0.00010829689538615561
392,11,3.9990699099651743,0.0007399066838632003,4.204417397516898e-05,3.8663195545383446e-05
393,5,1.9209273567118106,0.006810389285333115,0.001523570576289365,0.0012533843003691113
394,8,3.7942342730964285,0.008100121376888076,0.0022343200781669527,0.0020488316072336636
395,5,3.2808170956749563,0.0024913379192838033,0.0010068252888486328,0.0007718978207937113
396,8,3.485706324216797,0.000325765257562365,1.838934580122068e-05,1.5236627778131358e-05
397,15,3.826039905073631,0.012392774116579016,0.003094718108751917,0.002426006105481135
398,5,3.952846280227983,0.028731740337321527,0.005738781428817294,0.007950113701358534
400,5,3.273153581061524,0.027362038850770046,0.008756772743932948,0.006651546327036646
401,5,1.7089851860070895,0.0008410849957525133,0.00011697053827613102,9.639381745127893e-05
402,15,3.713721102869544,0.006778623026847127,0.0006039920882518434,0.0005139474906696216
404,8,2.0153410035840844,0.004839722803900825,0.0002777558372318729,0.00028233097778808543
405,5,1.8027028882724179,0.044769915520575895,0.0017792697385607928,0.0015431656509848188
406,5,3.5674556745815567,0.21115156605531574,0.039568371291209936,0.03310301977455924
407,8,1.7406286663020158,0.011137654192745185,0.000931620666043649,0.0007761018497824519
408,8,2.3761580241864,0.015049294698248969,0.002966333034017253,0.0026960151929971998
409,8,2.4562691011686577,0.03912860089867529,0.012342775934532525,0.009316643818896858
410,8,2.1498234001117136,0.052276681999933274,0.004059127439731057,0.003266661698534288
411,5,2.547013570145856,0.017228754499979484,0.0041342581264429785,0.003156941016969298
412,8,2.9324048288282896,0.024210069577623654,0.004496894982136116,0.004251378312397275
413,5,1.77219334680865,0.015124213313914546,0.0016072764610582553,0.0014280484315601896
414,11,3.1677927153175687,0.0022010180100563484,0.0005980648364292628,0.000707886207887354
415,15,2.073620983932645,0.00015443339300521742,2.9695222175076743e-05,2.5937065675854765e-05
417,5,2.2932453012129024,0.008781885818331591,0.0016483476555050744,0.001975715456436931
418,15,2.038227766817841,0.0003233564202363933,2.2778785961314384e-05,2.3036223880889855e-05
419,8,3.372064548898625,0.04440491313403334,0.011253612036620196,0.008346607988685348
420,15,1.7013719599816834,0.0001746205065660396,1.3005001292615136e-05,1.1627003252644026e-05
421,11,2.7984360902035434,0.001344302432440584,0.00031138654612277296,0.0004425529194193543
422,15,1.8162654428102112,0.006002105044647611,0.0006164744339148521,0.0005222339878687488
423,8,3.650291924992041,0.00018797356700374753,5.831001559929409e-05,6.497070828478756e-05
424,8,1.831056650231118,0.07627845964099868,0.01318172064298577,0.011820825076937089
425,11,3.547931893966537,0.02619501990299101,0.006726475304415912,0.005014582431826908
426,15,2.7840050655325292,0.001182582955002712,0.00012898413405771313,0.00010255795244176607
427,11,2.949068789690455,0.038561443011883016,0.007427888065409744,0.006615262232249141
428,8,3.547498204215781,0.025444820416297493,0.004936098101078563,0.0038057525001738944
429,8,2.6047009170903865,0.0003969487314741932,2.095684890216431e-05,3.078289333993337e-05
430,11,2.3118751167499934,0.00016261102838016205,1.8803009631318654e-05,3.239672732258553e-05
431,8,2.881768669604681,0.0008551613079419767,7.735321912331421e-05,7.997846743175847e-05
432,8,2.439235290774228,0.0006819889140928497,0.00010669202139323912,9.895308436487492e-05
434,11,3.1735266796237482,0.00016234174363853216,3.5136253549545546e-05,4.082408990133367e-05
435,8,2.66271906535686,0.000623589803914622,0.0002006989299832998,0.00015828119882562312
436,8,2.798416659887814,0.00013158357523100942,4.891405329631109e-05,7.786037852578057e-05
437,15,3.548564941789161,0.02574163977584066,0.004546240791758472,0.004155588323232079
438,8,2.1454190416929233,0.06264587674668885,0.010756720263832866,0.0086149148271055
441,8,2.0340901232497712,0.0002356258546806734,1.8391257750346112e-05,2.217474096670067e-05
442,15,3.5067765271172577,0.0004179474757795455,9.153518653812979e-05,9.395053317780416e-05
443,11,2.1244595676017317,0.017570744695955688,0.003604156434689269,0.002785014632669681
444,8,3.4638001858986573,0.0002712335766839678,9.524772424468047e-05,0.00012539657464091626
445,11,1.6023827355457447,0.009760063677442638,0.00039983338926429,0.0003913315587742982
446,8,3.81574062637101,0.13949931622016656,0.023223040295522836,0.01779012260188135
447,15,2.5691611655692244,0.0003200626071866549,3.38678892943559e-05,2.9847185449545037e-05
449,5,3.88690999335711,0.0004680866089549186,0.0001730163233117384,0.0001411373186985422
450,8,3.2996358905407774,0.16094265465903274,0.027119226922741248,0.023814158632826595
451,15,2.5165699440319518,0.021690873431828933,0.005970503261749378,0.004518970510015107
452,8,3.249685378384868,0.013355935178735848,0.001077178662568185,0.0008903748445603479
454,11,3.07389556591346,0.0015369159263887492,0.00023543850123720827,0.00017602506021241305
455,11,2.0238943464842634,0.0003442384555702418,7.569708385675473e-05,5.879586465103482e-05
456,15,3.922904213374934,0.0009412977147188939,0.00022275449714967307,0.00016886273310571192
460,11,2.8739726451417225,0.06289837486308,0.018565298186644173,0.014913125831856174
462,5,1.9477508052899581,0.00013376670466723538,3.289361079995823e-05,3.170284367556571e-05
463,5,2.366999075115636,0.002866421853725895,0.0003667935648088302,0.00030025706429186844
464,5,1.8751958469618646,0.06646699664441605,0.010012820540998564,0.00885394495783183
465,5,2.6740352289339655,0.048869481427967223,0.015424817189582194,0.014552527604522005
466,5,3.4595865303418862,0.0004077819061819922,8.014196110062102e-05,8.47192867937707e-05
467,8,3.6216318194021513,0.00044233653604575644,7.849492733699636e-05,7.049611367323414e-05
468,15,2.0715885531984206,0.014938885754138464,0.0036849559045886524,0.003055208754878635
470,11,2.9785778464901416,0.00015726961080133554,3.3008099737767944e-05,2.6042088063426345e-05
471,5,2.085555761765662,0.041350583780630064,0.008862338847153666,0.0077917562914248195
472,5,1.6310739343808742,0.0072881404102306925,0.0008023158968445533,0.0006520545969568907
473,5,2.644160963334212,0.06801800660696578,0.02241978618650771,0.017980469089536353
474,15,1.941537147391119,0.005243120924172117,0.00042823259447352234,0.0003402610116909125
475,5,3.526453328903882,0.0011565945009140133,0.0003542048505853712,0.00028932313781512213
476,8,3.0661277263146345,0.00026958138135251805,4.756810759656939e-05,4.270685487746544e-05
477,11,3.6585002900527153,0.0118153752323908,0.0015157228776662515,0.0012582073361462618
478,11,3.741898820414058,0.006599468179864791,0.0009084460210053968,0.0008439246014234449
480,15,3.2751729279332324,0.012760299882391772,0.0021235105826631706,0.0017905145635123717
481,11,2.2466765789478065,0.00026601283938999624,2.6463805065044134e-05,3.303074994592549e-05
482,15,1.8290353601338027,0.00010962867743606375,2.3477068181603076e-05,1.804243036446564e-05
483,11,3.313296974865905,0.0003912616558708925,3.745598841161014e-05,3.2707808840067396e-05
484,8,3.893359231597829,0.04888425490831322,0.009141461066624234,0.008026335249587393
485,11,3.1521858313749016,0.04526488751001574,0.00906726051021915,0.007847349335602318
486,11,3.663810227178943,0.003282688244373518,0.0006598215337716367,0.0007792509816793243
487,11,1.5626547007640366,0.05232210224639884,0.005045882617328556,0.0044116865117048995
488,8,2.7936138371228068,0.010254920767665536,0.0019951024582033792,0.0015808971681568708
489,5,3.2201415137985347,0.035940731856034816,0.0074491315012415946,0.005706605436936117
490,15,3.8225607244478317,0.00017347458571907249,2.969489882839543e-05,3.3496569577880357e-05
491,15,3.3445590779339076,0.004027474283950928,0.0006609562538533664,0.0005434392047884326
492,11,3.8994040306161395,0.00010556170232928764,9.391522811703472e-06,9.109221288823607e-06
493,8,3.6970964484495896,0.13669897810740034,0.02605723443421122,0.026969303147010428
494,11,2.226619036823685,0.0099878316797542,0.0003439085864338575,0.0005772300063907503
495,5,2.155497771679188,0.0018343812345350142,0.0003152898613522332,0.00031129913739199623
496,8,2.8717062464329635,0.0007497786137539559,0.00012630972568490156,0.00015379148068075002
497,11,3.747702279493578,0.005263443020613677,0.0016402320450178676,0.0014103299185868586
498,11,3.8936885857619945,0.0005659756030717461,0.0001430013672800763,0.00015106381934939454
499,5,3.762232635172872,0.027945832181500117,0.002792883565704872,0.002296355990404128
500,5,3.6227813981904613,0.0011939044269186805,0.0003069413428185676,0.0002544635857917788
502,8,1.894637596737379,0.00012540600805622832,7.492676931678244e-06,6.4407242491424635e-06
506,11,2.923161304048324,0.03834679449169277,0.005203508349345139,0.006493796745732253
507,15,3.9522069651397,0.14536500890154688,0.023616698005524885,0.019849280472695508
508,8,3.4901174862389985,0.023532398747351607,0.003744495862334253,0.0040883820082510845
509,5,3.6529767524447396,0.0001236159399756318,5.1858102866175305e-05,3.874690066924369e-05
510,5,2.8453957611652148,0.0001467839692002608,1.888806301395673e-05,1.5720459023365788e-05
511,8,3.0209540705687146,0.0059054945522064705,0.0011669335004767078,0.0009512274404617165
512,11,2.995580112484777,0.0006946066131468066,0.0002359614795207686,0.00023307035015922078
513,8,2.8503409028285795,0.03653732589580275,0.002018696353730647,0.0017076477146581576
514,8,2.809534546295324,0.004193320445187937,0.0006569230294472338,0.0007042851946844069
516,5,1.6540380552717378,0.001979572860396926,2.4165715273951393e-05,2.0753015162392713e-05
517,11,3.4420291005014505,0.05608196376156076,0.00816254152784987,0.007757971718079777
518,15,3.1584689555249263,0.00017609578941777106,4.186711612423368e-05,3.8047479134043635e-05
519,8,2.3570004342467605,0.0008265358451949663,3.2164104194050075e-05,2.685697824707604e-05
521,5,2.3654041136055506,0.0008690861370256465,6.692744093417014e-05,5.670242557047518e-05
522,11,2.392596487069433,0.00020265774878794505,3.605471123530798e-05,3.2119306438686535e-05
523,15,3.4996346436263086,0.03603167659153813,0.007084268680296076,0.005783111208207363
524,15,3.9798742035224435,0.0010393797131277324,0.00011794511523546949,9.807060125160543e-05
525,5,3.137411333949133,0.0009502824760295377,0.00017166339757868277,0.00014197059241281558
526,15,2.7874302938021023,0.009587259253612902,0.0009098418920523751,0.0011331306712254764
527,5,3.870939191464065,0.0006138494191912414,0.00012931390650553192,0.00026480829372960927
528,8,3.268950715082834,0.00010806961947149068,9.792797000806715e-06,9.151357326076422e-06
529,8,1.585411257621261,0.10551820655173588,0.01587679773261575,0.014075120110993313
530,8,2.6510478672745474,0.05191853803954841,0.007210541928847222,0.008637992392373553
531,11,2.044344482327524,0.01151854870387929,0.001209786563377963,0.0015647301095260675
532,8,2.0853341696622905,0.01705655740268043,0.0018161145060615063,0.00316288240001133
533,11,2.3048366509531544,0.0014470596983004987,0.0002956599463490964,0.00026138163620306043
534,5,3.0461101067270424,0.004023053187022749,0.0013569267249419195,0.001060758318516735
535,5,2.4329959533611514,0.06839038820675818,0.016848850689811,0.016202064223353223
536,11,3.307448270068278,0.07296098398265259,0.016691769473486655,0.01544628868992416
537,8,2.376607127583851,0.0058959736889152925,0.0005425318853508577,0.0007737531592588802
538,8,3.0777912309783684,0.12292541795118843,0.009074898873306609,0.008459008770031128
539,15,1.700330210206214,0.002719248358129897,0.0003930855008681738,0.0003546233332507403
540,5,1.5093901547514765,0.00013819039861280973,2.6189222316528044e-05,2.0935083739709904e-05
541,8,1.82009341052742,0.0002511075510893608,2.1504111672996455e-05,1.857601641606458e-05
542,11,2.2241182685025147,0.020264649158451428,0.0022814408420812147,0.0026664034186340687
543,15,3.0650841462051495,0.1350014658595844,0.00933422900785316,0.007510209543327304
544,5,1.7218603879876424,0.0023287852987911393,0.0002991656124918075,0.0002651589893321323
545,11,3.8624936140481307,0.00022229657910577129,3.384017936732742e-05,2.657127598292645e-05
546,8,3.969702106740252,0.0001142339470507576,2.7778399875460134e-05,2.6196247605030593e-05
547,5,3.9907379779421985,0.010377910180213543,0.004153303619120087,0.0035964507301200605
548,11,3.2353344281381973,0.0002850882442496965,8.942288619987024e-05,6.640513099880285e-05
550,8,1.9716285976138286,0.0004672733559856292,7.743346363520622e-05,6.502684163172336e-05
551,11,1.9115424499666156,0.0003710740472828929,9.248193701789275e-05,7.528480597182896e-05
552,8,3.8154998960894644,0.1300977288969728,0.015571505338727004,0.02012138276750699
553,5,1.5037979882556625,0.0005948132979364224,4.594243043447892e-05,6.731407683535122e-05
554,11,2.745818987196183,0.06758873183258529,0.011002026087790063,0.012889130587263375
555,15,2.553805833009144,0.0005171751231985641,0.00010596168008202101,8.663933951476836e-05
556,15,1.5487278247612526,0.05435438296507958,0.0029604605787438352,0.00297159815852157
557,15,3.3470170263417476,0.0007130403546421521,0.0002305602940703965,0.00017003830346716114
558,5,1.8208144376815247,0.0038956750174444148,0.000120655425407342,0.00011870173875535593
559,15,3.5915229342178594,0.009595600177744518,0.0017790254197585242,0.0015217494377678796
560,11,3.676341888415827,0.196961328947095,0.03876825352439876,0.046879116788153145
561,5,2.637949652398357,0.2840435258160404,0.03477037449124746,0.03040023857705288
562,15,1.8004441505825262,0.0025115250039636113,0.0003249652737539521,0.0002929950673752321
563,15,3.616253794803254,0.025550429098573975,0.0025350378223373393,0.002590056746667835
564,15,3.935233522932857,0.0005134600079790991,9.49253617306583e-05,9.209436142592015e-05
565,11,2.6448371002655278,0.0005448664679815663,3.161873360100951e-05,2.8362421533404713e-05
566,11,3.07805599802186,0.09080050317726772,0.027711750654029407,0.02124305556268192
567,5,2.8999255358062817,0.0008897896360130619,0.00032492069557022124,0.00029282897342754275
568,11,2.5060014234640255,0.0003817687338802384,6.508290043925403e-05,4.796374592753317e-05
569,11,2.117202762974998,0.0003928607317465306,3.122199420412511e-05,2.8533147083453753e-05
570,8,3.6837242921023554,0.05113381012383394,0.011301964722470921,0.009106214110071441
571,8,3.1635950560517867,0.0028361369373324633,0.0002597348087877779,0.00024005152403414244
572,8,3.159710373252277,0.1325981450021156,0.04469502620185359,0.035235351061249816
573,5,1.6503867432719388,0.0001806455852899192,1.0207369016478564e-05,1.048550264566244e-05
574,8,3.8573446656244665,0.000617165253917697,0.00016291883742583719,0.00013572634607612158
575,5,3.153158264515537,0.03251955091580774,0.008717826333790868,0.00715766077542266
576,5,2.3963223025107263,0.0018653388590106747,0.00030732346401180904,0.00026809099624569663
577,11,2.555901068719008,0.0012376004299175253,8.8553027365237e-05,8.970709422991825e-05
579,11,3.4908403145891325,0.003900405146547825,0.0011172309237930658,0.0012764767340966133
580,11,2.714597504278788,0.00019283687658950587,1.15445918453291e-05,1.1008891053507326e-05
581,8,2.815867257397175,0.006895962299871066,0.0019589633308629614,0.004375111385437269
583,5,3.0883048498849175,0.03932191637009934,0.00578408250102528,0.005717050451212399
584,15,3.631782037994003,0.06766606238980759,0.008991362539803805,0.008462683929245074
585,5,1.7917247657093205,0.001981366026429555,0.0003446895718299205,0.0002819713128882525
586,11,1.5487650432675923,0.00011229761463090184,1.526189515570529e-05,1.2957250364247991e-05
587,15,2.567586149612288,0.003506774063077944,0.000933976338380987,0.000721178123848021
588,15,2.814684317989832,0.00012961098398141637,1.6193304052919455e-05,1.5204553651034604e-05
589,5,2.8956395823312793,0.11508221652768146,0.02966068064677284,0.02331055380449234
590,11,2.8919888973486763,0.0004320067960928977,5.856395855841267e-05,5.285037476332105e-05
591,11,1.6311751926895524,0.10475428707637503,0.006449812689383652,0.006034347483268241
592,8,3.0272044966567657,0.05663428271969942,0.003377636412249102,0.0027107054043884696
593,15,1.6283628246548658,0.015198924181159493,0.0023344168514639356,0.0018433860498348342
594,15,2.3010701845823083,0.00011142593559898358,1.695627806311067e-05,1.4022826746243918e-05
595,5,3.9092556302121486,0.005188820975105086,0.0010577738030268147,0.0011410802351848302
596,15,2.605951484451889,0.0151417563590991,0.0051768390705262905,0.0040567991196342945
597,8,2.74998134260607,0.008450511207878373,0.0019833496582705146,0.001916073630249405
598,5,2.8647289449090856,0.2588820193496891,0.06966451287241276,0.06242651501820119
599,8,3.288791979425322,0.28988582216670583,0.07692105742133887,0.06469600816469621
601,15,2.8270282382429426,0.022204711311798346,0.004157027518363219,0.004028962125139635
602,8,3.9373874517406104,0.01891847873758616,0.006204210822286045,0.008587789425487
603,8,3.5432681824406624,0.030581859753801097,0.007815024626412212,0.007283522212002147
604,8,1.8978431316246176,0.0009021791185516785,0.00010981075931000016,0.00010588588620124006
605,8,3.43818778574064,0.0006037194136542891,8.74312191737553e-05,0.00011445975901322531
606,8,3.899500275149213,0.006638838858374356,0.0008730171483728563,0.0007671442206778551
607,15,3.5687371138761637,0.0009006000996759846,0.00022735254563807487,0.0001758089434590028
608,8,1.6955171016771247,0.00136438947278537,0.00018222738547851069,0.00015410487778246438
609,8,3.247218206607011,0.026531709062066255,0.0027049299342450854,0.002420346590464829
611,8,2.2693112047196125,0.00013136839861599417,2.4977491187648516e-05,2.0894141287777126e-05
612,11,2.1509282467079687,0.00012733809404727133,1.8209265377335586e-05,2.0769358523164526e-05
613,8,3.5635240764884015,0.002290952615970091,0.000383353627987743,0.0003893704281296028
614,15,3.6481824966584515,0.0007007663643627668,0.0001031406101343908,9.829143560799554e-05
615,8,3.1525379222887637,0.0019865411343281537,0.0006212237579186028,0.000520873365293108
616,8,3.7398356967328175,0.00045001785307392306,5.1719892496343944e-05,4.933996004598661e-05
618,8,2.89405981896822,0.02460996539674689,0.004110878109678882,0.0047344018225126665
619,15,3.4044952321950888,0.009672767207916688,0.0007005947945643679,0.0005569826866067186
621,11,1.5671158774443668,0.04390726072182957,0.004549011970459732,0.003664324652759102
622,11,3.6680110647290953,0.061484218077754504,0.012728011057297758,0.0148059429340062
623,8,3.937092093837022,0.0003332304465966291,7.910779930397124e-05,9.293424937999731e-05
624,5,3.55138884125048,0.0009296068652579158,0.0002184834954862929,0.00017713012034550353
625,15,2.040497840743535,0.005864706407416147,0.0008108019331543453,0.0006680985368283593
626,15,3.5677563346822043,0.00021258953895383952,4.814538675965942e-05,4.4109846217122546e-05
628,8,2.3690223719443937,0.020132595939884455,0.006302294547417431,0.005705766057149904
629,5,3.365210396076245,0.008038337255907647,0.002105632604208041,0.0022231017474530577
630,15,3.365100375407528,0.00010238304293435897,2.731826560661169e-05,2.406988431208469e-05
631,11,3.94370587848227,0.014660531090520157,0.00220248562517936,0.0023035005172032156
632,11,3.0054217450938205,0.0015041177287416576,0.00015547187146492156,0.00020063701161175708
634,15,3.6490792305878297,0.04868892412637071,0.00997132946700776,0.009103824527015412
635,15,1.7497845373888556,0.00026079520501703446,2.258179149292267e-05,1.779040161278072e-05
636,8,2.4941036749021483,0.2065247765020621,0.02725506026842339,0.023526985233166233
637,11,3.599874268220097,0.169778046986825,0.011006457819727554,0.010281963548811071
638,5,3.812091231947125,0.009829745068137413,0.002943626378676926,0.002279322187366645
639,5,3.984989579597957,0.005514098762465947,0.000809160785011132,0.0007608834255689412
640,15,1.932649917779041,0.010237330950803208,0.0021757406470466877,0.001685837878213783
641,8,3.7320499494445616,0.031079054794428282,0.0051471435631484635,0.004323696980049723
642,5,2.8187829560739126,0.03691665895882685,0.010207254798139668,0.009820737471565831
643,5,1.6273104121811448,0.031050931321781525,0.010022061682918668,0.008864545388683554
644,15,3.321615615061231,0.0003761380680320937,1.6166044056444257e-05,1.3291536892041562e-05
645,5,1.8687186073283226,0.001219975460284479,0.00016629184882106714,0.0001534465321430005
646,5,2.7246575475793775,0.001372691286480714,0.0004372792271937398,0.0005344975548441978
648,8,2.251264690326636,0.00013744913316676274,1.2618545888463786e-05,1.3234942739772663e-05
650,8,3.0616009480149406,0.21380122098185905,0.01946594147911389,0.022641704887218825
651,5,3.0445640096140085,0.003770887099658482,0.00046169187529378496,0.0004607443844514535
652,15,1.6112093298279961,0.0011256851110683986,4.5962146819416086e-05,3.9044805672258496e-05
653,8,1.9729036806476408,0.00010308402388131589,1.5953398861417742e-05,1.962028575504286e-05
654,8,2.6706145471414913,0.020274050573548065,0.004878739310222657,0.00416475792338748
655,5,1.8043675602925566,0.01466402564215136,0.001125230446686613,0.0009191700797997008
656,5,2.7814326828621967,0.0002021850340509551,4.5755360566971786e-05,4.348099643024245e-05
657,11,3.651251931179832,0.0010107967096685522,0.0002844340987405702,0.00021161912591413377
658,11,2.5547581232658807,0.00012079592576929748,2.2261908234763706e-05,1.753435336794853e-05
659,8,1.9145305541712805,0.000690544452689462,4.9998781362528165e-05,4.332212999477841e-05
660,8,2.4885736480637535,0.0018478558367751694,8.652870277938766e-05,7.806217795380483e-05
663,8,1.6382253218994198,0.06021762598442504,0.004575884033303269,0.00427652675371959
664,8,1.5695670379852673,0.025660169105656844,0.001784538532677918,0.0015954458166177515
666,15,3.2263313064073316,0.0014659453803764397,0.0003407452307683638,0.0002754950206600012
667,15,2.4179013212938427,0.0006020429265154151,0.00010159925005580016,9.07575069509958e-05
668,11,3.6940134436051033,0.00030194649474434124,5.3685363679350495e-05,5.0729036183912164e-05
670,15,2.7761457799494482,0.0019113250586242727,0.00021020923549854037,0.00016343772904762145
671,5,2.694057829393115,0.000408381270658306,0.0001697419532992907,0.00017085195738628488
672,15,2.4953551492763406,0.022359675906071408,0.0024233738305857702,0.0026495384285273073
674,5,3.1893796596250574,0.05689103594580509,0.013122509166886974,0.01432415251192604
675,11,3.6045179295404663,0.0063382845904894096,0.0015486390973084847,0.0013646028492155006
676,15,2.024907936525443,0.03588187462212321,0.0015503307756168185,0.0014562853086644472
678,15,3.5948544873440236,0.003915951262050474,0.0012568480498139209,0.0009077306224188641
679,15,3.945006539207858,0.004340653773327542,0.000629126148992764,0.0006541190281719476
680,11,3.688548930185622,0.00013190210676603217,8.758472157947454e-06,1.196023233817377e-05
681,8,1.5450243582251386,0.06515696438884717,0.012378552605661492,0.012586311241491763
683,11,2.4746926371019136,0.006770434346369319,0.0008936714353082279,0.0007819272743969213
684,15,2.6464094619301943,0.008467867462060222,0.0008033267664579022,0.0007018975667780465
685,15,3.528514777201901,0.0075643235654692335,0.0016921992862609292,0.001393854156601319
686,5,3.3045823344739476,0.17803140125955047,0.06383765685505702,0.050112574212846595
687,8,3.076793547688286,0.002137797155166611,0.0003237168002624756,0.00035470027438365285
688,11,3.5572757445290257,0.00036316263499862756,7.88144644088295e-05,8.264450392783692e-05
689,5,1.9364591333326864,0.004991683801610484,0.0012546736072790248,0.0011773828134067008
690,5,2.2947491060395566,0.00021365237344909047,6.361726435448467e-05,5.237546306938822e-05
691,11,1.9884308535765487,0.009936138508139949,0.0005417509336398178,0.0004565892755077452
693,11,2.5709241669871687,0.0003572920104026798,6.863367919157263e-05,6.741238100464907e-05
696,5,2.8888105775304034,0.00010578726716385866,1.3907863531746703e-05,2.0218872677601252e-05
697,5,1.8569181064751195,0.20512981270951558,0.054542961620073716,0.041265720093532486
698,8,3.5379488876005807,0.028315144563391046,0.002358584670863092,0.001828491529443964
699,5,2.1387785534929478,0.003032445323015381,0.00043174829377458585,0.0003309586790605644
700,8,2.9500577148287332,0.0008138766411480383,6.218101922239944e-05,5.6202903186076494e-05
702,8,2.566733760755855,0.029308607512753045,0.0032468359069324835,0.0030132722495990073
703,5,1.846939096399691,0.0016362563064644452,0.00023404882607124672,0.00018551170273506195
704,5,3.6145821384157597,0.0001621680324740832,6.583316773253765e-05,5.157779871334544e-05
705,11,2.756306371043321,0.1257011960466129,0.032053432501976224,0.027056867363411986
706,8,2.771772255568027,0.0016269224746124583,0.00027194935768621957,0.00024602598223465454
707,5,3.386454352405725,0.0022553208923830515,0.0005304713452451049,0.0004271449213010176
708,15,2.024769910518544,0.004090145820752957,0.00022970097500285235,0.00020282702371956973
709,8,3.5951492974539487,0.0024827550652265313,0.0006050717447839456,0.0005429552213009057
710,11,3.7183572591602694,0.0002443404579318763,5.438264535897852e-05,4.5437351449581736e-05
711,15,2.1187561572086224,0.02975047828576957,0.00633530193503987,0.004885455301082474
712,5,3.8073792048045036,0.001088429077042367,0.0005254064278113518,0.0004418386237376067
713,8,2.3512041450586194,0.00010237369689625574,2.8884480454448887e-05,2.5272541686591962e-05
714,5,2.0942345118530525,0.00022860286213230037,2.5778822526255947e-05,2.4919055297396975e-05
715,8,2.9510058715059344,0.0012330091538944622,0.00011717142153467475,0.00010137445053186133
716,11,2.87030660174947,0.002152257868567122,0.00032023984000447575,0.0002529952570996954
718,15,2.866407824117713,0.0011603070086198728,0.00019382420454401282,0.00021191731299967107
719,11,2.23143610047106,0.033528703412063224,0.004506997566708212,0.0038029189083214412
720,8,3.985550804522261,0.23175733122576384,0.06268392947297288,0.0496992702594008
721,5,3.3357661058342973,0.00021152088207109431,5.535366087700265e-05,4.322229029825383e-05
722,8,1.5822186964359728,0.011201741754053415,0.0020320345571696453,0.0019335735714175464
723,8,1.7472773795140801,0.00017507267250080135,1.0531894679838495e-05,1.718214193250438e-05
724,15,3.786708312334222,0.00016237383048984928,1.4680986359897302e-05,1.3609872067804152e-05
725,8,2.436363408794323,0.00023796602464499253,3.261293746598096e-05,2.8174664216793442e-05
726,11,2.176269441161919,0.001719430299051009,0.00041987562585750975,0.00037385850486579763
727,15,3.1804485616767444,0.0005545801959120211,0.00011066836644177699,0.00010056382358706695
728,15,1.7230006867157814,0.21417093982429933,0.02127718828733901,0.018012737473656688
730,8,3.7386911255544364,0.00103743796187775,0.00033371645562162145,0.00031174050310005925
731,5,2.1482116208339797,0.001576746934660303,0.000294275735429051,0.0002440850444081408
732,5,3.821406723990356,0.00025208564252972337,0.0001115421520102623,8.826019712302984e-05
733,15,2.2743136491306197,0.0074331608511848234,0.0009736797099533194,0.0008019724983253704
734,5,1.735219567794829,0.3092329169769738,0.03343576099632002,0.027619180998645836
736,8,1.9987867625298148,0.018237174412810267,0.0019478901350775844,0.0017335760155701824
738,15,3.1316542489061288,0.03233338774364614,0.0036492389595192227,0.0033682789704157483
739,15,1.7866254522218226,0.00973809137198668,0.0006108166259117472,0.0005065953273680474
740,15,3.466248045399835,0.005917350740565144,0.0005488418318751257,0.0005539982813851378
741,15,2.1671997312530227,0.004374049730163044,0.0004641370384987939,0.0003785736019649426
742,11,2.070506090392707,0.08708040448988594,0.00576946470153967,0.0047227229485450346
743,8,1.5896268002739986,0.009087233830682873,0.0007990382465488971,0.0006802386375043808
744,5,2.9901706525180556,0.2915165615150425,0.11694397478870447,0.0865591034423303
745,8,1.6071776115798937,0.2704324915865438,0.053482940568454394,0.04440473481100719
746,8,2.3917787506641304,0.0015107940356268287,0.00019442126522347305,0.0001581536041346319
747,11,3.107804383418769,0.1020527647086978,0.03015595404421988,0.023586747111275463
748,15,2.4441953753033276,0.0010534269527501408,0.00011251856468377548,0.000124089953524198
749,8,3.5918049737143076,0.03488055756754402,0.013101174214978199,0.01539398359845423
750,5,2.7804367263624745,0.0021970265783451486,0.0005178609927501651,0.0010057173746283018
751,15,2.6727771239175375,0.0019050181159637226,5.465852406391253e-05,5.0568727833442774e-05
752,11,1.6864527656331125,0.00012113331185030462,1.2139822070593818e-05,9.935358484995768e-06
753,5,1.828699406746714,0.035521071750140625,0.00513154258188662,0.0040437833031258105
754,8,1.8996885281331755,0.05428725703202124,0.0039710451411084265,0.00367651486788727
755,5,2.7169741550286792,0.05935396432233163,0.01476726146684872,0.013158669555278148
756,11,3.6215476255154635,0.00031619302313153606,6.034282540046458e-05,4.8422045738913414e-05
757,5,3.8378760829006624,0.0016690215982905225,0.00022518575262551506,0.00018831031195189242
758,5,2.5795476862913986,0.00028454411201851867,8.278138513699842e-05,0.0001173671040252069
759,15,2.9938961417653243,0.011592373705927965,0.0007966869949510904,0.0007882341729886532
760,8,3.5307815107383806,0.0012190264884465074,5.5452041340073824e-05,5.904266177012562e-05
761,11,3.2033248025303114,0.0058297031560185,0.0019972079431042422,0.0019664935706658615
763,5,1.9324266834368076,0.005828786230941461,0.0013770070760173148,0.001090576110930928
764,8,2.7679894689812126,0.002600168714500382,0.0008860497682522368,0.0009067764629361994
767,11,3.180265104100261,0.0070899558934116305,0.001694435812030032,0.0014348308694966628
768,15,3.068720443982312,0.013970436628403738,0.002491731185870924,0.0019517911479412541
769,11,3.9139179972230957,0.00021575898599292536,5.116124511021395e-05,8.883219014994817e-05
770,8,2.999719359090676,0.025816836124542154,0.002742832999908337,0.0032136464889949705
771,15,1.653302170956144,0.0016569869368673283,0.00014832596575504428,0.00011738602467199149
773,11,2.1320300337417653,0.03548990351449103,0.005096314290425395,0.004459442392028168
774,11,3.129860165169624,0.0007747589722282809,0.0001646736913497802,0.0001559431392134629
777,8,3.9631193582689956,0.02579482605100774,0.007189713796257007,0.007455963240838047
779,8,3.2462154540956516,0.0002023715839161595,1.6624931996376713e-05,1.4385264912312707e-05
780,5,1.7906826130248898,0.04836751316641567,0.00539478778342237,0.004812261709090279
781,5,2.326066475071342,0.01620679759008622,0.004521992509938924,0.0038001481527053503
782,15,1.8470116294191912,0.00013748770821930213,2.3094721910930374e-05,1.9098395790520823e-05
783,5,3.8802329837681198,0.005386956732693305,0.001582627964777318,0.0025309990388939735
784,5,2.4864558331419513,0.14248575834395005,0.02782550134821047,0.02267919051021321
785,5,3.31520076376542,0.05931541832762928,0.016076774334020973,0.012994496605338282
786,15,3.990864881598748,0.038513064422411855,0.004487291531815356,0.0039696245742274336
788,11,3.0102348007210984,0.008191862152051414,0.0006052615968575556,0.0009509709510592812
789,8,3.1304046702713433,0.016047194177957393,0.0021951589736171513,0.002021997528610574
790,5,2.3631786690600993,0.005347487614642085,0.00012966246833212987,0.000145990016345884
791,11,3.972997300041975,0.00018338944640108748,3.796095546946452e-05,3.302911136637129e-05
792,15,3.9504892752954994,0.0002779492882142214,6.025655893197395e-05,5.561564496160046e-05
793,15,3.374571951356257,0.00011620136321385109,2.496810746066613e-05,1.9131062449105935e-05
794,8,1.8100033920708791,0.0030576207357022028,0.0003770185555676588,0.00038033563010274335
795,5,2.441610558026853,0.0008508455514856928,0.0001687038387089274,0.00013703412941745154
796,5,2.48366276356661,0.0011625811639586821,8.43423166096605e-05,8.382439658918055e-05
799,15,2.0014693063524596,0.0002781132522393676,1.6013924906325814e-05,1.4688576335199563e-05
801,11,1.7179664587754,0.031262847832070284,0.00415348449282211,0.0033841610458034623
802,8,2.6603374574034935,0.00025058766648864236,5.256642256820022e-05,5.325127035350647e-05
804,15,3.6313486100060612,0.03284648723144244,0.003871217360941804,0.003692782320579989
805,5,2.86032371216471,0.0004971592441818873,0.00020254775938357075,0.00015028681609514805
806,5,3.4177231205965772,0.00013724898334129007,6.578769199394457e-05,5.402340278763747e-05
807,8,3.6638807595653073,0.00011029847649979696,2.8001621001294307e-05,2.1799626258630186e-05
808,8,3.821966196843185,0.010692387535261985,0.0016145331463664194,0.0014051911627459407
809,11,1.7692992150492748,0.0023810506470688803,0.00032262588662218165,0.00028255769001252635
810,8,3.414393062608327,0.05116709998229445,0.023078849714655736,0.02434974437638882
811,15,2.6153011639424424,0.0006446386243087814,0.00011209824930885515,0.00010169814524395377
812,5,1.8762212539729668,0.0015632031951172377,0.00012793186933573075,0.00018952475965215026
813,11,2.464457650303881,0.009818817227436917,0.0017558512401536725,0.0016850503184313843
814,8,3.5243073459013514,0.00014634582744181283,2.0642889562731253e-05,3.473633604933133e-05
815,5,3.188522514517288,0.17045697293474846,0.03130218064848185,0.03224456417865757
817,11,1.8600158667290787,0.002581807486605071,4.613683299373128e-05,5.4929633705579875e-05
818,15,3.947677234760366,0.001072359109313042,8.840287874664664e-05,9.636146930024768e-05
819,8,3.3126272411504156,0.02185627806783967,0.005096407928894738,0.004400063421438019
820,11,2.0252732494112107,0.01064502711606862,0.0008831687286140296,0.001024213857951286
821,8,2.958443572600056,0.02371311968424557,0.0035348636035544227,0.0031648631254842627
823,15,2.242957637513274,0.0829146874237605,0.007091838043507671,0.010026820470597459
825,11,2.973662131013635,0.006414209376008143,0.0013268423362590104,0.001558027314050036
826,15,2.610626007217771,0.001650419035542878,8.804029926871154e-05,8.600470114318795e-05
827,8,2.52528753130025,0.07676025173042993,0.004722774212067703,0.004126233028422026
828,8,2.1804523933070152,0.0028246064696247574,0.00021241721905911556,0.00025056023056545045
829,11,2.9618726118491936,0.00027628574866164703,3.859519833930438e-05,5.1419690554985336e-05
830,11,2.58636521248795,0.000722708164496056,0.00010724069603720271,9.096266851909597e-05
831,8,1.8879860226295864,0.13866838184230007,0.013113307585847537,0.011236934962204338
832,15,2.711094855221072,0.023216194918560612,0.0032557223875024077,0.005421559616628787
833,5,3.6743025490259544,0.00011385344069852166,3.543078040639206e-05,3.187902264601546e-05
834,8,1.8831313033625725,0.09108844591182383,0.007972863859339617,0.006350611872564988
835,8,1.6120211513811955,0.08297974852581923,0.019961554910924353,0.019116965227747026
836,5,3.5505407889489153,0.0011865722764163842,0.0003749429036913656,0.0005418691789460229
837,15,2.9761425871196496,0.11375153452565788,0.01758509364656283,0.01523939403030271
838,15,2.681416815360201,0.002162195326521915,0.00026289310422529966,0.00022121325637921633
839,5,2.031932037830989,0.000135910479278859,5.624827650288457e-06,4.607235557880616e-06
840,5,1.7959586304419457,0.003480569279141458,0.0008169316272483746,0.000670308237178488
841,5,2.7022185464927126,0.002835256447961793,0.0006834351976291308,0.0008672216225953122
842,15,2.258554815148479,0.0006966932967044636,9.287115734368475e-05,9.249649547893527e-05
843,8,3.3063210493330297,0.002961972396367884,0.0013339066660618456,0.001310184444388561
844,15,2.0654283730461613,0.0011385199465066926,4.178731561821811e-05,5.365307247247093e-05
845,15,2.8878190706127596,0.025836240099636337,0.003086120995302598,0.0026341221402985966
846,8,3.793302375626896,0.0018871095034322847,0.0007882122281874112,0.0007285096115250641
847,11,2.0707735472670867,0.002145751141310206,0.0005552950059083099,0.00047549475289190043
848,8,3.2157621002429333,0.0010692512330760754,0.00016067294415262503,0.00014167475022393536
849,15,3.49910728052259,0.0004606564717995161,9.880108521601276e-05,7.566980136804816e-05
850,8,2.524175605114635,0.0018787434534247565,0.00019507529154967057,0.00018453872044611681
851,8,3.1924061793930316,0.0006993718470901918,0.00012026554391250281,0.00012511801317067415
853,15,1.8350027726705833,0.00032594903800430843,1.4305828333043613e-05,1.4584606048751607e-05
854,8,2.374527920906563,0.004693450489397786,0.0010455805851802998,0.0008423938471114488
855,8,2.8230741211154964,0.09292076160010797,0.008977219952601347,0.008576435444633428
856,5,3.630649849852387,0.015510747560553055,0.0011316205763411287,0.0009218773385240942
857,11,2.5570863035082656,0.0007347705565266191,0.00011052653107722522,0.00010675356465305809
858,11,1.5596351382332938,0.14003231977461247,0.010398749815477337,0.00959809084860413
860,11,3.2966697189361995,0.00020301399728235036,5.4560853247219684e-05,4.470107255423099e-05
862,15,2.1290677019791775,0.13118735982565533,0.03132917916225573,0.03062297148849817
864,8,1.6274463965111752,0.010875010463144916,0.0011539413504792126,0.0011178434465983313
865,15,3.778606655467465,0.014575625833224318,0.0016210422330272295,0.0013670729724199865
866,11,3.168111915331512,0.0009396934356122781,0.00020122236739179592,0.00025567149323171465
867,15,2.781815291051949,0.018648252548856725,0.001835180162290705,0.0016715277273040416
868,5,3.040848297434943,0.00012255482009090863,2.9255619368399132e-05,0.00010306963301048601
869,15,3.1853750133047667,0.0005476373993903062,9.16576986287405e-05,6.856474453146345e-05
870,8,3.446970506307804,0.00013394668678679196,2.4955514062541457e-05,2.1772478502485283e-05
871,8,2.137677232156538,0.0007741482738392461,0.00011259266399257079,9.076876503447317e-05
872,5,2.228193346544118,0.06363774180701715,0.00952971634920114,0.00982290453426917
873,11,2.837218020626402,0.0011848668623377673,0.00022254343130066314,0.0002628546388512772
874,11,2.282640014135367,0.0005570171360425984,0.00010885046644312275,8.70327064941429e-05
875,15,1.696512948313192,0.0004126922067481846,3.1637639948192456e-05,2.9709482841579785e-05
876,8,2.5079520209039257,0.20985176367912214,0.022209216680121248,0.03010303666164017
878,5,1.9055340799818645,0.001550304498419827,0.00039649194989273333,0.00038737640870172485
879,5,2.9917511999274855,0.001022228992961033,0.00018612666496775577,0.0001722153487027558
880,15,2.7188780107158315,0.00030895627898014437,2.156279089371496e-05,1.7645381126600404e-05
881,5,3.544596752813478,0.0006600513125365221,0.00019780432031011222,0.00014976174056883647
884,5,2.67235601360376,0.06512050441048198,0.009874161203802276,0.012202639088619597
885,5,1.7389865637330566,0.0003197156864714607,7.304949756751663e-05,6.095109048734748e-05
887,5,1.9615747643335633,0.00045960286792087355,6.099261417195777e-05,5.710894277765218e-05
888,5,3.0565052387139806,0.03193744510213525,0.004801329764583303,0.004644606173540599
889,5,1.9420775942061328,0.008653363649702131,0.0023643765054357367,0.0024384409776095632
891,5,2.1696535300194113,0.001758437340208998,0.00031271971110382555,0.0002862882570241621
892,8,2.461013588583641,0.00010829528301767235,1.0149108745002051e-05,8.991872576561283e-06
893,11,3.6464624571515425,0.0005494380647046654,8.635311919419583e-05,6.671810360508582e-05
894,8,3.892451678662009,0.0008461502718216872,0.00012935520798618922,0.00012150516289832529
895,11,2.576741222852311,0.22201746123454044,0.02789497509877951,0.029132316938281867
896,15,3.2292004018133538,0.050988941836537544,0.0121008633638809,0.008985967142560981
897,15,3.133143429470971,0.025288483487933475,0.0022188862137875274,0.0027724959731947703
898,8,2.5483268315194936,0.1555564875894399,0.02859091273971507,0.024530284966332798
900,8,2.446727015916777,0.0018958016801745331,0.0005381118952213655,0.0004613621389970838
901,11,3.113613551364403,0.0010125331991405417,0.0001250786253982283,0.00012278879819248957
902,5,2.0989270562012363,0.01534220967895265,0.004122198838791826,0.004366712047227887
903,5,2.037987028459648,0.0036721535352029567,0.0007199893072580367,0.0005917247891149087
904,11,3.2861048827861743,0.00011623729280791948,6.4444218865776905e-06,5.432053302612294e-06
905,15,2.0650185412110122,0.03818370615865038,0.0035547878297120545,0.003125603144651094
906,8,3.382114536421265,0.009034665358355096,0.002075151699379779,0.0016621985492615472
907,8,3.9578344014296523,0.01907074628374484,0.007381743099276422,0.006944706390203328
908,8,1.8206614516372828,0.030765131919474442,0.0020500448590062737,0.001596673974714592
909,5,3.0141333176494562,0.0003947495080560335,3.9173678115540085e-05,3.8307018607091255e-05
910,11,2.445363962741123,0.018502750420785304,0.0028995702432897145,0.0023470611405593516
911,8,1.9772814707923594,0.008927498095865913,0.0003950655038375459,0.00036714152353402465
912,11,1.696959985225075,0.002567847439437397,8.767453954589604e-05,9.049819084324956e-05
913,15,3.1231579916483314,0.06594702332619083,0.0156434467810996,0.015175651901465331
914,11,2.3030658347150474,0.03590720450482938,0.0014005223901904543,0.0011037299736730204
915,5,2.7370785595262914,0.00015576127976674807,4.9242448075480806e-05,3.988899161945899e-05
916,11,2.350694514947082,0.008470450267748827,0.0010149837209415796,0.0007824786642803377
917,8,1.5242870800106034,0.0003002532986939229,1.3555425430598652e-05,1.1946976091728271e-05
918,8,2.9838731277630366,0.16703166001260306,0.03438180336780343,0.029791712703055608
920,5,3.5833431362919437,0.001312342776291545,6.25334345843127e-05,5.196798377501474e-05
923,5,2.0336235143892027,0.13115576016054284,0.016805887028885254,0.018913562181549753
924,11,2.66963940435195,0.0009726484443774421,0.00020871534814400925,0.00015556997010372927
925,15,2.5306809755190884,0.007639945595281556,0.001847829898232214,0.0015479076659305855
926,5,1.8371089662604407,0.0006950195405177433,0.00013823440529828272,0.0001177459898655307
927,11,3.984595280795046,0.004945661456777819,0.0012896229740171268,0.001165398007288571
928,15,2.56857161736419,0.007232580048645438,0.00040808962849607424,0.00035822252261005603
929,8,2.5786465693418985,0.20010612266852545,0.03754461012160859,0.03652787722786577
930,8,1.9020955735781273,0.0012185633597999364,0.00011606644000826269,0.00011395336804240323
932,11,1.6495826344998843,0.00034009321334399256,5.636595265125349e-05,5.430597807952856e-05
933,5,3.2688884876571414,0.002232797121031237,0.0002033503338308992,0.0001678509408939141
934,8,2.30046178147726,0.0011212710742058269,0.0002799208037320522,0.00020954380231355638
935,11,2.2656119333282905,0.00042163526956840466,1.9854141719811366e-05,2.3573528740062492e-05
936,11,2.8252934490159256,0.004959515611400278,0.0011973925685214823,0.0012915042785490473
937,11,3.459895447625221,0.006567625455567794,0.0009608481834210763,0.0011514471710064264
938,8,2.71834933193138,0.0012421305202109407,0.00024880870951668043,0.00023983541322812076
939,11,1.905211822108752,0.0018451617594176782,0.00026549628442873723,0.0002028357286626946
940,8,3.3108664345790184,0.003339281425727594,0.0006856701340508172,0.0006777068161584879
942,8,3.5065291013734226,0.0011696054876835361,0.00020841264866589375,0.00017946265532257116
943,11,2.985450434936448,0.03646841184431184,0.0027164516936822973,0.0025233770918337193
944,11,2.510417882600116,0.07011465606418969,0.009595140081629941,0.007629563329959337
945,8,3.363806711236269,0.0035312770279882525,0.000787454382924222,0.0009553012439316221
947,5,3.847637449213344,0.0010084141381145528,0.00022008979215903197,0.00030850701582573343
948,8,3.708553506820126,0.004479626639351248,0.0009939708904440005,0.0009419473392688277
949,11,3.7521400938491336,0.00018909543288662666,3.750005162048816e-05,2.9107863416954033e-05
950,8,2.9860381043113615,0.00033467392442096205,8.614906918390957e-05,7.253544776961243e-05
951,5,2.306778553743721,0.009632799868437117,0.00023139286977630016,0.00020705395335369662
952,15,1.8710691282853882,0.0010053334274496275,4.237107139865531e-05,5.0220908601321667e-05
953,5,2.0262535313237,0.00017569338870240152,5.193513375237041e-05,5.3026662882416686e-05
954,11,2.9454996322276887,0.04655163823866556,0.0049116245712518105,0.004362507550578499
955,11,1.75747210971372,0.00026557754774773657,3.3531064740719216e-05,3.065817939417998e-05
956,11,3.1590346640811475,0.04060394840488046,0.006696350077595954,0.005965498282198229
958,5,2.889315928401519,0.01674948639304728,0.004128761548798515,0.003107873041645846
959,5,3.4964652600193777,0.00720806509340525,0.0006637032676633432,0.0005922846186052818
960,5,3.608953830467985,0.0008218208499183493,0.0003564341771040056,0.00035814237932971915
961,11,3.4601201704410767,0.0002393897501373491,3.36845490638003e-05,4.090500684303696e-05
962,15,3.6809270274168426,0.01981125618921054,0.0027925079965733096,0.002093795915367124
963,5,3.2034504925509513,0.13481108059193855,0.039194842881743144,0.04203499330697453
964,5,1.5266346257923789,0.00016242326841842678,2.8097278649467113e-05,2.3247592542041332e-05
965,15,2.2249328673771123,0.0043780256441109805,0.00043321213927916913,0.0004339773898603599
966,11,3.2484512649704946,0.0037595457895573943,0.00041885737478660574,0.00039911221370549695
967,5,3.524536288821676,0.08394502319708606,0.010932509477439432,0.011043474911250632
968,5,2.3554617369025155,0.0007016002622821084,0.00013184835089606917,0.000110536247798855
969,15,3.3740603904407727,0.0011704294992510062,0.00012735423296564413,0.00010862652123375478
970,15,3.740221308206301,0.0817291274541354,0.021779649646199346,0.01801267040700677
971,15,3.0859040344532453,0.030849528283375508,0.003194151308846307,0.002828658687431564
972,11,2.1356601822723205,0.006121826408977448,0.0005949538383955162,0.0005149120810140707
973,11,2.703046051852477,0.00013974429759573608,1.273379043397553e-05,2.1123119114459562e-05
974,8,2.7761176035436925,0.002367731345138868,0.00026750651460832485,0.0003494756139540647
976,11,2.000286671558415,0.0020916865055950204,0.0003993618266604418,0.0003175516715690939
977,5,2.3910945191638984,0.006705090309458769,0.0007938527927111823,0.0009031500043193341
979,5,2.7329850977832937,0.10322992525272949,0.024101507312895724,0.020109235405192598
980,5,1.8790874396207211,0.0020260355229930953,0.0003484377175186085,0.00031550250390098014
981,15,1.5105733924358544,0.0025654948200167465,0.00017274249790921563,0.0001363131433542896
982,5,1.9989860315268444,0.002063831634733045,0.0006896939810385617,0.0006319436195918134
983,11,1.8922968304675076,0.013594242335542333,0.0009584055221057585,0.0007856819292965519
984,15,3.118141374289603,0.011764077693805752,0.0016134798377922192,0.0013990107463916989
985,8,2.06043720218521,0.006879951527080981,0.0002544140918112255,0.00020607328994869556
986,15,1.6266002862229958,0.03086034208025678,0.0030877269204042813,0.0026140265151535823
987,8,3.734442109870984,0.0026138373739614815,0.0006766189749152812,0.001119586524523265
988,11,1.8718905947046398,0.01666198548400978,0.0027179231352100963,0.0023590480940213275
989,8,3.6563951725367034,0.0005042070908518318,0.00013043408056763282,0.00019080307440322812
990,5,3.9724316824967625,0.01255270160667628,0.00246422466619153,0.002231792892432602
991,11,3.030957965957502,0.0014845404694377449,8.90072902011341e-05,8.760631638887457e-05
992,15,3.900001663607136,0.0223030552668415,0.0029045996606229234,0.0026851502580791707
993,8,3.2459686959876954,0.0004186670396898163,3.439302726046254e-05,2.8331228592463877e-05
994,15,1.6305249151576193,0.0009166446218034681,5.477557526028182e-05,4.520453272606664e-05
995,5,1.837823304499504,0.0105832181653775,0.001035696236650169,0.0008275898589727226
997,5,2.016202783902516,0.006332531102230324,0.0008572286427119017,0.0009505186645029027
999,15,3.5513390517146473,0.0003193618775957623,4.112968782061423e-05,4.40993514878418e-05
1000,15,3.7026346407940847,0.001185308648305977,6.150260912921886e-05,5.873445714122782e-05
1001,11,3.588112795433896,0.004371606013935861,0.0006447305576530045,0.0005657524730013294
1002,8,2.4276419507279816,0.001107271372572903,7.114807135100563e-05,8.365592762764417e-05
1003,15,3.7519000223008825,0.0024746598275222445,0.0006222286647862536,0.0010354052324429207
1004,8,2.4790896386842163,0.0009881596333069565,0.0002341504375607646,0.00017322928627569686
1005,11,2.0274185953939985,0.00014221106921716647,2.1836387021277577e-05,1.7983953315804438e-05
1007,11,3.5585059852798513,0.014262843825302553,0.002351528159300533,0.00202468098046628
1008,15,3.7247921950226988,0.00015658923109254555,1.384016265372623e-05,1.8313811038331904e-05
1009,8,3.682241104488482,0.0005941802077625662,0.00013777405504074978,0.00011559779716813917
1010,11,3.9141212151562677,0.0005631111460435593,7.037530396828505e-05,8.275487008262272e-05
1012,11,2.488914255607992,0.16836930920526164,0.01900751839858089,0.01783422863074505
1013,8,1.650793929202246,0.01763177218915457,0.004080024498491775,0.003160092558972846
1014,8,3.7650647062276765,0.0039251190641919065,0.0007008460649818239,0.0009287940663702016
1016,8,3.258365170090694,0.00401751187093237,0.000198764201271719,0.00023981467516920253
1017,8,2.559920786231714,0.002557326268251926,0.00015573675786838197,0.0002005721140834341
1018,5,1.9391189405427196,0.17766832111479144,0.06743021724591974,0.05293618709769517
1019,11,3.616874878093843,0.00012960539252882916,1.2618532671734455e-05,1.0619629272102912e-05
1020,5,2.290595479172312,0.000661402817458414,3.0040345962688145e-05,4.74408332170842e-05
1021,15,2.329564948800906,0.0011556725541743708,0.00017346483948478216,0.00015058257162095794
1022,15,3.3796582214022073,0.0016652684525541872,0.00040637142272732584,0.0003269244716250068
1023,11,2.752176128831896,0.00011195499205391975,1.6206376354440014e-05,1.3954148676407356e-05
1024,5,2.026147877012632,0.00012849105604384928,1.9598512295138325e-05,1.748008114807834e-05
1025,8,3.876609326138928,0.0021176581592028954,0.0005593430285529258,0.0005185309792653466
1026,8,3.7661666107712772,0.047974815716950905,0.01993186255138846,0.017707619642874515
1027,11,2.770425549459405,0.0002465991432488591,5.76879814393456e-05,4.4269744073428596e-05
1028,5,3.18846779121452,0.01613619407556819,0.003087992312956433,0.0034604184322599425
1030,11,3.219124669862496,0.02296913754928291,0.004168789220502371,0.003951488584922039
1031,15,3.3180092283958222,0.013644838595850077,0.0014963766477672778,0.0012544157630679925
1032,11,1.862036783191662,0.005678404052829941,0.0006097747425481807,0.0005032585962541607
1035,5,2.7941881315912647,0.017432347003531384,0.0074131613586675745,0.006210239843304548
1036,8,1.594441502676459,0.11031585728679455,0.0022756702024179874,0.0021199332923822656
1037,15,1.6923176531853221,0.00021996209192014888,4.885199082313089e-06,4.528384783106175e-06
1038,5,2.5889919305021585,0.004636719270821386,0.0013539493219764925,0.0010624405276814877
1039,5,2.7966057830473416,0.046276787722892385,0.015803892434582904,0.014198138723636454
1040,15,2.4505995182292644,0.00014195277485547821,1.4396216176675215e-05,1.3465824699797841e-05
1041,5,3.1008832312186447,0.17888038535775655,0.009699834858123948,0.009850880029574271
1042,5,1.8221939963889067,0.006517135411852017,0.0016937909920242493,0.0014314623820513136
1043,5,2.695276332050586,0.005317814523639027,0.0005515847973210815,0.0005392129671746034
1044,8,2.31837230281774,0.0012365922386283505,0.0001737006897050126,0.00015368397688360043
1045,8,3.5512906594431803,0.00016062745070435095,3.647488537046755e-05,5.867530901081112e-05
1046,5,2.7550280461331367,0.03636349763146771,0.008091524004123506,0.006400658152182089
1047,11,3.8827331834982504,0.00010215827928272479,2.1458008293755246e-05,2.0965412125155298e-05
1048,8,3.742995987508586,0.007014134130771903,0.0024132889705072947,0.0017709387984822704
1049,15,3.333486770275132,0.00029950960621684256,3.304936116644755e-05,2.8913282592177437e-05
1050,5,2.159390685923429,0.013586798467654544,0.003008199530602088,0.003750544566008798
1051,11,2.4510529579290856,0.00037539358777002646,9.568316244833289e-05,7.579307186219601e-05
1052,5,2.409057618974302,0.005387189841621211,0.001242363788584925,0.0009463742932582518
1053,8,3.6561868874033854,0.00011489129156515462,1.941093175894897e-05,2.01369169204671e-05
1054,8,1.5619535980848893,0.010630991866244593,0.00216631925626066,0.0018089406699218422
1055,15,3.9424117193127,0.15992708718834495,0.009461935920016155,0.008423541146315735
1056,5,3.1862277079615167,0.029376965548041006,0.0013442591219173222,0.0019212778086235664
1057,5,3.5701566351050817,0.0012952381033922448,0.0002159509299892558,0.0004535038619523946
1058,11,3.8002204792528804,0.005621039658724396,0.0007114373678703354,0.0008427149984391937
1059,5,3.0702931979268566,0.08534820434655357,0.013207592513091016,0.012381938714375875
1060,11,2.009455742112837,0.011463910938208926,0.0009875126833138591,0.0009221354589284539
1061,15,3.8388084280845227,0.004286537156481095,0.0008788482839787125,0.000761650309020727
1062,8,2.941466741039212,0.0003816033382276741,3.4037684111927724e-05,4.5028490806801264e-05
1063,8,3.0307757320073017,0.004550796467670621,0.0009433041316546751,0.0008530706229146019
1065,11,2.837547073534297,0.01861617114721413,0.004281257634461284,0.0036360104327716257
1066,8,3.6236782812610095,0.13935142221836147,0.02470450333134143,0.019444876009963023
1067,5,3.0178475582944966,0.0030556033613278275,0.0008405405642881462,0.0007828281856553061
1068,5,1.9661324486759089,0.00018019896056214302,1.837390928292199e-05,1.4647320882677431e-05
1069,5,1.7190073418915905,0.1752388209036522,0.039949769150769976,0.03637804192415054
1070,8,2.376108813226885,0.007057059912834355,0.0009545428281620507,0.0008185251695702904
1071,15,3.3163409186212833,0.05604616823237164,0.0050813627612445855,0.005168924023512991
1072,11,3.227334576122006,0.020244132893934,0.0019379121593815821,0.001979836497380852
1073,11,3.7500994255648052,0.002648678820369083,0.0004665116822479236,0.0005437910685664935
1074,11,3.943737293820074,0.0005203711874116966,9.199637404844592e-05,0.00011189522732260899
1075,5,2.0902665905098745,0.0010133500753202274,0.00015689840654360866,0.00012945212109539573
1076,15,3.757097005745613,0.00013615700435488316,3.301911285050362e-05,3.084682364903215e-05
1077,8,3.018025055249405,0.0038196405444286393,0.0004240819739396775,0.0003741993705902687
1078,5,3.2807925967239613,0.005540944840209559,0.0007555200189744833,0.0008746843563265237
1079,5,2.1574174769632153,0.0028704019369686783,0.00026337965679795776,0.00028688962927058364
1080,11,2.1617952659907984,0.00428576308495771,0.0008996691195674086,0.0007770372949721965
1081,5,3.1599209005615667,0.005673115157582748,0.00185923421317612,0.0031325140347910787
1082,11,1.8994679079111867,0.0022346798519870966,0.00030663256872331794,0.00033414852200075733
1083,8,3.4754681031317607,0.0011217777044976146,0.00032422632959856334,0.00028665795028175905
1084,15,2.2863273272425473,0.0017809861042012163,0.0001707205895079312,0.00018457477506920306
1085,8,3.5847352247693167,0.0049543430238301964,0.0012284702173058202,0.0012392945770332787
1086,15,1.7825499972363146,0.0003378192305836481,4.5294371061983864e-05,3.605477533822231e-05
1087,8,3.6517403261728756,0.00037930075202229156,0.0001328791718482538,0.0002264708622754761
1088,11,3.0023640708588357,0.00035053531021003053,4.327793241037697e-05,3.9513180165456284e-05
1089,11,3.6451360303406513,0.0021308906916095325,0.0006470839958536376,0.0005504769504829678
1090,8,3.0708281281749987,0.00014270352604597538,3.548939880110223e-05,3.0778452029968296e-05
1091,15,2.79507538804725,0.07400729517456567,0.019317884655499887,0.014940580872198508
1092,5,1.7182141881339899,0.0166922672106362,0.0007419148346419696,0.0006332317581419685
1093,5,3.5855800087812293,0.0003544415251021135,0.00013622293534557288,0.00011605133202309945
1094,8,3.2564241054085454,0.10857608339407658,0.022463784815169592,0.019933694519865416
1095,5,2.4350913307272046,0.008694699897005467,0.0008232058875977824,0.0007665081170779595
1097,15,2.4361160324814897,0.007150477145796732,0.0005232043123282853,0.0005085286046146643
1098,5,3.8429902872896085,0.0065422829139027356,0.001366647625777731,0.0010266408069010693
1099,15,1.9342267355551566,0.09772057683827881,0.009740559732463901,0.009558887753252837
1100,15,2.588373076206365,0.006332220656987489,0.00043402577285043354,0.0003870717158139037
1101,8,2.341206398392199,0.0026475417400271717,0.00020567851948505682,0.0003447925700977501
1102,15,2.4692521276817274,0.0020130208494519067,0.00014607968512724717,0.0001603415019490569
1103,5,3.9502849379467784,0.004084282760858187,0.00166084456081659,0.0014196882225357736
1104,5,2.268093889663195,0.00037968111830831056,9.630743056425421e-05,8.056713042663358e-05
1105,5,3.3877774548016624,0.003690758986407531,0.00045753123615592333,0.0007137643051263506
1106,8,3.796809195923379,0.009186654319167693,0.002379965271591647,0.0018407768096963609
1107,11,2.217690876609133,0.03924810241381969,0.00614855463281273,0.0057897080363997185
1108,5,2.0761895652743236,0.012577250761078905,0.0027197460248059315,0.0020430187103441153
1109,15,2.4983993020485107,0.00021606621414280502,3.448983327358728e-05,5.141355711005224e-05
1110,5,1.6415547068171044,0.1136427927806375,0.004168177787769723,0.0037050242082466082
1111,8,3.775362246003337,0.0003083052999681935,6.269006143517635e-05,9.133246980487584e-05
1112,15,3.586452744683312,0.0005739010508187169,8.94408070045529e-05,8.267141708150002e-05
1113,5,3.77471292442464,0.00011943914892693076,3.6999280473186725e-05,3.085885712756732e-05
1114,5,1.829243106116888,0.009585910393448362,0.0033196303364660417,0.002658385221697735
1115,5,2.997046744507623,0.0001430796321047223,1.7526890739048744e-05,2.7215240843588992e-05
1116,11,3.399495666945124,0.0001598967901893078,1.0385663155172767e-05,9.332387265892951e-06
1117,5,3.885972425709455,0.004645912660731615,0.001311600314451424,0.0010537732924662095
1119,15,3.2045194983670426,0.0006227926494274279,0.00016423230636666923,0.00013021435995507995
1120,15,3.1771076193425767,0.0070329114897917325,0.0013110644425913822,0.001262608966963797
1121,5,1.7597892013425154,0.0008497283797995407,8.97897072525178e-05,9.607346642548771e-05
1122,15,1.9863075397540306,0.00022969851783436864,1.3983046694549924e-05,1.2496369303652483e-05
1123,15,2.5460232097948508,0.0025394163186174034,0.00022447090816938062,0.00033722354653594475
1124,11,3.826976105523502,0.07718362700503673,0.012945207514303954,0.01593201708523475
1125,8,1.5587053616349973,0.0007942492515755021,8.544424010047992e-05,8.41798138327403e-05
1126,11,2.7093963364067744,0.00788108067174899,0.0004803279341806711,0.00048103931045827454
1127,5,2.750070175676376,0.1503123858520109,0.03752194853601379,0.04529526908930123
1128,15,3.9725167897002116,0.00010211578311412215,6.067905148067441e-06,5.344393999431676e-06
1129,8,2.182427913065054,0.008217825372194051,0.0008546990732220711,0.0007516379421313785
1130,8,3.2454304154639817,0.08619851943629914,0.01421737265010011,0.012229964676596492
1131,11,2.4235454332927864,0.0067732424681361154,0.0005118139128620212,0.00043360667441155726
1133,5,1.8095156093182292,0.010417981456641509,0.0007879909997665014,0.0006724770805679536
1134,15,1.5600200941256657,0.005315623648925125,0.00035452114054968984,0.0003664128725443575
1135,11,2.0593331844663036,0.0001728980203702542,1.2915330079198607e-05,2.076932746195287e-05
1136,5,1.9809153578184724,0.007481998212628329,0.0014205240852072927,0.0011274657808757658
1137,8,2.7723729258765855,0.0007149153532466252,0.00010895589562930733,8.866922256372143e-05
1138,8,2.105371464224245,0.02798080840469837,0.006889826768228312,0.005958697035209708
1139,5,3.1090860941366816,0.006462090520247156,0.0031985397751900743,0.00481259016916416
1140,11,2.6249570036741936,0.00036244188496844295,3.388033885736726e-05,4.454226202801174e-05
1141,11,1.6153031430107347,0.00015137671681318067,1.0208776926147665e-05,1.0582481797814608e-05
1142,8,1.8933569933917405,0.00048539922590108556,0.00013316867831637908,0.00010265488117325108
1143,11,3.8032928867292912,0.01870763919206504,0.00409633315363135,0.004651527666963459
1144,5,3.929800315551181,0.0006155240905880262,0.00010060053695073337,9.248720886525369e-05
1145,15,1.5382291366872827,0.0005735456270317242,4.869508767805574e-05,4.252777350562038e-05
1146,15,3.2124070354575056,0.005880047564616239,0.0005477578425530979,0.0007949370291257054
1147,11,2.0297620172019717,0.0027108877244953382,0.00034134189352910004,0.0002855691443385694
1148,8,2.4231030645813583,0.00011246349223446656,2.8580785229685714e-05,2.507748184930632e-05
1149,8,1.7839704913437178,0.14144280835234685,0.015104274839033132,0.013577890429314055
1150,11,3.2923355578311577,0.0007244372080791578,0.00033700125135738507,0.0002553476354279365
1151,15,2.5870768274350215,0.022621596691841356,0.00410903519613258,0.0034702057522849367
1152,8,3.516142730022101,0.0023915279600354175,0.0004962380532335777,0.00038438747661295237
1153,11,1.746583523655607,0.00025450524039128867,6.306107107452928e-06,5.604198923620395e-06
1154,8,3.123232680462505,0.08587681006638935,0.021104879255130188,0.02254961356158727
1155,15,1.9187943498763622,0.08385469874115867,0.004933332987677269,0.005413521941018752
1158,15,2.6266636568859805,0.0025414683182806716,0.0003014817790411322,0.00022819236733047105
1159,15,3.414267066053415,0.005441283073799974,0.0005094376140732386,0.0004527009183705954
1160,15,2.9256925793313364,0.00013270938990039035,1.2785196964428214e-05,1.3788705736914689e-05
1161,5,3.095574794673363,0.03686795173255921,0.00596636056019679,0.005711974783840114
1162,15,3.6110972001869235,0.0037019408212394817,0.0006547909103459339,0.0008141891731487256
1164,11,3.0579885114199494,0.00010996007557507297,2.1813544735239927e-05,1.7051743122386658e-05
1165,15,3.820722851468384,0.01537406945143275,0.0018285678318899201,0.0014248284366615762
1166,5,1.9646940157606507,0.0036353489090494803,0.0011173533032882742,0.0012116158956341474
1167,15,3.7643543993463653,0.009107786263189496,0.0011772259454897343,0.001024788475100744
1168,8,3.891952831333971,0.002004964501776539,0.00041829659496781386,0.0004052369833849072
1169,15,3.2333665090354615,0.0029627119552907578,0.00022419084744773195,0.0002789572050088188
1170,8,3.696670475717299,0.010800169789451999,0.0010228691481320054,0.001159027093786556
1171,8,3.441619618741165,0.0006228769643567638,8.151044139588689e-05,8.313580099351422e-05
1174,5,1.99020937340055,0.05196130525878446,0.009067819684585195,0.008293235376559875
1175,15,2.342970373264661,0.011990161709783485,0.0006676786885735387,0.0005372795045466158
1176,8,2.5958139295956575,0.04491060063242429,0.00779370317417812,0.006673881823911324
1177,11,2.3248273505332793,0.01180203430269951,0.001739479863673879,0.0013996264951814362
1178,11,2.9935990739077463,0.0011179733558601432,0.0002498202936146871,0.0002184512403569548
1179,5,2.483250760486828,0.00013158637942440557,4.742799471430676e-05,3.603878745507153e-05
1180,8,2.872796410903151,0.2807182539937342,0.07392310717400344,0.06277816683183392
1181,8,3.1121897831678704,0.0005063389859828173,2.774324274644844e-05,2.4118473116997767e-05
1182,8,2.1911157350956323,0.0005132535266873281,6.616745694657103e-05,5.284717489264223e-05
1183,5,2.6476443110182903,0.013126837307958463,0.0019360798059239264,0.0018991333455510289
1184,5,3.979771038328316,0.0007245542085461872,6.222294557814674e-05,0.0001363550883715593
1185,15,2.753886320390479,0.10527169926461448,0.02151315044882172,0.01691786258057858
1186,15,3.8285579155664977,0.03976952314981107,0.014604618558108896,0.01382629437038917
1188,11,1.9262288567352028,0.04497481059137677,0.007649296921855805,0.007121206865287073
1189,11,3.581811576021032,0.06578304366521329,0.010962558708201231,0.009538804707879581
1190,5,3.593360080730467,0.003167815421204124,0.0015238282147862455,0.0010924502029706791
1191,5,1.5365043185550162,0.07807005099938218,0.004904411326023501,0.004239838735010727
1192,11,3.5862307875240247,0.00012191606627359972,1.1699586544228e-05,1.102952212154994e-05
1193,15,1.5530055382843235,0.0017687043491633869,9.126791155822955e-05,7.992855630218955e-05
1194,5,1.7975773843272542,0.0028117891718194847,0.0005122339616936249,0.0005063168571363235
1196,5,3.839316859410106,0.003230643064650993,0.0007048174079109678,0.0006977105685566447
1197,11,1.949299618414253,0.022957085560476684,0.0010970018936908316,0.001214865257092054
1198,15,3.8902587396651733,0.03777080270866679,0.006605496634951224,0.005994102078500498
1199,5,3.14806110436022,0.0005152116737128632,0.00019672881006433084,0.0001507300085742999
1202,11,3.252165227297399,0.0007642677723829162,0.00019306849255568183,0.0002488108353634445
1203,11,2.112695139203889,0.019564342105414457,0.002920270874160731,0.002423234404891838
1204,5,1.844668108692017,0.00862683952661723,0.00236281991642254,0.001887625469883971
1206,11,1.5425128311247305,0.0001425174184389089,5.35842974895639e-06,7.094646113637473e-06
1207,11,1.639583613181152,0.003859402986832686,0.00036926102791409537,0.0003341748703038681
1208,15,3.1382656740664876,0.0006541392294017338,9.022589946720486e-05,8.373960325640474e-05
1209,5,2.615804403633844,0.00041074408217880987,6.74700658360324e-05,6.589657378429182e-05
1212,15,2.9646576765757437,0.00013478797096104337,1.0577204935608716e-05,8.685319490462675e-06
1213,15,2.1357007293051757,0.02428471976789105,0.0012504684851997554,0.0016438391323580473
1214,5,2.519989784303063,0.004950708859307712,0.0017396417680537897,0.0038886855796932272
1216,15,3.693544431338337,0.040234646594581265,0.011472186587769837,0.009489061877046687
1217,11,3.171396638985418,0.0006063589710539419,7.690317824216882e-05,6.061146655956275e-05
1218,15,2.4704255266219075,0.00017770458320264125,1.296661771925061e-05,1.0326914260523551e-05
1219,11,2.3261166194109433,0.0003019952732617612,6.8517109282206815e-06,1.2950381090758097e-05
1220,15,1.5601796853937988,0.04309517262651687,0.002172186177042736,0.002053877764299045
1221,5,1.8900403079316572,0.006355325640710121,0.00021807831773119034,0.000176309957190697
1222,11,2.7586344988873344,0.009483137329441558,0.0021320950546702237,0.0018273285179728454
1223,11,3.644702133669589,0.0003187743833252173,4.237970757747676e-05,3.7066636661227624e-05
1224,11,1.9816060462150844,0.04358989465107031,0.010757377861409286,0.008561008472643203
1225,15,2.4737427245588766,0.0029959091979093076,0.0004981639305396406,0.00045263248859911154
1226,8,1.9973846150660457,0.0001581617392761315,3.6428492703045176e-05,2.8852170695311548e-05
1227,8,3.845212370586488,0.007865773806763563,0.001827452189407885,0.0018842671862411664
1229,15,3.794538920628985,0.0030970326896824813,0.0005242234514176148,0.0004376102357634991
1230,15,2.7293486312399255,0.00045783975970245874,5.8582385965357415e-05,5.552826341542871e-05
1231,5,2.042988767915851,0.005149183617811939,0.0005435965518863613,0.000494601071907656
1232,15,3.2971081355125587,0.00012188590724176249,2.098052985878109e-05,1.6852914111898688e-05
1233,8,3.4258097201056095,0.00023217227528466152,4.0128564418852706e-05,4.237446304527025e-05
1234,8,3.9099216719950474,0.001506278996510889,0.0004070387835225742,0.0003391715840265727
1235,8,2.69103733723076,0.001317555965043012,0.0002958731807632083,0.0003160810543899293
1236,8,2.624488355040298,0.0007503720424838078,0.00011675338397483686,0.00011983632090585405
1238,11,2.878247287816487,0.013041359594543531,0.0018554131132413761,0.0017302392942956492
1239,11,1.9227361628205337,0.00257620332258428,0.0003051393371983949,0.0002560413376093896
1240,5,2.1115393812195653,0.00019064710749115715,2.4150887688690926e-05,2.9506937596040288e-05
1241,8,3.8851811456055776,0.0013189965071366719,0.00034581174679618795,0.00038027092681031306
1242,8,1.5773138343710205,0.0009779526354792066,7.00242462329598e-05,5.7079306008193415e-05
1243,11,1.9094535026009023,0.13703171239069964,0.020246553398441447,0.017256893073190487
1244,5,2.582652857408731,0.23639978618726906,0.09870572138435735,0.07299836503065774
1245,5,3.1538512088117234,0.007652598740086611,0.0033597237136765608,0.003430684845088389
1247,5,2.787992853966577,0.0001426738722395213,2.1500699745364395e-05,1.9133537798009693e-05
1248,11,3.5638686505534913,0.02063560563466769,0.0036240007759968003,0.0029885253393854318
1249,8,2.0432455984540074,0.0012900343095373352,5.6999064080991545e-05,6.654752287907516e-05
1252,15,2.2283711075685844,0.0147659657242506,0.0016824687434183988,0.0018110216433310036
1253,11,1.734015800624139,0.05850038307225551,0.004517946646796453,0.0037995277468577306
1254,8,3.3122074422000196,0.09394524999895956,0.02738681481511577,0.0251248227824327
1255,5,1.5471597845143714,0.030821501340893363,0.0021981958839593246,0.0017984454279732947
1256,11,2.5015003733086294,0.002419024434642299,0.0004618588356434756,0.0003816007437911227
1257,15,2.809643906456501,0.019388689780798128,0.0013573267643361897,0.0011815426248170376
1258,5,1.8642480828657066,0.0038149615423115455,0.0002211348710664669,0.00018215551172263077
1260,11,1.7656221573340525,0.00020857597319633354,1.765976363180944e-05,1.64312436728833e-05
1261,11,3.5336609276916304,0.03065395369356946,0.004879491440459368,0.004178435054529568
1262,15,3.0389558364632308,0.00024561488262290826,4.032403317427832e-05,3.7679380543897835e-05
1265,11,2.5843683353442017,0.0014138943783239973,0.00013343567362938982,0.00010832705756334521
1266,11,3.250697339768647,0.00027623820868687523,6.664730745697893e-05,6.486555478114032e-05
1268,11,3.5959422076783483,0.0001484214860996682,3.118216365776784e-05,2.6382888709419694e-05
1269,8,3.701153841066841,0.02108878188343108,0.002742769046877919,0.0025582773540265237
1270,5,2.9782172207188338,0.004407555661125117,0.0007988347370324663,0.0007358174368729919
1271,15,3.2888675199284134,0.019518220099097833,0.0024355793965490907,0.0022906652762764183
1272,8,1.9662834154133617,0.001935454837127608,0.00023566387649654624,0.00023859417703665109
1273,8,2.790311226862981,0.06681086731109755,0.00638772832059905,0.006118757934277162
1274,8,3.9950300241988663,0.0012788096502932174,0.0002299917765476276,0.0005621496364144236
1275,8,3.8223203604376224,0.25570666622751126,0.06851575044323724,0.059701464239148495
1276,15,3.4906387873655613,0.0001261722139329173,1.6577427967500103e-05,1.7263402455787487e-05
1277,11,1.5022376247617375,0.0013746409996792904,0.00011676303665766755,0.00012915591835986986
1278,5,2.4091619140081644,0.0013780090844247748,1.5712488788800634e-05,1.4645951197216376e-05
1279,15,3.3213345732455766,0.003173133498572597,0.0004450719852218366,0.00042257638516874263
1280,11,3.3024400340401465,0.00045613683132531756,5.172751239875911e-05,5.466119359497448e-05
1281,15,3.3319614077126682,0.0004985541281866312,3.765239553678359e-05,4.210497123198052e-05
1282,8,2.4022865509490585,0.025249669403299167,0.003191821010238417,0.0038299746193673997
1283,8,2.6410559875537247,0.047375175414215716,0.005389835249673725,0.004282364384238482
1284,15,3.8032859808334862,0.0015050471485623346,0.0003694591493562525,0.0003598577312806572
1285,15,3.6962239299529376,0.00011813320184536753,3.0535248645561e-05,2.3363548397247257e-05
1286,15,2.4449456197232657,0.00029223781559060714,1.710121345469382e-05,1.483271717066753e-05
1287,5,2.920768206543452,0.0001720247931805894,4.169745059103729e-05,5.362544205813533e-05
1288,11,1.7230510512535775,0.00010416140027302053,1.34401742580993e-05,1.3665894933746659e-05
1289,11,3.3689500566116104,0.00027959387207058314,0.0001120396164045549,8.457799194849235e-05
1291,15,1.894168325836122,0.01764237193080921,0.00358028725445207,0.0028115244180023868
1292,8,1.8894539436713205,0.0021155380588217423,0.00025181695397088734,0.00019880368515885692
1293,8,3.4586851411038193,0.02253909035442563,0.0039672985331634545,0.005518580148774564
1294,8,3.910957460825129,0.002427173498373296,0.00040803751462326136,0.0004255397781597637
1295,15,2.540478631257745,0.00036931792155070286,1.8698032407193438e-05,1.6812786319210496e-05
1297,15,3.4518201826558106,0.003605506106207707,0.0003546186154337595,0.0003710007858762711
1298,15,2.455287525788813,0.008037919031619154,0.0007583435012373963,0.000592653085528939
1299,15,3.4216482200055838,0.0005643348225405609,0.00018754075312837107,0.00017858462265694927
1300,8,1.755441723872484,0.00018919969652310417,2.1046981061285136e-05,2.238919095122363e-05
1301,5,3.616403406683634,0.0003615270674681923,8.591464677177561e-05,0.00012301253128343766
1302,5,2.3155980604613906,0.0008043815472513912,0.00013585150549557892,0.00010973610099895445
1303,5,2.104358232231633,0.013361937426417215,0.00039844650845784104,0.0003716418221221263
1304,11,2.194900265871132,0.0046199934455398075,0.0003269572499113927,0.0002892702417702488
1305,5,2.354063564370563,0.2165555162336831,0.02903046270563502,0.025658537369995446
1306,5,1.9306343855659525,0.0023178894630843517,0.00035879523683155076,0.0002900989732417247
1307,15,1.6515108917467725,0.0016359989826661124,0.00016101958998244073,0.00012908482743962044
1308,11,3.2204553288498294,0.05010504204916959,0.013859317016210595,0.011811931496941753
1309,15,1.882696228891426,0.0006051353116279055,7.160126788411682e-05,5.802233717324482e-05
1310,11,1.9717525963494527,0.0018708229164454582,0.00014548593586541977,0.00012711985169173968
1311,5,2.3107659139334156,0.03983601892940362,0.006143010030558348,0.00537037654794281
1312,15,3.9228800857170563,0.02271780974510979,0.0036610776510578565,0.003000643274229002
1314,15,2.5975532478959074,0.10049895203031876,0.016256230559172004,0.013096060140763578
1315,11,2.0135343168705915,0.12080260538782178,0.01452016415455916,0.011673253316040355
1316,11,2.025101687591134,0.0004191926085579201,4.8843533661256854e-05,5.1679465089354254e-05
1317,8,3.051657049947625,0.003707892406089489,0.00037726828030559833,0.0007569525312677415
1318,15,3.574875234048754,0.0032810921317419184,0.0005186137430900939,0.0006090585371589165
1319,11,3.771860885399513,0.0007095617445383692,0.00018049605122753815,0.00015512549516043058
1320,5,3.011924594419043,0.035373784636687645,0.004017810226434013,0.00336573735196981
1321,11,2.5000815860605536,0.0005801722839115598,6.516766505723523e-05,5.196787371190677e-05
1322,8,3.4182652321528586,0.003390675263458831,0.0007471506170399845,0.0006867258215301109
1323,15,3.814787017086313,0.0011424085057621346,0.00017237401973661093,0.00022300441003661158
1324,15,3.5809392008763012,0.0562164778857666,0.013002812261744025,0.010241640384369206
1326,8,3.395086378890379,0.00519333880152313,0.0010256473839600525,0.0012116757587459265
1327,5,3.365019594641563,0.00014518636496978972,3.969108247570619e-05,3.5943734237959655e-05
1328,5,3.0755123930530854,0.011367166658761588,0.004076523923703578,0.004082192201555599
1329,15,2.4482509693224,0.0010149947052393216,3.561677000953886e-05,3.297947215721741e-05
1330,11,2.649950605896888,0.025398845744661384,0.004080173720381882,0.003556229976184654
1331,8,2.978932842328177,0.1877327676114678,0.01633294461585054,0.014868953913514787
1332,5,2.074583390978388,0.00011844041549715949,2.3958425654290738e-05,1.916065126893201e-05
1334,15,3.882120516689374,0.2831389715194394,0.05820659297984686,0.04875631384021921
1335,15,3.1499482548675006,0.0009301285506039183,0.00023805683866155595,0.00020340376577370508
1336,5,3.7052157240124917,0.0012907312660235396,0.00036450631322917525,0.00036304674140427554
1337,11,1.8357687514421874,0.004009324333849735,0.00021202929269186128,0.00017649575004957495
1338,8,2.54480990857723,0.00029299771585430734,6.425887362489739e-05,6.879069111163572e-05
1339,5,1.5055813748873312,0.013107087459606696,0.002465797399481613,0.002104216741074474
1340,11,1.6170431620945798,0.0009797373926309382,0.00010439388813117466,8.515896466661344e-05
1341,8,3.4860853429813528,0.00135612426698646,0.00019506845370990825,0.00024066567249108578
1342,8,3.9053792648893326,0.0015213357096991306,0.0002778174398375786,0.0003061225281155086
1343,11,3.5201534149394784,0.02864903190154138,0.0023678875533643395,0.001945541870105879
1344,5,1.7972541912432853,0.0002804265288439216,1.0717693845374231e-05,9.230626968205426e-06
1345,5,2.304447598533325,0.004959653099978934,0.0009848091268297309,0.0008860276622135961
1346,8,2.705156458153492,0.03824775412518394,0.01178549948600189,0.010141762779721905
1347,11,2.720069998215312,0.03221320214830855,0.0039193066886261466,0.0033169215670440667
1348,5,2.3129495568381517,0.012659127903233843,0.000859360181745262,0.0007118644061172827
1349,11,2.2672925545776104,0.10155475271263358,0.015312239922684748,0.012456216309587029
1350,8,3.170650462760255,0.03994696795433555,0.005346622239292152,0.006636489136291196
1351,15,1.834256880733774,0.0054841307572123105,0.00109935282459592,0.0008606283069216716
1352,8,2.0527857500255875,0.00014422168855080593,2.2381329490112784e-05,4.274243068699203e-05
1353,15,2.9571643613881555,0.00033176913733323673,4.16477392832433e-05,3.072917405857984e-05
1354,5,2.1106528933702124,0.010922657979083683,0.001545391268173934,0.0013905616078406498
1355,5,3.7407200257472533,0.0015744225064810542,0.000689482052932097,0.0010854098640467153
1356,15,2.3431503885132168,0.012866512043933652,0.00182532210502547,0.0014838189374780366
1357,11,3.900656800947006,0.00024972284978214045,4.79484272802924e-05,4.424812342225044e-05
1358,11,2.712038301933191,0.0014754398205959372,0.0001473811472974384,0.00012207581981822562
1360,15,1.9432746231299332,0.0004015783421985821,1.270706131061677e-05,1.5808279807166344e-05
1362,5,2.104778254104645,0.0010547835203789406,0.0001521560668440286,0.0001696931527297826
1363,8,3.739039460446935,0.028909639563097705,0.011212022950603712,0.010622610656084044
1364,15,2.6502581530279143,0.0024513997122102274,0.0005115616722882956,0.00045760649537130143
1365,11,2.4467183954803877,0.12628389653457628,0.037586930788083284,0.028880960005402787
1366,11,3.5574283489836405,0.0034497915954464805,0.0006057096987309524,0.0006340163818338019
1367,8,2.316453352113271,0.03560725810068757,0.005484278775311614,0.004255373102321191
1368,11,3.920938934106769,0.00015113711518748322,2.872329143296471e-05,2.5676152749159078e-05
1369,11,2.2469707207278233,0.09035774731756173,0.020569438542698364,0.017705462977083496
1370,5,3.5943554947816008,0.0010074994618401948,0.00020230679530813974,0.00017943784537509974
1371,8,1.666719271337599,0.011759044615175794,0.0007221296232910007,0.0005986529472937215
1372,8,1.7113949458853148,0.00016044536926444693,8.250827352636444e-06,8.128931217148017e-06
1373,8,2.157594471771146,0.0040029189546073865,0.0008599288766712202,0.0006417268912461944
1375,11,3.3861528328006276,0.0026038097396983463,0.0003232882275794827,0.0002744205686365176
1376,5,1.690078988399147,0.0005274388401278019,3.0164890841680172e-05,2.618689815443139e-05
1377,15,2.046213416766462,0.016692555282174712,0.0022260040824324577,0.0017503177394331594
1378,15,3.3224377536776704,0.14941568922889206,0.012943719270461656,0.01037152797564917
1379,8,2.9661150594530223,0.00019190361698289936,4.37018552861166e-05,5.292081752917558e-05
1380,11,1.6051144075114054,0.005410184520401601,0.0011056591050354605,0.0008668394865757901
1382,5,1.709225242557346,0.0035026945187113514,0.0005629504750777807,0.0005082969884958344
1383,11,2.6935047375113728,0.007162389322429336,0.002164903661399164,0.0016441055868343145
1384,11,3.484881021829708,0.17373947221759653,0.027594767399008614,0.021983228801192994
1385,8,2.023516879573571,0.13767856587763824,0.0038157739052121975,0.0030618069736920495
1386,15,2.604476973795618,0.006572369710539818,0.0005438978550843846,0.00045999138810767315
1388,8,3.238039966137915,0.019225866058221172,0.0064026996584481055,0.00475353456133557
1389,15,3.7277164584595512,0.004860177939938987,0.0005859644947070887,0.0005524431701746064
1390,11,2.327903240390146,0.005677821029255057,0.0007464016473749217,0.0006091492655023248
1391,11,3.376362785640923,0.00010235383089121926,1.1128105917586258e-05,1.206933970435655e-05
1392,11,3.4941588500848137,0.0008092882423212973,0.00034883318552695903,0.0002820181551639422
1393,8,2.6347991291275834,0.00010312922809044228,1.1021106038456414e-05,1.2615047879732956e-05
1394,15,3.758240609807062,0.017331939236339706,0.002218417689128081,0.001725406288171406
1396,11,2.1575129592686055,0.000993369273416829,9.604547565291216e-05,7.632926981625439e-05
1397,11,1.958771006659215,0.0001885627416119839,2.084383310140113e-05,1.9285845132867422e-05
1399,5,1.9384368945711967,0.019973405052794404,0.0024601385041450414,0.0025528754833606133
1400,8,1.502178874184298,0.040316982452448226,0.0036193693162708232,0.003030638980814711
1401,5,2.307752251094927,0.02093628934216173,0.006074870165543228,0.004709128654327451
1402,5,3.467949686370098,0.07691958745894559,0.005250283859827181,0.004367533696803717
1403,8,3.0563279717188516,0.030810216553376214,0.0026787794511404944,0.0022131678191580594
1404,15,1.5695856697064938,0.00028301409244308086,2.099683315850802e-05,1.6886429721055398e-05
1405,5,1.6455411512890374,0.016517483568462502,0.0008201073957470114,0.0009012256404640448
1406,8,3.118145454038156,0.07455387237052565,0.022724562317784698,0.021999822247622276
1407,11,1.8771591205725335,0.008628373171159049,0.0007875169612496828,0.0007666296123017384
1408,11,2.122602449319643,0.06815970278962923,0.006480969851946246,0.0057027987984797635
1409,11,1.7246893085908614,0.04553219632980937,0.007045928889233188,0.005567009546924089
1410,5,1.882704916030794,0.2271814518445007,0.062498871218432034,0.051376616600431996
1411,5,3.10057820957519,0.0001640870460767861,4.825101402975472e-05,4.814112118974944e-05
1413,11,2.9792182701230256,0.007358182710253316,0.0006799142142454206,0.0005583654453352784
1414,5,2.5064181063678017,0.0030621697221338783,0.0008507479359296641,0.0008170799954183325
1415,5,1.6510403158513305,0.0006375073732602971,2.2029707273045532e-05,1.9149593924672846e-05
1416,15,1.7251721949808978,0.000663456341360556,7.815252561502142e-05,6.753806262903801e-05
1417,15,3.8726246795518864,0.0648703916946965,0.007180501428109401,0.0062533947892143915
1418,11,3.3400579987331476,0.008521899973737321,0.002118458423526937,0.0019845532950910887
1420,8,1.7829382230660733,0.16608647413972064,0.0234409176764543,0.019270385663375817
1421,15,2.026290282979378,0.07419669818405047,0.006527749231256935,0.005437476184409706
1422,8,3.1233873058673094,0.003482178084178301,0.0004948734742152308,0.00042284211304757574
1424,15,1.834270231752506,0.0026411093889716617,0.0002526358737688396,0.00023892488252744045
1426,15,2.19996077009091,0.0007864364149208785,0.0001214354202090851,9.61418659086834e-05
1427,5,3.3928686469293345,0.004655045101496977,0.0007602997064486104,0.0007234580780022663
1428,8,2.9463687057792773,0.017227655678489447,0.004654855852223621,0.004169690055341578
1429,11,2.475687546301584,0.003665335504189425,0.00037798765807931184,0.00035167743502051294
1431,15,1.5065250641186496,0.0029157707078239017,0.00019537597012943432,0.00016630708137019818
1432,11,2.8640066126532178,0.004860366637462386,0.000919692044504564,0.0008823113869506562
1433,8,3.784866326679662,0.0008525290645611989,0.0002032590152907975,0.00017940353953292557
1434,8,3.514588753911192,0.010636682715408588,0.002413780498804069,0.001903718231946
1435,5,3.7384205660535885,0.00010528148314987464,3.404174094332867e-05,5.320316963457173e-05
1436,8,2.164863359273941,0.0009097409847121941,0.0001319217739808654,0.00010947642760185659
1437,11,1.609341843488551,0.021601269077451846,0.0017782960117770268,0.0019399799199777616
1438,11,1.7488107546581264,0.0026807246535872965,0.0004349696711125184,0.0003734017198097329
1439,8,2.920999362152165,0.0013102461944790045,0.00020481985397882027,0.00016226831066445778
1441,11,2.737494696385411,0.0007486157484585999,9.965082789115999e-05,7.43863627153325e-05
1442,15,2.908599267982757,0.0004198508428225525,2.569134633479619e-05,1.9689512059390916e-05
1443,15,1.7373877583460788,0.02103625855025358,0.004246088767243741,0.0036492040560976084
1444,15,3.4547144441611115,0.005692207384833811,0.0002792022845863265,0.0002533418669043844
1445,11,2.138569143518703,0.01718199448596935,0.0035175768952410555,0.003075505783080692
1447,15,2.289728745475427,0.011834368012729682,0.00137571360761625,0.0014509762536766449
1448,11,3.224231196157847,0.0010059665011181436,0.00019560086772329766,0.0001664500490291335
1449,8,1.5199693793604827,0.06719912139213367,0.014365921021780245,0.011385561963401934
1450,15,2.543988548269535,0.0016535778129508707,0.00023560186210740998,0.00035606629905000307
1451,15,3.2996925103930392,0.008222508986314594,0.0012232849165073182,0.0009839145369841711
1453,11,1.8839163810201978,0.006341845484549875,0.001340143448407472,0.0014288959859564303
1454,15,1.6345917312445137,0.00029415403884891354,1.1737390289213897e-05,1.0242984223742241e-05
1455,15,3.058020344575206,0.00014257228308569723,2.8367107037975686e-05,2.100740510545456e-05
1456,8,2.7327706844594064,0.02319224239614419,0.0020715490628050795,0.0017420613047177825
1457,5,3.1844769978746013,0.0010459820560800766,0.0001519094722494458,0.00013166532958068823
1458,11,2.1360939347793457,0.0018620681728532492,0.00021497807526946796,0.00019966924373968997
1461,8,3.0761360341440813,0.002242684665657088,0.0001457125816820125,0.0001240502554725643
1462,15,2.3848372359618333,0.013093986596901393,0.0012157731457194208,0.0016671272895642732
1463,11,2.057250916416101,0.09590702648492956,0.025893512151024145,0.0196456784787869
1464,8,3.387238415015692,0.00275144368951772,0.0002717622925145471,0.0002626244665093014
1466,11,2.214210818632344,0.0001551423506605382,1.495185170398467e-05,1.1553750507133765e-05
1467,15,2.687476771702797,0.00799372625177114,0.0012694724643249598,0.001137467827695333
1468,8,1.786083981979433,0.00026406664066294796,2.3425816304630665e-05,1.9847515776647122e-05
1469,5,2.2834534776122943,0.0005275791065252449,0.00010018892607775978,0.00010702856722749736
1470,5,1.954668426601263,0.00034420661675743083,4.207761922479428e-05,4.336699268750766e-05
1471,15,2.9458611606115404,0.003926287363081977,0.000468490326627481,0.0005000257647339606
1472,5,2.6672424370324648,0.1765678264835481,0.039025642647531805,0.03547011411036313
1473,5,2.5898313636537353,0.000614348141914487,0.00014435046050306096,0.00013626376290464895
1474,15,3.005605150500535,0.003509764679380959,0.0003217794563912223,0.00029680653752308083
1475,5,3.3080917840024338,0.04798536762146023,0.010555520344925436,0.01067213012560487
1476,15,3.0992885758525794,0.00010239832130607687,3.1104672673646594e-05,2.437733725046172e-05
1477,15,1.6775914815933115,0.0008402045892854283,4.369142903057722e-05,3.8079464555095834e-05
1478,15,1.8316058949785716,0.009961596409764975,0.00040257659056703427,0.00040676316037653994
1479,11,3.3436153668230575,0.005679264713212462,0.0009978819528428046,0.0014620405056148748
1480,5,3.117828847531348,0.003552448821614797,0.00024881499700089653,0.00023681599939409244
1481,5,2.005040858015407,0.010949280777694095,0.0017173756728390529,0.0014601540829726285
1482,15,2.9881403688440384,0.0005890580660654269,7.929874839349407e-05,7.781250424123479e-05
1483,5,3.1891210923603586,0.062122354310064715,0.00899382829041587,0.00753485567959911
1484,8,3.6597992422929404,0.000479459439181384,0.00012688735669597363,0.00010078776739982292
1485,5,3.422145894612917,0.007849231771599541,0.003239021608140582,0.002841490215688189
1486,15,2.2893239638157197,0.0031943680115140358,0.0005415073010706375,0.0004304748864630894
1487,8,3.7709346756524593,0.008830140457061752,0.0018938407013134807,0.001493766677828157
1489,15,3.081364475550609,0.003651322900613781,0.0006324287838121747,0.0005939729899991708
1490,11,3.2493560642670776,0.003657825437124382,0.0005758447361920028,0.00046873988906116814
1491,5,1.8885832963305007,0.007813629210423924,0.0012734418632622884,0.0010406125373799207
1492,15,1.7214747895896887,0.003987953432750493,0.0003181750914621025,0.00028431635939049214
1493,15,2.092041512571546,0.0007085213987480031,0.00010383965507015588,0.00012115372355262196
1495,8,2.6875518301377888,0.22742409985929424,0.00726021968431431,0.006167851423860952
1496,8,2.1198676748795853,0.0002248594275160734,5.4871493056849774e-05,4.7661387496476804e-05
1497,8,2.8250389828000304,0.00014187329170769737,1.0564362712848012e-05,8.68542774069839e-06
1498,8,2.094128955110516,0.00026343432410107443,3.9376995682052246e-05,3.0315641425200484e-05
1499,11,2.2718862641648765,0.14249945507467626,0.013445665522711044,0.011434682678362321
1500,15,1.6796905231871462,0.005884058402768805,0.0008421045654259139,0.0009373562652484438
1501,15,3.920874097670068,0.0011366471771089685,0.000113895630034196,9.791764087841582e-05
1502,15,3.7494640354504334,0.0006897030783515752,0.00016171829801873172,0.00013044038169824325
1503,11,2.78323299451731,0.028432916547668247,0.004832424515419466,0.004332122278235926
1504,11,1.5318116347850872,0.0159248998896774,0.0025284011603620327,0.0023425074232720014
1505,8,2.873633694921142,0.10252949955673228,0.019644540613002096,0.02021344928230245
1506,11,2.006619616831781,0.002785795573913863,0.0004882041752315849,0.00042580826211911874
1507,8,2.9919008385769237,0.002386509922414588,0.00035019210675071464,0.00031144251377113896
1508,11,2.3349315154033294,0.0217381874165,0.001041266094668914,0.0009316124370021734
1509,11,3.9829564630676417,0.0010459154594692377,0.00031700321815935484,0.00023213001351178776
1510,15,3.7613822785357343,0.0008183472132720627,0.00010712516110242989,9.201986523948774e-05
1511,15,3.768888736885007,0.009631925466280578,0.002333638182687157,0.0029429563542697303
1512,8,2.7050459116777135,0.03096161229615592,0.006325130248680597,0.006403260547317917
1513,11,1.6265619776836038,0.0027409296403432936,0.000426802199929881,0.00038118973469902323
1514,5,3.46191316511173,0.004718627755712715,0.0015862088656792596,0.0012965479530970842
1515,15,3.035652053945163,0.12405430478361124,0.01675449794453933,0.015777173292500928
1516,5,2.5286392331658445,0.002239162303617056,9.947133642654817e-05,0.00010039563811919058
1517,11,2.5017106738199097,0.004914955427787591,0.000722014853337875,0.0006705204331366163
1518,15,1.6625400756869146,0.03777197703375022,0.0024646316994873553,0.002880369484335466
1519,15,3.4824865991593663,0.00033374675440406943,8.030441938137758e-05,8.11836778007715e-05
1520,15,3.881870539276138,0.006476427020889684,0.00090867570941783,0.0008829395155186821
1521,15,2.9149310249330145,0.008001160929386086,0.000774376084210703,0.0006094543703218888
1523,11,2.441777740713923,0.0003719906133584372,3.38015491485332e-05,4.5369088904069327e-05
1524,5,2.660043911213763,0.16798493606338483,0.05161781206777349,0.041615895675564306
1525,11,1.8175754906603396,0.1407154995005016,0.007085749766288093,0.008357515340434236
1526,11,1.9499036314572629,0.0011106431831976469,0.00014531302548082534,0.0001354857024371177
1527,15,2.592117820483013,0.0002809408100679659,6.397664663407328e-05,4.964738901845908e-05
1528,8,3.8868770027140367,0.002133750041990509,0.0005385999469344514,0.000687769639230392
1530,15,2.55304886821892,0.00029509042996385453,1.6315805448165997e-05,1.551061410075913e-05
1531,5,3.4405736203321737,0.00025333146087842443,4.62881021184011e-05,3.934240889020855e-05
1532,8,3.260893180257819,0.005832283751390523,0.0010107112244585191,0.002382718994209372
1533,8,1.9135671295733876,0.002931967182052763,0.0004445346395168035,0.00040524061490893417
1534,5,2.123443946317249,0.021522916494689792,0.0028410354236073103,0.0023093304400733706
1535,8,3.8271690530219176,0.0011319982146934312,0.00022638221257222026,0.00020530962420949075
1536,5,2.761022690638771,0.007677689767107157,0.000673946065334759,0.0006069005479221473
1537,8,2.177750746753039,0.00043472700121433076,4.4225688049671645e-05,3.6406523387482e-05
1539,11,1.8574764711991627,0.0038043948347839386,0.0001939033044012953,0.00022911434430126452
1540,11,2.4807694018562323,0.01899758720452864,0.002215242026332716,0.001899533593515814
1541,11,3.469284973499935,0.00014924486073622262,4.0067848246297504e-05,3.7183258833574744e-05
1542,8,1.8350281662520156,0.01891328458653922,0.0023677382587628283,0.002089000495934224
1543,5,2.786621621455482,0.23263899492757317,0.058692816113267876,0.04742744737757799
1544,15,3.77413319654485,0.004449643027830671,0.0008068890958044735,0.0006929477327149963
1545,8,2.282242213596799,0.0002703234930128328,5.915121700863424e-05,5.120103500787286e-05
1546,8,3.0381015701655727,0.03215751764377271,0.010037582575273705,0.007985203977772378
1547,8,3.7920013390052927,0.015096609786208038,0.004486563763250329,0.0033286382710609103
1548,8,2.8707133382110155,0.0095245058387754,0.001445243267596156,0.0012585967572031939
1549,15,2.6956527808304553,0.0007906099517165359,8.137815761765658e-05,6.530057011715397e-05
1551,5,2.649420340090129,0.009586024150556172,0.0026164583220610127,0.00288639977985249
1552,11,2.4520844475066568,0.00012922679321119036,8.051170289422423e-06,7.21778241758876e-06
1553,5,2.4794773863592314,0.09190120841260362,0.034987021666991865,0.027510483956742625
1554,15,3.1181689025710226,0.007059968217033556,0.00048371429948221604,0.0003684462668418869
1555,15,2.5518821914312952,0.000847786858466491,3.8315480421510755e-05,4.913028817153566e-05
1556,8,3.995870398679201,0.0348532867131001,0.00928103468314969,0.007092472136951375
1557,8,1.5938448540236505,0.14392130046946056,0.023530550047005456,0.02380094961069034
1558,8,1.5099522478688783,0.1405710030936564,0.030068559782551983,0.027446906116132853
1559,5,3.7709386902439426,0.00011012538529451138,2.054915179236314e-05,2.7795179589368784e-05
1561,5,3.0091143288285584,0.002931647763769809,0.0009909143006577247,0.0008596622663711391
1562,15,1.5534360329458812,0.19802369290033908,0.041403278201426016,0.03313970036843107
1563,15,2.9157434709779646,0.00021466829397851758,2.111916873408134e-05,1.5987064374775023e-05
1564,8,2.9415848176671138,0.01719565659619067,0.002387581684498349,0.0027218827795423297
1565,11,3.2230430019467198,0.005628948765371653,0.0015492214516824527,0.0012878631237296094
1566,5,3.932874392279162,0.0003258013895499348,5.066170400733555e-05,4.586050133161721e-05
1567,15,2.7917701867522915,0.0023920204954055737,0.00023399485396801122,0.0002455334683496929
1568,11,2.6343639301427886,0.14960148892828012,0.012479441709958019,0.009891775114096247
1569,5,3.1225615887222995,0.0048034568315900115,0.0007777039853693556,0.0006437404785808729
1570,11,3.1035318039048816,0.000165629325191646,3.790176596374008e-05,3.363352217364387e-05
1571,11,2.399065981243572,0.0020672629570692934,0.0001267126467733562,0.00011098666813103352
1572,11,2.877790248257325,0.06808526808718403,0.017926257023775195,0.01721674277960077
1573,11,1.6820532712527734,0.00046643234959464725,0.00013212747385427817,0.00011203602105090739
1574,5,2.428497840142658,0.0005914420652853904,6.595158842687902e-05,6.40280087737428e-05
1575,11,2.2685666272820937,0.00024303162949092783,2.6419642270471374e-05,2.1214307568721157e-05
1576,15,1.8887254985128998,0.00021160301963058013,2.8514115168558726e-05,3.245850870388152e-05
1577,8,2.484815842272365,0.0006993464416658535,0.00013625995977145443,0.00012746192224758415
1578,15,2.2605823340644626,0.0044170673346186065,0.0003469135299308552,0.00033684961411138773
1579,5,3.2545101387320226,0.0009901938938313938,0.00021388387405814216,0.0002507570930455832
1580,5,2.8242679798193415,0.0008791138941511285,0.00012701550952947947,0.00011803563880000882
1581,8,3.435889626669462,0.0007093582241052238,9.324860597769886e-05,0.00015506606449784493
1582,15,2.01758740892222,0.001167681197480522,8.009211724729886e-05,8.271242763231278e-05
1583,5,3.687423902531246,0.06160641007068106,0.01523557755897783,0.011975174007563495
1584,11,3.6469280734919303,0.028508159779459735,0.004207310477013825,0.0038499388258317058
1585,5,2.5327568419337996,0.009971260155252758,0.0015485333887145952,0.0015228324494939243
1587,8,2.9899479830270916,0.030552260319637703,0.009092888976086864,0.009143818205902373
1588,11,2.7502673832355597,0.014088332558136355,0.0029480690999428363,0.0030302049142163024
1589,8,2.542938720032577,0.0018612227518021588,0.00036476044445772453,0.0002844451353362009
1590,8,2.998840764540958,0.046266706525508974,0.01104857288621444,0.013655901540710393
1592,5,1.7230888356602592,0.008234208525870848,0.0009971711420477677,0.0009056010009550184
1593,11,1.7705581428026056,0.004822147600785896,0.00017730825348422687,0.00014361835264448903
1595,15,2.8029420730145156,0.012499514025292828,0.0016825811596580301,0.0017132366169352372
1596,8,1.782007890906765,0.0015154451971256446,8.069157105727816e-05,7.038906942372502e-05
1597,8,3.6015394191658086,0.08620288560621443,0.022769256840281853,0.019441384250305897
1599,8,2.2686064015816854,0.00011545150008129897,1.5412079396610503e-05,1.2354912673333919e-05
1600,15,2.2803232085571885,0.0006699323390438908,3.192603347443999e-05,2.6056137658655612e-05
1602,5,1.9629491339848784,0.004243999797669388,0.0009997577568128125,0.0011688528819689598
1603,15,2.5152127068903214,0.00011056543498717671,1.4617967774341225e-05,1.1644816574404635e-05
1604,11,1.5389406688111735,0.06647401411128266,0.0046585212876020885,0.003926603594280125
1605,8,3.2433786800072446,0.00780659224102341,0.002225105151961701,0.0021343400871121692
1606,8,3.5709835051069274,0.15234929197922276,0.027445755774581884,0.030688854395844893
1607,11,3.5672760299813704,0.0005835553150116493,0.00010089689841328195,0.00010127253559664416
1608,5,3.6145495287933964,0.04194263888202613,0.005569075308915079,0.004637750481500612
1609,5,2.702592494729032,0.0006562046550135491,0.0001676993090741937,0.00015892544466491687
1610,15,2.3821278013704577,0.0027331471404771542,0.00030948235023065245,0.00024474177124264926
1611,11,2.297033431659192,0.000356318135590506,3.51315322988351e-05,3.0120818180662896e-05
1612,15,2.509122317888787,0.0027134746682515275,0.00013465573949872814,0.00011558185302757241
1613,5,1.5720028214690136,0.0013377372068802194,6.49060892461549e-05,5.676969468945711e-05
1614,5,3.1473461550018103,0.00679296123796979,0.0022135952944030133,0.0017228855044260614
1615,8,2.0443258901524954,0.0008987749145812383,7.223148048225294e-05,5.597550672246725e-05
1616,15,2.6050500258453413,0.0022580533704243556,0.0002635835097232889,0.00020998694476326348
1617,15,3.8750711125580466,0.002661456881765218,0.0004560465654172896,0.0004679823736208643
1618,11,3.4438310726529813,0.0002750333144293437,8.521064731445514e-05,6.753744485988626e-05
1619,8,1.6265876064896598,0.006411129501561327,0.0013707104893519884,0.0010619408006965563
1620,15,2.1925529468521847,0.012337503715770963,0.0013891985528132643,0.0011735203889465268
1621,11,1.5785445921906003,0.040970270056804856,0.0035017758253107273,0.0032710781213993517
1622,11,3.8703586735473867,0.0009005513929526343,0.00013692107839370394,0.00010696614713282864
1623,8,1.7601118665842062,0.0024269579720407847,0.00020185610427591002,0.00025920364184551863
1624,5,2.4762045830078585,0.037057558092349854,0.003158527527601303,0.00389190603946249
1625,11,3.7248071943086103,0.00018312421825546546,5.873226739615771e-05,5.472223289441999e-05
1626,11,1.5074979750760589,0.0014158825565817662,0.00010825282552776744,0.00011913861526652261
1628,11,2.233494136043674,0.0076050069460664,0.00029729852534529004,0.0006068235633319788
1629,15,2.01636703566811,0.011179122939490162,0.0025967824085579095,0.002242601710543149
1630,15,2.3935940535367872,0.002464895927534447,0.00045581690350491124,0.0003772359356875482
1631,5,3.979915719677282,0.182854395729191,0.022974822188782572,0.01697323208408018
1633,11,3.758855527537505,0.0011370969774442683,0.0004232816377001502,0.00035202862172127385
1634,8,2.8945392162251595,0.0005382389958194416,8.556817461226438e-05,7.731692913736759e-05
1635,5,2.8787449818173756,0.00029109955917979634,3.0605043725189535e-05,2.6086492790437485e-05
1636,8,1.6049384870046068,0.008257311579599217,0.0007751385545274864,0.0006399116485453039
1637,5,1.8281030624559158,0.1704985448161988,0.02386195356733825,0.018017516966297716
1638,5,1.9376643501085224,0.00012814585720113855,1.3850490106937535e-05,1.2902672750818306e-05
1639,15,2.7549274883361914,0.0028174985792318147,0.000488887145933328,0.0004118390318304502
1640,8,3.5782237886586237,0.005911180419208291,0.0011439101996995834,0.0010835945998402688
1641,5,1.8868664808910107,0.0003915169925045863,4.804665660335595e-05,4.0808763150208933e-05
1643,8,2.4561664450462053,0.029036312843952413,0.004408227542956231,0.004183670493891792
1644,8,3.5081783548370837,0.0023726418931064503,0.00022310965766847465,0.000215576449057428
1645,15,2.794141549112223,0.00016327472196693587,2.85330489810466e-05,2.166078528746153e-05
1646,5,3.525780152793681,0.06063013566313294,0.022117651794321944,0.01643199378072523
1647,8,3.2546705528091655,0.0013827016404509493,0.00024489642244318756,0.00023138323651112464
1648,5,2.868256254553082,0.008665342424573803,0.001030718937368997,0.0012476530410776927
1649,8,2.4781979924476243,0.0018028470772076734,0.00019019100950774136,0.00015618342200701923
1650,5,1.7822152442972614,0.03780551023986752,0.006065405223825178,0.006290565049196604
1651,15,3.63900616052863,0.009990826415020316,0.0020739399072715364,0.002023332863197567
1652,15,2.6814404649916814,0.012342717182112599,0.0021547574637852942,0.0016878253477464456
1653,8,3.892853763199629,0.05904367369936771,0.0045870535891430215,0.004143320072390693
1655,11,2.709374373901907,0.003428490197618994,0.0008482699290313397,0.0007835951912840385
1656,15,3.1941699928390204,0.006368377298245917,0.0009285931379016438,0.0007748933368524352
1658,5,3.2606986034891565,0.10464532041169498,0.030648936662346228,0.027859140804370148
1659,15,1.7948695639595256,0.0030700351904125642,0.00042656647443075474,0.0003967201834325973
1660,8,3.8261306061383946,0.00032514673610226135,0.00010968873926397974,0.0001215000734218542
1661,5,2.931016216236802,0.011993841222273259,0.0019341504432149929,0.002706762308097865
1662,8,2.0169673459307096,0.0009234280400379078,5.7693028643783036e-05,4.509230721129655e-05
1663,8,1.550709928882644,0.08219938487447981,0.0022385722688677227,0.0021686861480311906
1664,15,3.812332300009024,0.011972479480606566,0.0013203113058940204,0.0011362617510597135
1665,5,2.9967325096679858,0.000161348400083133,4.7680044981845625e-05,6.561969617130768e-05
1666,8,1.9356495788408385,0.03151628383326336,0.006331417629877814,0.005164674955057503
1667,5,2.464873547005715,0.00014695270865800107,2.943859238926736e-05,2.8247208900565255e-05
1668,8,3.480603625805603,0.00672489400568574,0.0009105050200135926,0.0008565431944366183
1669,11,2.4700639121116934,0.020377753264157514,0.004319944598333429,0.003491741994986773
1670,8,3.6578293589416484,0.0035651879512570493,0.0008380562520349365,0.0008368432007679479
1671,5,2.63890254193873,0.0021073120232289887,0.0008076960269868005,0.0006858243288678602
1672,8,3.928864713795474,0.001121661019833214,0.0002699674768748585,0.00033925100613498975
1673,8,3.0548981606551173,0.002451236704893049,0.00026878887858925707,0.00022543439483965977
1674,15,2.0861392054566354,0.0009779427817675449,0.00010045250322492167,8.069420746541984e-05
1675,5,2.198304021473722,0.0030198980116595956,0.0005670274487980399,0.0005222133665669327
1676,15,2.875856076503081,0.0002589060786494908,3.0138348769406058e-05,2.5763344439868436e-05
1677,8,1.5435024181072512,0.0010637094475153149,0.00017035129463460508,0.0001371150459504174
1678,5,3.3628840263794046,0.012802580285234543,0.004501029845257281,0.004457702572477867
1679,5,3.3515680319547214,0.05475534151455042,0.024807367425562818,0.023210358179182298
1680,5,2.5490922974584778,0.0537257338216205,0.021943628160311854,0.017467611384044377
1681,15,3.511420319463289,0.0001102003665766047,2.1790874907483002e-05,1.7188382068045975e-05
1682,5,2.141227009114606,0.06741934009077592,0.011649912274358968,0.011325352427387091
1684,8,1.9766616403750692,0.0007507555830930071,5.6025551847629814e-05,4.503990035764882e-05
1685,5,2.6166210197770154,0.010564458375115042,0.0017026696785420298,0.0019093898149387203
1686,8,2.13134820182627,0.001126265245312194,0.00015636845867801014,0.0001389690633437903
1687,11,3.499291880409368,0.014396703705497718,0.00375746433995304,0.0031221812074117565
1688,8,2.0756378345786484,0.0008151759542430813,6.575306439774828e-05,7.191957488358637e-05
1690,5,1.6751610823656133,0.002529280689399136,6.486181049862479e-05,7.266309248339625e-05
1691,8,3.8910471351233493,0.0001456641423445367,7.026510761935035e-05,5.458250264100791e-05
1692,15,2.614841531646346,0.0032758181004090142,0.0005408904408617857,0.00047050294383655755
1693,11,3.9827026969718062,0.013203534110139269,0.0017954621279081956,0.0018022583783947029
1694,8,3.8428036706606594,0.028100704118829686,0.004638184249725096,0.003786009334241425
1695,8,3.927155362106352,0.0008874151717864553,0.00031144514236905257,0.0002764405580568161
1696,11,2.5099425728950475,0.005918822948426092,0.000825923141906645,0.00069640399028325
1697,8,3.418318095193525,0.0036670552900782676,0.0008863269062230405,0.0010676730819643156
1698,5,1.9952398489480523,0.03591268550086796,0.0009454251402970899,0.0013487020069286079
1699,5,1.9882288397067134,0.002424964362974911,0.0004991481334683837,0.00043608332496392267
1700,5,2.7132463775731686,0.012489061153543545,0.004284946029599029,0.003395910337072848
1701,8,2.138663513810778,0.1557993407894714,0.03233880280134141,0.02903409934840099
1702,8,2.762916989142603,0.023194946455662172,0.001242217429366727,0.001123407676208514
1703,11,2.4679622547861118,0.000402159687088332,7.755174058650442e-05,6.455336452154738e-05
1704,15,1.780160676437697,0.013162354258675714,0.0018948035002440374,0.0014866229892936623
1705,15,3.029930506085146,0.00021462920105444613,1.7611101396207085e-05,1.8236348583531956e-05
1706,11,2.244292213256693,0.0003780909046195041,4.714680454808752e-05,5.182160450274435e-05
1707,5,3.138505942901085,0.03939748460946745,0.00116460171590982,0.001201459791715488
1708,15,3.625543845934314,0.0004493377725010398,4.7122823573539004e-05,5.415246351337088e-05
1709,11,1.9191692198576804,0.11103406130169455,0.017621479213265623,0.018206885555054158
1710,5,3.2231593088912667,0.001402755581250623,0.00030217201856237534,0.0002509258657017709
1711,5,2.4238138144522132,0.04989326362357196,0.00998035760725345,0.009306815551862142
1712,15,2.47520161293653,0.00013496448752659148,5.878171236370612e-06,8.507258273985039e-06
1713,15,3.4590736086808254,0.01502274388851895,0.004583579980275034,0.003803069565178917
1714,15,3.907330291055682,0.0016684145500614543,0.00026442863718285605,0.00026609264272496076
1715,15,3.5046788010731214,0.057580427313228086,0.004632569440313327,0.004061691601249706
1716,11,2.2588963063510175,0.029304597034846454,0.00847655190889576,0.007005812736603757
1717,15,2.5012356217169747,0.0013766797865125359,0.00023364688187996844,0.0001914287019336314
1718,15,3.709769737781862,0.003086747235346145,0.00046261343858763253,0.00045287507788578104
1719,15,3.1291211173598876,0.0005263077266534392,7.204700516710558e-05,6.719953694110484e-05
1720,15,1.8702229467786338,0.0018214641676494346,0.00023772690551672322,0.0002318468102368489
1721,11,1.5546771591521966,0.000860002381573891,0.0001638334007402597,0.00013603903287785353
1722,11,3.700966080916869,0.02368803502482961,0.004084602724497038,0.0037010509718801467
1724,5,1.853796279214163,0.046882293088938494,0.002573742004910615,0.0020657487815790433
1725,5,3.6896495495367736,0.0005581487275462752,0.00022484218673804742,0.0003143353627833923
1726,8,2.5081596908889265,0.0003410374222452909,2.898704680999102e-05,2.6303673570588908e-05
1727,15,1.9796277563238336,0.014178163824086824,0.0002651756961570318,0.00021780823157566056
1728,5,1.61644175856582,0.00040905576826887963,4.489554514253427e-05,4.2190054323856856e-05
1729,15,2.7922498163590714,0.0006850708187299064,0.0001717145897908875,0.00021622919612027485
1730,11,2.8937411663612083,0.0004680410988105923,4.3928562987541863e-05,3.7490482661084984e-05
1731,5,1.825540041229443,0.0006641716504187378,0.00018179732836230488,0.0001375690004705776
1732,15,3.064752621797015,0.0026059956589535908,0.00030620650321759124,0.00025211204724159104
1733,8,3.888553406834152,0.03658980553405236,0.01597869436190916,0.011822745355846672
1734,11,2.1360439947171157,0.06253513783365398,0.004508503740676877,0.0035151227492588133
1735,8,1.5579313175327716,0.09610475165239013,0.01945618133551759,0.016527412817824848
1736,5,2.2637999325867724,0.05410903486426212,0.0055004782238032785,0.004737421741668166
1737,5,2.0528976774937453,0.09750008214716722,0.015251235591440034,0.014713314996190574
1738,8,3.554959564710033,0.00013390624272431226,1.5757257544996294e-05,1.550848308446622e-05
1739,8,2.9513372102047692,0.005036736787172114,0.0010347485744725215,0.0008562722959128776
1740,11,3.5683693557713028,0.005767129284480633,0.0012394516758633804,0.0010361166020032048
1741,8,1.5851137809873412,0.015957768013812875,0.00039472770703195175,0.0003259220159998583
1742,5,3.881795560573885,0.014859385210552719,0.004785867075790845,0.004633271605269032
1743,15,2.9921168739853417,0.0027999277294612876,9.482573484763649e-05,8.609569650993623e-05
1744,11,2.709151020177387,0.0006085389269052673,0.00010146998830090833,7.808483890337803e-05
1745,8,2.8229263144099885,0.00015327134133949222,4.524073585427039e-05,3.850332505807073e-05
1747,5,1.5445478462395157,0.028552867177067738,0.002880603153062742,0.002692848744179395
1748,15,3.138731882042572,0.0006811304479100012,0.00016386228627017697,0.00020196659942977368
1749,8,1.854733525883494,0.00010850532984244159,7.164424677916939e-06,6.0538052399158286e-06
1750,11,2.4912564145568865,0.09683969001398365,0.010756590806319855,0.010154050636505705
1751,5,2.4811272008962133,0.0007192741828025435,5.712673842343749e-05,5.304410783124347e-05
1752,11,2.261138629091969,0.0005383263688341455,2.9297847410194808e-05,2.390335792213163e-05
1753,11,1.563006741315173,0.06850542472603173,0.004593564913090954,0.004066438852309843
1754,5,1.9173303450117107,0.3008646407805326,0.06000356019776229,0.05524392512607349
1755,11,1.9960438340841429,0.018467556640359373,0.001887570929910464,0.003056485529252854
1756,8,1.9853165361434633,0.0069413244128525824,0.001630487553607707,0.0017268357429342052
1757,11,1.568542006518372,0.002272725847292436,0.0002780305397631726,0.00021884272546134626
1758,11,2.6635164008469228,0.0529336825798738,0.010929729041001162,0.008237840548541386
1760,5,3.6365902981472646,0.0013175989291300681,0.00038074976088092456,0.0003456965756723429
1762,5,2.756671947909775,0.0072641854022974135,0.0006687348899771818,0.0006695313346434095
1763,11,2.2795457615393984,0.0011922653847822712,2.018951241745639e-05,1.7795970470965804e-05
1764,8,2.760708523024326,0.0006928814814600632,0.0001870592720064061,0.00018579750581721138
1765,5,2.2360077831784158,0.0053254364039604886,0.0007547284413865237,0.0016053848882889878
1766,5,3.611073384989663,0.01162157786633342,0.002592187808213487,0.0027376143517627294
1767,15,1.708156892330475,0.056130104457568455,0.005603631186926901,0.005089491591940834
1768,8,2.1485088041879843,0.001089841600477338,0.0002316077088973835,0.00021339429930035216
1769,15,1.8584338889412613,0.09965914585335038,0.0064266898423404155,0.00547584511671801
1770,5,2.6195172769584887,0.000902437128431965,0.00018825656154067527,0.00015115059280076197
1771,5,3.149447975740488,0.0003433820096290428,6.518707619511621e-05,5.628081330047885e-05
1772,8,3.6832885303689396,0.00959121895052565,0.0025745689099052355,0.0020380736375503567
1773,8,1.8201732025010995,0.005095244033849248,0.00027796142949592143,0.0002273018900201294
1774,11,2.676153594596972,0.0005848212190686918,0.0001481310540525591,0.00011342872794218126
1775,8,1.8775064139616457,0.00018095523019334356,5.347737197997734e-06,4.87913752748118e-06
1776,15,3.517962663349043,0.011007769855817527,0.001779002433322225,0.0017653561202549345
1777,11,2.6070854252435316,0.0039537738282133155,0.0003407226206477884,0.00043546515550652693
1778,5,3.5510917292672044,0.00983381469791492,0.0011236431006061188,0.0013640041600517714
1779,15,1.6953194804102223,0.0006142574154419787,7.428558794601078e-05,7.367056655837078e-05
1780,11,3.4146722738698294,0.0005305777262235568,9.007658877603961e-05,7.199972350927944e-05
1781,8,3.1012083599618023,0.00012372031949415725,2.870903521323021e-05,2.4321126217069592e-05
1782,5,1.7072441231011584,0.0005217413325443502,6.0987666031272415e-05,4.9422633990663023e-05
1783,15,3.746850026695869,0.08530859650246335,0.015983568651545682,0.01434930663546047
1784,11,3.657753169897046,0.0006381498469833078,8.141073422720929e-05,8.124112511883679e-05
1785,8,1.7333083814797496,0.0008956790177524217,0.00013911017244990978,0.00011884364950495257
1786,15,2.2593992515668138,0.027366906918455353,0.0011324710271697572,0.0013566080644468019
1787,15,2.9430272317451736,0.013744393958613488,0.001096926625872781,0.0011172819756627172
1788,5,3.743915851444881,0.2751845234608145,0.04791485909460335,0.06266243708867152
1789,5,3.2029058403716606,0.00032275795652486123,8.765395957078086e-05,6.743368229805812e-05
1790,5,2.500883210252138,0.0004403902883613505,3.203907451465461e-05,4.8921825726569905e-05
1791,11,2.415318617892188,0.000747371750878197,0.00011840835488108907,0.00010217316714610968
1792,8,3.3748886845296777,0.004207821339201085,0.0007235986815640438,0.00126984597109697
1793,5,2.1659304334257667,0.29588586979753767,0.019570222010583158,0.016523679161141662
1794,8,2.613664329542912,0.0054656414029061766,0.0018455970011076101,0.0013926451215442836
1795,15,3.1802299479602887,0.0006133161351608085,0.00013712343391337307,0.00011462523455161998
1796,5,1.7262300193167024,0.028010511564866804,0.001890713472168575,0.0015190453066131178
1797,8,3.8674194570977387,0.0005584631416740296,0.0001246946116874931,9.616745506160566e-05
1798,15,1.6962059025388005,0.0009399439731745414,9.952822963007568e-05,7.842507524335123e-05
1799,5,2.7979323200119683,0.0001130275851880702,2.0691433828160806e-05,1.856816204281506e-05
1800,5,2.3685451252161824,0.0016487055796256997,0.00042439315431659223,0.0003282819157458524
1801,11,1.5301368326241818,0.030897205452081442,0.0006845036865601231,0.0005917618085168532
1802,8,3.779922065754773,0.00310214227651208,0.0008435939413270818,0.0009112292759078463
1803,11,3.503011380127177,0.00020623560567319105,4.1224561484025815e-05,6.180212300192798e-05
1804,8,1.7449779824171952,0.006616050136825166,0.00037198572720152905,0.00036154057485820085
1805,11,3.4610765480770946,0.00014684206157272495,3.390371001677794e-05,2.937321389633486e-05
1806,11,3.2108540769154392,0.012345332152128213,0.0034088589835137312,0.0025899606683584472
1807,11,3.8327182510626137,0.11768663819505715,0.013111524603631268,0.010548010945252288
1808,5,3.082188848322728,0.005292346902099524,0.002359710763294263,0.001994628329063301
1810,8,2.8708758778639436,0.0016490002554006543,0.00020748205773192852,0.00016641192979701576
1811,15,3.9449773010882785,0.2950555220168725,0.044687092876011435,0.04180645844029692
1814,15,2.0864294834465804,0.0037459969145380847,0.0006427259081795944,0.0005524049934119487
1815,5,3.151445515634635,0.00433341488756638,0.0013102701013444655,0.001042730184536936
1816,8,2.4408410625702968,0.01757594733836572,0.006067765600535157,0.00541247331198519
1818,8,2.6607856282259115,0.08432982350599691,0.007201922058695536,0.005693449974463924
1819,15,3.053647949651421,0.0006557980016998832,3.1662955701143484e-05,2.7266858328300402e-05
1820,8,3.7698706478318753,0.0005176740843724473,9.312247859592197e-05,7.664488013290612e-05
1821,5,3.5035900366465835,0.007322072201091136,0.000884907010349825,0.0008438634169592239
1823,15,1.6923867908824812,0.00016311900899844365,3.0425214509343164e-05,3.2072436300717886e-05
1824,8,1.5853075281370534,0.011642381927488907,0.0006877524989708772,0.0005991140624075169
1825,5,2.9740107576846766,0.000712885856265168,0.00011377227535417037,0.0001310561024201197
1826,5,1.6420489323367624,0.026150306572003006,0.002212537869105898,0.002890450658658528
1827,8,1.990924106778332,0.009440306521401133,0.0009636752762713144,0.0007739549637085918
1828,5,3.4512043970095734,0.06323556904237823,0.013029398569058732,0.01339953408878492
1829,8,2.260267887696931,0.14241291905318654,0.030767586573129196,0.028238243834582934
1830,5,2.1509102952206773,0.01837075947318816,0.0019725180508469867,0.0019512185004955558
1831,5,2.6018973022941063,0.0009876137491606402,8.804095927754605e-05,7.677324612003876e-05
1832,15,2.8831609407512024,0.00011592097139422267,8.457319655014862e-06,8.554408814876469e-06
1833,8,2.751305915424887,0.0006518996894155614,0.00011281214843334258,8.827519749362302e-05
1834,15,3.106986235993683,0.0381389684959983,0.005129533926286853,0.004255392420627615
1835,11,3.4526122440535594,0.002322934342484966,0.00029184424998681736,0.00023575812436892128
1836,8,3.8593462079442915,0.00857452551443403,0.0015810878490041737,0.0012087086024465572
1837,8,3.5245510266512574,0.024279621475826844,0.004733579196628936,0.005711920689544675
1838,15,2.1122132002864076,0.01800161908107592,0.0026126992695267265,0.002133083179977303
1839,5,2.304980238165381,0.0006611022347461029,0.00012567762240692996,9.988967551378359e-05
1840,15,3.903968518627854,0.0005941521333350433,2.8649353486137445e-05,2.758820742032904e-05
1841,11,3.6829986500054397,0.00012759159180281943,1.3901671619766554e-05,1.3537685130418024e-05
1842,15,3.839716038918507,0.00013709295488618597,5.159126789852441e-05,3.978246396865238e-05
1843,15,2.6014434126256885,0.11325669889606232,0.010413151466647175,0.009059313022315291
1844,15,3.042982991108996,0.0001428272984439976,2.9646727014388436e-05,3.1844114529920394e-05
1845,5,3.723155220036451,0.1500305324761318,0.03044848001274126,0.024769861794261026
1846,8,2.6140394316156947,0.006429817915395222,0.0011235401092443498,0.0009073959519619295
1847,15,1.9408395909885219,0.011634066188178402,0.001304685990611665,0.0018514940045013526
1848,11,3.118974007677646,0.015272453740501624,0.007115695714405908,0.005162109806330321
1849,5,1.5043025306071955,0.00039091899615084673,5.163313870892229e-05,5.798165268882788e-05
1850,5,2.629738265676275,0.00840052536618006,0.0033903028917945323,0.0028738864589578305
1851,5,2.152210579676604,0.1070510839574047,0.011292462081079143,0.01647050023015442
1852,8,2.414523300357396,0.012538994122152584,0.0010722779948652366,0.0017942776401232107
1853,8,3.164469969950642,0.01429940113403961,0.001550227555239676,0.001258291997289007
1854,11,3.9009347513629904,0.003769543189955476,0.0003671256618856601,0.000451293284451056
1855,15,2.3892225229579442,0.00102395281151061,0.00013082267410865163,0.00012400091476420577
1856,5,1.8004882717496347,0.03153783879138564,0.004544388315450308,0.004259664297476683
1857,8,2.817017443296324,0.0062160581638480645,0.000706074516247747,0.0005273022230572104
1860,15,1.545256078285021,0.07422051131312675,0.002780046154030944,0.003401020868154045
1861,5,2.525403686867359,0.0010979564629070473,6.055963964328604e-05,6.148009132263495e-05
1862,15,2.5659901224152217,0.0002037925311357553,2.809414698704532e-06,4.259431377614409e-06
1863,5,1.6995944324261538,0.0682161020763797,0.01153105826547581,0.010411455610254354
1864,15,3.008896813024871,0.008295496937694604,0.001001147029806024,0.0008113942711510109
1865,5,3.232351059540567,0.00010606053251232099,3.061909640578739e-05,3.282050858430269e-05
1866,15,2.758559630723746,0.0006412996142050677,9.80427476988513e-05,9.650933769633137e-05
1868,11,1.82591810225311,0.020930257006111976,0.001229176719997236,0.0015108593646575399
1869,11,3.8026423134334615,0.049983961443547914,0.013292444825560138,0.011335072599281806
1870,11,3.8803184306859713,0.012050594646253403,0.004116605779554507,0.004053020374247418
1872,5,2.5482186481542373,0.10982006917306426,0.041832798988082114,0.030986357318925645
1874,5,1.6759854152255338,0.03258073664076844,0.0028294686113858425,0.002266724077081842
1875,11,2.446450136665616,0.13969109865704243,0.015988116289804646,0.016632778881218578
1876,8,3.987023925537008,0.06324041590346666,0.013226402411962199,0.010464189064369708
1878,15,3.8572268751309893,0.000401092130695178,4.6755427060218964e-05,4.15831766474608e-05
1879,11,2.5309629243546383,0.0003363098036471832,7.649222124518402e-05,6.662484409946825e-05
1880,15,3.583217260465184,0.010629978178067816,0.002289567610592271,0.0018073779122808784
1881,5,3.4988868865039207,0.2047980169561887,0.05575564554769944,0.04976279128174068
1882,5,1.9439803003897038,0.06130409365554801,0.00783920640312718,0.006698285855467391
1883,11,2.661163501847978,0.09797474263751796,0.014905267744927569,0.01339730055268437
1884,8,3.6232417352817947,0.11060414559011274,0.009956611289498176,0.010233579249826725
1885,8,3.9927954394265552,0.009466886194520567,0.0017074193553056655,0.0013474166937386923
1886,8,3.294743632042118,0.001912134235014567,0.0004131189351931039,0.0004010322931017735
1887,11,3.8720193177265023,0.005159670361353128,0.0009227778976033613,0.00083214175175249
1888,5,3.1843457790291385,0.0066730616987589544,0.0017319694305449863,0.002719092235476629
1889,15,1.9422416538192553,0.0018633353383924777,0.0003560986330108061,0.000334572996535393
1890,5,2.475425775587424,0.0014478564735035686,0.0005002813421735412,0.0004096667861211047
1891,5,3.8059318546290717,0.002911749321762355,0.0007631388704366026,0.0007652789133082231
1892,8,2.8706702406339226,0.0015122380391630092,0.0001287400717379608,0.00013512129978462424
1893,5,2.457658132004087,0.001527063638678796,0.0002836809676542119,0.0002364865778187283
1894,8,1.861286930600303,0.00020769878906505446,1.7485684683303393e-05,1.4650806238173984e-05
1895,15,3.354981539170924,0.07483182650795138,0.014297924748949118,0.011319693883404782
1896,8,3.461647500641356,0.1363147138541631,0.03317024503238226,0.03282578204697948
1897,5,3.3217995715382997,0.0006209182461253972,9.711524199678605e-05,9.646436500579255e-05
1899,8,2.443556476496923,0.08987415481889108,0.01805363144348892,0.016133250972105318
1901,15,3.2980396129350114,0.0021510479684726963,0.0003036841640577646,0.0002568110796119348
1902,15,2.264020610525633,0.00015484592229621504,8.167116350520813e-06,6.492577719982909e-06
1903,8,1.9223741492092699,0.0070365012376904625,0.0005261638304912637,0.0004180310066630852
1905,15,3.718854923295525,0.009764386654650174,0.0008838335159677815,0.000699887790282281
1906,15,2.2500305031901466,0.1614713952337162,0.026377470821654994,0.0223037520111429
1907,11,2.6539496118428967,0.0013902822408436019,6.321734228538611e-05,5.356724816297843e-05
1908,5,2.4557298400858736,0.0003164725612412789,4.455903198576903e-05,4.564880139243098e-05
1909,15,1.5352283911551394,0.00207216283389977,0.00012304539263442108,0.00011338557438839819
1910,8,2.6489732297812196,0.006668606015203989,0.0007438485662938955,0.0007419618764958294
1911,5,3.6900980582308884,0.20221594912934351,0.07737129902042618,0.06593576048948144
1912,8,3.246827189269753,0.08748261570785909,0.009517289804568264,0.015187408632791506
1913,8,2.183642380106939,0.052169429744705974,0.012159094728795191,0.014520284978919483
1914,8,3.049505370057114,0.004828458471485264,0.0005590129571538916,0.0005710402016158936
1915,15,1.6276158903229248,0.12641219053287245,0.007839053459197848,0.007583386082140032
1916,5,2.053398477323995,0.028880202017108572,0.0030186103575016014,0.003515345599563086
1917,11,1.537708505180729,0.03319480496561974,0.001104101146415898,0.0014363478990022933
1918,11,1.9748260635180788,0.02207229553790634,0.0033512868919372695,0.003161461454396345
1919,11,1.9035399212226225,0.00993033125212454,0.00041501187898380237,0.0003294813800906257
1920,15,3.947707138142085,0.00012290940997472072,1.3695013192872527e-05,1.2549571800792609e-05
1921,15,2.0053833017166527,0.002652841191329051,0.00018164463587148048,0.0001577067375617316
1922,5,2.8079780624867183,0.0038287530999835087,0.0009181734186292849,0.0008046512421525284
1923,5,1.914692025000004,0.018751422869599764,0.0042903373792758034,0.003575483584016111
1924,5,2.775155765195544,0.0007753915592692543,0.00014178361104257855,0.00012623897523693876
1925,5,3.2762295607029315,0.04940787078925739,0.013791254882412982,0.014252956657966205
1926,8,3.7885332663050617,0.02368228955922678,0.004026657155783836,0.0034015823919542453
1927,8,2.777940569972516,0.00027232983974325554,4.241928058278737e-06,3.984722804757394e-06
1928,8,3.209425596221544,0.0020892987029152094,0.0005783735363359198,0.0006294293015164617
1930,8,1.7119729506165602,0.0050256847751820885,0.0010515489043987692,0.0011452910564140313
1931,11,1.795955186324266,0.0017751765226911968,0.0002570546958700177,0.00020635904613324204
1932,5,1.5245857441505446,0.00014262674021473524,3.433860023438091e-05,3.5128664646958306e-05
1933,8,1.7660851205152883,0.006515120339739219,0.000409055483035572,0.0003716488453385433
1934,5,2.6228688394916064,0.056761183748228444,0.017111219466449237,0.013451814853396077
1935,11,2.9498482793106295,0.0002288004654081685,3.695397643221507e-05,4.893507284043854e-05
1936,15,2.7132501067319263,0.0011477944140730323,3.6578191707920305e-05,3.5928085587253456e-05
1937,11,1.6989128994713232,0.04639884111845479,0.0021417372223833863,0.0026542869341281954
1938,8,3.882146572485363,0.02226106061931205,0.005726069904044744,0.0051187377836104594
1939,5,2.071349945937744,0.0002548685881264641,4.789274708551604e-05,4.101516382612894e-05
1942,15,3.090469260720806,0.10225159192888064,0.01125475271479786,0.012193838978654501
1943,8,2.301096011969991,0.00016659944616607674,3.870136761352943e-05,3.1670438422531007e-05
1944,15,3.410680661811905,0.0018430286241142497,0.0002959928759160612,0.00023564216181077774
1945,8,3.509904397008739,0.14581517324077686,0.014220276152398148,0.013691233553349166
1946,5,3.3337384151031073,0.01506687975349019,0.003046030272470011,0.0024634702444616976
1947,11,2.0480214187180668,0.00010845654082317758,8.548332170755312e-06,7.84482821648169e-06
1948,5,3.22422675745618,0.0162592387249944,0.004116406217984276,0.008619186671780462
1949,11,2.943998148411944,0.013085149610232154,0.0029344411622540213,0.0034579185219549735
1950,5,3.636364436356434,0.0018792342171692505,0.0003129794677265473,0.00044373387762276307
1951,5,2.102704569690435,0.17531790797532287,0.04857325887443189,0.03634359167752014
1952,11,3.379123379684012,0.027010121032493527,0.008853859378871802,0.007347792961546669
1953,11,3.5798451043537245,0.0008474584987153365,0.00022508639929402435,0.00019542078077842642
1955,5,3.7648886148743625,0.05356082033611406,0.021607811960237075,0.017336838115462935
1956,15,3.647140070547581,0.0004021709601371606,4.6364500897217806e-05,4.499136054673373e-05
1957,5,2.631582555786888,0.15780077779459412,0.02516223712474832,0.020755954951202797
1958,8,1.946016891657828,0.0507359502533449,0.004074374655439697,0.004021429793802522
1959,11,2.6069734507156075,0.05658605154567601,0.009923945400733119,0.007878545504751385
1960,15,2.188613974537713,0.019437013287092998,0.0014662553699147421,0.0012232552064509459
1962,8,3.2347815629371626,0.0005647430844978261,0.00010355657683951266,0.00011610726791853337
1963,5,3.5123870885256503,0.023991131134300646,0.0003801127384718329,0.00029412969765508183
1964,5,2.701713921798297,0.0003973101646456116,0.00015639676476424748,0.00012111225426573683
1965,11,2.627841628280511,0.005868383233768907,0.00044761847890913343,0.00037315289492791646
1966,15,3.232412855107585,0.00014039657447083355,2.2956762997358073e-05,1.819432364455559e-05
1967,8,2.012897645544625,0.00016487810597070238,5.037225719292728e-06,4.161938801857775e-06
1968,11,2.658993688459323,0.00413385404325974,0.000558469336427265,0.0004933486064492137
1969,15,2.838161239121838,0.0003362659564146208,1.877985980502975e-05,1.5129246235741023e-05
1970,15,1.8423840570509915,0.029786823587346394,0.004632938409059298,0.0039011360721063833
1971,5,3.8094500564673153,0.04346636548204419,0.007490848454529361,0.005891451868720241
1974,8,3.895052934475811,0.0003570913202718077,7.68137923922182e-05,5.866324327159371e-05
1975,8,3.9631117614206692,0.28572930720433243,0.11129679334581247,0.08794158794931409
1976,5,2.4662561399664353,0.000411827928023939,0.00010249370134181241,8.098277144634308e-05
1977,11,1.951546289761977,0.02335004603627585,0.001536345487328605,0.0014399838573871517
1978,15,2.565741431267156,0.000745126923718081,0.0001277761800373049,0.00011164712119255794
1979,5,3.2040869071294518,0.08731423365184193,0.027396256546679543,0.02569176556808274
1982,8,2.673937169151827,0.006867680528428358,0.0010208502418778238,0.0008349314574168661
1983,5,3.656567061915876,0.031059942660517738,0.006393054418875588,0.008778949439188418
1984,15,2.809546991678126,0.00045714320821325,7.718272511829822e-05,7.1092981385192e-05
1985,8,2.5838554741629,0.035722208376688526,0.0034538896849468266,0.0030356206337226683
1986,5,3.112904432816186,0.00043825281985535155,0.00013495672166068205,0.0001335439456319234
1988,5,3.685398242692122,0.007045332666971847,0.0011461218318164277,0.0013755430497251586
1989,11,3.2221300642878967,0.00887888541051092,0.0008783392844411525,0.0007315273538133581
1990,8,3.7299452253882803,0.0033411619974221137,0.0009661167855180655,0.0009133905017752268
1991,8,2.2358742409619987,0.0016594635191401347,0.0006096515157635988,0.0006280797323435445
1992,15,2.169998490778961,0.006636468870292314,0.0005071137336539768,0.000557199438592662
1993,15,3.7761349351249267,0.00024545847333334197,6.569821541284904e-05,6.109137190110742e-05
1994,15,3.89298289564872,0.00033886700680251723,7.048052923613117e-05,6.939250481509304e-05
1995,8,1.7162569857797167,0.03248281278244964,0.009904829652914851,0.011431806373075068
1996,11,2.8251339281728307,0.0004407104343124783,8.105661856546155e-05,7.605618082992004e-05
1997,15,3.900288895534888,0.04384013528793991,0.007369355062666397,0.006152929444727124
1998,8,3.8503833967627044,0.0029118986312378628,0.00026767283645334327,0.00036135109684300447
1999,5,2.5828390012030793,0.0009683449378036817,0.0001629170960789418,0.0001608296195079979
2000,5,3.908039775057232,0.004068691239759841,0.001654116318417082,0.0033042367358672837
2002,15,1.548627621539046,0.00010459372326742796,5.346966976114322e-06,5.021139752640996e-06
2003,5,3.9865895644569385,0.00026356766183379706,0.00010478759371950365,9.949819018291563e-05
2004,11,1.6930389138882427,0.022082439798700434,0.0021358001492906824,0.0018638797543362741
2005,5,3.3149481808467165,0.21747748691894503,0.014513663301819222,0.01210550555165227
2006,8,3.3289866172876694,0.009954173330045944,0.0023712555928178214,0.0021353909519858387
2008,8,1.531507806184756,0.001561045053567926,0.00010511194736996768,9.529347180666059e-05
2009,15,2.819562870356941,0.011067311067919165,0.0011225964286249053,0.0008909285814889306
2010,8,3.4628248529520724,0.03226029668301052,0.01005254799941455,0.008512228530327855
2012,11,3.1202852921478654,0.0006778456299357143,5.7355162916414255e-05,4.5445395121063414e-05
2013,11,3.387865224425744,0.004829391463306542,0.0003265479374227096,0.0004137896572921149
2014,8,1.7878086416535799,0.0001870768996801895,4.792427679103059e-05,3.90584457194087e-05
2015,5,3.012706924226647,0.0001061136785942252,3.948048999218571e-05,3.075173359000854e-05
2016,5,3.599319510721895,0.01457542991563899,0.0011792034637556545,0.001120720865444117
2017,5,2.99047732307087,0.01768220574267559,0.0021400606593611968,0.0018857522842780027
2018,5,3.3196358246670314,0.006685627410373463,0.0023528401174863025,0.0019706525615454744
2019,11,3.139742381056387,0.08364190649846383,0.006441993949369188,0.005251311725843265
2021,11,3.839343424424092,0.005063152416368779,0.002083139143061463,0.0017977854007518476
2022,8,2.1930635634096873,0.041543862779742195,0.010818751380285093,0.008550286388890247
2023,5,2.2405502210374912,0.17156579448924228,0.0616387119527191,0.05707711043160535
2026,5,2.148871488752965,0.010966358082077984,0.0005153797154986578,0.0004925011984857343
2027,5,2.5165035615632507,0.007789143593756282,0.0011281614643699452,0.0008647754453068853
2030,11,1.7619389671949306,0.00015067506180943955,2.4065191743314213e-05,2.0579560241551255e-05
2031,8,3.2994388372839634,0.00018727814785511488,1.3721374403862729e-05,1.1137849375952202e-05
2032,8,2.8863595908400854,0.03336528263554178,0.005146955783278168,0.004218496154963155
2033,15,1.8194152207515994,0.007047667809440724,0.0017302871483682526,0.0014808408640262433
2034,8,2.8963558722552345,0.018483568877607135,0.0018221732976268154,0.001573052795448581
2035,15,2.5157056365058446,0.00225555037533728,0.0007299705732413834,0.0006229590910707619
2036,5,1.7251757683074342,0.04645327631985471,0.0130902348990777,0.024191828609601517
2037,8,3.9756930765518863,0.20840509648672595,0.02174322667194297,0.01776872724679725
2038,15,3.5350743033760406,0.1651870227731012,0.022437265416977693,0.02133427480279897
2039,8,1.9211231995061917,0.014181234229949347,0.001791318486861284,0.001394748938083197
2040,15,3.4432920870131944,0.0005820443330803293,0.0001225995327647031,9.514957791813146e-05
2041,5,3.1943097933529803,0.00041249580149830954,5.814064717375188e-05,7.982069369978345e-05
2042,15,1.9413669603705206,0.016013790004254062,0.0007530977682469603,0.0005915012872436781
2043,15,3.0726434759566903,0.0035935035414320056,0.00024716933464662534,0.00020251085489488894
2044,8,2.3704476821144618,0.023859621275160437,0.0022663591338525015,0.0021507946365720426
2045,15,3.892952955324473,0.00021836566312687566,4.80371960029294e-05,4.353087207847423e-05
2046,8,2.7168318250577985,0.01898631350504514,0.002656788599943135,0.002041833658662034
2047,15,2.459245904766983,0.00020472663760336747,2.989556783463459e-05,2.4496886820667577e-05
2048,11,2.2140362112555083,0.00010316951050496209,1.038385019180682e-05,8.532863612811828e-06
2049,8,1.803402190064738,0.02347041714551997,7.885672373018535e-05,9.187928402660991e-05
2050,11,2.0433408249981975,0.026001443026125483,0.002595546037763149,0.002681537873368052
2051,11,3.3231267730962837,0.001461523074700038,0.00012567945220486634,0.00011479866264346998
2052,5,3.4105572280530643,0.0067337744471212685,0.0006562522075120312,0.0008924235207982012
2053,15,1.996930800050388,0.017299207307812075,0.0034310421507364854,0.0026440462683270205
2054,11,2.1951858664582087,0.0006440093793733336,5.446712460193399e-05,5.01723970968779e-05
2055,8,3.8503477725504633,0.0027093977990759323,0.0008286083448278152,0.001036227091485195
2056,11,3.349186113848921,0.12127382761330466,0.01814322623629317,0.016056296254929388
2057,11,1.56402852811504,0.019281693205887095,0.0015138889458057088,0.0012648747484867047
2058,11,3.9677276722303603,0.012490437962751856,0.0027100045850124276,0.002187042846026336
2059,15,3.9587509716045317,0.0018679906249157543,0.00023208497755316274,0.0002098875013020168
2060,5,3.2848633021154683,0.05700258230615556,0.02176556445098438,0.017852797500999856
2061,5,1.8143350784082948,0.00018456667229752851,4.851309703034502e-05,3.844154243309521e-05
2062,5,2.387649632288293,0.011823212681456257,0.001192967632387918,0.0018869482407621984
2063,5,2.737651882007313,0.000405814103655999,0.00011136565747792585,9.030366975171727e-05
2064,11,2.493779097985333,0.002903508010632733,0.0003990766138174904,0.00036965025694083196
2065,5,2.422613056059905,0.0008796760523482319,0.00018620612351842234,0.00015046609200105375
2066,15,2.369579235252086,0.0033521095823041283,0.0004933058926759317,0.0004036323833988768
2067,15,2.0460160605293503,0.006889667276579118,0.001208112429546356,0.0010732691467241328
2068,11,2.8169296154477945,0.0074082038372253285,0.0015272455187070153,0.0012244535343703302
2069,11,2.19369502167598,0.005370997869999869,0.0002651218999434675,0.00028052334181894676
2070,15,3.627236169771042,0.019142434789816015,0.0023059081070856925,0.0018864703939241553
2071,15,3.1588231811283154,0.004478013600566874,0.0003443476990161261,0.0002927930956991688
2072,5,3.775774344049531,0.002070288515062307,0.00026713708290132803,0.00035196867790595774
2073,11,3.552343682227998,0.004328240809197019,0.0006240081360621014,0.0005713772487965602
2075,5,2.383604076826469,0.00012744752081430215,2.072974462437351e-05,1.8530154920799232e-05
2076,11,3.3062268608684584,0.02966730675669928,0.002725134632104993,0.0020306987195321366
2078,15,3.766900003430025,0.0006708627077229787,5.9027298370443196e-05,5.055316346610701e-05
2079,11,2.6590591963897894,0.00047175098507673384,8.840963625861859e-05,6.802040293151899e-05
2080,11,3.0448871008485514,0.006738281828146928,0.0012124661834438163,0.0009515914494989807
2081,8,3.232711300357449,0.00023041378502443766,2.6496659340278513e-05,2.890186930797222e-05
2082,5,2.138434152581476,0.0002585683138492982,2.6915031332576157e-05,2.387190416295892e-05
2083,11,3.651167038728729,0.0007785736286191236,0.0001767281131978686,0.00019996818443466873
2084,11,3.3830765902185407,0.04290009008782257,0.006931548534012129,0.008818318322719754
2085,8,2.681906270461969,0.007915503171104227,0.0019012721105116934,0.0028350544082464996
2086,5,3.612327356189102,0.00015168387151422906,6.979226414790027e-05,6.127133183358093e-05
2087,11,3.8095419342539216,0.03849796290250586,0.008763105504964078,0.010903819651009028
2088,15,1.630526072479698,0.00011142240911188934,2.1982625156821362e-06,1.8026289687589233e-06
2092,5,1.560443515507664,0.0002401765976730371,3.6203048740678864e-05,3.2833969137535063e-05
2093,11,1.8126118282084778,0.0008545307994039685,0.00013538085423088974,0.00010987664556679939
2094,11,1.640264629872556,0.06831271838870358,0.0042894967572530895,0.0039042143383769294
2096,8,3.75758429570333,0.00041237020884666236,3.6878992850823415e-05,4.872729333532577e-05
2097,8,3.300468669144226,0.005977812956380328,0.0018026193687771116,0.0014599082731336234
2098,8,3.6998955594060066,0.0007844216824167753,0.00017689710032100248,0.00014256854344852656
2099,15,3.4077147562360857,0.011609752825750224,0.003028183581290351,0.0026043422362431526
2100,15,3.6487958524712543,0.018195883642509167,0.0061780220011446695,0.004986413568351672
2101,5,2.2101645615241035,0.04150843167446675,0.007282349979805073,0.006549280059218692
2102,11,2.4172842047671073,0.0025418774834191638,0.0003784155504947785,0.00040739866307791956
2103,15,2.520990400962721,0.0013810214179879989,0.0001298145026632196,0.00011211409871622209
2104,15,2.749937444378525,0.00026103700608813866,3.190327353101291e-05,2.4892888376773246e-05
2105,8,3.6562128036905768,0.009238970719250403,0.001762402583831375,0.0014771381140534841
2107,11,2.173465509023143,0.00036117689114981003,9.779706277374615e-05,7.99598705949581e-05
2108,8,1.59720887599503,0.0521811560423354,0.002019888969321225,0.002079264037293798
2109,5,3.4617469770285907,0.0020911794135269183,0.0009825877372557003,0.0007115019673619203
2110,5,1.6472682831248204,0.015330367407838507,0.0012601383879015117,0.0015824895457453134
2111,8,2.7221266525222267,0.00019453887270414155,4.3709486361850226e-05,3.630032949698152e-05
2112,8,3.7788893441526623,0.014823742968416567,0.0029614030760435157,0.0034193405638873495
2113,11,2.4235021522997027,0.0029751546777259446,0.0003388794843889773,0.00030283857132775956
2114,5,1.931758269217528,0.0011291990475623835,0.0001650043756644274,0.0001334567260620109
2115,15,2.127156729914314,0.05556655769675304,0.0054075287534554265,0.004513072590793215
2116,8,3.9735067573654406,0.03545891064389097,0.009792642181465007,0.008153748203576124
2117,5,3.4812011591763343,0.0007405986545073945,0.0002426953000287284,0.00022592580763983026
2118,15,2.4232301211174563,0.02089966566098737,0.0009036638768834088,0.0011307347680464023
2119,11,3.0878556012464147,0.0006955903208019366,9.694285056364023e-05,7.798789536689931e-05
2120,15,3.9090078794035947,0.009400543153318204,0.0009664979982128969,0.000902013487691371
2121,8,3.0001997220173418,0.05632679230625329,0.008868859250214627,0.00797554711021408
2123,8,3.7472175876196796,0.06788771872770341,0.01842965284274789,0.016786186857543392
2125,8,2.4474007487345992,0.0008416033408757387,0.00013281578248737957,0.0001631929817669296
2126,8,3.083801153709023,0.1912452139756008,0.030164881084419948,0.035498990027627644
2127,5,3.83874360755716,0.0034223116465952846,0.0004120788442534439,0.0003316989968781881
2128,15,3.3613212987898677,0.010243754340034094,0.0011305267269525118,0.0008934157785641736
2129,11,3.6021885201491894,0.02757486007934255,0.006549652098007704,0.005401209313263007
2130,5,2.2602244863483865,0.008540981376703526,0.0012168666243721792,0.0011691287691978627
2131,11,2.978233328904005,0.2435975370168038,0.04086414554159533,0.03625515036868762
2133,11,2.2534293522096123,0.00048578092591564255,0.00014888549113932942,0.0001336134846670389
2134,11,2.7371085656406957,0.009343219853692589,0.0016663706105076019,0.0013644410595280022
2135,5,3.6473575326388765,0.0023315914578385826,0.000920005486226144,0.0009068214698915461
2136,15,2.8667935210765365,0.005571748669196986,0.0010864964260552709,0.0013038634148270806
2137,5,2.997589007405622,0.003972089284594686,0.0013966318805146939,0.001191779836745433
2138,5,3.7506774279655426,0.0011118044958393274,0.0005298911405403424,0.0005131596126032739
2139,11,2.2960027481147116,0.004975122937603927,0.0003522011923760846,0.0002928202348686378
2140,5,1.631400697481787,0.12263048621483043,0.01670394879019646,0.015026301097164917
2141,5,3.9190359616976327,0.00488353388820266,0.0003146547325303046,0.00024761348245722493
2143,8,3.399345486714591,0.00014852761277501315,4.039612507287801e-05,3.882034058861156e-05
2144,11,3.8525606370524685,0.02183150280483801,0.0018430649199645491,0.0015568662135515014
2145,8,2.241565836691817,0.0484335992941649,0.003294506696873114,0.0036192402575104484
2146,15,2.5595520477646736,0.003087266733741337,0.00014948141200491697,0.00012285556073892543
2147,11,1.8210148396771515,0.00010813593457430084,2.0311504688438833e-05,1.6556118196685704e-05
2148,5,2.9002405496517576,0.007766272885822211,0.0024646108211295818,0.0034127199599399355
2149,5,2.5257079722839544,0.0007800824710304559,0.0002648291695201634,0.0002658881797062134
2152,15,2.0118136674529583,0.0015783174769601145,7.599999228528094e-05,0.00010859693975827065
2153,15,3.4674621026260333,0.0693605023253005,0.006846363729924381,0.00772744193117154
2154,5,1.575296232472562,0.007063972062506802,0.0017613782454918023,0.0013713807852762403
2155,15,3.6803291438063104,0.01735317042450427,0.0029282013208914975,0.0023728793239297134
2156,5,3.9445626919130543,0.03505609204172792,0.010977436486030362,0.008980668007068973
2157,11,1.8987656093327943,0.0028252564740739988,0.00043088014147375195,0.0003592240495818184
2158,15,1.7885216130153043,0.0007599161195499357,3.115252992355186e-05,4.3850466432991835e-05
2159,11,1.9140448469345306,0.011017442487012743,0.0013810950874590684,0.0016524555612635946
2160,11,1.944526194994537,0.0007987279181753093,8.056532381632743e-05,8.147790735733805e-05
2161,15,3.6881379408327217,0.011808804317053187,0.0030336829201386586,0.002843270503540935
2162,15,3.5891318068188474,0.006203923713117731,0.0009409971591849447,0.0009512178277938956
2163,5,2.405091823371887,0.0004632683922896176,9.524997375684853e-05,9.27482490669099e-05
2164,15,3.6813766233274996,0.0014927206155137356,0.00017276100749234752,0.00015766684776348733
2166,11,3.667312152239421,0.03150693895781007,0.004360821550147749,0.003537772806141138
2168,11,1.6381788775315829,0.2754661071795586,0.022654554291792334,0.019650030561325697
2169,11,2.4252477956331004,0.0025209980481731512,0.0005327470635303182,0.0005183471433769829
2170,8,1.8870261474489203,0.0007050079845378293,8.054938097097546e-05,6.358730993430179e-05
2171,5,1.9298358414146937,0.000175361920834061,4.042030020947094e-05,4.038526939864335e-05
2172,15,2.221686589449691,0.022776259158898603,0.0015225308533175007,0.0013779866554595218
2173,8,3.6549452379533127,0.039540584816401006,0.011330610395285325,0.009720552882441403
2177,11,1.6815503052407936,0.00011712861629820138,1.4063381627221265e-05,1.1739604310455772e-05
2178,15,3.19856137376006,0.0006802694206878573,0.00019730373620244,0.00014770575440850762
2179,5,2.0030480277956144,0.019233462851994176,0.00393121474330431,0.003347120989536681
2181,11,2.4276203848012616,0.0015562864445439722,0.00027396742479972915,0.0002336480025152935
2183,8,1.9995610195429658,0.00013223640468227672,1.6426190056019433e-05,1.3012555981015833e-05
2184,15,2.6025697148175406,0.0028490066369956575,0.00036336510499644957,0.00034180283109230445
2185,11,2.657945282786719,0.00011830486877062158,2.5809311748453278e-05,2.6338884315586674e-05
2186,5,3.9784799472432635,0.056235874790535004,0.02066158507757879,0.03195788444132104
2187,5,2.217718219454398,0.00838140878704517,0.0022202680716451083,0.004068065534237933
2188,15,3.7754914725150477,0.0013919248126562762,0.00012320207402005364,0.00011987691993939766
2189,11,1.748259813025904,0.00854613719856367,0.0003660687311584993,0.0003212553915790854
2191,8,2.5817531201124093,0.0006406443786576958,0.0001796114076702821,0.00017817386210062998
2192,15,1.6196701813569268,0.017124141627171262,0.0007823048920391417,0.0008875700479646813
2193,15,2.3956114524378247,0.014672421485114913,0.0008499040009347393,0.0006882588064071811
2194,15,2.5912341552779443,0.0028691900475788876,0.0004227881240335122,0.0003441392543555742
2195,8,2.461576485672592,0.0011158279776817058,0.0003021527344697359,0.00024151000838160854
2196,8,3.132659091711975,0.009000494792718574,0.001918656573253868,0.0023155011564140004
2197,5,1.9123098749220424,0.0005156294270263017,0.00012565699665948425,0.00012524484763629353
2198,5,3.1954928935006692,0.00022540015954982315,8.788121300485859e-05,8.204145107431089e-05
2199,8,2.3705011926042734,0.00016015517922921297,3.965029596333668e-05,3.3078084597422774e-05
2200,15,2.4271551111400536,0.00046272200431756355,6.368542100393789e-05,6.175757889901435e-05
2201,11,2.2084093361433315,0.08065479094649487,0.004485374625387848,0.0049477856933532165
2202,5,2.6831026821026396,0.00029803099948750607,4.7085844527795726e-05,3.9909989643703094e-05
2203,15,1.573177456415283,0.12632356190217922,0.010216476549770433,0.008420436314184121
2207,15,3.832542651267335,0.03413998521259949,0.012048016392765017,0.00970545995295812
2208,8,2.5257874407898595,0.000614105571808984,0.00012130043602065713,0.00017178577004385798
2210,8,3.7157626507058166,0.0027416266781660832,0.0009813091466452845,0.0008537497667837414
2211,5,3.8260717133251543,0.00023794681432404158,9.109066803579901e-05,0.00010266039659380071
2212,8,3.467965295764195,0.00014742726599603425,1.8546671987053874e-05,1.5645010408944848e-05
2213,15,3.03132866473165,0.0015545515926834014,0.00033541409142383955,0.0003038272586096991
2214,8,2.3872717611480416,0.0004660639123721735,5.104536054856271e-05,4.332547951891922e-05
2215,11,3.4562552786440586,0.0004444416327952164,8.299640164389816e-05,6.872004240470771e-05
2216,11,2.10975631989393,0.0025322418777533142,0.0006314357124626534,0.00048190541132683
2217,5,3.0260348787952274,0.046470891451168686,0.017366916599172236,0.013387244006894465
2218,15,3.9071840492554504,0.0002738188832332652,3.614365393731528e-05,3.094711981998295e-05
2219,8,3.6066376581058623,0.0007958101353675518,6.306660562423225e-05,8.463849413778932e-05
2220,11,3.8165340966620303,0.04172552019052391,0.010942513314346033,0.008999886575580133
2221,11,3.6261033658627957,0.016637321120246996,0.0027986433106902226,0.003135269051604008
2222,5,3.885635773307973,0.005214629236547854,0.0023649338247542845,0.0018592672037403514
2223,8,2.7927901060718767,0.00020663478684302563,1.8550388497310938e-05,3.139156682972264e-05
2224,11,3.326369972240999,0.00012070165538623006,3.114298934498484e-05,2.494879936822121e-05
2225,8,3.776196289660658,0.02121926264877543,0.005774625932356979,0.005177466935298039
2226,15,2.9477826891179406,0.00016442129196175224,4.6974299350716376e-05,3.784332581329856e-05
2227,8,2.706190669894036,0.15809572894938692,0.024511702196540957,0.02753436210521651
2228,5,2.2864647130451625,0.00038392139986103796,7.683326240799152e-05,6.207601502577315e-05
2229,8,3.8264839440254614,0.015934217794788066,0.0017633270637607004,0.0018631258371999981
2230,11,3.700809964270558,0.052862625891430697,0.007845769723361441,0.008783319552017915
2231,5,2.8352987854098033,0.0019806994368720275,0.0005340360899423343,0.00048217962678158714
2232,8,3.7048709361345864,0.07626499962118895,0.007018447679976837,0.00647174738217694
2233,5,2.217519560675828,0.0066855411258061465,0.0009211349332443106,0.000900625352244742
2234,8,1.6880024224375452,0.005413332706234327,0.000775219573341628,0.0007250204273997932
2235,8,3.160569360726383,0.001145180175977475,0.00010815954747921044,0.00010181676908798124
2236,8,2.9157433147781977,0.07728428924025478,0.010509954008063444,0.009044091735790502
2237,8,1.6530343513509234,0.07555527227121542,0.003129309025705994,0.0033040527880324254
2238,15,3.1111904206417544,0.05591474761540023,0.018145719464767087,0.014389273819892941
2239,5,2.4408321076131876,0.00361305986347244,0.0006953355839214416,0.0006519791702849456
2240,5,2.3347598398207845,0.00710986641155624,0.0005396664142889984,0.0004402985533639386
2241,5,3.3742423775905652,0.0003920578572652184,2.663168151829755e-05,2.2190994299411576e-05
2242,15,2.111801627686596,0.01045367591319966,0.0005420473801763285,0.0006492074115487393
2243,11,1.721512335077553,0.0019177125523414038,0.0003518481734197803,0.00045857762271520996
2244,11,2.5130069543330493,0.0010466398429816064,0.00024589872740151796,0.00020140596504659823
2245,11,3.768058551961315,0.0001574030063169156,2.879192072325233e-05,3.7145732509568455e-05
2246,15,1.7259934961126047,0.0001131681925587025,1.0025900988822985e-05,9.527457008904145e-06
2247,15,3.527799519040479,0.0002556415829509768,3.8083317276781814e-05,4.398514690152173e-05
2249,15,2.209055254375242,0.0001140114002903052,1.5782848503925005e-05,1.3261141041182357e-05
2250,15,3.7272783463810097,0.0021705526309081383,0.00040373095997805184,0.0004505071770457201
2251,15,3.891015631632899,0.03956633338258878,0.00979795218287115,0.007861706411592909
2252,8,3.003268214281788,0.00011722680490003075,1.1228960536857184e-05,1.361639925599325e-05
2253,11,2.5391789437773205,0.0001610333040956131,8.962554479027517e-06,8.454624151719973e-06
2254,5,1.8182122264607408,0.00323787607235744,0.0003869548691681765,0.0005655890271565663
2255,11,2.8558886656973117,0.011919070651733206,0.002235377333742692,0.0017184575465474783
2256,15,3.9584163595910766,0.000196206976339847,5.964795341912765e-05,4.9549317201033326e-05
2257,15,3.470963644261841,0.0031728483316779757,0.0001981056648554468,0.000153550578512516
2258,15,3.646500599237135,0.010049797453951832,0.002370842745156164,0.0019478269836248527
2259,15,3.379479865718329,0.001808863101014277,0.00017472167620610215,0.00015021521069691275
2260,11,3.2027978598168585,0.000496568814304106,7.453700303300616e-05,0.00014904799730704348
2261,15,3.7790904525060514,0.0001499052864167759,1.0902689067288104e-05,9.032175961802965e-06
2262,5,3.325864199987222,0.0022828493701735363,0.0006429026388992906,0.0007074233032626692
2263,11,1.9272439740902296,0.0009144913267806514,2.9371355677369607e-05,4.833437028675331e-05
2264,8,3.6318485559801066,0.0007743044486630081,0.00010831898155878591,9.411290129891721e-05
2265,15,2.6330483394203035,0.0015731338249884565,0.0005012735506009476,0.00039572179544830464
2267,11,2.2861014291030504,0.0001218794383475002,4.181932367887519e-06,4.792199820043891e-06
2268,11,3.4708303477321354,0.004094637238454153,0.0009207869486491888,0.000912135432636222
2269,15,3.4388156663958793,0.006105617303901541,0.0004031931364419077,0.00036991974594956624
2270,8,3.2281306595386674,0.1333651109248633,0.034848342044375466,0.02694146309395972
2271,5,2.415208597553994,0.003558032120920955,0.00042728060871976686,0.00041893633434369603
2273,5,3.249916689853393,0.0016374369476727748,0.0003789463170095941,0.0003827221945322121
2274,15,3.4424910710151817,0.052011277156181986,0.005769508036421083,0.004413233953512678
2276,5,1.8242217182874265,0.0006892215213005872,0.00016588770726839742,0.00013348053700740274
2277,11,1.6538035280188608,0.0011029331346384878,4.995558392327738e-05,4.67712013517513e-05
2279,8,3.7843386007490385,0.01894250734613411,0.006212984628420912,0.0056462698343935705
2281,15,1.7979134863597002,0.004141561811570097,0.0007637922010372124,0.0007015914186072408
2282,8,1.7111586709070534,0.00017630588289993591,2.5910451510258253e-05,2.4906962914999132e-05
2284,5,2.453076311556574,0.0426135863005136,0.01373450393050936,0.011786244605334058
2286,11,1.6929274729066763,0.1286626550558487,0.008821089747366433,0.008980461262264261
2287,5,2.178197392767079,0.002600171014850177,0.00032902579394923886,0.00034521103579396187
2288,11,1.6739767004356758,0.0028513058954327455,0.00034851180546422486,0.0003317221190507847
2289,5,3.579722854513154,0.000291375695412693,7.197532470585613e-05,6.253982208912951e-05
2290,5,2.617438514179896,0.00022434564148469583,2.151931090804043e-05,1.7343183659333072e-05
2291,5,2.184310260067357,0.10097507917286686,0.0004668423353047207,0.00043960296548454684
2292,15,2.138379315356796,0.04391152560823264,0.00476859244780659,0.003768916623397823
2294,8,2.9973961678229664,0.010433880899390761,0.0028473572914622675,0.002479881415338704
2295,11,3.2109900868800314,0.0006374707197582624,0.00014625313759381487,0.00012100226870852026
2296,8,1.9798664295813835,0.00336340153810694,0.0007228595852074733,0.0007113158862691204
2297,15,2.200232457818844,0.0002345025983133789,2.1244699679972064e-05,3.0968650217575805e-05
2298,5,3.840054605578855,0.00019897083544042607,6.543411795999023e-05,7.86511621712396e-05
2299,8,2.5255057021641383,0.003996171675857569,0.0007762404299821044,0.0006185270982426196
2300,11,3.2773695187646803,0.0005756513795266242,0.00013802088609064203,0.0001089570463305271
2301,15,1.6512408324077192,0.00018792923329047443,3.7023928734628334e-05,3.0390557826837218e-05
2302,11,3.731629997377587,0.060118694728919404,0.008575407700055538,0.00956891766712215
2303,15,2.55089280514198,0.0018862877184027595,0.00010454175722370754,9.276541759462721e-05
2304,5,3.757856662490708,0.264057793542686,0.07849037478047231,0.06617148214046244
2305,8,3.1374531945434354,0.00011581693832577967,1.3121095402284314e-05,1.1756599569654505e-05
2306,5,2.7515912506928353,0.019965498965170476,0.0017933976551126167,0.0023705729294043066
2307,5,1.6967633693764692,0.012016279119199775,0.0017544163051853145,0.0015129202226329213
2309,5,2.901715281712212,0.293534290168518,0.03918515004432083,0.0554271961539853
2310,8,3.6067014279872756,0.07066406251530229,0.018433774850411214,0.022707017529011997
2311,11,3.4632292532551583,0.00021722306273342162,4.4125826736024e-05,5.421318566891223e-05
2312,11,1.516945651844236,0.05901168778484027,0.00511067998763991,0.004232617322524617
2313,8,3.444019209022201,0.06780437512214427,0.008355609000575361,0.009240045335350494
2314,8,2.1858006745958565,0.1837600943841044,0.016220846456421186,0.01596895809292866
2315,8,3.136132378162362,0.012529915974707853,0.0012340054702216538,0.0009890783539360177
2316,15,2.5129241552973394,0.006940713838264645,0.0003839619214796509,0.00030688494989490833
2317,8,3.4646254207346834,0.0677607970683334,0.01760732250047662,0.014506447432672653
2318,11,2.176632678708112,0.00032130878444543403,2.903646324636742e-05,2.9368637831394794e-05
2319,8,3.00345757017972,0.0014632007149972845,0.00027882090770793815,0.00025286844478442
2320,5,2.53409528996316,0.0002977472962818508,0.00010793792472055412,9.651006766774151e-05
2321,5,1.834267812154125,0.005342234773516824,3.5548510187337614e-05,3.404744673458388e-05
2322,8,3.0067783850323755,0.0026213573589935124,0.0004611235414756845,0.0004649059527761818
2323,11,3.259152603077019,0.007847654267399555,0.0021067354484004867,0.001676197469026975
2324,8,2.0312090030665093,0.00019920243334195745,5.3957678276047175e-06,4.3251539673574175e-06
2325,11,3.9689209929846316,0.09272235187435585,0.005485061712290517,0.00473929907566575
2326,15,2.5257869607296857,0.04995404559550795,0.012562976795759795,0.011617280718091042
2327,8,2.461901798093047,0.0012483816714572312,0.00010495379204032846,8.814199434848301e-05
2328,11,3.5001261234626035,0.000539620471234719,7.110652928417957e-05,6.360635554907853e-05
2329,5,1.8254030682456746,0.0004088319039617427,2.3246004783576246e-05,2.319014044521878e-05
2330,15,2.833362354842837,0.0019502462343536193,0.0003144104777371427,0.0002963562239873972
2331,5,1.8387957907147334,0.0021048610389517632,0.0005512143121175609,0.00043555371457751704
2332,8,2.005372106660595,0.18342490524040775,0.027712638791748317,0.023385896451060664
2333,11,3.1639534082927865,0.0013336791799232921,0.0003560555611052058,0.0003454893216031549
2334,11,2.5681682757316104,0.0009786413070669206,0.0003099687780641104,0.00023798997582521084
2335,11,2.8301026732104,0.0004059256627350129,7.350701013976472e-05,0.00013067969531023094
2337,8,3.3012854220963535,0.001754594811611622,0.0003113831236574698,0.0003229605573063668
2339,8,1.7312322534354883,0.02347404905002801,0.00828090259457578,0.007473792266033385
2340,8,3.8814165001333736,0.09887321482705695,0.01686655900447783,0.01707817193525077
2341,11,1.830146894492163,0.005876023973601523,0.000860080626252342,0.0007070527642812136
2342,5,1.803415016551495,0.00034193313538624095,5.5903054048714794e-05,6.685787374162995e-05
2343,15,3.0493304681833218,0.056813320754065984,0.01683482441441583,0.014473800295999182
2344,8,3.1532561262481176,0.006170750100886329,0.0010183348619625966,0.0009642713594085224
2345,5,2.5751565692960603,0.0030614047983796985,0.0007324195007416929,0.0006492428510634445
2346,15,1.7220369439101224,0.0009541894624270585,0.0001433538251759143,0.0001112774604356213
2347,5,2.299980289053971,0.0011237541042358424,0.00026481763356767693,0.00023810288670477093
2348,8,3.5317682962649792,0.0013408233432445158,0.0001857314768386916,0.00014684727509210876
2349,5,2.9545499425024127,0.0003657004316167869,8.326751370664573e-05,0.00024373531476595017
2350,15,3.6840685464289806,0.000768200616824921,0.00010175096930429794,8.840137548077253e-05
2352,15,3.6276710561361845,0.07209502853948935,0.020415485514226443,0.015599663630700911
2353,8,3.391371518078142,0.02668444015710802,0.0073338969063613466,0.005844949670762013
2355,8,2.1149342698233617,0.0014671995113507944,0.00014894494245439854,0.00012278880779108676
2356,8,2.6026807060708093,0.00010617701604434594,2.6311249770788327e-05,2.0498337050736346e-05
2357,15,1.6575163654187295,0.0036861748352708576,0.0002426274238738112,0.00025891005567896247
2358,5,2.4841800217008565,0.00071804380189653,3.900199026653747e-05,3.5312220254331677e-05
2359,5,1.6191973325939586,0.14690452503285778,0.02866930771833439,0.02859288210693387
2360,11,2.7382382704013013,0.0001973158537494534,6.792604170137337e-05,5.6887037243496704e-05
2362,11,2.067177892007516,0.00015847380982781753,2.8759176925913902e-05,2.6473921484219776e-05
2363,8,3.942464737916292,0.002051323939325625,0.0007679923086473034,0.0006180150737458006
2364,11,1.9635439165654467,0.005747133722403812,0.00041948623767015943,0.00038435599237517717
2365,5,3.318976533191572,0.0011858168234867047,0.00039576508864256547,0.0010899701571091484
2366,8,2.1790718631948947,0.007813531156613329,0.0016685076550500212,0.0012298802942797662
2367,8,1.9583154127244013,0.00023785990659341356,4.05113928515749e-05,3.657133042414893e-05
2368,15,1.5712569688071314,0.006384338457292942,0.00038900939631180114,0.0003226351147365657
2369,11,3.5163140273932485,0.0017107877268007277,0.00012027570806626126,0.00010412241614484533
2370,8,2.7960391107498834,0.00013660160797508933,2.8460569674217282e-05,3.08529980219695e-05
2371,5,3.120670603038525,0.00974157504837438,0.003346055218101315,0.0030241827214541033
2372,5,2.366414895347403,0.0002157846397540933,4.9033568423565314e-05,4.641744847619212e-05
2373,5,2.126220038547442,0.023086263212319515,0.0038954058569079294,0.0031436339960176155
2374,5,1.9863613887250602,0.0034347830906612687,0.0006049282992006452,0.000563746600894564
2375,15,2.4492220192488316,0.07438636590502584,0.01039128808114468,0.008478222568535292
2376,15,3.419503141896852,0.000322456985121916,5.888848509381594e-05,4.903601159555725e-05
2377,11,2.724880583711557,0.00010553990854350931,2.346399793182101e-05,1.9235749107783926e-05
2379,15,2.347079304248287,0.08508343163003221,0.012210959620084717,0.009534413189953492
2380,15,2.567202009358141,0.00010028555297070036,2.200637172201764e-05,1.8125072852845047e-05
2381,8,3.0910609705835066,0.0008691552500611709,3.060233619423948e-05,2.9357891351373194e-05
2382,11,3.4643577065840065,0.0011709849401022386,7.644043489202557e-05,0.00010706387790591688
2383,5,3.214064255988868,0.008748490871556772,0.0007253557421432022,0.0009094315778803699
2385,5,2.3655505815286593,0.004175401824407938,0.0007180324201658045,0.0006013085086129918
2386,5,2.255673417810592,0.00013497906152433353,6.322501582665502e-06,5.916095797034006e-06
2387,5,3.2114189180576362,0.00020531980430445003,4.662791353780398e-05,4.641524076282001e-05
2388,15,3.7571803625636937,0.002603123215219326,0.0002064797719093283,0.00020139816351591656
2389,8,1.5927940134540064,0.007127920799931167,0.0016542251605220805,0.0016062855846820166
2391,8,3.5987408684609683,0.00013140818382375533,3.76972071450466e-05,3.6770933252963667e-05
2392,15,2.5729513343628074,0.0005456405344273124,8.821750745863433e-05,7.863222691960988e-05
2393,8,3.3856142929552457,0.17436569877557306,0.03470709012381789,0.0294268681311042
2394,8,1.7790048699132386,0.007239178766062349,0.0016513056488226094,0.0013205654195845172
2395,11,2.4727638868200033,0.00309013352028976,0.0004668088064790015,0.0003779044445713824
2398,8,2.033232225302893,0.00017079990383937472,6.386777925852924e-06,8.278861790913175e-06
2399,8,2.651859638476392,0.004033025307500938,0.00028191919760164717,0.00030411619054036105
2401,15,3.6258335271970923,0.0007319447275387867,7.514148245047413e-05,7.348552927094659e-05
2402,8,3.351619139770363,0.14592254559844303,0.02815092516744075,0.04679643267559447
2403,11,3.735925872058818,0.18452727371768085,0.003629308442810934,0.003052201136961059
2404,5,3.5537127843751386,0.27605821431163197,0.06001651719183831,0.047773902701691955
2405,15,2.4302198464028604,0.0007920983150286427,5.4751487557573516e-05,5.132020567712886e-05
2407,8,1.6049211598545663,0.0030899166785439743,0.00020218761594132366,0.0001708928717691524
2409,5,2.8742016194171263,0.0038524424991392475,0.00046796822220587667,0.0004727265842619627
2410,15,1.5771509628282692,0.0010570735674710501,0.00013098784555510092,0.00010498306664154884
2411,8,3.468169567161491,0.002772117616412015,0.0007187041819412812,0.0005947735764626591
2412,5,1.7081327880278696,0.0001331412728628701,1.3268501363050535e-05,1.066611216358643e-05
2413,15,3.848855469095075,0.01819990855031804,0.0019809800304569063,0.0016987920250347316
2414,8,3.430716813472678,0.0014147368922813141,0.0004265455132104352,0.0003199461522361819
2415,11,2.4735018805320985,0.004443461259978499,0.0003490078647928749,0.0003098119507297161
2416,5,1.8464656404678794,0.12633049936674717,0.03502897415018514,0.03323661537440572
2417,15,3.809968285629249,0.0120036926991782,0.0028141747973549408,0.0024478712015528516
2418,5,2.088305444615908,0.0003342192597171769,4.619557727101257e-05,3.900654855519363e-05
2419,11,3.251889449515425,0.00030513151294950274,2.308939910965931e-05,2.0376456006574104e-05
2420,8,2.219529856066934,0.014911097859205986,0.003576647037429879,0.0031260399862615023
2421,8,2.604426325283227,0.12595756927546387,0.014200291054906148,0.015197537718369153
2422,5,3.2171825626388735,0.02846478770660595,0.00807334424127273,0.006865208011319271
2424,15,2.471753852654905,0.005887054276765387,0.0014212561818918393,0.0013232803632727032
2425,11,2.261071780594387,0.006240734660546353,0.00028284045957504547,0.0002464491553212561
2426,15,3.7238014791180816,0.007457196352783323,0.0012307716585214417,0.0011905487119005765
2427,8,3.1252798186970914,0.06969540392078022,0.022352833729025662,0.027404470720527593
2430,8,3.3799247046008736,0.22860110929907757,0.043802562052255384,0.03482614600473937
2431,11,3.84773877115889,0.00019748873659293837,3.627539127147189e-05,2.932966224384728e-05
2434,8,3.1622938751693868,0.008337569081274147,0.0015304193280415057,0.002247695315846656
2435,11,2.8917785206244186,0.0010578465477940869,0.00012251470360547494,0.00014615658755644305
2436,8,3.069393355156947,0.009658710156176732,0.001851980519764364,0.001803895023281638
2437,5,3.2398608841263687,0.00039772108633010693,5.664949682540605e-05,5.0667041773621686e-05
2439,15,1.8636025694879326,0.0002274498503146592,5.123291570040388e-06,4.484133381557061e-06
2440,11,2.8923608392527,0.0040959792936983526,0.0008826299801056624,0.0009291414746108946
2441,15,3.276344386931838,0.07157302645073498,0.014400978080855921,0.011575059982513325
2442,8,3.2680261001798696,0.00013160300061996962,2.0092464712776822e-05,1.754706301951256e-05
2443,5,2.5778896812479095,0.3018053866839568,0.025393211518796976,0.026826098494323606
2444,11,3.10998635748499,0.020483567200654782,0.003764320996865018,0.0036191085028927975
2445,11,3.1610965214741085,0.012154549898596535,0.0014349364538210527,0.001241450606998519
2446,15,3.6869156143703767,0.043574896558293504,0.005732546020007394,0.006187758847011979
2447,15,1.9503824121916467,0.06921107600933829,0.00724796792918328,0.006566010791380789
2448,15,2.810683754366921,0.000822276705215548,4.8395728948753884e-05,4.7093246361660806e-05
2449,5,1.5456003897201023,0.00041765503733399284,0.0001239880986784473,9.821749732731698e-05
2450,8,2.335087089843346,0.0020522118496954693,0.0008736538714793015,0.0006362159129371041
2451,11,2.307004770192306,0.2624791807769283,0.05645293516196774,0.04830187829376974
2452,5,1.8461665287969673,0.0011019147519078063,0.00012081730429723154,0.00010250092785319342
2453,11,2.6983969566761203,0.010303235728135502,0.0012454254031655715,0.0010991251174468696
2454,8,3.304929173911667,0.045200223296038136,0.005749880796027612,0.011140315386619781
2455,11,3.046836144911889,0.17312839674146277,0.04879676072375573,0.03831038738967836
2457,8,2.7251411776312753,0.03709499289499129,0.004516879315983789,0.0033905656911430676
2458,5,1.7465185939203638,0.19760066507662144,0.012834942013074072,0.01088875450375555
2459,5,1.6325787997725802,0.03257198179553624,0.00788730817388688,0.0064046123484963685
2460,5,2.3183843855767114,0.0001227070174201747,1.714678059116434e-05,1.4019818711658709e-05
2461,5,3.25785391263172,0.051503693578507606,0.020959472300203424,0.020031595597270954
2462,11,2.0575776521559708,0.0002150244761691164,4.1492397262519486e-05,3.896173301169572e-05
2463,5,3.6778052157222154,0.002079723355619618,0.000734561343038554,0.0008189293859868446
2464,5,3.7340313898015083,0.0011081235019836319,0.0004898859952303283,0.0004810418761065855
2465,11,3.646009211643015,0.2608409954163183,0.058727725230193914,0.05660903644880025
2466,5,3.2055180698658896,0.07923534367472959,0.014703453363026978,0.01170952347704667
2467,8,2.960343239964382,0.045282772986232483,0.009725774922577504,0.011995805800388653
2468,11,2.2350401847250767,0.00027146350119828437,3.619703135035217e-05,2.8262936050997274e-05
2469,15,3.611833235699083,0.19078812021111943,0.011271236967108638,0.015388511373365879
2470,8,3.9203891154266697,0.006373373526510928,0.0019364756961554822,0.0017637626847513506
2471,11,3.8767420963445955,0.003407077684043939,0.0007875142075426458,0.0006577086992893072
2472,5,2.846085985030894,0.0013776448464897046,0.0004739880736228212,0.000370012887658152
2474,11,2.8907095459259593,0.023849017976593993,0.003311604449213305,0.002925521181642266
2475,11,1.5924207999678186,0.0002327487190572246,3.9862269036065404e-05,4.0641033530878404e-05
2476,8,3.678168345915716,0.0023051512780571715,0.0009159238628797606,0.0010288632054031288
2477,8,3.544688574184802,0.0012179766125009325,0.00041268283798019277,0.00045030020112693135
2478,15,2.78312826559755,0.02618133092273879,0.008584886048593223,0.007361547672654664
2479,8,3.20934549120288,0.010617806846456333,0.0034855717557127353,0.0029277518845597338
2480,8,3.1468671491740894,0.13606287687860344,0.012881718437079293,0.011150216192567734
2481,5,3.5419816728947824,0.015377250971701704,0.006966729667782543,0.008468837524214196
2482,11,1.7379849630385835,0.00023496944749949622,3.88634419049587e-05,3.14071145684208e-05
2483,15,2.011883509314091,0.011308095648508308,0.0013639368613342492,0.001063686329796891
2485,5,2.2403788088836585,0.014064132304612566,0.00211241806855465,0.0023044310400221566
2486,15,2.175258921237849,0.00038533060679164197,3.0512050964701204e-05,2.9275251080042005e-05
2487,15,2.742088735885708,0.000324227391981538,6.104799759824568e-05,6.494603971202251e-05
2488,8,2.8632521697468665,0.0036869330899634034,0.00025877153849022266,0.00022167795151053083
2490,8,3.4746158544147607,0.0036286746550574403,0.0008224980525022887,0.0019512979074157804
2491,11,3.0749532699124345,0.000705381695724731,5.8078554437067047e-05,5.385375219172212e-05
2492,15,3.4356133203968224,0.00027971075272263744,4.701445050860074e-05,3.618945260671393e-05
2493,5,1.551869690282382,0.002266367385845434,0.0003624007408940053,0.0003218867965343844
2494,15,2.3174604948034214,0.0008071790026314069,1.665282084130209e-05,1.534814382258242e-05
2495,15,1.827143948065574,0.006546055179387758,0.000626152478507636,0.000496080604195458
2496,8,2.1678604131755925,0.01044084253429475,0.0007524604361737644,0.0006418897774057608
2497,11,2.9244979268962883,0.0019079389384950604,0.00036700830910044917,0.000666870423082539
2498,8,3.0479814797240508,0.00048695853394326873,7.735173760310378e-05,8.066782876241042e-05
2499,11,2.389363320397194,0.0028731724894495926,0.00039367097060988765,0.0003102488671176764
2502,8,3.9804505522649705,0.007338639155644335,0.0012492061899149825,0.0012120526654323038
2504,5,3.727812125165381,0.00015945024620490718,6.301724356392029e-05,5.697139172006352e-05
2505,11,1.8388495123487254,0.00014386152631880477,1.552343515817381e-05,1.2281086620562451e-05
2506,5,3.133417757869301,0.0016208158924619633,0.000569650700125361,0.0006054718187072291
2507,5,3.4881768654069463,0.017838212097038637,0.006922360467390082,0.005801530705722518
2509,8,2.1707987671550315,0.05687554858531498,0.022557696940485428,0.019376484536081526
2510,11,3.3696087031057678,0.019332145841328686,0.0015127926458309532,0.0016929851700948162
2513,8,2.7251918641531843,0.00013943809501347439,1.6770035814913627e-05,1.2712661487885891e-05
2515,8,2.3045199742937554,0.0020011924924277177,0.0002828292425733996,0.00030649899915545774
2516,11,2.2044045328134336,0.00024269328173566005,7.24217627832621e-05,5.455676944993701e-05
2517,15,2.5399070668939467,0.007548758717685713,0.0013721100778040364,0.0011560652915979183
2518,15,3.669643207549012,0.030891055936731922,0.006079182950629783,0.006635603210726938
2519,11,3.435632262310643,0.015608315649276183,0.0019768227384810684,0.0015259784747809187
2520,8,1.84466734829096,0.007240240697649515,0.0008609262892525489,0.000796083210899128
2521,8,3.2753649562940117,0.0027279312053765,0.000450500492059616,0.00044811982149693517
2522,8,3.2042607462459376,0.0018971185652182964,0.0005840652874344134,0.0006122427417243252
2523,15,2.729982697339026,0.01746198159584814,0.0020111786889381506,0.0017896979154340758
2524,15,3.6773076628154744,0.006673676769897201,0.0006225400742785492,0.0008104292287171229
2526,8,3.935872539888818,0.00035234118191848336,4.416731401832633e-05,3.706499569098924e-05
2527,5,1.8191567690303796,0.01276586272663487,0.0018172317219742552,0.0014671704237824983
2528,15,3.26958899669558,0.002736743232497105,0.0002490169765071739,0.00024866015941054915
2529,5,3.7217965910386432,0.00011540752190580228,3.8951434511107664e-05,4.568968697993305e-05
2531,15,2.3880982153210195,0.00039712745302059044,4.292501223839468e-05,4.5617666343836364e-05
2532,5,3.982231542776682,0.06965136043092901,0.025187761199623737,0.023693689455553266
2533,8,3.1310214800754745,0.0002345461549798917,5.7881511140206594e-05,4.512547743838554e-05
2534,8,3.256708734444827,0.20088204618607775,0.044972607248244104,0.0429056134209693
2535,5,1.6202656064033982,0.04610871456547276,0.005290572559072457,0.004864278308885179
2536,8,1.5640176108500499,0.02619700883922372,0.005012352975840044,0.004827077953983581
2537,15,2.6180782838977374,0.001661475443740294,8.3300890160409e-05,7.560723545551885e-05
2538,15,3.7519463664090473,0.0001697968838926647,2.965873594087667e-05,2.41378343989514e-05
2539,8,1.9775885763146164,0.0005273003251116124,3.330145146097107e-05,3.3228032552810193e-05
2540,5,3.932824778421909,0.13962007239711913,0.026843319173891014,0.05372009672092812
2541,11,1.8760918381591911,0.00013315348259320032,8.793723175209681e-06,1.3678137723873281e-05
2542,8,3.4938926060059785,0.014022293864321966,0.005790477359877784,0.006791547798684445
2543,15,1.545400403672584,0.0011019486261471818,7.437138783410767e-05,7.469760801443805e-05
2544,15,2.1582933959271036,0.0031806801454428812,0.0006684540859937352,0.0006171231088117053
2545,8,2.442956142129447,0.008279590142150394,0.002422052357246033,0.0020602291440122936
2547,15,3.424420327268373,0.0023827430584734692,0.0007090489702668607,0.0005586229258268857
2548,5,1.9508699022861222,0.0053306192493435284,0.00107474194584965,0.000919285933285897
2549,5,2.11710843037135,0.06275301325530999,0.011889394981978805,0.01433664012057817
2550,15,3.339800801638694,0.000191150066113677,5.3612124375276396e-05,6.116395966519898e-05
2551,5,1.5132817935813936,0.1668353830122701,0.03986839638609625,0.036833345063590414
2552,8,2.19379201545307,0.011875425027117791,0.001190274514127491,0.001073855074047472
2553,11,1.8600611947180108,0.011518123409296107,0.0010510241667229707,0.0011110033558681357
2555,15,3.6319296764639937,0.020184605058014587,0.001247933795813362,0.0013417168536962367
2556,5,1.7173425806736748,0.022780460836713774,0.004240596859854727,0.003797148745301994
2557,8,1.6366179759158261,0.00015157713293270953,1.1300622092973536e-05,1.1864210192363826e-05
2558,8,3.2331531138914897,0.10462633428136037,0.019322573008277322,0.017930161486708677
2559,11,3.652772657467888,0.010429488663244864,0.003110380973761917,0.002546240744919136
2560,11,2.400740499915598,0.001148448012099688,0.00014513792072475383,0.0001320220173028816
2561,5,3.2685358560693745,0.0009216689266670043,0.00012021560642734564,9.798166566316921e-05
2562,15,3.90566797149265,0.019026517427747365,0.0027260192847960527,0.0031169571258387726
2563,11,3.2014859259693047,0.003996932749000923,0.00042911675472790637,0.00036735186638076897
2564,15,1.7841601090782362,0.027956999426092914,0.002393938963737647,0.002140377005100941
2565,5,2.3311758476570787,0.008108286569410506,0.002207965114309789,0.0021115275319689123
2568,15,2.3715158722885414,0.0012132729428931122,0.00014651894523533038,0.00011637833975696642
2569,15,2.3827502373241485,0.008688548891735766,0.0004150235880906509,0.0004662539292075972
2570,5,3.2510998126574275,0.0007299751678423445,0.00013945511310212502,0.00018837818082605756
2571,11,1.511070024902147,0.0009346903185356463,6.433656421192489e-05,6.763334779507561e-05
2572,5,3.9492594941650876,0.004174031059105186,0.0009417067654939097,0.0008467045970010645
2573,11,3.7376730332849095,0.0001861690719490723,4.446307279941961e-05,3.8409995916366815e-05
2574,11,2.249930263042488,0.029614054794025756,0.005551729213371767,0.004498139247899715
2575,5,3.4561051245243144,0.0018337905797167686,0.0005221433182712386,0.00040853621040628433
2576,5,3.1580352171859696,0.07811757171510147,0.019492196233483194,0.014798347279329776
2577,11,2.844606873157228,0.004192562859801552,0.0005883110996417584,0.0009815413477989169
2578,5,2.6860351679020127,0.00028980462157564616,2.2229793565225983e-05,1.829337055332821e-05
2579,8,1.5922384826554552,0.24404395440199728,0.02355341870026737,0.03454655862398436
2580,5,3.055270083136879,0.08822931894499397,0.00917644545303889,0.007701964354579621
2581,15,2.40461947445225,0.02720654317248379,0.0031742923323278887,0.0026546072708410243
2582,8,1.8482217699981838,0.09076191685859611,0.006992171841599964,0.006146171671491541
2583,11,2.5480365694072793,0.0011226299513962602,0.00012711139908204845,0.00011878641258628977
2584,8,3.7973376050232157,0.0006735867661361475,0.0001136322395017698,0.00011181352984455634
2585,8,1.894269193134737,0.05381440423814467,0.0029042131567512167,0.0025800929049002433
2586,5,1.9160986715758188,0.30133486438881096,0.01456095845058019,0.013094465465838017
2587,5,3.6741870174008477,0.0007432267904245828,0.00016496605678492779,0.0002405841883260333
2588,11,2.4023415247602653,0.019516150309414598,0.005010765819158111,0.004018865342825522
2589,11,3.2087175282289224,0.0074285153441328595,0.0019373331056812557,0.0015637835358211568
2590,5,1.5906881974184481,0.007728533710126717,0.0020575081920543954,0.0025047531637376564
2592,8,2.4024867011708357,0.12493002154674465,0.011452238083413932,0.010901969129103026
2593,15,3.918060880869422,0.0011114262222298142,0.0001149612365054082,9.681293553419301e-05
2595,8,2.6647464817316564,0.0003059355930253602,9.268267440515038e-05,7.182208712329556e-05
2596,11,1.9654961685567385,0.028689609454256013,0.0027149278683965064,0.00232265844542619
2597,5,2.735170484810522,0.01754343858253351,0.002451021710722226,0.00202740137045348
2598,5,2.6076639533666315,0.0001502999083291518,3.389992109994015e-05,2.7565409481419287e-05
2599,11,3.92579115475344,0.00047694472886012935,0.00010526827301257392,9.015909472868704e-05
2600,8,3.902118822940262,0.00012125261527040953,2.8544121050656603e-05,4.2268025484347694e-05
2601,11,2.3370734331615544,0.0001535566013801901,2.0551279665209034e-05,1.6502431661940905e-05
2602,5,1.6455286182344337,0.10000024561944759,0.013573681237114344,0.01218079294776842
2603,8,1.7458809422538049,0.0004849363522430693,3.139366945164604e-05,2.6704461384470733e-05
2604,8,2.6408947540025114,0.005063583940489253,0.0004666440508575342,0.0004208478882409384
2605,8,2.144044422214619,0.0009223018814502599,0.00010456117101812119,9.242930528545641e-05
2606,8,3.6034743596203205,0.0006202084693802133,7.82664814213586e-05,0.00010656680603944382
2607,15,1.8986788308881515,0.07263557284810977,0.010439666464242686,0.00904800240333481
2608,8,1.5904124320741253,0.1375610736550496,0.0383368336924496,0.029470801883273588
2609,11,1.5595891290290709,0.0021302299695710966,0.00028014817063201007,0.00021622619584359766
2610,11,1.756686365614841,0.0001479046880743601,1.492127392218347e-05,1.8515552982097892e-05
2611,5,2.9570166830123985,0.0006648514343234289,0.00015412785760978814,0.00012372899744309213
2612,15,2.597196886071134,0.0014625077821231606,0.00018435295209980092,0.0002396543392922114
2613,15,3.8183379958608734,0.0002124805808286069,4.908580564148051e-05,5.531791473577741e-05
2614,8,1.7836270287774623,0.06072660708610324,0.004621023370368805,0.003974542665480296
2617,11,2.4218635809104136,0.020557103699878346,0.005151067027818151,0.00445539122500175
2618,11,2.4905478839836555,0.003358605089714935,0.0003616903878422673,0.00032509345566166084
2619,11,3.984819776982801,0.0015356195930501517,0.00037562219704329736,0.00031706132780555694
2620,11,3.222995557798356,0.08705934330867135,0.018735863074795182,0.01624259443143734
2621,11,3.5258409184979485,0.011658352641865329,0.0028468803504884408,0.002454727255116625
2622,11,1.7700292983023456,0.04874471657184518,0.0034045012070690554,0.00308879839382063
2623,5,2.7460771740795176,0.0005970269624446366,0.0001382783009718025,0.00015228595422647425
2627,8,2.4459786878239274,0.00031203402846948766,3.457898007794875e-05,3.048466452221535e-05
2628,15,2.4920933944879726,0.00019923835497943993,2.2003345530209018e-05,1.7831638391180833e-05
2629,5,1.7369094384350134,0.0007638346456057295,7.178527809370956e-05,6.96590574430134e-05
2630,15,1.9889302267879736,0.024910999656325882,0.0007460967750389646,0.0007137170523561075
2631,8,3.6872838579769693,0.00017866703942052848,4.56840904787101e-05,4.828160297765325e-05
2632,11,1.7822474789695593,0.00043785008195427815,3.450678672108884e-05,3.3078315545687884e-05
2633,5,2.4438240450203246,0.005051474794106543,0.0018019858577784623,0.0021204918502782276
2634,8,2.880136649636416,0.0025327954872528774,0.0003572120867405656,0.00031061270946042215
2635,15,2.1555979957277396,0.05420573423419885,0.007221037822948818,0.006187837153457644
2636,11,2.1755366450073486,0.1298178368970586,0.008049547095973782,0.006481773025944703
2637,15,3.1499280391131697,0.00015057804480760623,2.125432772596128e-05,1.8076319174393503e-05
2638,8,3.557503029291033,0.00010802000473723122,2.127159803812875e-05,1.8602381005954795e-05
2639,5,3.716981509823413,0.0014906194207271854,0.0005140083981088151,0.0004625139415527091
2640,11,2.154220012500453,0.0001247056650858324,1.3621112247769004e-05,1.1812501279787693e-05
2641,15,1.576785364091469,0.04354622365934856,0.0013901816202985637,0.0011690217904229787
2642,15,3.3663644802246173,0.00031591306540315264,5.608565281767256e-05,4.399977979114632e-05
2643,5,2.413194289099754,0.11527143390995027,0.03889525732510689,0.031702406205762264
2644,11,2.601152714280677,0.16266900183025343,0.01903932811573825,0.02318384694771067
2645,5,3.0341277128157724,0.0005790979436087908,0.0001303930724795652,0.00016296862479685189
2648,15,3.1427264248354096,0.0025736439163602434,0.00030994747695989577,0.00029582346260404537
2650,8,1.968624928890386,0.001340064147406784,0.00012830354855228727,0.000104734133725151
2652,5,3.5023381376377607,0.0014800152900320447,0.0004087405324987711,0.0005530716241440339
2653,5,2.553656853740842,0.0003229746347686888,5.94442377513987e-05,5.648463461023947e-05
2654,8,1.9960404407547603,0.00908756419473019,0.00281048043544313,0.0020840037740269502
2655,15,3.2766011151334657,0.00037383407277803525,9.971119475905163e-05,8.916620278233729e-05
2656,5,1.833294858115258,0.25683568538328505,0.10065607168715641,0.09227702542985315
2657,11,3.3078458519205474,0.004971851942368554,0.002120607630205911,0.0016077799708769454
2660,11,3.9292004069072592,0.004071615783214577,0.0008150329859141528,0.0007461086550558622
2661,5,1.5766763883403825,0.0005817315968504524,0.00011099299283243444,0.00013865813378439377
2662,5,2.261877433162052,0.015139339001672693,0.005521394735968651,0.004167699035737016
2663,5,3.5781526239618575,0.05813215306750834,0.004960587897120481,0.004907698410842094
2664,8,1.9056614046972207,0.08045724643808906,0.005019078129598131,0.004278142762454825
2665,5,2.03349214713837,0.0015240190469569133,0.00014907765680681633,0.00016759090418199472
2666,11,2.669659378831994,0.006404615963923444,0.0007412875878353005,0.000686863168741864
2667,8,2.4342929801345696,0.00047069201969830466,6.681806112426034e-05,5.0417682649281506e-05
2668,5,1.8928413102329826,0.0011768990150400555,0.00021810491140730157,0.0001745205178247057
2669,11,3.4877079198044467,0.11102099823434584,0.01415870919485878,0.029333392699669843
2670,5,2.6498299322631915,0.0068112600596501914,0.0012382738354905394,0.0010703104000495517
2673,11,1.8880288973117483,0.0001286839785773856,4.986681201632695e-06,4.679590090021614e-06
2674,8,3.1944701047248643,0.1589178288419647,0.0305079007217351,0.02658392334510124
2675,11,3.748161116233087,0.006142202229395425,0.0011056775874191168,0.0013364605373622337
2676,5,3.2577644741651626,0.08328071125326535,0.025807672496098853,0.04082765822072933
2678,5,3.673351542080169,0.04362712806212433,0.010658945410221629,0.015575070985424993
2679,8,3.288438906638944,0.0023463043010592583,0.000814892893451242,0.00089839236880229
2680,8,1.9054357795718133,0.00010460809176687911,1.064064067202514e-05,1.9444821446403502e-05
2681,11,1.7065345009750508,0.0034338312477672937,0.00021214206312399674,0.00021314796613442153
2682,5,3.2588931426407663,0.07187428722467425,0.005557395621216651,0.004882069926404417
2683,11,2.730363234406427,0.005891417824985348,0.001138721701503911,0.001217022239703317
2684,11,2.363944252717537,0.0005262802136680026,2.652199518451227e-05,2.1922690017034258e-05
2685,8,2.3886616571900614,0.002125990521534586,0.0002575488482965227,0.0002251803740265356
2686,5,1.798775512708116,0.08068329425969427,0.021414142464833676,0.018609158359486268
2687,15,3.07644498404493,0.0001872314902652372,3.7341997883647086e-05,3.028884240738179e-05
2688,8,1.7135853593737709,0.00019334274114524003,2.5309030000385213e-05,2.0700961278549218e-05
2689,15,2.437514058711901,0.0033106940749695357,0.00048236375069434027,0.00040279146854252287
2690,8,2.253744162552668,0.0009028615926250118,0.00014265618066952286,0.00016670050736536024
2691,11,3.287708616331619,0.05419805335454965,0.0015670572745353157,0.0017280461650117554
2692,15,3.029249331160454,0.02667443093305971,0.00600502801468966,0.004697590125340236
2693,11,2.3850789265780574,0.015129678311977817,0.002495590903066179,0.0021021476015777576
2694,5,3.4525000242641326,0.0006467115978004442,8.531834591406212e-05,0.00014711442270105794
2695,15,1.6496258278200941,0.016569336879429502,0.0005864991552065476,0.001027342449944619
2696,8,3.7737112743115246,0.07795726301808148,0.01744298692300395,0.016778752657835325
2697,8,2.7580104924947304,0.033115484518098,0.003146122236479391,0.002611952666986123
2698,8,3.4230064854591076,0.022572080062537546,0.004514760725681466,0.00383532384497963
2699,11,2.370921703795604,0.0007463994855868035,8.728176855475215e-05,0.0001103726410638137
2700,11,2.467312675400505,0.0005135009895740921,2.8231841496297517e-05,2.3353396667988334e-05
2701,8,1.8579929994671815,0.00012712531800561805,2.5490423447473203e-05,2.443081838807567e-05
2702,5,3.6660755725870153,0.000848335902824806,0.00016810184010363004,0.0002077460247341759
2704,5,2.7534205483838803,0.0020623393077706833,0.0002811500035505423,0.0002848439603472024
2705,11,3.713697383370823,0.10477064682748981,0.006377938377382273,0.005228776181866869
2707,8,2.4965062313718107,0.00010368726738243488,1.3401469753239099e-05,1.1051302742194665e-05
2708,15,3.964630409096201,0.0015251056548419792,0.000182063633004426,0.00016390918027736184
2709,15,3.347910843285037,0.009313889232362697,0.0011283932400107592,0.0009144852352248353
2710,8,3.5554273719485576,0.10836892867028652,0.015772642223562502,0.011890555257333298
2711,8,2.7434940950472146,0.28629061010522805,0.045494352714535766,0.048521219278965175
2712,11,1.7213414147224448,0.013836983603594585,0.003973645656215432,0.003085856908737197
2713,8,2.33353395766629,0.0007881781127312788,9.158223115825976e-05,7.911393038774085e-05
2715,5,2.6450352732498796,0.007503715844934598,0.0006714922678232371,0.0005474282125690241
2716,5,3.197332152436091,0.013187776193053868,0.0022062584769829297,0.001860831899437041
2717,11,2.6131742216739435,0.040666509142615666,0.003982122616272177,0.0047889887077957796
2718,8,3.3108834580119066,0.042935794987103246,0.008033311696802853,0.006622311865988533
2719,15,1.6740993942642077,0.07413850802448631,0.0013647585102391207,0.0014576986160786678
2720,15,1.9305454269969635,0.07380184538386837,0.0023496613246355913,0.0019893553458635166
2721,5,2.064013838666277,0.004195914509867769,0.0011619892435040225,0.0008995722405473202
2722,15,1.8808465300695865,0.05892683724679315,0.005028160225042024,0.006303458547716195
2723,15,2.4224178937063803,0.0001257740619636948,7.946375792042436e-06,7.177655660568418e-06
2724,15,2.49374545934176,0.0001749678734220226,2.2644029549064498e-05,1.7994417998847484e-05
2726,5,2.2436883196936828,0.03053097961418083,0.003803376140698567,0.006902736301526872
2727,11,2.9943523578142432,0.004120001112803608,0.00031672382505573574,0.0003184270325248537
2728,15,2.7150529243707555,0.045871083434547454,0.005711462196443609,0.004611530992177392
2729,15,3.8424973013087813,0.003293690580304436,0.0004390990835018058,0.0006459863589926578
2731,8,3.3337710450484885,0.01165725708083737,0.0009227898740906554,0.0010326413867702104
2734,15,1.7594140342831694,0.00032096215596315325,2.3106349715558892e-05,2.891632181613624e-05
2735,15,2.464673640873341,0.000739785608264852,5.254782223490084e-05,5.070528590951043e-05
2736,11,2.080483333213189,0.0014901452015422987,0.00018684533370080965,0.0001409517222612744
2737,5,1.8770505344952482,0.0003524646720329409,3.7963867852845966e-05,3.0049904009506152e-05
2738,11,1.991731618177873,0.005323947694398312,0.000422192191792397,0.000341465835549302
2739,5,1.590431114546987,0.06816533275498528,0.0027336094409741067,0.0025793248016761027
2740,11,2.1711637232938665,0.003937716427175112,0.00045382987177926856,0.000734903319747737
2741,5,3.9736906838979196,0.0003752630428875708,0.00016761782348369985,0.000127121879538406
2743,15,2.528229914590297,0.040036926082666006,0.00919091379547894,0.007583610771922816
2744,8,3.325549035035983,0.0009440725246713522,0.00038492519344659207,0.000308968583001074
2745,5,1.6317007898378457,0.0006981168518722375,0.0001927474652236714,0.00015898436457598025
2746,8,3.1337973053050323,0.0006944917093977056,0.00019598796547885304,0.0005222381567814154
2748,8,2.872228764722033,0.0005282665442672699,9.02767270796955e-05,7.130699973408551e-05
2749,8,2.4487190274513164,0.001467193723694972,0.00032935565559934183,0.0002446131793568702
2750,5,2.1559104021836424,0.014245134531825415,0.0036213625435220567,0.0030141424539553274
2751,5,2.216262331036699,0.001115472891807153,8.630328661407627e-05,9.384560297236704e-05
2752,8,2.947569720048305,0.007787076225203499,0.0008591567276702314,0.0008059734329042314
2753,5,3.1401850790316703,0.0012605896300074023,0.00017441239332676844,0.00014782953624085094
2754,8,2.8023443729120694,0.1060810593671069,0.03282773102776989,0.03165443046741828
2756,11,3.4932202402580916,0.00016046027937582544,2.5809900265788644e-05,2.3545495085120445e-05
2757,5,2.6396367568339634,0.14463686415231022,0.0031194760106004237,0.002709623969852166
2758,8,3.5332214619597426,0.02554967445577489,0.002382971604518447,0.003184747147963564
2759,5,1.7252359977323106,0.0001929150399973616,1.0781971729073213e-05,1.0127196789610716e-05
2760,15,1.6190074216168182,0.0008231206086702155,0.00010432743692470194,8.915557103738319e-05
2761,15,3.6761009826727125,0.007030947354378314,0.0012315462206116613,0.00101828352315067
2763,5,2.7785648034546435,0.2795543073767813,0.024346540130214603,0.029815904621784555
2764,8,2.5759278989838537,0.00024425977287476574,7.61115901908239e-05,9.189390251623663e-05
2765,15,3.5936177735581794,0.0009938841307774273,0.00021432353037461346,0.00019823043605525883
2766,11,3.543488681506871,0.00010407378995016479,3.393216247972488e-05,2.7786139727815796e-05
2768,5,1.8348374076622727,0.002312512783780817,0.00010681523328657857,0.00012405654880689768
2769,5,2.660650401715965,0.00035680569810967583,0.00012083823034215926,0.00013296517944484608
2771,5,2.2597363809713373,0.0204696806863176,0.0001632322295780692,0.00017148561761192826
2772,11,2.693760475228639,0.00010317386052870707,1.6533720180317867e-05,1.4209959371507477e-05
2773,5,2.6217470836981094,0.04386587125123289,0.012330245981725,0.009842959647494345
2774,5,2.718322407182568,0.00021635577151560235,7.687115711455691e-05,8.127916961968778e-05
2775,11,2.4026258492970114,0.00020533124429022995,4.4495002392531614e-05,4.361436836939963e-05
2776,5,3.6414400997769945,0.11326230412473125,0.01705261061401143,0.014402673687186297
2777,15,2.5513745815309594,0.04296346820910371,0.0031521207792929106,0.0030208489176195364
2778,11,2.8023366038563964,0.04922087813896968,0.008208316084841946,0.007539754041676212
2779,5,1.913154448704035,0.00012265107064036903,1.887794498967835e-05,1.5480218814828155e-05
2780,5,2.99911549759804,0.00022719922401923302,7.358126874386608e-07,6.729880673981789e-07
2781,5,2.352208437819733,0.002739097268469071,0.0003977433354324468,0.00037214288379577534
2782,8,2.252435737564472,0.15317428805471442,0.024562656991663247,0.02337164000907093
2783,15,2.437260030307473,0.0001146929883445484,1.8047356291911168e-05,1.3841852583626703e-05
2784,8,2.0928074225666284,0.0004957791995237696,7.119366325896413e-05,6.0271093878083285e-05
2786,11,1.6259623570635846,0.03121652434241321,0.004171901236166196,0.0033518212795357323
2787,5,3.5805708181039435,0.0004936302736315663,0.00020755078033110204,0.00016294597230545672
2788,15,3.2574521904499996,0.026508488588297716,0.002673755098135549,0.0027438096088692847
2789,15,2.9966180342412607,0.0037480976594601923,0.0009613310510238543,0.0007211612741748308
2790,8,1.77805102968515,0.0007283359804391647,3.262041691394194e-05,3.073401713181833e-05
2791,5,3.287697580843384,0.0002819241847638767,3.124211957254891e-05,2.5877746540622977e-05
2792,15,3.2878825343966507,0.0003378168176018058,6.057197397723703e-05,6.357733616974531e-05
2793,11,2.9483244211220088,0.003464925999792378,0.0003499834682088738,0.00029030509086059057
2794,5,1.7374874546566532,0.004137772204381795,0.00019395310429582034,0.0001651530488995478
2795,5,2.2022526505457027,0.06903020890314747,0.00205901144061059,0.001675562321017495
2796,5,2.178476896439653,0.11812322630263788,0.038399939480167636,0.03140403501465006
2798,5,2.408746894393926,0.03319448458815513,0.012168357784708997,0.009960086329988134
2799,5,2.2552770691102113,0.07827726762632345,0.011744230395608984,0.012293410026817402
2800,15,3.7838598970524617,0.009138507213405495,0.0025104779302218094,0.002296021801219433
2802,15,3.108260471551027,0.0026316578786709146,0.00040590651948578814,0.0003328346000776676
2803,15,3.80804980634591,0.0002476821306073355,2.0382236578206348e-05,1.9911410872447498e-05
2804,11,2.0047056944255375,0.0032366062929004872,0.000336812314373166,0.00031481362639794685
2805,8,2.3978781875711617,0.00075352658037484,0.0001132392986363494,0.00010728952382068547
2806,5,3.362549137347805,0.006625186408513741,0.0012798402227408015,0.0018498283652848592
2807,8,1.530736920565209,0.0001849896772521979,7.5124777610883716e-06,1.3652565849581447e-05
2808,8,1.8854266457658253,0.00028829276200812175,2.9837437080076904e-05,2.473817475833788e-05
2809,11,1.6135641292762282,0.0008716917220735935,3.641938855693746e-05,3.763465089754244e-05
2810,11,3.8461090822622244,0.02257018811013819,0.0037446991799785704,0.003303572494331041
2811,11,3.5287036960738103,0.31520582897289307,0.10006499935465707,0.08854400072546321
2812,8,1.9317524528005068,0.012041368262131483,0.00125190718970827,0.001075718851158945
2813,8,1.5333104597792824,0.0007654500631268948,5.369679554445804e-05,7.783350750285124e-05
2814,11,2.5538956993845776,0.0002496588621448853,4.078550631831718e-05,3.2030699824222894e-05
2816,15,3.9543946591017334,0.06018679666145652,0.013296983184771747,0.012706254556096584
2817,5,2.2370943609662577,0.2693749837327193,0.0847602853501095,0.06937121736273542
2818,15,1.6720137075140526,0.035908239631273854,0.0028644504566179433,0.002322217408003484
2819,5,3.881590365408284,0.07727312397249336,0.019306678040744492,0.016941837676165365
2820,11,2.572973689355401,0.00018931238534426617,1.0871050307249927e-05,1.7708499988197038e-05
2821,8,3.3708496204804264,0.0009210530268270471,8.228851121830732e-05,8.202829264077661e-05
2823,11,2.462915373335114,0.01689960133265529,0.0030541485251269237,0.0034838622180190554
2824,11,2.729811251712945,0.0010682893344760398,0.00011743851489969269,0.00014638932789665828
2825,8,3.776145597682332,0.011273158029682146,0.0042499566753807436,0.0035564929329597594
2826,15,3.0081590878045166,0.00010121330990929848,2.7599524375410757e-05,2.6208979455415462e-05
2827,11,3.651361799936376,0.01013689781306322,0.0009590824976806185,0.0008641859456345106
2828,8,3.7937112017728216,0.0004407145813148691,0.00015751165619685173,0.00017228855012188358
2829,5,1.725123177662816,0.04234371189565179,0.0042336301266632246,0.003910877984083191
2830,11,1.9774717637371761,0.0966815513779446,0.004828053872177792,0.0038217265159178697
2831,11,2.22583347830484,0.016266575594356264,0.0017860067781993788,0.0016189075860153245
2832,8,3.2747335670373223,0.014777323297152032,0.0026101769011438783,0.002778392515112859
2833,8,2.088025438582339,0.00024268927784881704,3.233013478140188e-05,6.864265917736152e-05
2834,5,2.5457524216393996,0.002657042422497327,0.00032921726650645626,0.00030340673032813026
2835,11,2.2077738264833466,0.0005022084700048609,0.00012326300860315896,0.00013611107863852848
2836,5,3.3896559923828624,0.0016132605963976214,0.0005793499840302562,0.0005032418069122613
2837,15,2.9104516868885937,0.00587393976488112,0.00045571859788707435,0.0004220700803935519
2838,11,3.4779477720605407,0.05586634927433151,0.007669517873656265,0.006324788391149533
2839,11,3.9566585339656895,0.0011990943786632042,0.00043956683896577436,0.0004390186917581685
2840,8,3.786797660477568,0.0008403536672673046,9.836341538048155e-05,8.788558159709342e-05
2841,5,3.1808705723315267,0.03733975894780819,0.012083889027659972,0.008877274687061355
2842,11,2.9890756578576827,0.022780350649882486,0.0022327272494081247,0.0023428842390331977
2843,5,2.175282378408517,0.009536181720268922,0.0013476552474856217,0.0016134428355630915
2844,15,2.00009645059719,0.0017973939754627204,6.104282170661131e-05,5.581988936885934e-05
2845,11,2.450010264586945,0.003053477738164023,0.0003601848232096976,0.0004079130181531917
2846,8,2.6330452203703705,0.007320529174257572,0.0012405533117452385,0.001151034335185341
2847,11,2.9426423736152225,0.12320254081206582,0.009185993054157886,0.013428737613115943
2848,5,3.302114099993071,0.0005900350983403367,0.0001705793658241421,0.00013221598801620217
2849,5,2.9435590991274703,0.0003402033663322305,3.982851664017503e-05,3.210183459975219e-05
2850,8,1.8953397607067557,0.00031859211079724776,3.319869455590047e-05,2.6830760670540373e-05
2852,11,2.745890029979317,0.019273258265716745,0.004567082458266045,0.005126588995316195
2853,5,2.8620236391501517,0.09013001802199827,0.006032045529511691,0.006650015690846576
2854,11,3.250018593327877,0.018241465496726204,0.006750544979294131,0.005856915741379433
2855,15,3.2420666622486465,0.0015387404198595655,0.00029756389055365327,0.00031606722377544024
2856,5,1.7804877166362465,0.00037448676087201816,9.17790374414006e-05,7.572952904599304e-05
2857,11,2.739967338709664,0.002328021258624503,0.0003079468041616608,0.00024249772134425082
2858,15,1.9347296424865121,0.008429290190057774,0.0008533423310522469,0.0007429742159228207
2859,5,2.891854903305517,0.0005554868524291682,6.992153849748759e-05,6.036290298178513e-05
2860,8,3.7458392134279124,0.0033876399384129086,0.0011504225280505602,0.0009035988224309053
2861,8,2.0245618155040295,0.28932405637890407,0.07068737420403151,0.05445462497660854
2862,5,3.4856337431731235,0.0004031610097576107,0.0001260811778500634,9.114991452608734e-05
2863,11,2.3304626158365074,0.00026255273537031205,5.3919023782327205e-05,4.120072652641898e-05
2864,8,3.1026884829922614,0.00011031336677267923,1.9105886284910473e-05,1.7976175992329192e-05
2865,15,2.7875123217606346,0.07375582357316086,0.01021484691384933,0.00853008768959237
2866,11,2.5738244127682925,0.007388523964088025,0.0009444977808482756,0.0008648296227251578
2867,8,3.511993728405143,0.05898713632981443,0.005276993813847776,0.005470980860247771
2868,8,1.886049847817769,0.0002486878935627902,3.0115569933064236e-05,2.4550591512540667e-05
2869,8,3.404849596556097,0.00017763645886402588,5.441202488363735e-05,6.026180156738398e-05
2871,5,3.3356350395177583,0.000283390867435525,6.302899721807073e-05,5.5844066429565444e-05
2872,8,3.412801423802653,0.12230287890334055,0.0182410643448467,0.015319324173876742
2873,5,1.6784615110101715,0.0002879881566519145,1.5700591300096318e-05,1.3686726371136834e-05
2874,5,2.953454467667774,0.00044315383569750713,6.230075256717443e-05,5.8869884463345575e-05
2875,15,3.658290269223123,0.06791370394813899,0.009802899092800115,0.007858934574927676
2878,5,1.8347728126087701,0.018060488596540192,0.002919727320349459,0.002528648853893557
2879,5,3.2642339147232367,0.0002443640258931603,2.5756940983348623e-05,2.6707921128583386e-05
2881,8,2.862507247010276,0.0034781822413559632,0.001312939184889572,0.0012189982876757886
2882,11,3.6643425594960104,0.015187011610643257,0.0014179797394081827,0.0023175635997125053
2883,8,3.0440885752721485,0.0006882691664179623,0.00010372486129094061,8.314842983283137e-05
2884,8,3.767010927241542,0.013357595675488968,0.002212849170980884,0.001789099313444234
2885,11,3.693861002178024,0.0008639045134699987,7.331802348505066e-05,6.345135446882403e-05
2886,11,3.4447021452669806,0.028987589547739504,0.005770224565116667,0.006066456137169676
2888,8,2.025732585310241,0.0006821564426738892,2.08151106095424e-05,1.870760852914708e-05
2889,15,3.1102615978741577,0.00012455493168804448,1.3307908044922525e-05,1.7077481419730323e-05
2890,5,3.8870448869895933,0.0037895804688829865,0.001783208987315365,0.002111794123897262
2891,5,3.406025436876795,0.00017007407200321468,1.817639467354786e-05,1.6620873749884653e-05
2892,5,2.677177518045788,0.00037140351639659125,0.0001099864666978999,0.00010526687977719259
2893,5,2.6410843608869374,0.19644501506972897,0.047851334085258435,0.04779829492190955
2894,15,3.9318278984719064,0.0060201583551012,0.0011056925368498,0.0008807264160780835
2895,11,2.7605585201325122,0.015656217760910435,0.003477082138940865,0.0028174101300611227
2896,15,2.556028273079491,0.00031473807294365443,3.900873347031392e-05,4.1965126155648505e-05
2897,5,3.9352982437687527,0.0005273401755465885,0.00012100668496500109,0.0001080162672818782
2900,15,2.7892758080405438,0.021591907524558626,0.0022625527551413454,0.0019420566955512416
2901,5,2.657095882349461,0.005548320778630321,0.001273014643316459,0.001047490465751194
2902,11,3.70372244275803,0.000376834086191491,5.8995386275325975e-05,0.00022656527896354847
2903,15,2.343354430807582,0.0005170784495742543,3.314610902943738e-05,2.9148543844138868e-05
2904,5,2.31650957961127,0.019964277310679346,0.004453420908284069,0.003794866030280645
2905,8,3.7456903414288187,0.017690033960587843,0.0015727540207667785,0.001718825301037683
2906,11,1.8712289836061933,0.13259054102664067,0.01175591412738282,0.00917225410684014
2907,11,2.7372344473626926,0.11127393561101324,0.013330083119205641,0.011535264392553724
2908,11,2.086417870392348,0.00022231446750897434,1.899399029296901e-05,1.4563012495988738e-05
2909,8,1.8732939244487756,0.002235195239211881,0.00039551703006491536,0.0004160751953156885
2911,11,1.7770453351438438,0.005291794614550895,0.00018677290609376765,0.0003480831291261549
2913,11,2.436186796346789,0.0009899963554988026,0.00015044486890259165,0.00021369046030375602
2914,8,1.8343556352671042,0.0002159173430919846,5.5003751086555535e-05,5.3721549017274225e-05
2915,5,3.923515487529202,0.002927382855493032,0.00020802685157929373,0.00018238708100663895
2916,8,3.510299204759693,0.1914658958161625,0.024495745476938856,0.02168443171046222
2917,11,1.9225605375151342,0.0021039044691114183,0.00024877161057174915,0.00025598998966243905
2918,8,3.4190186386380965,0.022018334591809366,0.004275438185611149,0.0038141626923080597
2920,8,2.2910999610919567,0.0001857651588510645,5.0383155122096966e-05,3.971399101586348e-05
2921,15,1.7146835681049188,0.0015555209170104365,6.312049905079321e-05,6.019119220493276e-05
2922,15,3.0015036441412875,0.12651557865134214,0.009670428393376089,0.007918768143909983
2923,15,3.579874903671942,0.013355556402505643,0.002248602409037794,0.00214448046619851
2924,15,3.2030244161959223,0.01879091727316173,0.002534818258509791,0.00249959102722919
2925,15,2.2270509754143397,0.05112322769177895,0.0032154096560637266,0.003129292390655374
2926,11,3.9005809406680454,0.06705823393348687,0.01909677062058001,0.016180310840381486
2927,8,3.7973711741925165,0.016738744204769743,0.0056778332327724525,0.008308703938124919
2928,5,3.077111482545001,0.009918838089568139,0.0013110705350078858,0.001158435181285653
2929,5,2.655570603036002,0.015971698048101227,0.007261846461692972,0.0059076217807186365
2930,15,3.066397966964207,0.14618344460505117,0.023623540597072952,0.023316528499300975
2931,11,2.1402494451232768,0.031244697830904396,0.005603438128415444,0.004574618966107214
2932,15,3.4368499256105824,0.0048389666314890235,0.0008379729014619165,0.0006712092204993891
2933,15,1.6561993508751485,0.00016594969971811676,1.3705726721370315e-05,1.2596772349202486e-05
2934,11,3.734821801318452,0.0015186523884115836,0.00031179483483886335,0.00025919033815599536
2935,15,1.5881820881877569,0.0005996932475952548,5.133356452316481e-05,4.334438303668704e-05
2936,5,2.7952493844985162,0.010453215553610418,0.0009947535540963948,0.001048771470096439
2937,15,1.6468044365686758,0.034795075122360554,0.0022433329002552642,0.0018174244904455882
2938,11,3.4958415342480853,0.0019001425426202311,0.0004996205237075494,0.0006356952761874925
2939,8,3.185581671364627,0.17663422095300252,0.03268671213399495,0.03541950023304116
2940,15,2.1864811657104237,0.0002593010161286258,3.3661200016866813e-05,2.806361659478813e-05
2943,5,2.2311376906450735,0.00010351972688371873,9.657570417685199e-06,9.650905159270685e-06
2944,8,2.0692783531633503,0.017393806731898706,0.0056448827278254635,0.005861357936874702
2945,11,2.257388572469261,0.0006742599896640166,5.920855345469814e-05,5.196253265101271e-05
2946,15,1.7509108883557178,0.06686983426051167,0.011937507538663463,0.011096307699922366
2948,15,1.886578930658574,0.007696229930954317,0.00030503388079267975,0.00029242766592142553
2949,5,2.345058117924916,0.00012515479240096804,1.910252563269858e-05,1.65028882269548e-05
2950,5,1.7964619603376584,0.028465685903259576,0.0014345509062865859,0.0015589579071679492
2951,5,2.251144938874398,0.00012463444368702992,4.2885942592264556e-05,3.803357077285009e-05
2952,8,1.878301104171053,0.03482024339507847,0.007516211959541959,0.005948506956115297
2953,15,1.8013903377806098,0.0003042090957587412,3.661850082361138e-05,3.945038027033002e-05
2955,5,2.684609535154072,0.16058237090653957,0.0398112065184779,0.0723030116914064
2956,5,3.3747883866781563,0.07827908218776475,0.01371817534814294,0.011396378972089867
2957,11,1.997064636360736,0.0019146580309332437,1.4526058449702961e-05,1.710811792376355e-05
2959,5,2.8412912037651994,0.001256702481276693,0.00011493320230835543,0.00011721146824197074
2960,5,1.689669017484334,0.007265117855333467,0.001861923008985221,0.0016797414678354201
2962,5,2.1617080730530653,0.0005749793359731371,3.873969354588412e-05,3.5437024988292854e-05
2965,8,3.2515159751366745,0.009531190797999836,0.0025874193911541426,0.0031438647765083625
2966,11,1.5531939272103656,0.0004826712773942621,5.9376593114590694e-05,5.012605327484762e-05
2967,8,1.5614181797393845,0.00012523829314437326,9.58310367078069e-06,1.1048475699113977e-05
2968,11,1.7815539557791586,0.009820256083995381,0.0010309971281179655,0.0009019485135481301
2969,8,1.7472571546872582,0.0026443825176689236,0.00024666206859731655,0.00022295771841159773
2971,15,1.9306099729609056,0.006229466591949182,0.0008633966897010496,0.0007395338486201347
2972,5,1.8480060432553964,0.011538149547832041,0.0014740410244942581,0.0028802833705518795
2973,15,1.8714288726679915,0.004141018340219,0.00040902188172916594,0.0003772901495429637
2974,8,3.6178330881768286,0.0015743150590706732,0.0005004187374576929,0.00046554158483030824
2975,11,3.1712983638606276,0.026986228893200147,0.003231320312764594,0.00787481873509476
2976,11,2.196671340046331,0.0006165606726099717,0.00019465796283470865,0.00016340433998712019
2977,11,3.7552371665064825,0.0014046800400301714,0.00020911483479200393,0.00018551615837226186
2979,8,1.971026739572368,0.00010004436176844496,5.4127059958249336e-06,4.212477896885145e-06
2980,15,3.5641027680604425,0.02309190644588198,0.0025777994933164758,0.002252772565819834
2981,5,3.0022413095945804,0.032031426811094076,0.008320151035197457,0.007106845048649254
2982,11,1.9897621571796675,0.2663339572043968,0.023340894048358835,0.02105908954166246
2983,8,2.2842432523837752,0.00262644698881104,0.0003574003923905534,0.0002801912309873155
2984,5,3.625967280918917,0.00019353690380332316,3.448873503642835e-05,3.2592582300765795e-05
2985,5,3.154234909598529,0.11550777256458641,0.02119627421647654,0.02530990721093228
2986,5,1.7992870454870493,0.014376884917593567,0.001992911564889002,0.0020264517970516645
2987,15,3.724398803913915,0.001035943972051799,0.00024858972163229506,0.0002428956271438595
2988,11,3.8947344085635054,0.0005247688040300304,7.741584522004316e-05,6.601539827185187e-05
2989,11,3.4283239847552096,0.0018727441836043086,0.0003557241403654341,0.00028916402990923835
2991,5,2.6853708607556976,0.014965323462430548,0.0034596375379564864,0.0036804411745721926
2992,11,2.318140254274865,0.0028213439574271983,0.0001654301895252205,0.00013446225740917716
2993,5,1.991495034336349,0.0010651704653060483,0.0002353431529092225,0.0002052414801863151
2994,8,2.0158914995689745,0.034593957491115476,0.004084701749951871,0.0032998068624590276
2997,8,1.601794570276419,0.00036382293975364787,5.049897268294325e-05,3.99149695669071e-05
2998,8,2.3660799924581126,0.0045165504885953415,0.001211508356459397,0.0009627901330662828
2999,8,3.4190550885175433,0.0036544153091883557,0.0006263496780773453,0.0005207962880358569
3000,5,2.1333916769874204,0.005981172842923131,0.00035270206505047964,0.0006502969292513963
3001,8,2.398869395603577,0.014718407948270826,0.003226006191450288,0.0030255891844116747
3003,5,2.4376619265013675,0.1786477572072768,0.02300275927011101,0.021200470761442856
3004,15,3.5184102712748926,0.0033432776315287607,0.0005135325956320753,0.0004121634597381428
3006,11,2.8071602411265575,0.05410229286750825,0.01737212710198667,0.015253579079409855
3007,8,3.1026240147895283,0.002192037592128158,0.00019767361257799334,0.00019672759382919573
3008,15,3.5397194913801022,0.018730329492038077,0.005456344496477389,0.004461768919018267
3009,11,3.146568795851543,0.007581179430075678,0.0019624997111111356,0.002206289422331392
3010,11,3.124344646932969,0.0005584435474299026,0.00011197210475708994,9.009794338902176e-05
3013,11,3.7906699803407267,0.27373109680237195,0.08248042439908497,0.07908380744848464
3014,8,2.8810006112616633,0.049762152326618896,0.011421211601958768,0.014819206310004633
3015,5,2.336094180459754,0.0006878321908373005,0.00029162540095818647,0.0002552967224776649
3016,11,3.370695766792137,0.0022063802825003395,0.0004238603437645872,0.0004048517192891142
3017,11,3.434766208420355,0.0002733708080089721,1.4642378663978767e-05,1.5109905771643572e-05
3019,11,2.3250812509629557,0.003079153422682105,0.000596524780949643,0.000520128646975092
3020,15,3.730734767643065,0.001967711900564161,0.00027314122577554335,0.00033732894964689077
3021,15,2.8881362619851316,0.09019847762063833,0.00660538601145555,0.0057301232732385
3022,8,3.3218981036343807,0.0332188064223747,0.009772538580435863,0.012389584431541954
3023,5,2.424126778485231,0.0014648709391137061,0.0003099317129331944,0.00028435808368235295
3024,15,1.6232579493709611,0.001059915645534386,8.871578700765868e-05,7.660027283405459e-05
3025,5,3.880853830579302,0.00013207794810339191,2.925455097232812e-05,2.9568906816515455e-05
3026,5,3.525962086009394,0.010535972703789377,0.005254259647904491,0.003967167204736839
3028,15,2.1723988696879166,0.00013327482904956146,1.2489122041428928e-06,1.3117212211079947e-06
3029,11,2.3463617658419484,0.012163420616208625,0.0015193563715886697,0.0012665643107621187
3031,11,3.9159251238788575,0.0019192534882356462,0.00019271532567742902,0.00016181549250541934
3032,11,1.7669016125218102,0.02604242144845478,0.0014763558095458587,0.0013048636520164667
3033,5,3.4327669096213147,0.00023308454094358338,9.232923284001682e-05,0.0001557039881965769
3034,5,3.9449368833031833,0.05676114629767436,0.019333905940240193,0.01689890052151197
3035,8,2.7012506532714013,0.007991042680189084,0.0009024001972295114,0.0014294532529254328
3036,11,3.1566125853078115,0.03084621513652588,0.00607901527374415,0.0048014612629326
3037,5,2.2872790632180022,0.1967866424449789,0.0361239574033233,0.028986832412050093
3038,8,1.8898663130897606,0.0015454214287326518,0.00019616540362201427,0.00017657899886610998
3039,15,1.8930513422175907,0.0004433312026023621,7.206901127298351e-05,5.649594120839396e-05
3040,11,2.2935628275829534,0.04684585278115719,0.0103867924395596,0.00931760073234529
3042,8,3.4507482032448027,0.0003049406605742445,5.1163762526871084e-05,4.601096565438445e-05
3043,11,1.5371747134030287,0.006161424953207319,0.0004841154179221481,0.0004148880730689661
3044,15,2.309636629960606,0.00048568485264591834,0.00013551605014692686,0.00010994138698115571
3045,11,3.065267682034481,0.04268361069779094,0.0038322441613816653,0.003815443962842572
3046,8,2.473331446187833,0.0014227256086238717,8.569972167928402e-05,7.72979592166061e-05
3047,11,3.1866362119662774,0.013023873104147083,0.0030001791224393962,0.0025537197819785417
3048,8,2.610224119699686,0.01217667227972977,0.00416264885049308,0.003055073612019654
3049,8,3.7960713646833684,0.23804003172254853,0.07788140682198033,0.060624543057182984
3050,5,1.752718260385834,0.30479443514954274,0.0731092025361369,0.056969407638716524
3051,8,2.888487667871365,0.003735722107195996,0.0004222974532170269,0.0009251926353937764
3052,8,1.7313729597155594,0.27422709893256164,0.03464135603542781,0.030869707562212384
3053,11,3.243094017034835,0.0001103620725469623,3.4835800267144206e-05,2.6593906923474177e-05
3054,15,2.870361651884409,0.03670852687099557,0.006788522571628092,0.0056443604385212134
3055,5,1.5089999912690155,0.00011287745303953174,2.4788212521174345e-05,2.0939058670617146e-05
3057,8,2.8366466899820866,0.01073360667520008,0.00036957508188812315,0.0003902145038501619
3058,15,2.9472473719128267,0.006076705499714434,0.00033365776437454717,0.00029551626375625843
3059,8,3.0448119070402138,0.002493014768500611,0.0002664822193828115,0.0002311082134210258
3060,11,2.804434865882351,0.0016489797900915057,0.00011653636468748404,0.00015612731569749892
3062,11,2.4764543920292414,0.0005064517662299756,0.00010871621618509909,0.0001267142134850356
3063,8,2.5212479367917147,0.007845313086665875,0.0010433462930147309,0.0008387111473670572
3064,11,3.217870995046151,0.002613858703526756,0.0001611280730520984,0.00012918229371765714
3065,11,3.2732865205867574,0.0009355854417940787,0.00012087843338279898,0.00011272336877438318
3067,15,1.5209455996926213,0.0024050911603574043,0.0002412977329491708,0.00020354102415777274
3068,5,2.166503067365078,0.04319867230677631,0.007923790271469791,0.007425163778833096
3069,15,2.068990385060886,0.03615701291884559,0.0031908131956976233,0.002796656100001662
3070,11,2.0446286568138943,0.0012455779343765556,8.87095885025404e-05,7.53087043649511e-05
3072,5,3.1951115292361645,0.00041557067080019673,0.00013691568366951015,0.00013319295962691924
3073,11,3.0536723513962856,0.08044529455701534,0.013431475569025261,0.011517498607734506
3074,15,1.9946159278235553,0.002347641582523964,0.00014306902587818605,0.00012664684599369104
3075,11,1.7509725076593665,0.0015844598830162602,0.00020963475281348588,0.00018856356948796212
3076,11,3.736266443673741,0.06598487527869883,0.025916375159897614,0.027931541486001247
3077,8,3.559368377293777,0.005754814127580957,0.0007590555634574814,0.0006133309556775212
3078,5,2.5584847293835633,0.013269429214475239,0.004363674700830622,0.003592643200907497
3079,5,2.0909848956474124,0.001418906723409219,0.00010572031383319951,0.00010826189366403767
3080,11,3.940077806072015,0.00029173043763650605,4.223527620851306e-05,4.641681687857505e-05
3081,8,3.611692387756987,0.06408145960574797,0.011848749716670945,0.009957545915314276
3082,5,1.5613796082911673,0.00023634315668092545,4.080820989839997e-05,3.7939568014960585e-05
3083,5,3.759981080848856,0.03491562161107886,0.016684687171328923,0.02137390329016889
3084,8,2.8578450059548137,0.0007743976756538129,0.0001251772999707021,0.00010586573579826813
3085,15,1.6683542258915276,0.0003465247863565178,3.2787748955731643e-06,3.3811100203015336e-06
3086,15,1.9329096887178436,0.0016488721221885078,4.03906678839411e-05,3.578204297136898e-05
3087,15,2.9418616436960727,0.0037172378651719523,0.000677912987789154,0.000604308517613575
3089,8,1.5990295122634826,0.003526852404831656,0.0007382228045017148,0.0006348868188906799
3090,11,3.0864154425676484,0.0009092430209714745,0.00023885000594679037,0.0001953606886290259
3091,5,3.3200669617443,0.00035375617130624257,0.00011187215355439017,8.711931342660163e-05
3093,8,2.4372462874106278,0.05420469925524764,0.002805545656555858,0.004256228705623768
3094,11,2.0065390619705283,0.027962903811365823,0.002384077809258292,0.002039393378789752
3095,5,3.40101700728816,0.00032994428200780544,5.909036031665148e-05,4.880107996022682e-05
3097,15,3.1452683581698073,0.001620275352447353,0.00013645513776287148,0.00010983274450474801
3098,8,3.7562791431684475,0.00940802123120538,0.0019765744286163477,0.0015407789592465115
3099,8,3.2480222151476528,0.0001726594886081512,3.3105459118130425e-05,3.625381569306323e-05
3100,11,2.9495063136105277,0.004645073940677878,0.0008423585041353861,0.0007730180901893237
3101,8,1.5314246967064888,0.11676247643197077,0.013362653360201988,0.012396652355164446
3102,5,1.9246527355821832,0.09256972382474922,0.011124428397989572,0.011486861476416158
3103,5,2.6167111923657966,0.01716381058874228,0.0037247045876646644,0.0030312995341962453
3104,15,2.922274312014106,0.00048733842827123,8.934432014834663e-05,8.274397669630264e-05
3105,15,3.2735789438211156,0.03085008606104752,0.004175759901700278,0.004120514608573433
3106,11,1.752564155111701,0.015869733496984454,0.0012044525897259484,0.0010079784717619028
3107,15,2.88120750796608,0.03176261344502971,0.0039923307840938616,0.003177787668393353
3109,15,3.2608085634236534,0.0011414697676509409,0.00013887466508267658,0.0001174048227816777
3110,8,2.0567919226599125,0.013097852778284203,0.003085341113762633,0.003551709097602127
3111,8,2.624547247085346,0.010824496439127558,0.0009236726034703283,0.0006848495976759655
3112,15,3.5690281279650726,0.04128855153500022,0.01098050686231394,0.011567020105066926
3113,8,1.7253918235325996,0.0021112502055892594,0.000313323511421359,0.00030154644960114687
3114,15,3.052078294594971,0.0018162574236242812,0.00021794632316560208,0.00019193703324399706
3115,5,2.8350305111628495,0.00011170725798801224,3.494342782295281e-05,2.5621041502971623e-05
3116,8,2.9760677966009124,0.0343183315187169,0.0020314603944833897,0.0020774826272805633
3117,5,1.7673151071673285,0.00022989165933303725,5.141498826787722e-05,4.311842572054899e-05
3118,5,3.018273002304549,0.0259455696176535,0.003622484102981844,0.006206742784068703
3119,8,1.7083204943166277,0.0001438755810569344,3.9688591864077934e-05,3.24247417157585e-05
3120,15,2.6717961704233257,0.00010878970400351972,1.1317622802319621e-05,9.682430285654493e-06
3121,15,2.2949833601192595,0.036319972672940265,0.0029446826619161856,0.0025687144757686724
3122,15,3.8873384470040766,0.00399567942125247,0.0006021691215904775,0.0005978770817999301
3123,11,3.2295041333500385,0.0013627206933880293,0.000472652562413205,0.00042335796840833325
3124,15,2.5230962178286958,0.0005252160182639366,0.00010584859424637603,9.338738205643551e-05
3125,5,3.3657582971807356,0.0009243988654984564,0.0003782733201554675,0.0003587025136395428
3126,11,3.5186064636075822,0.0006856860702439864,0.0002536361103256507,0.00018793795144093578
3127,11,3.7294393102993935,0.0022988669523343777,0.00027737264964188327,0.00028484076829530543
3129,8,2.9427269209907894,0.006012777526102257,0.0013298903374583337,0.0014345401762476658
3130,11,2.2859506191234185,0.0018935184446645767,0.00011343561798718622,0.00011641889480695937
3131,5,1.9288097899332424,0.0004300275305977967,3.3711392271476094e-05,3.3193314525674906e-05
3132,8,3.5392527156809974,0.00017597279765846425,2.6804238345804833e-05,2.141289340975991e-05
3133,15,3.0363276036942115,0.000886845812408654,0.0001301545589903804,0.00013267852047452262
3134,15,2.170213648033677,0.014475116046309059,0.0019035944717379456,0.0015623982766466513
3135,11,2.462226164171912,0.14099082909677485,0.019317390426346146,0.01787731922637508
3136,11,2.1349458939551935,0.0028432298817123915,0.0008595756552585551,0.0007557493358871334
3137,8,2.0031398951858574,0.00046631262706558655,0.00010142219360834221,0.00017375364277453685
3138,8,1.5858187778379682,0.0029572341951847525,0.0006539050686300847,0.0005392191260730914
3139,8,3.774955004698168,0.0004672669220580004,8.869987380724889e-05,7.82292078929836e-05
3140,5,1.96058517839776,0.04426731022800771,0.0066654433175901626,0.00582310273612604
3141,5,3.1899464909061748,0.12300148612732333,0.017486733818550378,0.022486546990605618
3142,5,3.646735100308024,0.26290483716526797,0.06486096250116608,0.06509563984058604
3143,11,1.9916405328552678,0.00017948437352879282,1.3266265793899624e-05,1.2364450476776558e-05
3144,15,3.9077803235310413,0.0008375297880713156,9.819228973385324e-05,8.168146688129913e-05
3146,8,2.717758033819209,0.00016963678889051376,5.09855880981548e-05,3.927881204188647e-05
3147,5,3.3022110854320177,0.015805090082690543,0.00609329229489773,0.01436054048607853
3148,5,1.892720438875164,0.00027820487253198616,8.8231857478567e-05,8.403777824536114e-05
3149,5,3.9902317385509756,0.023124848481146418,0.008828378123410878,0.009609463081996037
3150,15,2.1556071681002758,0.003130625479484943,0.000299851191706323,0.00023480794749830317
3151,5,1.551785703626551,0.00018886987732534707,2.4776161769589662e-05,2.8297102129430523e-05
3152,8,2.3416246765168958,0.0003179916308593921,5.448081969580806e-05,4.528282847657702e-05
3154,5,3.4397744613419046,0.012591485787231425,0.004701447314554146,0.003617612373148682
3155,15,2.450343422979611,0.0006385812331687287,0.00017265097369976903,0.00014274485705873953
3156,15,3.0348573366992677,0.0010721871469930784,0.00010270870723873567,8.820402038370216e-05
3158,15,2.8168300962506327,0.00026691597099520276,2.3677354172654536e-05,2.3360015439217247e-05
3160,8,2.535567085320083,0.1436386693015018,0.048950600309960735,0.0422349372378277
3161,8,3.5681840737259463,0.0038273190476445455,0.0008386083127639487,0.0006589158757510402
3162,11,2.6691594594324526,0.0009903183923205582,0.00012795657278913555,0.00014510018596663288
3163,5,2.0790298377234517,0.09189795895980658,0.009056088991286479,0.008176851679983181
3164,5,3.5145293986678756,0.0009158371900756864,0.0002160719741711707,0.0001735443003271867
3167,5,2.839268812236355,0.0007545045109121277,6.0711566419085336e-05,4.7428663682377495e-05
3168,5,1.5078283686049008,0.0048715311212635245,0.00042548315115346967,0.0005330211113657327
3169,15,2.2191134917348383,0.0011828502959033826,0.0003094488793636606,0.0002443364485054795
3170,15,1.604312528431855,0.0024009305975444648,0.00016329654376642414,0.00013644868685894272
3171,5,2.6674516613728385,0.01632773569264826,0.00374727205478638,0.0035389958962331733
3172,15,2.1086092919830572,0.0030189701691041735,0.000492187298795932,0.00041262906390092396
3173,11,2.1058238083748853,0.001008414325181104,0.00018797406168898783,0.0001764764445381825
3174,5,1.6357282518329233,0.00035888443935944706,2.684096865319417e-05,2.5800511482675347e-05
3175,5,3.0265683431464607,0.00408730792033311,0.0003922970458999075,0.0004298832921304137
3176,11,3.6152689210435955,0.0030697969164278915,0.0007139584871749858,0.000664675341026404
3177,5,2.559128208818945,0.00011903146461647034,1.7381379177330185e-05,1.5054232470146764e-05
3178,8,1.5147845382951166,0.00038792203117203345,7.332665983417782e-05,5.888909420009886e-05
3179,5,3.938000677522588,0.0013730643312582723,0.00041222537732010724,0.00038204616086379546
3180,11,3.1960802418197574,0.003010120942163246,0.0002521074590514351,0.00020128867489044847
3181,5,1.547731704412402,0.00033650004724662853,2.839315747750903e-05,3.391935844474357e-05
3182,8,1.976610198807559,0.27229776485264806,0.02186854525392406,0.018239738147732838
3183,8,3.270957841719694,0.0688465520899991,0.01078391925750056,0.00941945979685591
3184,5,3.3487434702731793,0.1770666986893627,0.05975938702569195,0.12463194137588877
3185,5,1.7085118280491718,0.0011920902372348362,4.961564953425431e-05,4.487071242816101e-05
3186,15,3.8984342445751485,0.002944350969878096,0.0007605967391326343,0.0010174445098296938
3187,11,3.4641468596985696,0.011737071145110722,0.002512485721259381,0.0020872927661057155
3188,15,3.557113776140969,0.01565219279633486,0.00332709519027089,0.002601177737489903
3190,11,1.6294634390262432,0.00027206467566597703,6.1743752926639225e-06,5.067292176333458e-06
3191,5,2.38079387752573,0.1781320554663672,0.016454958899183504,0.014696994961407422
3192,11,2.960549539182915,0.0002022114957749955,3.0723495909793994e-05,2.6519271928743315e-05
3193,8,3.030156040227321,0.0018971557347723812,0.0005291103343526579,0.00040559830328993127
3194,15,3.449195279980072,0.0024587960654387066,0.0002483555117747381,0.00020980380452203886
3195,11,3.2859054562606946,0.023348427312095774,0.0021123626980484467,0.0033961753733894443
3196,15,2.6558235459121793,0.0001121888032233569,2.5713798070331516e-05,2.0339749494033662e-05
3197,11,3.832465774064372,0.0007156497473807771,7.685594214422479e-05,6.194487961419794e-05
3198,15,3.245975245767342,0.00018749936764304523,2.4870722104534104e-05,1.9520373407220376e-05
3199,11,1.6102908065483523,0.002614717235404833,0.00021549520905262965,0.0002810025332384676
3202,11,1.790105053434172,0.06901522341494917,0.015003147273113814,0.01429672595475461
3203,15,3.8749669636701545,0.000497606698517316,2.622788246020006e-05,3.779781229069203e-05
3204,8,3.7928323134525614,0.021434250846714412,0.0014453888613912976,0.0021120850410663605
3205,5,2.099650543904592,0.02038373393225669,0.0020414901219838297,0.0023867481150384334
3206,8,2.515405914795387,0.0006263440712128067,0.00015527366392623806,0.00016942908443280894
3207,8,3.4977951601932222,0.0004554312198482348,0.00010940557289561681,9.271240057832831e-05
3208,5,3.6024385069159943,0.00023681662686057237,4.378817001504433e-05,4.706621908352342e-05
3209,15,2.419064764426933,0.012971319508454449,0.00041290864439114865,0.000447738898020392
3210,5,2.697384079782278,0.0038657062842687986,0.0006443186006466896,0.0005289400176587047
3211,5,1.8791206010362766,0.000657727075278282,0.00018740632012514375,0.0001592809948900219
3212,5,3.348268113324043,0.0002665737159429253,9.001869315639768e-05,7.068474715049897e-05
3215,11,3.9177493354528767,0.0015732320382868168,0.00043679260037969363,0.0004692089459048921
3216,15,2.3735290387338077,0.0001334674040240047,2.4076330112272856e-05,2.006540412159677e-05
3217,11,1.7364433952781804,0.000822221691013026,0.00014978846045770526,0.0001320575398549113
3218,5,2.5395041513440515,0.035602501323840054,0.005365957490386602,0.004819419494171842
3219,15,2.8402503299507607,0.001186572630981407,0.00010706251342236598,0.00012213754430753248
3220,11,3.953005834540329,0.03889260421283744,0.010993772361783005,0.00829818938414299
3221,11,2.649092079912311,0.10540780993087989,0.018342661883418338,0.0137951251377085
3222,15,1.8169381434680705,0.0005936977171852392,6.687827292620969e-05,6.205532784097916e-05
3223,5,2.962902736262822,0.08502890329817875,0.010275494568477523,0.012993878652626035
3224,5,2.633807798116895,0.002593146672749063,0.0001728160657961005,0.00032470974051050406
3225,8,2.6389708033315507,0.00023766951720285032,7.335114437248315e-05,6.09787060767144e-05
3226,15,2.8239233153593792,0.0028761428664037386,0.0003893756763550973,0.0004514938129295462
3227,8,1.5953020207497688,0.04696192295387501,0.0059817644406070375,0.005061687150520648
3228,8,2.1920207526510778,0.005348167266633153,0.0007625263330776648,0.0007761497498079603
3229,15,2.8162056839187537,0.00010085732634205683,2.1882011735375575e-05,1.6890820549636893e-05
3230,11,1.806542201738789,0.0002077064152669142,9.909795329530893e-06,8.888846776272788e-06
3231,8,2.919182015224387,0.00016138137305625583,1.426924142458903e-05,1.6442494027913148e-05
3232,15,2.714007799910286,0.0003784997749423599,0.0001127059927207789,9.639191382402886e-05
3233,8,2.0805323942472826,0.09053823399609259,0.0026499284738994936,0.0036693229350108795
3234,8,2.39433412642167,0.27552654917146435,0.02734659691859385,0.024366125821263417
3235,11,3.707220195910049,0.06606133089531029,0.01760593697394367,0.014491057680333378
3236,11,2.935715141223799,0.0017108695659881644,0.000422743595738293,0.0004154020548622197
3238,11,3.819247608712805,0.0012328590491986926,0.00024564609875287163,0.0002792673740390348
3239,11,2.3426584534880996,0.026513990551634115,0.004115106880683964,0.003502518068967937
3240,5,3.9626813077150085,0.0012011511648365497,0.0003584459997861067,0.0003092273007135464
3241,11,3.16620995705793,0.002534367044631228,0.00038076787430948485,0.000403876635835018
3242,15,2.32148085989819,0.00030159395040448304,7.483436920676867e-06,7.804054232567134e-06
3243,8,2.6883658200267937,0.025138643624743474,0.004757004705872575,0.0038411403638289425
3244,15,1.7946803423582343,0.030681625296218023,0.0011060322427495794,0.0010836602291270521
3245,8,3.7550759716393944,0.0011242377316657618,0.00020662939640333675,0.000235018392855694
3247,8,1.7351572974503837,0.13800129535791822,0.008127529601319286,0.008772141531877475
3248,11,3.474585386914139,0.0001517154100777495,4.8727020651445184e-05,3.88184468010674e-05
3249,8,2.187833007825986,0.001946780265140961,0.0002529397576714557,0.00020423335012915262
3250,8,3.9723665221320976,0.27602754724758716,0.0850773738718176,0.08418835341669532
3251,5,2.6043221186878633,0.0063221570750965,0.0009827735211122267,0.0011305130545480762
3252,5,3.5798391966154046,0.014357508782495195,0.0009224770441994576,0.0008127183488132572
3253,11,2.86579378619796,0.00018900517545598826,1.0683568760750456e-05,9.588876137155395e-06
3254,8,3.269578932490658,0.00023055728716117702,2.3478948696819265e-05,2.649488599627339e-05
3256,15,3.5244189273976363,0.00025347210953658854,6.902181927207637e-05,5.131597361405769e-05
3257,15,3.0667668196553945,0.003640636560207505,0.0006706083710833507,0.000709653864621735
3258,5,2.4852739479281967,0.00012878204818921117,1.558044248277346e-05,1.4229770023457929e-05
3259,8,1.7674129579092674,0.1635941720148441,0.02300996012817978,0.01844766320266782
3260,15,3.6010952156039737,0.0141361675289076,0.0017732987980221362,0.0014243933601069006
3261,15,3.84857290893785,0.0028011910672227163,0.0002990690947436832,0.00042404750067182446
3262,11,2.1543045769367906,0.0003478195350077454,2.5717255282744797e-05,2.370772350580612e-05
3263,5,1.8277230892663032,0.021980715216661617,0.000805653822345313,0.0006968542701830705
3264,8,3.3836668166021218,0.04560787202009142,0.007869896703245147,0.00948982081241053
3265,15,2.4680517735620513,0.009212288467323986,0.0014546314469464127,0.0012862428917243313
3266,8,3.5364604453651767,0.00013772914899355028,2.763896757236571e-05,2.4537547692927532e-05
3267,8,2.9990761298641124,0.0019956720994587927,0.0006628694565281799,0.0006312263225225344
3268,11,3.3404158691990595,0.013153694911787117,0.002222881195501526,0.0018917938163726918
3269,15,2.334884288837777,0.00020460476601864776,1.417324566999412e-05,1.3067639067686877e-05
3270,15,2.6744345561193477,0.009182036120948547,0.001060542311377474,0.0010053621695496158
3271,11,1.8832281760886675,0.0034550061923941727,0.0003645520539389927,0.00029802737650404113
3272,5,2.0637908002561445,0.0002284435864713611,7.051993465135775e-05,7.56012451446558e-05
3273,15,3.166481242804745,0.011293003065097057,0.002160935430102394,0.001788347350133602
3274,8,2.659088176298004,0.0057333072320724056,0.001146983431654286,0.0008882419664984049
3275,11,1.836884137796124,0.00012217854561817786,1.2594501273186546e-05,1.0543220795186173e-05
3276,11,2.609481077363133,0.0008308052321541242,8.864023064469278e-05,9.410273832177866e-05
3277,15,2.493874171989407,0.00204512511092858,0.00014630916001488005,0.00014242215714463906
3278,8,3.052031846674338,0.04572708063895047,0.0021016440219209943,0.0016758847639813405
3279,11,2.07048539477607,0.00018524600992619284,7.295360449907439e-06,5.957375153886687e-06
3280,5,2.0010059817091292,0.002831754018265661,0.0004628270791289232,0.0004063715772477694
3283,8,3.9611730317247664,0.029815068462691833,0.007725371741649136,0.008854151503967272
3284,11,2.638278876761576,0.07128844336715692,0.016226140421563964,0.01618577489469307
3285,11,2.099287661469558,0.0007214706294301847,0.00013702630305652307,0.00011159473994003354
3286,11,2.785178842788902,0.012910724131805783,0.0009151937375052942,0.0008243482409119066
3287,8,2.154418819558261,0.00015901642634188622,2.1076281299854835e-05,1.7825015571150556e-05
3288,8,3.1829969962986406,0.021506264619040295,0.0035466517841389582,0.0034795641815488195
3289,5,3.5364596257591714,0.0055672272645699945,0.0008868179231262762,0.001458684454778207
3291,8,1.8248951443829928,0.20962155872951999,0.051703266563283445,0.043944204522970584
3292,5,2.9549218018615915,0.03704435019317895,0.005760268346981786,0.009383012682220656
3293,8,3.144074066888609,0.06371099258571478,0.008826032035686618,0.00793506903208782
3296,11,2.047134296628423,0.000179354243385772,2.2227494680359727e-05,1.8287805787616146e-05
3297,5,1.715270604119089,0.000957178831142825,0.00021655634083624016,0.00021476267289923006
3298,8,3.5258310564137214,0.0006888899350017368,0.00019106252894459495,0.00016835688872748973
3299,5,3.714233346719194,0.014570756748001186,0.002944491814038523,0.0030841899061201336
3300,8,1.5368791505913286,0.07997313013018442,0.01892684256902025,0.015928001415657415
3301,5,1.7253264259126289,0.0033099549392490166,0.000585219818976969,0.00046938717074373717
3302,15,2.1770323519353822,0.11098063393857971,0.02253302091496818,0.017672135421586126
3303,8,3.5955160214753246,0.015228183107729231,0.0012543559549421774,0.0018743884844005393
3304,15,3.9189645396993575,0.016608523094931226,0.004699765513374066,0.003784949726381808
3305,11,3.6907552449161285,0.015329723569698058,0.0034273871487414996,0.003036706130783185
3306,5,3.0542693726957166,0.0012683691971333167,0.0004819106384991535,0.000361190533710105
3307,8,3.777211782000166,0.021044395062261707,0.004121887140106373,0.005495653988331171
3308,5,3.41125702989288,0.0002324572115010426,4.1498913478965756e-05,4.462877978482931e-05
3309,5,2.1762318371002025,0.01336585895213149,0.004456591080838677,0.004266009371922771
3310,8,3.2496581067741883,0.001808172155111426,0.000498658299260387,0.0005127125284931059
3311,5,3.9615582891900347,0.00029785360399920205,7.92450352575838e-05,6.819775529404562e-05
3312,8,3.665465168453618,0.00013470195705601886,1.7861235393821545e-05,1.710598155655294e-05
3313,5,2.061344394365457,0.0030647713172846794,0.00048468193717182413,0.0004535283031453892
3314,5,2.276112034603777,0.19226124257705093,0.06794211073053308,0.058854292297525465
3315,5,3.3833669826704034,0.0626011556097127,0.018349431608943555,0.01686617454930355
3316,15,2.719910706185722,0.001061659227534713,0.0001885923243935356,0.00015669822231012095
3317,5,1.6588645210750461,0.0001453749469171955,1.329643114135116e-05,1.7540602467449977e-05
3318,5,3.4754402850389936,0.0002752485045179434,0.00010486849303232398,0.00013209973285593669
3319,8,1.510262495260018,0.00012160741052671094,2.0405696749197297e-05,1.8128580752352136e-05
3320,15,3.376758274095702,0.001265395123805699,0.00014154937728009826,0.00011600612363772678
3321,5,1.8441797648723477,0.08236754732813621,0.010588223000712486,0.01776714622431305
3322,8,2.342299020703804,0.06081486914546483,0.004276117041673354,0.004597445197886718
3323,15,1.6281074359631693,0.031596769756858385,0.0030493304552117978,0.002394157639883504
3324,8,1.848116158101682,0.010456863730468469,0.0014798732872599773,0.0012073409177722184
3326,5,1.9472631313661635,0.015983864809876448,0.004471183638686543,0.004316477644922373
3327,15,3.6204209705191563,0.0023332555865840645,0.0005960398461507399,0.0004675742841176827
3331,8,2.3006979037715767,0.01384375870075351,0.0029175404418493693,0.0029139465971988743
3332,11,2.5044330844859917,0.032172686388115365,0.004908167717220158,0.003959711575658378
3333,5,2.4364214300039926,0.03583523728908314,0.007231975415892926,0.006049763921088068
3334,11,3.0091078633424075,0.0443580817480546,0.004989592467952891,0.00429072671288294
3335,15,2.501637528951921,0.0008035553806734825,7.95035664467456e-05,6.857021671353372e-05
3336,8,3.885846346549695,0.004862097389461048,0.001038732287089161,0.0013951110037883712
3337,15,2.3287457059728363,0.00016714908735944716,9.290584820350967e-06,7.930597414734451e-06
3338,8,2.371951190110886,0.0001427258262580411,2.9650393273367494e-05,2.3070182126077492e-05
3339,11,3.255765325225234,0.22102374882213913,0.0193993243063789,0.016036510065657258
3340,15,2.734666793646397,0.0001902842592480254,4.1278378067143666e-05,3.389110945369417e-05
3341,11,1.7734648335907055,0.039803539238846435,0.0024224913459599375,0.0019065767141410522
3342,8,2.694925876341855,0.0008977761820530995,0.00021799037058186374,0.00023109978439598847
3343,8,2.12928218569446,0.0009402146617698162,4.693202274538332e-05,3.81654484795863e-05
3344,5,1.757996199840151,0.009211054930205393,0.0017996569636912541,0.0020545745864171835
3345,8,3.1572177679401814,0.00011573112039058137,3.2691203296983444e-05,2.7769029928769903e-05
3346,15,2.396301579872113,0.0007309717817459795,4.6198824895821646e-05,4.05017856827526e-05
3348,5,1.7881827465212459,0.2417569357677081,0.08142529257175521,0.06972210440979647
3349,15,1.9106068844308053,0.0007169540556571162,5.53432924191614e-05,4.921242121330396e-05
3350,15,1.9353464341357849,0.014388439416003275,0.0021836376665713463,0.00195983143076874
3351,5,3.1370998901736633,0.0001620294984284084,5.039530498158947e-05,3.970787392428914e-05
3352,15,3.5307566946244666,0.011209901378327168,0.0025997102316389167,0.002277296359706886
3353,8,2.833960892721728,0.0020551495080877685,0.0002141276613740474,0.00016616556657068934
3354,11,3.2523310099976825,0.004097477506134263,0.0001963722158658288,0.0002340177959154706
3355,5,3.398796989865652,0.02620784371684217,0.009811721747742619,0.010026842526317182
3356,15,1.8765124969329077,0.00015106274041316257,1.711420345203937e-05,1.5068364194253054e-05
3357,8,2.2323677564071445,0.0021472472756859373,0.00019228800962312005,0.00028619586148661923
3358,5,2.1970000154716645,0.0002636364504430859,6.564635596814457e-05,9.220854752660226e-05
3359,15,2.9438453036045305,0.004492804817843582,0.0005010832477141769,0.0005800639093394335
3360,11,2.8038538043058017,0.000428395237712006,6.0007587683669046e-05,4.476582610417598e-05
3361,5,1.8695100322969023,0.0004308349207893972,8.119739452773321e-05,6.661593961113195e-05
3362,15,2.026634894335542,0.0043468126973796465,0.0006673150373179133,0.0005186874041376658
3363,15,2.608128442960281,0.009179651451495496,0.0016144432978400145,0.0011955209804782963
3364,8,3.3936221571138376,0.0024440527735623357,0.0005069375587842355,0.00046153068696632094
3365,8,3.564341060934999,0.04455200834840983,0.013563330018545698,0.010278713104539657
3366,15,3.0259316295374883,0.0005240263113485002,9.38991199803757e-05,8.381494691793657e-05
3367,5,3.70059076543096,0.06170745293369211,0.029650868177851383,0.08194669895012148
3368,15,2.806595015445561,0.07749957729235274,0.013761717869100253,0.013815758529369941
3369,8,3.27713359675037,0.0018890945198705418,0.00044220385504832913,0.0003959479043440509
3370,5,2.0885355086304465,0.028660345252551796,0.0028113368315072097,0.002263067794071648
3371,11,3.0480335111649883,0.0012900548719317459,0.0002795036878555653,0.00023480870184672674
3372,15,2.4557997533976215,0.0003211859921681778,3.873266023587014e-05,2.964352915854089e-05
3373,11,2.4838422257642536,0.0005515553631473944,2.9805308848256838e-05,3.926684749127655e-05
3374,15,3.861761205051583,0.008225005760393738,0.0013193389089166982,0.001181992167632368
3375,5,1.5717757020247543,0.009235039838009072,0.00039793935876451054,0.0004048180813254036
3376,15,2.7728038080005457,0.00019810070997129583,1.4856647206257626e-05,1.3051562990092016e-05
3377,8,2.2311036826854354,0.00010956508047350629,1.1521608612474135e-05,1.0628486600010564e-05
3379,11,2.647285167643462,0.0002493721595673796,1.9351388500505825e-05,2.357753423660827e-05
3380,11,3.3458058310318317,0.027759453759035876,0.003294110544751856,0.00266400113630796
3381,5,1.5889164882636237,0.031379262136793123,0.0016690372283281014,0.0015417841250875048
3382,11,1.5035042104103726,0.022541770209972126,0.0006782909417115846,0.0005605438201406561
3383,15,3.279618500205537,0.0018599004579160179,0.0002517489115881309,0.00019594990363547423
3384,5,3.452456788521604,0.005704589749791876,0.001066300919534963,0.0009376514672701506
3385,15,2.365813347051342,0.2176091331815124,0.02255578512923887,0.022752828347205458
3386,15,2.1531566642877493,0.00017345403751540365,1.834264282711748e-05,1.4072533640824285e-05
3387,8,2.0134113385486208,0.0016196596599469125,0.00022017835865171934,0.00018783447645326473
3389,8,1.9839835243676376,0.00015921428188736983,2.5786495759182194e-05,2.056603102770449e-05
3390,5,1.8146508076889414,0.014900621813665065,0.002862339034359079,0.002426871705454227
3391,5,3.4478567599756422,0.00010827817934686606,1.651126122443672e-05,1.5108503419118656e-05
3392,15,1.8275884168979522,0.004652185741692224,0.0007820437456363483,0.0006265508314843039
3393,15,2.991345440311238,0.03844348719751316,0.0030694753234770103,0.0024893440526058976
3394,15,2.340026084230991,0.006625693698974554,0.0009347811638762525,0.000790377346186249
3395,15,2.366889007389771,0.003953842812966819,0.0003875512819888772,0.00048722887207697273
3396,11,3.978209806696734,0.00018897841828286987,1.9477174388792954e-05,1.7246250386622325e-05
3398,5,3.0857702203747883,0.08578363850538187,0.02415497027056777,0.020829066268220182
3399,8,2.091871504406369,0.0009444585074847094,1.892182306004812e-05,1.9187283231709832e-05
3400,5,1.7914383116242079,0.004600099285776057,0.0014315159323814363,0.0014033717032997733
3401,11,2.7358952145053546,0.008506468237803929,0.001385284681165781,0.0011865874748931526
3402,11,3.876243235200591,0.0014333950649909534,0.0002460843759340391,0.00020489332834216551
3403,8,3.2769552457390474,0.0025212488092252543,0.0007901488230447468,0.0010077280605856626
3404,11,2.4672929453282872,0.0044585615090616355,0.001093297117919132,0.0013038434483677109
3405,5,3.17485123466855,0.07117289234554715,0.004989894944784987,0.004362610131353876
3406,15,1.823239123075163,0.0016217845835438973,0.00030723089539732223,0.0003347708765164008
3407,8,2.447913267396839,0.0010556904871991408,0.000268592542918304,0.0003198437051956521
3408,5,1.7136781134705972,0.00043430893010095427,0.00017549369108692085,0.0001539158517153308
3409,15,2.191807251594021,0.0003150962574779712,3.871970294388316e-05,3.609910072727082e-05
3410,11,2.1922612550739964,0.0014974476918822722,0.0002676678640727586,0.0002730773827259832
3412,5,1.51130200689125,0.0003610640958791284,0.00011141964268974716,0.00010503828137178578
3413,15,3.159052274231615,0.00756479815010125,0.0006185573826795981,0.0005183868376888947
3414,8,2.9859358982273405,0.0007159359041452736,0.00011441653098728314,0.00010110804821064526
3415,15,3.3577371747915064,0.039547563490771306,0.008292728901213495,0.008398589697244175
3416,15,3.0892201712485456,0.03127347301856289,0.002381374406962064,0.00212380310000692
3417,8,3.8243793051332413,0.00012825819530866748,3.4507834028691366e-05,3.6539489073260274e-05
3418,15,1.7847814866180942,0.00019906681773573524,5.5912323962598876e-05,4.3050776663377264e-05
3419,11,1.7970266111719935,0.06851676724217669,0.00200085241602315,0.0018708314515996822
3420,8,2.606880225425528,0.06832560707816324,0.0049521004111463904,0.004043687547565109
3421,15,3.0259867530438136,0.060700219988002346,0.01204215790685579,0.009369614848973952
3422,15,2.997009181776959,0.00020279764613831495,2.5896683055101627e-05,2.1849302279206718e-05
3423,8,1.6172284982691327,0.012575085125316455,0.0010495984863490002,0.0012276011478832677
3424,5,3.9319740451827743,0.00032938110709528675,6.488938118108891e-05,6.818154064620526e-05
3425,8,3.273014075409037,0.0003479314236959294,0.00012552362509476208,9.61210051500854e-05
3426,15,1.7048933381614733,0.00015059788119125683,1.3662077895951224e-05,1.1802679819835226e-05
3427,5,3.612933047718632,0.003667374981380155,0.0010172708547155616,0.0007989629332918082
3428,5,2.786512125414604,0.012825016400131251,0.0011535487562720796,0.0015531156255280147
3429,5,2.9101635611719963,0.0020679379538069507,0.00042345868857298025,0.00033393903502568884
3430,8,3.6437027922937495,0.030349662663075597,0.006246534823562881,0.005648679348057954
3431,8,1.9027081976865734,0.003455264163042002,0.0004683733701198622,0.0003998560743999604
3432,5,3.2922094387615606,0.0006293697012811082,7.794938283608733e-05,7.380765315644646e-05
3433,11,3.798910031628217,0.0005913063248124024,8.038724425725609e-05,0.00011107653314814185
3434,8,2.324333632472703,0.027332009055293243,0.0010799275159173853,0.0017615382057660852
3435,11,3.791384591811569,0.14065009371438503,0.025269825602188663,0.02149077160196085
3436,5,2.3283739920412283,0.055551292815668,0.008325688576588684,0.008121587406614828
3437,15,1.6503240660346115,0.11943166758396269,0.010732902400683749,0.012901589967684278
3438,15,3.243929416951014,0.04717253251338398,0.004799275476496065,0.004003513784109337
3439,8,3.4294712328680252,0.001966159491158248,0.000636917673714728,0.0006379306198101659
3440,5,1.830533105604871,0.17202055994159102,0.03502230740563581,0.02906254924342081
3441,5,1.6391718403447415,0.0010936498790056026,0.0002021361294877752,0.00016849223333699934
3442,5,1.6972815420793839,0.2610002203809997,0.0308801314726583,0.027772978443301313
3444,5,1.569388428054625,0.0003164869072179889,6.562742334777602e-05,5.315220159789854e-05
3445,15,3.4099300371466192,0.0010086209958157274,0.00010576179305472152,9.538676336189488e-05
3447,8,3.8373802832987676,0.00438223829350084,0.0013953284750754461,0.001371832776831586
3448,11,3.7506862113368475,0.016520956005944918,0.0016304014738933422,0.0013983785282124235
3449,15,2.5685079708712983,0.0035714242967154614,0.000866366284667986,0.0008980354037714653
3450,5,2.757164211567486,0.00042894912430520884,3.4922555139024893e-05,3.3416678295997637e-05
3451,5,3.8108664265530656,0.2534582033598785,0.053765897800489876,0.043301677020781575
3452,8,3.6630069217804735,0.08386977760330083,0.011449646322509593,0.0253683935543232
3453,11,2.5683607979927046,0.0006603657003943973,4.904695206744874e-05,4.619609847520065e-05
3455,15,2.664782162748522,0.014588426795541204,0.0028848787170213603,0.002299209614139066
3457,11,2.1567402830525544,0.001986332141741181,0.00025794386234166754,0.00021758091225876095
3458,8,2.174020033367007,0.012347932793738064,0.001427067572994446,0.0012932756086707902
3459,5,2.570520047664804,0.01567624207731754,0.004728866508137032,0.005016123021735825
3460,15,2.2900038053757847,0.0017452851787225247,0.0003557989081552391,0.00028269557876297436
3461,11,2.0228724814746584,0.001955352612802339,0.00032089892782494525,0.00030056284938527
3462,5,3.7065843979782547,0.00014908562698645361,2.850595088403707e-05,2.5887352233814223e-05
3463,15,1.520458974553548,0.022078324983190633,0.0006546013647025142,0.0005776089631438394
3464,5,2.1029014634916243,0.00024544868075426703,5.616863936376662e-05,5.240781368932542e-05
3465,8,2.3604840382889654,0.23451176426413256,0.013658795383805326,0.011419250238658583
3466,5,2.2841112764027365,0.1073232634451588,0.022061193873424208,0.01859852844578659
3467,11,2.3083160673443732,0.004214530924900241,0.0008384812790514598,0.0006342819617304393
3469,15,2.735603226304253,0.0004989711108482107,4.0508528806472446e-05,3.8118814628795806e-05
3470,8,2.9546869878979853,0.0005204239301835935,5.567118870357224e-05,5.851110917638151e-05
3471,11,2.389543565800731,0.00014638772528617651,1.1102147533769415e-05,9.411831382368358e-06
3472,11,2.865968470259302,0.012196102907034136,0.0010475051702530493,0.000986212431832879
3473,11,1.7643174092082035,0.001795146618559613,0.00036745964949306143,0.0003007389384574174
3474,15,2.9890501629806168,0.006699168931232608,0.0011807382777448082,0.0012174748119719886
3475,8,1.659061519616105,0.007193449329299153,0.0003830699502921644,0.00035002301806841767
3476,8,2.111955118894902,0.013431560086612782,0.001224019856779479,0.000959878708987351
3478,11,2.7165766714047628,0.000592728666353222,2.4398392099978156e-05,2.0651649918934367e-05
3479,15,1.7339575909086866,0.0003518875597714147,1.2044629575794555e-05,1.3054041363162565e-05
3480,15,2.4898662879609907,0.057428419219286646,0.005015543594359661,0.004051611441414655
3481,5,3.076391477853475,0.019013695708740518,0.006310418936838905,0.00873159983643943
3482,11,3.631913683930113,0.0003914073135371795,7.079476225121408e-05,5.498204528021575e-05
3483,11,1.996286038689858,0.0002453657966326011,2.7475936434068306e-05,2.1551794486474514e-05
3484,8,1.9074158061226236,0.021329476757521778,0.003017259426095784,0.0029041595421030624
3485,8,3.720096319340883,0.006215249081463382,0.001542133110143677,0.0011700150970247838
3486,11,3.364429318058984,0.002832790644386993,0.0002827482996181419,0.00039818167320393303
3487,15,3.6542280484812366,0.0011843244953963189,7.159387791895996e-05,6.028169361105566e-05
3488,8,3.775466828813639,0.008048832458301625,0.001415765605369079,0.0012406360007424088
3489,15,3.775314367671813,0.047833159360364044,0.006258212963147307,0.006371782207766315
3490,5,2.542411777012853,0.00037043174050997284,2.8271425218195464e-05,2.55138684061625e-05
3491,15,3.069039520913533,0.0002978936997730282,1.5699421277419247e-05,1.322125167870721e-05
3492,11,1.6043000401452905,0.00011608785627079624,1.7898625829666312e-05,1.4974134650513612e-05
3493,5,3.6889237526508336,0.009990167543668273,0.0007718474466384631,0.0009475096453010531
3494,8,3.1214521824269603,0.02050603191810692,0.0020689732551282627,0.0015506300847212872
3495,15,1.9105442273927893,0.0013303588401268973,9.515176713922668e-05,8.655037806480645e-05
3497,11,1.5601259991168777,0.010945398563437332,0.0009004195919324059,0.0007175987168536461
3498,11,3.397582981856267,0.0014214053215324503,6.81184274494444e-05,6.255187321016613e-05
3501,11,2.4860983921668143,0.00046261033296660575,3.637240075998935e-05,3.770000765695182e-05
3502,11,2.605914545387399,0.0027522815136109464,0.00026017253743665695,0.00022320526031350816
3503,5,2.8351745137768267,0.0005648354505750402,0.00012722707135982746,0.0001294310942598927
3504,5,2.705536014572158,0.0011718931590273182,0.000453225832193612,0.0012430099266274176
3505,8,3.653239925605321,0.04066318674866613,0.008882716654113682,0.015034801909100544
3507,8,2.089099574857829,0.0012699831479137222,0.00022433891233515727,0.00020192751044523008
3508,11,3.4502514591117253,0.07495711444731849,0.015928347434188514,0.01272010303026201
3511,5,2.138278386431554,0.0015078532902198243,0.00021435997809735713,0.0002489477075646867
3512,5,3.020387025265814,0.0006400007314419703,0.00024015442030213922,0.0001839383408682676
3513,15,2.136258905669085,0.011141628902416606,0.0008414881567699032,0.0007778615128564486
3515,8,2.197783885932784,0.00010460500593405356,1.3147246237937932e-05,1.0678240963828826e-05
3517,8,3.367064352170728,0.026311969925909624,0.003536979101380861,0.004111513932654414
3518,8,2.606718720108278,0.002334137464598826,0.0005172300485943645,0.00044940566367999643
3519,11,2.2442934927261406,0.18819085892699533,0.020483386860254024,0.017955442072472218
3520,11,2.526723527628352,0.09987219751333003,0.00879077015276088,0.01046452717221611
3521,11,2.384240105422982,0.11496236977619226,0.0029947962941495646,0.004075718816970313
3522,15,3.0442171733537666,0.00012820879175848458,2.9670266439044993e-05,2.2784785394270653e-05
3524,11,2.619993431448661,0.008143217789378345,0.0009423531012822703,0.0009710864865566302
3525,11,3.047493666888293,0.03577940171836226,0.008856376795269467,0.007086453733536589
3526,15,3.788334506211261,0.00014713028032971705,1.670700671836915e-05,1.409489246919314e-05
3527,5,3.516566576339488,0.046048209917513266,0.005366625086428414,0.0062985849526148545
3528,8,3.33062079743655,0.0033443919739158125,0.0010088842424905834,0.0009329003596402231
3529,11,3.6783563200731053,0.020647130372525895,0.0035370252681654053,0.0035617490207999905
3530,5,2.0509263544353473,0.12132072947259301,0.033182535871106256,0.027252587866645996
3531,8,2.2527527804028895,0.005365780228537471,0.0005140851589569746,0.00041509201525047985
3532,5,2.2030841119475357,0.00791151513674278,0.0010200948360164146,0.0008474346553400882
3533,15,2.438734609348424,0.00040211841909702957,4.5906667473875695e-05,4.367195589030768e-05
3534,5,2.234345112905972,0.00040949004667848804,5.633353387180469e-05,6.686352141483018e-05
3535,8,2.6758724241921277,0.07189018018889717,0.015540812481424514,0.01390282150276561
3536,15,2.8343490965074083,0.002172468828527675,0.00034589430450592305,0.00028365799769043286
3537,11,3.6309146429150547,0.00034978448363804954,6.786077475053138e-05,5.5727833600866906e-05
3538,8,3.1134806714154517,0.0005413583911772923,0.00018148273023651604,0.00015283515313235902
3539,11,3.030948304527459,0.20129721354113347,0.06516870090938542,0.07360184943486163
3540,8,3.7316136966199225,0.00010892836922601188,2.2888905709868874e-05,2.2709905720533057e-05
3542,5,2.478030112131715,0.024964919506409746,0.0051318456316480614,0.008003812877209021
3543,15,3.64248428557742,0.00023448593890824072,5.049162528675227e-05,7.731814749970248e-05
3544,15,2.7760243535358877,0.000348081223721575,6.550769887583995e-05,5.968568974803778e-05
3545,8,3.7478858584262165,0.0008789882767992356,0.0002100961368340202,0.00018229554597084497
3546,11,2.7626636378885543,0.00018166496860811272,2.7360280446337474e-05,2.2345573427526664e-05
3547,5,3.221850284783284,0.0018276703252204053,0.0008235626570213216,0.00071815349523092
3548,15,1.840318648567492,0.056210533036529065,0.008878738084312637,0.008434741880892428
3549,5,1.9304721307011534,0.07148457277714923,0.007399392895965889,0.0075740144810599415
3551,5,2.0012569463756815,0.0002714774378628075,6.685677444798202e-05,6.347269672271933e-05
3552,5,2.767467059083229,0.021060200741282224,0.0038221498556201333,0.0031986077774709193
3553,11,2.7191242073742705,0.003754046636538231,0.00033421488703952494,0.00028714575422723095
3554,11,3.6372172730306995,0.0017317829836030734,0.0002734182779819885,0.000292400058662806
3555,5,1.7857310627863097,0.00030601708068705074,2.7841295002632738e-05,2.2980775058685733e-05
3556,11,1.7811795766907732,0.23925287872304118,0.009815428695635127,0.00867763357423903
3557,11,3.1782996075090884,0.010859482027231412,0.000741535427933049,0.0007908404098988503
3560,15,3.588432432938545,0.004440911033582996,0.0006522896857697196,0.000552635739153248
3561,8,1.6042359471483456,0.022959514009826158,0.004092591081547607,0.004532512038524131
3562,11,3.550589177606992,0.05753909372250938,0.014626331447613612,0.011702441933302318
3563,5,3.156746023246842,0.055726537068538674,0.003934239880934175,0.003427262251230152
3564,11,3.0470633712624973,0.0015849409476735334,0.00017707152950948734,0.00014777808955623227
3565,11,3.1409478941668185,0.0010772233997270483,0.00013560534759799478,0.00012863389967679285
3566,15,3.4217273030795665,0.00013483690894462356,2.2637729504773653e-05,1.8832061601652807e-05
3567,11,1.9160242510062597,0.10118569262209402,0.024487740511596676,0.019727151910054468
3568,15,1.5941251891570507,0.013319903514223162,0.0008051861308919414,0.0006442652742932693
3569,11,3.9367027132085743,0.002266387958513498,0.0006611658692274863,0.0006665825591147615
3570,11,3.342424444265019,0.015929751610577494,0.00425826765996695,0.0036987375248151155
3571,8,3.45752225818402,0.00011207366969628795,3.45793347413277e-05,3.043259539432332e-05
3572,5,2.03250653651358,0.04009600683564976,0.0036356738079710493,0.003254986762339803
3573,11,1.5618191319118901,0.009182085184260919,0.0018728874750090535,0.001687460865237454
3574,5,2.9377067846490146,0.003846619404861951,0.0016607011286944482,0.0018683709846852752
3575,8,2.634819098908956,0.00020452471602979577,3.6454233171660826e-05,2.907647346514251e-05
3576,15,3.8256045679422193,0.010261435303866685,0.0007720182881948618,0.0007637178086349795
3577,15,2.6515946634308802,0.00013529512051337376,1.17850197805873e-05,9.765265612165716e-06
3578,5,3.8652363361219404,0.00022911370393237688,7.233619945873908e-05,0.000119480416535803
3581,15,2.4643155629375646,0.0021574469454222153,0.00033727962684558234,0.0002802858999248614
3582,11,3.6704327038830447,0.023123029083298587,0.002485525322531961,0.001992709601762925
3583,8,1.912284351074961,0.14677193917514525,0.004614352215742981,0.00510874001946539
3584,15,3.741090846855637,0.00028260880818498817,4.687386742894635e-05,3.900183169826523e-05
3585,11,3.8117373984463767,0.0026947709232333465,0.0002777364074678455,0.0004592240926131472
3587,11,3.325530021152069,0.0047124616573607165,0.0009482109842327556,0.0007412165576741732
3588,5,3.64117824723683,0.0016274986291684526,0.00033194697271820005,0.0005877710049081017
3589,15,3.0092197936451495,0.0073525835645760155,0.00017920939483443283,0.00015312072452032912
3590,5,3.3879543040087423,0.006893685894929137,0.0027065499580374796,0.0022896458279800685
3591,15,2.130804144634457,0.06151663691115074,0.007787686561263978,0.007783829393050924
3592,8,2.7504776858770397,0.004337941395703739,0.0007385592606907315,0.0010034628673634147
3593,11,2.142438622071099,0.0041549236049906605,0.0009554692361937416,0.0007363665012630113
3594,8,3.8938392611030537,0.06994300569332396,0.021762454117104604,0.020178447201487596
3595,5,2.6767416035641944,0.00026730123267204895,4.6587858412259575e-05,3.702826302791758e-05
3596,8,2.1096973165640747,0.0026875229501304855,0.00044053218732274444,0.00034188065269486997
3597,8,1.5790667834778467,0.0005712202922471962,4.4464046577964426e-05,3.7770350500862e-05
3598,8,3.256585055603586,0.004804001422639822,0.0003696210593874353,0.0002941364471144999
3599,11,1.86006238946486,0.0001743174598813368,3.1056480816145405e-05,2.5499396864113086e-05
3600,5,3.474480161541633,0.0027539581861025296,0.0005271291737383207,0.0004251917189709154
3601,8,2.826655530873639,0.013114181360752337,0.004123841620129911,0.0033439781885304587
3602,15,3.1978269234011485,0.08584781863149704,0.005666339445158559,0.004935722756255295
3604,15,1.9861585553905812,0.010545659786598351,0.0007503615922029342,0.0006308748568967479
3605,8,3.7372478278031807,0.00018010882085516558,4.66571401241313e-05,4.347572004518317e-05
3606,8,1.5906395545975123,0.0003621202345606776,2.602323028723592e-05,2.7799118107010116e-05
3607,15,2.7679215239449717,0.021739127621484756,0.0015037970974826763,0.0014317286728126096
3608,15,3.9648717157108706,0.022273612188461175,0.0047950397382479195,0.0038037851006241653
3609,8,2.1115443704789376,0.002228713232445566,0.000378446947448332,0.0003573907776275022
3610,15,1.7046907090540966,0.0002822666975319193,2.5735390266454048e-05,2.50742929094637e-05
3611,15,3.8068156602033603,0.0002756509688465368,5.547927766093826e-05,6.140801006582897e-05
3612,8,3.622306980136538,0.0008018126079538169,4.9017486978075684e-05,4.4485622501021235e-05
3613,15,2.75800094137412,0.004415220483035079,0.0014084058276596883,0.001246396318667272
3614,15,3.6136459785962725,0.0003392419610698781,4.076733609506859e-05,3.607376110521785e-05
3615,15,2.786676557313163,0.0002616863238017408,2.5712799822771965e-05,2.36785895005332e-05
3616,15,3.3261328434208215,0.0005950715063134851,7.696463784907143e-05,7.983737388965168e-05
3617,15,2.5395535079224043,0.0460899054639814,0.0028308800431831663,0.0029679189438334814
3618,15,1.8700155216100862,0.007260926559465848,0.0003359238981600112,0.0003025360356159273
3620,8,3.8590079937464536,0.00024185583843442746,6.777470174080089e-05,6.669647732529427e-05
3621,11,2.9825944086598093,0.0015463120165586756,0.0001599304580284998,0.0001262761853845817
3622,5,3.563458354662931,0.0002843845960416533,6.667746635213783e-05,7.867853867694357e-05
3624,15,2.440660190035036,0.00019673763863230562,2.2631719459965373e-05,1.8284252886219506e-05
3625,5,2.5216070943304776,0.0021639345001902904,0.0008249364381035136,0.0006116942697475293
3626,8,3.269471416304168,0.002325431081194003,0.00023212454506763204,0.0002176433581596612
3627,8,3.1351801083052973,0.10539939842066146,0.011849766113827733,0.025150938523534224
3628,15,3.9938922482000203,0.00013781870499247168,1.716977911436086e-05,1.7336806966790822e-05
3629,5,3.2271522392586287,0.00012947600009070753,3.073805601435558e-05,3.480252530104126e-05
3630,11,1.6400460528685583,0.0033329603023146233,0.00044810509788803434,0.0004169368402149832
3631,8,3.4589878112564003,0.00010639506446587216,4.50845307019932e-05,3.547438367441598e-05
3635,11,2.1224814843760687,0.00019694551254405515,1.4597518932063696e-05,1.4360014971501704e-05
3636,5,2.3516091636732086,0.011713907041193404,0.0018201698186318047,0.0017969460821648216
3637,11,2.0515413961081723,0.00016320938015171004,1.9742799027623924e-05,1.6899408657374926e-05
3638,11,1.8134863232305727,0.011870635118254898,0.0027982334368416256,0.0021897703531410916
3639,8,3.390748673729474,0.011433930818348616,0.0010497573528968306,0.000901158505744071
3640,8,2.1817628649075314,0.004833687848577675,0.0011095885730249776,0.0008255441239000347
3641,5,3.7136108251892956,0.0001892669539600631,9.314318479618328e-06,8.140137666224483e-06
3643,15,3.5874771529455933,0.00781960066023678,0.0011240280847696078,0.0009676538682474454
3644,8,2.746548374266709,0.0007091198547558928,0.0002230336307735746,0.00020184992072360325
3645,8,2.9571554838618486,0.0005660799702233353,0.0001505522686027163,0.0001242828344269582
3646,15,3.9961142919882997,0.017569689307507665,0.0026265038534636093,0.0021105538848451913
3647,8,2.400412235307046,0.20929781220984522,0.04040071813565867,0.03124494201262405
3648,15,1.6294730080952033,0.026451992635386227,0.003369080278358864,0.002890539638582355
3649,8,2.7435727906215783,0.004078602289361864,0.0008267101374219337,0.0006954627521511155
3650,11,1.6322243362759978,0.013429649842583357,0.0012358810959692587,0.0009908478251980492
3651,5,2.0483539464136524,0.0005478028988718714,1.5349887001969234e-05,1.2363907359648835e-05
3652,11,3.430227508844232,0.003933188205266712,0.0012309770622202796,0.0009762958022339249
3653,15,1.702904624105311,0.046321550571492426,0.0023485363814296474,0.002389262228600658
3654,8,2.7537732980056293,0.012969925174674386,0.0015469603784225017,0.0014345819957210806
3655,15,1.9176576526337903,0.03280397963534361,0.00177095965415329,0.0018801368681686276
3656,8,3.439409902176629,0.007621671085209954,0.0028274348305741496,0.002344742500932474
3659,11,1.8682666929764757,0.002122549506726207,0.00025903996209342454,0.0002179064175213007
3660,15,1.5713691359345747,0.0015623852691863261,6.637713805258884e-05,7.095711367853794e-05
3661,8,1.8575220351709278,0.004763414603144705,0.00025504003259533675,0.00020033367410230313
3662,15,2.8386609107762633,0.0011882494524587711,0.0002931519445999988,0.00029861506056194946
3663,15,1.542661025783901,0.025411645368746228,0.0005904432701659872,0.0005591712126144303
3664,5,1.6360639028394193,0.0018236454938769253,0.00043951395566141154,0.00034792372946993377
3665,8,3.644649530452723,0.00011816491351888094,2.6953232908360795e-05,2.325490567468891e-05
3666,8,3.2464076369937014,0.02505151267344283,0.0027105429700582865,0.0021835497931788237
3667,8,3.386356020555687,0.000583932749279452,0.0001545158187971396,0.00012532557001999293
3669,5,1.8272194594983109,0.02907046088640106,0.00019203939703932982,0.00020782211909096534
3670,11,3.381530329989316,0.00685290911580278,0.001509825257239535,0.0012832572311547259
3671,11,1.9073309648257692,0.13459103195426766,0.004016809633724413,0.003521779346646554
3673,11,3.450092462492919,0.00011316001520069034,1.6816255686642394e-05,1.3798197166287224e-05
3674,8,3.468132754656085,0.001538587160868598,0.00013833154594714876,0.00012690699473215402
3675,15,2.8168215300692134,0.07401266251908643,0.012964735121419338,0.013349931523230064
3676,8,1.6782792259696586,0.004399749212692028,0.00021524391833512043,0.0001854454174256213
3677,8,1.785342089495798,0.00013159984220634585,2.0109957433573338e-05,1.6711772715621025e-05
3678,8,2.3493335670867603,0.0011602711147181688,0.00010209181408107066,0.0001809597374426882
3679,11,3.364346274829545,0.00024825237563694047,4.386463882701844e-05,3.5052964224827e-05
3681,15,3.7100997751704337,0.0019464675801471854,0.00018387573566606443,0.0001542391556392769
3682,8,3.821206002466236,0.006517592886493557,0.001924046526235786,0.0016015844077142745
3683,8,2.3157670051440147,0.01590900133045384,0.0007218417927695509,0.0006970055267179286
3684,8,3.8195509036099486,0.0004161102830754201,0.0001328431453825832,0.00010606110419536603
3685,15,1.7035018906345458,0.05241688962976854,0.0050757195297672225,0.004442359418294639
3686,11,3.1308569815376224,0.00022165995314460879,1.5144666503073943e-05,1.2734127450033588e-05
3687,5,3.4900404526359052,0.00010134462503293792,4.0322091127931526e-05,3.310210042055419e-05
3688,5,3.308084797847884,0.08511328317034188,0.027405973991860184,0.02032342248170611
3689,15,3.477912426384394,0.1460038627784414,0.019780250520717843,0.017060304619150313
3690,8,3.560466503576994,0.020573285573662163,0.004551666200076892,0.0035478810691878665
3691,5,3.670223857522428,0.0008137442201184024,9.220939812394847e-05,0.0002444235226756849
3694,8,3.364789803212878,0.04845309339041226,0.008418802136623313,0.00786203452532904
3695,8,3.9855985936849425,0.0007572132259601787,5.764449773389431e-05,5.4763487989676754e-05
3696,5,3.1764590915517403,0.00016911366758167338,3.5264463251419667e-05,3.6062650847567065e-05
3697,15,2.899692317460236,0.00010306688397337833,2.875914487453892e-05,2.3702538034082847e-05
3698,5,3.0741425582653994,0.15215644304045034,0.0368381956629812,0.03718812084010954
3699,5,2.661530506944482,0.060392211613834346,0.02151474743865053,0.016210461876655088
3700,11,2.360354831410969,0.002956588724551052,0.0007440208964572673,0.0005614723034392697
3701,15,3.235091109888597,0.1115809747897233,0.04587685451972437,0.035598723661915806
3702,8,2.7053966981530952,0.002449537625582609,0.00019123317231634483,0.00022696725022756654
3703,8,2.217845299670717,0.0002012280893133455,2.5227868424029296e-05,3.776983770376052e-05
3704,8,2.346256302287447,0.01180009251698303,0.0007655403748359009,0.0008195113242272824
3705,8,2.7646712712290844,0.1245714579745188,0.02668943691180303,0.02462639273566268
3706,11,2.529603854580708,0.001578106257992437,0.00023854841856865157,0.00023205700440310798
3707,5,2.332435214314659,0.00011614179747432456,1.8532623453839598e-05,1.5649447004059705e-05
3708,8,3.6645436022563302,0.0008990689439623236,0.00016846269828593927,0.00022512441905946293
3709,11,3.9217511068602398,0.0001820095620043892,4.573115027197115e-05,3.822709985697168e-05
3710,5,3.6375978655321926,0.01776841703958461,0.004521104167894301,0.003738703269295054
3711,11,1.828772118070693,0.010686046853120546,0.0007205353437087803,0.0005708842680964077
3712,15,1.6924922238090279,0.1804195369562323,0.024715163017712663,0.022281396911913626
3713,5,1.686468046473483,0.0001223986463503394,5.175869883755316e-06,5.999502607865944e-06
3714,11,3.308819846328214,0.005897949019141435,0.0011172350009260605,0.002891237384934418
3715,8,1.7401257672862176,0.029481379512678707,0.009689618190335574,0.007832788994620034
3717,15,2.2688484174761063,0.009672100724059907,0.0015781869474597076,0.0014376263927445895
3718,15,1.8603672577333032,0.0018683876290694229,0.00017596494652230793,0.00016951326386240614
3719,8,2.2199764526407377,0.15641731583374974,0.0465775074848023,0.03601339369428257
3720,8,3.5123556023583697,0.0004879950776685418,7.012760087729668e-05,6.945700019404249e-05
3721,15,2.8066419576726154,0.0023350149363673424,0.00031575998082020585,0.00026935416659167434
3722,15,3.308588494783385,0.000439279819016371,9.99034111558855e-05,0.00011315494347048
3723,5,2.7873485454686566,0.0004997718456185798,0.00018567069791748398,0.00014547617343333945
3724,11,2.729889030390845,0.03004135567622753,0.0019390337943511998,0.0016022551939385398
3725,11,3.71268818461907,0.001996205223503728,0.00021183335917741112,0.0001756256114384742
3726,5,1.7759368981929669,0.12903938646472213,0.007031182714583523,0.007311262597860341
3727,11,2.6709055042782968,0.000546385671198114,4.492792003361144e-05,3.7650071576547275e-05
3728,8,2.367837681373061,0.0004005183791641953,2.653848864785169e-05,7.20560765977728e-05
3729,15,2.5770353153697174,0.011875516141495242,0.0029152032124782866,0.0023662367134941542
3731,15,3.886491821792779,0.00010477282710292042,3.455252837927561e-06,2.7827919538073793e-06
3732,11,1.8244752660491836,0.023989468086186502,0.0014627011862532427,0.0012833854797765297
3733,5,3.9572217778949765,0.00308015388670373,0.001024317810492819,0.0007627936827590655
3734,5,3.575410588993798,0.15933335836864546,0.05854158749617715,0.04564686564722327
3735,11,2.9419294134793508,0.006270454004000764,0.0010772596093095502,0.0010291904167208537
3738,8,3.7990524680076816,0.03835768393892352,0.009251970767401444,0.008617760657619043
3739,5,3.3063089076326384,0.017991770895186568,0.004100086614591682,0.003961223923063224
3740,8,2.9075471393006818,0.07607345370464534,0.014372809905972268,0.014171145383700776
3742,11,3.040860230446914,0.0007174111835916366,4.871576408328354e-05,4.308429190020358e-05
3743,5,2.241958248527114,0.009431861351954262,0.0006958155781798235,0.0005641697924447971
3744,5,3.800623065258938,0.02505870545673563,0.007493245450001153,0.005936753906901695
3745,5,3.0968136740489536,0.009968954098066148,0.0012732825677194198,0.001210665521481051
3746,11,2.5793086061786834,0.0045111222505593825,0.0004406173567649416,0.0004093765708160605
3748,8,1.8814131824148905,0.07087054689213121,0.008941336207273488,0.007643340015193996
3749,15,1.9539769799205766,0.0004764968803803764,6.37024086536524e-05,5.369103240081782e-05
3751,5,1.7246301342119024,0.0001573641816220422,9.064294520831824e-06,7.590849504749134e-06
3752,5,2.4864978479955084,0.010507423797973762,0.0027100490604668784,0.002168846041034273
3754,8,2.0953325704434826,0.009956554987343446,0.0003747920894565077,0.000329347488264958
3755,11,3.937204998893104,0.0011822695650464854,0.0002853136459115589,0.00023990815855770057
3757,15,2.7504088486276217,0.0014731861861281544,0.00019773253867887237,0.0001990442661290143
3758,8,1.75601234406856,0.004617766581705643,0.0003416761384189144,0.000323766739929519
3759,11,3.9370395171667654,0.00101678947944976,0.00020549925738257057,0.00019056981476444422
3760,15,2.109246497678965,0.009017924001895428,0.0003310962389115957,0.00041249816686644185
3762,5,3.7798428212986295,0.02480924036583821,0.007575546868734519,0.006776582031853997
3763,15,2.712202145774624,0.0008939929671898944,8.352399114780508e-05,7.087703129249818e-05
3764,8,2.0125481250260693,0.00012537556161873814,8.085357288344772e-06,9.228951835294363e-06
3766,11,3.221198311053313,0.006438170161860438,0.0014552211297688008,0.0013126856746649726
3768,5,2.055796122892447,0.0026471396253907424,0.0004946831709276236,0.0004184578205402884
3769,8,3.240481216035932,0.13271904657491426,0.03465450018160686,0.032446053740611436
3770,5,1.9839974737607375,0.0005002593697924967,1.6656929990998694e-05,2.395834389925314e-05
3771,8,2.64970600792289,0.0005741045092418413,3.8985472163594695e-05,3.39776665379818e-05
3772,15,3.3936497723809604,0.01324032128438195,0.0018666372818780435,0.0016167461780411192
3773,8,2.2499999901235173,0.0010713022922179015,0.00014803358296156498,0.0001218760292001888
3775,5,3.713110686160725,0.03230130525777114,0.006316158117020231,0.005945783362994469
3776,8,3.839851841525516,0.04988023623093333,0.008892620209528305,0.009177227667510696
3777,11,1.8395837865657694,0.00030475686392307115,3.2304163142252326e-05,2.613310643211941e-05
3778,8,1.5425160438018244,0.0038159680713948044,0.001057413115965928,0.0011586580018600882
3779,15,3.1031143335832923,0.005582814907431303,0.0008799630662248829,0.000724890476672565
3780,15,3.275366751775562,0.047482795041350924,0.007860699928146444,0.007007819960713106
3781,5,2.2108195876387287,0.03728402857759735,0.004708038283167642,0.0036688205300022237
3782,5,2.642696148821589,0.020822474473044188,0.0063220050272308325,0.009642461252616202
3783,15,1.8347141061932801,0.0020461891051314317,0.0002395065847148371,0.00021645557835595674
3784,11,3.8688432446093586,0.0007581891290857832,0.00019504495595819505,0.00019052102518669835
3785,15,3.444057371608723,0.002049792851805911,0.00025390301342589677,0.0002052602211745457
3786,5,1.5600842203073437,0.016620468743918076,0.00239777329395779,0.0020474514058288445
3787,8,1.5654465355370448,0.0001821622170541934,1.591000284311962e-05,1.4782911323375841e-05
3788,15,2.4297109726385915,0.08119416006980064,0.011528134700970548,0.010158204512154342
3789,11,1.7512154981616064,0.003214922596248239,0.00032594998522229304,0.00029456870180462444
3790,5,3.182793936710758,0.10187235286217118,0.01797334039198123,0.016590091584466
3792,11,3.965215507925584,0.0002405209741510778,1.652517783053765e-05,1.9505538639526472e-05
3793,15,3.103021707015975,0.0005249367415715223,3.325306456465156e-05,2.8156017969268132e-05
3795,5,1.6198400260657517,0.0015985820495451584,0.0003996037727845074,0.0003778733098406021
3796,15,2.396294881319594,0.003033746572100408,0.0006110217991679008,0.0005262932851934896
3797,8,1.5536096300698576,0.00541661218014854,0.0009247531693481748,0.000810792085517844
3798,5,1.7308132046959233,0.00023033603031002374,8.411173526255415e-05,7.127902503836943e-05
3799,11,2.28600316543189,0.03132733305595625,0.0023855429944560293,0.002141796057344295
3800,5,2.8436367289271804,0.0005833945595783513,0.00019015262533237957,0.00015025634008613884
3801,5,2.080281112271414,0.008202073789128371,0.0017928648080920394,0.0014222737257241654
3802,15,2.4707067668189495,0.0001394458289731959,2.0884825984156836e-05,1.9878479122536325e-05
3803,11,1.6087497219936198,0.020037816059397206,0.001707892321053529,0.001354653848767755
3804,11,2.3502428140113114,0.013577700191675774,0.0017663324981511933,0.0019142882764886311
3805,8,1.7207274536986028,0.10031795909015312,0.006710549654865415,0.005714604706720912
3806,8,2.2787154197221073,0.0026398665844547826,0.00026968475389650936,0.00021046302949708222
3807,11,2.9102468200629947,0.0012294164539325227,0.00028797908152507386,0.00023915097301764629
3808,8,2.3143692717908664,0.025500864077569282,0.0022400032661125105,0.0022021168994892427
3809,5,3.1110576227514066,0.00047915386639482775,2.052701269495834e-05,1.8632920058798124e-05
3810,11,1.5198518341980436,0.0033847416924706318,0.000532962612619304,0.0007525039262404422
3811,11,3.5152016133457336,0.0019008814285304937,0.0002865233696870978,0.0005166120351018786
3813,15,3.921360729539482,0.006323821079618922,0.0006175070194165084,0.0007969518655979461
3814,5,1.5201994925919284,0.059117196649556954,0.004418234816264398,0.004307912400187653
3815,11,1.8520980394369841,0.09428395966130107,0.006972880379548422,0.006720888422137626
3817,15,2.2950265092902,0.0011434915488956745,5.349800526066114e-05,5.220036604611341e-05
3818,15,3.197884870425113,0.009691820264051921,0.001207686757109298,0.0012053908539711856
3819,5,3.2616072556220863,0.0013876143072079664,0.0005831538353155349,0.0005092318832602513
3820,5,2.133120219968024,0.12316302949129009,0.034871195012035366,0.02830942570664629
3821,5,2.0375844118290334,0.00015701659569241494,3.074704155427022e-05,2.5556871025324e-05
3822,15,3.0744635915881053,0.0005168361556550173,7.737413154000679e-05,7.013355008506868e-05
3824,5,2.904733695988735,0.010425815229700246,0.0018188247028689617,0.001749443707709066
3825,5,2.0363481397214214,0.00016251266399553777,1.720729198042945e-05,1.7019234904103385e-05
3826,11,3.803001434595697,0.0016562423610405163,0.00020309280046957307,0.00021162967480648187
3827,5,2.288697425089246,0.0005055952494873165,0.0001490368075011686,0.00012384002187201338
3831,11,3.928328297581867,0.00025057274721822546,5.970763624450031e-05,5.157098538055706e-05
3832,5,3.0238736432636806,0.0009193054110402816,0.0003266043459614889,0.00047878647992947835
3833,11,1.8764350497301199,0.0008435187088108023,0.00013511329550097703,0.00011200382724231793
3834,11,2.9949634019756615,0.012710984136270177,0.0026582337699595305,0.0022537648764206675
3835,5,3.219988487483307,0.00019802055557663356,3.899714327368856e-05,3.749992183352086e-05
3836,5,3.4736633960530647,0.00015864275398465007,1.3363635398896664e-05,2.0282185018384473e-05
3837,5,3.835948206807848,0.004011566224923606,0.0009921296426673508,0.000805879911487448
3838,15,2.1820292429748323,0.00013079400441868804,1.2394134521801932e-05,1.3190536545213187e-05
3839,11,2.3844961405355907,0.004682903778706157,0.0007169456017726669,0.0007017265399578997
3840,15,2.490394170449288,0.05105656859010639,0.011080227282854304,0.009377400570646696
3841,5,3.4636211549514524,0.0006313577000371571,0.0002706229881181654,0.0003971046623791592
3842,8,2.448723657533651,0.006144663223665725,0.0007675104033440093,0.0008647615537265052
3844,8,1.682624705481706,0.00030782937287844456,4.4176845711044386e-05,4.956100728167338e-05
3845,11,1.6342566382845831,0.013038914596142573,0.0011159851653947414,0.0009210243290930097
3846,5,2.650534383269282,0.01383543061557496,0.001188271914980422,0.0015751750936377632
3847,11,3.437941961070964,0.0028016711149726837,0.0008809828737580207,0.0006696907480149585
3848,8,3.8792289158251414,0.00022731970871463892,8.579674013938201e-05,0.00010066704912607051
3849,8,3.2749680976003175,0.008080590793495072,0.0019951572573377674,0.0017385061024783194
3850,11,3.7449982802687263,0.011200430821978613,0.0014792148669053795,0.001318198931292653
3851,5,2.3926521906373135,0.0007883934537186517,0.0003421991099367183,0.0002626194325634257
3852,5,3.4820415343443645,0.00884238755156339,0.0018073292072421244,0.0016663516006623202
3853,15,3.657053012898119,0.09716619633015629,0.011984142777847883,0.012965105558487969
3854,5,2.8009223112830592,0.001816634736211051,0.0005815572003178521,0.00044310689294528507
3856,11,1.60126542200785,0.000469465990430109,3.7036298639793215e-05,2.9484717654076533e-05
3857,5,2.7413006301032454,0.24317596243307807,0.07973943237492073,0.062046877665683633
3858,11,3.416873738361374,0.004600273483239899,0.0007522547835246491,0.0006527865846068524
3860,5,3.7054300947073537,0.009400057497432382,0.0014093454479904937,0.0027149168235020534
3862,5,2.709979137480638,0.00033667525376619234,4.256997980542819e-05,5.0279988265619775e-05
3863,11,3.291547085750443,0.05149593528186358,0.011443187968338103,0.010286929000913402
3864,15,2.9625235158496093,0.0010430042081456606,0.0001915947489435999,0.00015474849379257268
3865,5,1.5251626886477718,0.013925309669689525,0.0010811606333022855,0.0010243940495913667
3866,15,2.7663357520743497,0.00032674841982136324,5.5508931574588226e-05,5.033104497362538e-05
3867,5,3.916142138418927,0.0030089908044609232,0.0011691626732949004,0.0014253214645455253
3868,5,1.5656316639955203,0.06570686474587153,0.008074743476497486,0.007196377987529036
3869,11,2.7109438228827845,0.007888835950303735,0.0006749108508674683,0.0005196156630980313
3871,8,2.185295141637036,0.005649154635670663,0.0013685260821236175,0.0011014454754274328
3872,5,3.6920330646875783,0.0011497270333462712,0.0005184753307845947,0.0004976328747558429
3873,11,3.6463490481263485,0.0042855070583697535,0.0003635579087822144,0.0003925689623590543
3874,8,1.7897863158702556,0.004619361994888325,0.0005012798566804433,0.0004234684231858029
3875,5,3.550431213706526,0.005529543791567723,0.0016870283967473994,0.0012878505945275146
3876,15,1.6594744805925277,0.003256861093078546,0.0004895127462885339,0.00039913041715564394
3877,8,1.6487537786156146,0.006755007086194495,0.0006557470703949392,0.0006631705056528432
3878,5,3.7687454877213433,0.00554678770956476,0.002001916218676402,0.001962907151295158
3879,15,1.609987028900635,0.013986719831617842,0.0016410675966466635,0.0013841557317916377
3880,11,2.6577659835548864,0.01571413481389762,0.00042432971821354174,0.00058294782495778
3881,8,2.7214901785264174,0.00076505068473025,0.0003148896760346734,0.00023514618100978693
3882,15,2.4754736518174063,0.17434149779467453,0.008262937374445242,0.006890949315144723
3883,5,2.866199667324635,0.013764032600239335,0.002904010741866511,0.0026864381920020963
3884,8,1.9269862225249301,0.06523019184493395,0.0034895045757306407,0.00291017384894967
3885,8,3.739273999639903,0.0029137379827806967,0.0006230802531301121,0.0005547243463998569
3887,8,3.259030162613881,0.0006291197152775554,0.00012104938307789281,8.958735686142459e-05
3888,8,1.8458417800364977,0.0011070323384971465,8.710575541681742e-05,7.104930935139157e-05
3889,15,2.462294739976191,0.018600303824458802,0.0009234744827377208,0.0008425814331513718
3890,8,3.3590065970195955,0.0030174152898467905,0.0006519214061577597,0.0005654935837722202
3891,11,1.9370518614264893,0.04045060551643681,0.006397748565114929,0.005295846013611539
3892,11,3.8155416984869523,0.01339610752687919,0.0024690640590763024,0.002308442804356688
3893,8,3.182412176762666,0.07534619983700104,0.020937511029106796,0.01939156094990621
3894,5,3.233404898577479,0.00625478515503615,0.0001792768933670635,0.00015058299115148404
3895,8,2.520402082852325,0.0016922550137260382,0.00032874651719963114,0.00027147774538139983
3896,8,3.027989502460124,0.00010324217543261442,2.1200003253770527e-05,3.9436330068507526e-05
3897,11,2.394757442823092,0.0026281582076063655,0.00022000846488838365,0.00021558768707868306
3898,5,1.9023780102396355,0.009107716210616313,0.0031896711451166217,0.0039494612640240175
3899,11,2.963987416806673,0.0033516918038161876,0.0007477264161569424,0.0007077527188704512
3900,11,2.6866157283280194,0.009859035186092375,0.0007275304990144317,0.0007236573150013987
3901,8,3.6980427084657435,0.0009527925503850525,0.00011395464817983359,9.949144161462036e-05
3902,8,2.022129368352684,0.005885785519086111,0.000908424233874127,0.0007506629030824324
3903,5,1.9585833022989616,0.07924092262354586,0.004314498417536837,0.004625019643323642
3904,15,1.948094037988879,0.0018399316480417157,0.00024976684610924507,0.0004080551399774411
3905,8,1.7125331048922758,0.00831188512584901,0.002435582915366233,0.0018852523600438576
3906,5,1.8792714777933224,0.0004991467852117633,8.297807267283207e-05,6.863195366144907e-05
3907,5,2.1806507947884115,0.000526318263600838,6.902629918599132e-05,6.138959233943835e-05
3908,15,2.835927663134064,0.00020899249258790004,3.111783220533719e-05,2.7153705406242867e-05
3909,15,2.1478382982502744,0.08972056121775987,0.0027686868336089386,0.002155163059529358
3910,15,2.343411842713743,0.09816636044084061,0.014474686198776572,0.011977874405089357
3911,11,2.217644286975801,0.0374413622222317,0.0057115171244559015,0.0046051375662233196
3912,5,2.7914371150979607,0.08379894785263159,0.00901462598303087,0.013118542897586969
3913,5,1.5859812248321532,0.0032511285500179225,0.0001362512176372787,0.000133709206579102
3915,15,3.958812950504036,0.012855863159690359,0.0018427431894729002,0.0017540857225778717
3916,11,3.113714829489984,0.00090074197545605,0.00021359621464843665,0.00017342428784241439
3917,15,3.252405134392073,0.00014057886236641754,3.021535431704297e-05,2.365466213243131e-05
3918,8,2.7675786883561466,0.01791712852839763,0.0017494227336628007,0.003314883369861555
3919,5,2.795262018222208,0.00017067034792115225,6.775875954679196e-05,6.995934302322075e-05
3920,8,1.998875755964857,0.0006400455141958042,6.896594658057368e-05,5.250909022338489e-05
3921,11,3.9771247872732385,0.0009306193813595019,0.00010285832629952245,0.00013954176996081296
3922,5,2.6408622625681577,0.0001177886581304382,2.0479141127314145e-05,2.0826211713625913e-05
3923,11,3.69268118580133,0.09199833376247392,0.014760442031688612,0.013534791535446112
3924,5,2.3153948722212228,0.0024956797239975765,0.0005691332350030609,0.0006252652106857383
3926,8,3.8205335489166017,0.07482871722595215,0.01336019819692292,0.013316359146447946
3929,5,3.915906210940109,0.25777347033638215,0.04022122140383301,0.03209824458093658
3932,15,3.5627501909321295,0.0007736840542932371,9.912827459049366e-05,9.927629395107355e-05
3933,8,1.7835575170576898,0.0014839412398945297,0.0003597879761717975,0.0003592134702984096
3935,8,2.168620855232373,0.00015537553144321362,4.713190041327839e-06,3.837427533624106e-06
3936,5,2.9224749323267245,0.005313939635702846,0.0022727998961099127,0.0016633489022211813
3937,8,3.644112054595524,0.00041531560053250743,6.378896960985891e-05,6.154061064125576e-05
3938,8,1.9707898254827791,0.010106189300578194,0.0021530373530478392,0.00305010803330587
3939,11,3.7103857561430336,0.0025045136994367493,0.00043146100226882267,0.00043008909403102665
3940,15,3.6089212669330184,0.001334066064421246,0.00010644771878918363,8.464927109795781e-05
3941,5,3.786893726373988,0.0010899811238438723,5.034098901042431e-05,0.00015732413332560465
3942,15,2.356763225061992,0.000598002765130825,1.8104126196320214e-05,2.2510769256074343e-05
3943,15,2.3577268452508537,0.0003856593536843502,1.1393119819062811e-05,1.2608919849515153e-05
3944,5,2.490792582541756,0.0008119392324861472,0.00023535361414145839,0.00019216042068924378
3945,8,1.7955093782650775,0.00019588554820403506,5.435623218562326e-06,5.451043916060688e-06
3946,15,3.843901597943499,0.0007801588541577668,0.00017884926191270135,0.00021220474370687158
3947,11,2.4737051138272843,0.0029518863379961804,0.0003886415338055364,0.0003817249773444377
3948,11,1.8930664277235585,0.012434828667374862,0.0022116568974308785,0.001753240404881725
3949,8,3.1513141320271343,0.007154680104743812,0.0025210965307330977,0.0026912223409736144
3950,11,2.889605645790154,0.0003226316762840765,1.302006032440623e-05,2.574569178716559e-05
3951,11,1.8553472291046689,0.013183480302706097,0.0016102056638492442,0.0012804726937238635
3954,8,2.7734445048032246,0.00014685835237227294,3.778867222742779e-05,3.583558051328748e-05
3955,5,3.366429131144653,0.019339752433925612,0.0054991626954998905,0.004748850958479907
3956,5,3.0068839944337373,0.00801164922226082,0.0009663614158438889,0.0008506806057017107
3957,15,3.424739846419545,0.13314745682204587,0.016311525755884602,0.012837759806164199
3958,5,1.9551695196859846,0.1785915253543721,0.01509057612537645,0.011939086281289198
3959,15,3.7264468551618726,0.022185950666288402,0.0017553087349551897,0.0020274660595341137
3960,8,2.4127467964759424,0.1603801096478997,0.035167027447479696,0.02883650961191745
3961,15,1.5453463860182879,0.00645028484157275,0.0006908482116232876,0.0005490035951423097
3962,5,2.5498491903762295,0.005711667163868454,0.0016471435403764972,0.0013202579015858557
3963,5,1.5991412491803432,0.0032346066572335676,0.0004071154203897218,0.0003453621467685715
3964,15,1.9115833493353696,0.0002060722591212077,1.4195870923743434e-05,1.3267590630630247e-05
3965,5,3.1085782071988106,0.024559530299575572,0.0023807363547923895,0.006349171107576512
3966,15,2.576485808358202,0.0008589897617535375,0.00011424755918204186,0.00010379793570928169
3967,15,2.153836068448308,0.0288223446248625,0.0019444917573206606,0.0016911264139326315
3968,15,3.430848108399725,0.25186094238057943,0.05593931109416794,0.0515333478271366
3969,5,3.022584082306478,0.00018263054844152291,3.866696084860973e-05,3.0099116795783515e-05
3970,5,1.7176749779635214,0.01161479144944048,0.0017198012537113345,0.0016208455241749381
3971,5,3.6435914921948154,0.00031060678025406595,2.3864277362313588e-05,1.8919748769419585e-05
3972,15,3.7980385922951534,0.011698929446114358,0.0026861063706493356,0.0039213947139691155
3974,11,2.3145561919936486,0.005110944006395509,0.0005418103283331469,0.0004294689900446588
3975,11,1.584319029827233,0.002044408891156506,0.0002822670690389926,0.00024283170994411523
3976,11,3.2498073582098996,0.0149023422812896,0.0021282491059122902,0.0017827314491221723
3977,5,3.9523774600266406,0.08640281982913962,0.036958331197411536,0.05039654668305232
3979,8,3.283642481273863,0.008977222313677636,0.0010220320534874432,0.0008553895135527546
3980,5,2.169962467292009,0.00026623158181250667,6.93173873963555e-06,6.419858678975672e-06
3981,11,1.9320387000870216,0.00028081923630014907,3.8855300351597997e-05,4.492908877775793e-05
3982,15,3.43446786257537,0.013604735561345569,0.004402017291287743,0.0037542322802761197
3983,8,3.922181260703854,0.03138227999689229,0.010826062589352842,0.011563684194215391
3984,11,1.7247304445603924,0.016879998170633424,0.002096842875396513,0.0017437921274223677
3985,11,3.058091637449351,0.004179693695634356,0.00017810712434864314,0.00017602055416497512
3986,11,3.2342763024292256,0.00037511345127611934,0.00011362208850556726,9.527601394417606e-05
3987,15,1.5987098740075787,0.0166590448287514,0.00105936966645326,0.0009301588530112111
3989,15,2.0900439905665635,0.0005943359309780276,6.862177576792092e-05,5.8150970321100396e-05
3990,5,1.7224604514040605,0.005195979991845478,0.0009884115229566697,0.0007788273531953941
3991,8,2.353797391454075,0.00016168427018336016,4.00131565872075e-05,3.9213066125163666e-05
3993,15,3.2590414531518666,0.0012637693039304822,0.00020315506156236445,0.00017794327844799653
3994,15,2.7458087306934584,0.009059347188466262,0.0014699843453915744,0.001198726029229675
3995,15,2.955296910421383,0.00162032366572192,0.0004489257167535623,0.00039940163613993946
3996,5,3.583865165156664,0.0001217399668072987,5.753487155232781e-05,4.67268302279371e-05
3997,15,2.7726820250885083,0.046169798849429775,0.004520920418584193,0.005028243618232852
3998,5,1.663017869231765,0.0002235141034336631,8.153738446138353e-05,6.77338834951737e-05
3999,11,3.943920452022359,0.004091533077806577,0.0005104166744840594,0.0004214361201139135
4000,8,3.4600857373674803,0.00029776591396815053,7.992378445736449e-05,7.55518257643663e-05
4001,5,1.6323662294968044,0.03964004247091851,0.012112062965415421,0.011491874107849895
4002,11,3.401599334392995,0.04274374653097791,0.007639024910608333,0.008037578386664235
4003,11,2.338962945678486,0.00010298812262900021,1.8047914091392204e-05,1.5288912025790908e-05
4004,15,3.9517881081256903,0.032893159190759615,0.0049726270873941035,0.0051620041313412005
4005,11,2.719214389910392,0.0006324088681460415,8.488896906047321e-05,7.18235653748937e-05
4006,8,1.748214010307024,0.051783036201097726,0.007789377225694671,0.007629644659895156
4007,15,3.127372127249754,0.0015942713683537925,0.0004954787616404786,0.00040315943118038387
4009,8,2.4399191015609625,0.000649930733223686,0.00013481995112527438,0.00012670574709540717
4011,11,2.0463962576647723,0.0014168625493458245,0.00020974067652983327,0.00017793204804384497
4012,11,2.9278418800670982,0.03749787714405846,0.010459746839120796,0.010970263677394546
4013,11,3.3648581508138387,0.00035014825013649577,9.910453353100242e-05,9.557528500367227e-05
4014,8,3.27894060151535,0.03880008835365928,0.002504756224488209,0.0028190621641480166
4015,5,3.2025674646639417,0.0002716046028406386,5.354308246439247e-05,5.216286382765942e-05
4016,5,2.1720755582755973,0.0024947713674787855,0.0006864693869837394,0.0006672466698442845
4017,15,1.9114138321376102,0.0006565561860499586,9.191465435965411e-05,8.178560411225904e-05
4019,15,3.4263386540342835,0.003807433561608595,0.00041773367093290536,0.00035589530994024145
4020,5,1.5385685234189779,0.02737371725797963,0.0008020786452366455,0.0007266582637489057
4021,5,3.1176592255347058,0.00028664226086284856,5.674992684052175e-05,4.7335125652223333e-05
4022,8,3.3167669499016106,0.030590840021711717,0.008888929058325695,0.006664432648147155
4023,8,3.676210823819454,0.008311978357118568,0.002486458126447864,0.0018865586533104233
4024,8,1.816012861652,0.008411830619701143,0.0002925962676949749,0.0002981715155887157
4025,5,2.8529768222543916,0.011994333078051096,0.0007889268713594974,0.0006393604711195183
4026,8,2.8967415095140256,0.006319477251068986,0.0009265774911157617,0.0008219995827960782
4027,11,3.2039411373629507,0.01138525366111365,0.0021674275987348538,0.0017584516608820388
4028,15,2.1142080793637197,0.0016578820485085928,0.000350775482265714,0.0002743097554449282
4029,15,2.7067596364889845,0.10051771334508543,0.010162001274499018,0.008068505953062069
4030,11,2.9575267195494503,0.017534485673528267,0.003165165468108952,0.0030423028939505327
4031,11,3.081576991659523,0.0018234157259330885,0.00025948891214306024,0.00020492546736655624
4032,15,1.895750736148387,0.0005436413531071973,5.2498790009355105e-05,4.4647360434209315e-05
4034,11,2.4772767290046875,0.035526877577252924,0.007823552904942353,0.006378698845227721
4035,8,2.2340910024689564,0.08201800947545529,0.019351414033038285,0.014725218828759191
4036,5,1.5884152993285081,0.0017141813869959192,0.00021107675221183572,0.0001821727578667909
4037,11,3.9763723850972488,0.00011625084960162998,3.3160510759409296e-05,3.6257372822395896e-05
4039,8,1.793285207056915,0.3133679422297465,0.023070227843843535,0.0186795290487278
4040,11,2.1615157189159335,0.011336595048672602,0.002118466294873121,0.001890396639020434
4041,8,3.0515027183187318,0.00323734231463383,0.0003470357207332823,0.00031410688380007363
4042,8,1.7518088296173309,0.0019989760663052564,0.0003863929154480039,0.00034186546362830405
4043,15,2.968725443072523,0.000235465363385605,2.117657053381307e-05,2.028790414618234e-05
4044,8,2.5451555448866547,0.00021917722204161695,3.7105632140767166e-05,2.8793411428477896e-05
4045,15,1.9298036188716718,0.00010243931046727354,5.940550741206301e-06,5.270431605558086e-06
4046,8,1.6965774740927255,0.13717091968732362,0.016733093167849326,0.016883606867619916
4047,15,2.98462507862196,0.0064625945899837,0.001693108339318187,0.0012535785866706491
4048,15,1.6258867699300803,0.0012140364028079935,0.00012552700826556722,0.00013866242206718647
4050,15,2.686399155532215,0.00395665779173944,0.0011141176406143666,0.0009594140611966518
4052,8,3.4892785643892728,0.0032355593384974838,0.0006754192271873603,0.0006032458246851142
4053,8,2.570630912539047,0.013543828026663608,0.0017590184672722292,0.0017004368616629509
4054,5,2.6409510176628688,0.2786978496182187,0.005669209000883843,0.007912416397583232
4055,5,3.915603281790906,0.03939387853728654,0.018029736421801085,0.017084379804623382
4056,15,3.043118495514003,0.12574360531286963,0.018708545982532018,0.01784994123669988
4057,8,3.0045741473008962,0.0004456507288789744,9.005639988223315e-05,0.000103740268273768
4058,5,3.677311937716338,0.0002631337057523309,9.134451267119292e-05,7.033250469662998e-05
4059,8,2.273976000369361,0.0008464442462978612,7.528646246518146e-05,8.682698251610359e-05
4060,15,3.970949877724898,0.02602013141222053,0.0044967890000610095,0.004480199823727721
4061,5,1.8922261238550915,0.003969792824595289,0.0002358918426575846,0.00020941212222101808
4062,15,2.02712148534858,0.0027086487133106507,0.00018943439896464126,0.0001499903314274265
4063,11,3.8351676779161252,0.0007542242676685916,0.00010832044342151215,0.0001694446509088349
4064,8,3.831067460439292,0.015306399896570467,0.00145605169637001,0.001312093174030423
4065,11,3.9240434714903794,0.0009385107040224125,0.00017362149677491032,0.00017624711233541916
4066,11,2.2609277603576894,0.016008608339126207,0.0031461105270313714,0.002551611985918858
4067,15,3.706014863629333,0.0006655501434876319,0.0002764040279284474,0.00024948605199706783
4068,15,1.7701704474554574,0.02707843740587015,0.002200569428679463,0.0018137761428684226
4069,15,3.6904513387206133,0.012535293736736671,0.001342187964707896,0.001338051008655036
4070,15,2.0450369041368126,0.03948689919770201,0.0027999806074224063,0.0022206912599534515
4071,8,1.966040345705153,0.0012671215254737938,0.0003719170972097024,0.0004140169116866923
4072,15,1.9363944670056472,0.08259476651057553,0.007623560291481332,0.00644038325869752
4073,5,2.1049861175290703,0.0001698572561453,1.976031069090213e-05,1.9905639296840272e-05
4074,5,2.1681076027692927,0.0046037891020264685,0.001195368086854056,0.0014764719492709364
4076,8,2.435886976176572,0.005430589332256559,0.0006916418277523742,0.0005732241234502357
4077,11,3.2564087800213897,0.19880429099087385,0.007351385192233759,0.00762413193277113
4078,5,1.6811366617792787,0.002012492743082803,0.0006097106267972793,0.0006568767129895507
4079,5,3.440439636072668,0.0037981552951070648,0.000438194152154421,0.0004046002512066046
4080,5,1.532074368661641,0.046226281839860286,0.002670125236607811,0.003303750594039593
4081,11,3.514639928571054,0.01807785110770414,0.001798183355709116,0.001677028231746653
4082,11,2.627915911236125,0.00018657134132652972,1.3617069365550676e-05,1.338862326634241e-05
4083,8,2.677886491755375,0.022681747520391735,0.007505198421465022,0.009037021857488465
4084,8,2.7317817211033653,0.001184567967873219,0.00040711071639433656,0.0005038308616016341
4085,8,1.630307304937275,0.00016667767221374374,8.783709318550135e-06,1.1873183376052375e-05
4086,8,2.7909139050031864,0.012903744705846001,0.0015498891860790493,0.0014155051578741465
4088,5,1.9434487972906742,0.00017839364878636987,5.962440789694526e-05,4.499538040370095e-05
4089,5,3.566819086881057,0.036229198394450296,0.011882054936761165,0.009847477859520944
4090,11,3.222571127273506,0.0009666686071622403,0.0001124086464887174,0.0001124839413477672
4091,15,3.1323872033225486,0.007348167700311784,0.0007679290021841514,0.00064871850566601
4092,11,2.963763124536224,0.002504353037276811,0.00032318645155701877,0.00030941124216115874
4094,5,2.065318536291861,0.006562314963237245,0.0019355526433385579,0.0017422864345666435
4096,8,2.8126377488544714,0.1163833124899777,0.03013650788678629,0.023101332158281456
4097,5,3.929929627616583,0.0017278436060943318,0.0001413320253088673,0.0001319248193505198
4098,5,3.0294301777064954,0.03364177967337599,0.0072638712895787515,0.0060549072153809995
4099,11,3.404737044582279,0.0006197970087187793,9.320656079286004e-05,8.845972628876933e-05
4101,8,2.344781452417897,0.0028216506751871117,0.00045358078763843833,0.00037840161288417
4103,5,2.5085013469787176,0.019306596221559454,0.0025728127262220407,0.002545356494346281
4104,8,3.951320100162836,0.0041049646887828355,0.0013057601681106042,0.0010508619149362146
4105,15,3.362278412648119,0.0006070366964674248,0.00014631153504686347,0.00012607272227413188
4106,5,3.2701435399574974,0.0837604246531849,0.023139132144347384,0.01775649917072943
4107,15,3.397910242751502,0.0008007396141830784,9.29419217582198e-05,7.896161262821472e-05
4108,15,2.6764783724084165,0.00035148922406160046,4.867328649996122e-05,4.411737374230063e-05
4109,11,3.728288406215158,0.0011603992526448214,0.0002139962200898675,0.0001926214479509922
4111,8,2.8498992378297974,0.00047222074199106486,8.603049777397342e-05,7.072504127651915e-05
4112,8,1.9745308175424374,0.0013778138335411748,0.00024337220159122706,0.0001901392354204866
4113,5,1.6043787759673498,0.0002703779722948142,5.818475514303945e-05,4.460305209295541e-05
4116,5,3.4184275889137266,0.039591294602696434,0.012999602016241368,0.010367086369841664
4117,8,2.5250842046087243,0.0007186360532857783,0.00010717639181040785,0.00010580303387702935
4118,15,1.960309985923779,0.001612759380326693,6.376846682204499e-05,8.174132084716499e-05
4119,11,1.8269382092085562,0.002080999910785873,0.0004096832381586659,0.0003242187438345659
4120,8,1.8899704221170277,0.013249583987445343,0.0018740466565428026,0.001559558309031454
4121,5,1.924868553313083,0.20392068455932078,0.03166196076387005,0.02799842594541339
4122,5,2.6101161705753406,0.0004364526081694173,0.00011694513651908823,0.00010971894896008095
4123,15,2.4330524993791784,0.0009129900617872471,0.00010042152714552191,8.393714722136554e-05
4124,8,2.4276453444081527,0.06015317374080408,0.014689421167848103,0.014736436767072278
4125,8,3.178852131691992,0.003819449224341741,0.00024503388494549283,0.0001990473877577898
4126,8,3.1088474051221096,0.00013239349334787562,1.7623957363076206e-05,1.7776669134357712e-05
4128,5,2.0040855624414986,0.0004902444419699569,3.340239835663874e-05,3.0349320389613755e-05
4129,11,1.684252208668072,0.005903800425763034,0.0007343189415659116,0.0005985285822803396
4130,15,3.469644109173854,0.049403385058505625,0.007994198114740565,0.007911440840141507
4131,8,2.816415526471756,0.0003510830680570665,3.9213912071501324e-05,3.0211747480083363e-05
4132,8,2.3239241493660217,0.007934013350050912,0.0020831765762295623,0.0018902506351006396
4133,11,3.7982271060630586,0.0133640838784233,0.002023294587879,0.0015488888322615821
4134,5,3.5134327573001896,0.0002541766254541817,3.321447165100369e-05,3.879852757416973e-05
4135,8,3.1311852693255604,0.046357242629560994,0.0016026804443327164,0.0014850678497624321
4136,15,3.3718092412317096,0.00017781764764347667,2.927122343590871e-05,2.5864666041059285e-05
4137,8,2.9958391675189753,0.029520799622968084,0.005439611853636091,0.004473227322440859
4138,15,3.951218415393824,0.037103104444043154,0.008401651588863291,0.008283547692240975
4139,5,3.8587703454362665,0.0021223810323829687,0.0008839740738881291,0.0007856264769382317
4140,15,2.0665146491356543,0.0009289280179499348,0.0002690745366667889,0.0002100099461989037
4141,5,3.9628631915449697,0.0010518983340811303,0.00024389675548842037,0.00022767502886074728
4142,5,2.3970657823933172,0.013218710933367381,0.0003107341011974491,0.0003408925988296954
4143,11,3.364393993712516,0.01876087536942183,0.001995978171146843,0.0020310552137527754
4144,8,3.602587525167549,0.00017866482652430625,3.97146959321283e-05,3.3143655059806594e-05
4145,8,2.2181294919102337,0.00021045449158658484,8.226765808442413e-05,8.65214499264984e-05
4146,5,2.83491853524224,0.014444540888040732,0.0017278848535883984,0.0014895731909912704
4147,11,1.676601310671877,0.00040869050010702737,4.323925474691983e-05,3.517621321443632e-05
4148,8,3.2213300170923644,0.01960192182414207,0.003496433376943302,0.004266114316710677
4149,8,2.9680312755211498,0.0003084689978607584,2.9317291051256915e-05,3.8025969919414664e-05
4150,15,2.704656589482769,0.0006530385895820902,4.635174496932614e-05,4.6791953269865795e-05
4151,8,1.9047416663080146,0.00013822508735475243,2.4405997596042975e-06,2.3836100573764383e-06
4153,11,1.882194581677221,0.0035949064271145474,0.0006114915044488123,0.0005073382432149127
4154,5,3.5430475681597233,0.014739565286725965,0.00602988159241303,0.011871586220470017
4155,11,3.924257056326067,0.0003378174468167114,3.825945657149169e-05,5.848287621431958e-05
4156,11,2.1918294790445683,0.0026480846791657573,0.0005581231974744505,0.0004927487806979008
4157,8,2.1696459537779424,0.0004458169164516872,6.618077224701161e-05,5.460339534179327e-05
4158,8,2.46053017112881,0.01878500272004,0.004108677039334462,0.004638891611944514
4159,5,2.35286397097591,0.00018365301362021068,3.939495682533104e-05,4.63952977197016e-05
4160,5,2.9134267763223205,0.004424269310447838,0.0008659303759062067,0.0014358426809031116
4161,5,3.493976253610195,0.028366948627843697,0.013163667578267585,0.016175562254470262
4162,11,3.835420264252286,0.00017636470958558932,1.4080197192820548e-05,1.1542777847246418e-05
4163,8,3.1135710158513987,0.0008777307225620746,9.762855335541357e-05,9.189224212157192e-05
4164,5,3.589157636643548,0.115341020599414,0.04256475002880567,0.035566451002693344
4165,8,3.6880467564410595,0.001174802476697482,0.0002476322932857179,0.0002189212898688277
4166,5,2.0702519647481155,0.07392330253850829,0.02610894900758134,0.0215818991197473
4167,8,1.8684867592679655,0.16014987648707366,0.012836934081887803,0.01624113923436602
4168,5,3.699905013409378,0.003976701521178736,0.0002783898324481219,0.00023591448301508734
4169,5,1.9640967453775477,0.0005825794711312728,9.533612017718397e-05,8.532476566989623e-05
4170,11,2.9710738378780333,0.006591968817517987,0.0005625925490125483,0.00047083924171765573
4171,15,2.2366126349220146,0.0030133962000054985,0.0003798751748252216,0.00036691632089690893
4173,5,1.7806709518150075,0.00018014550728174134,1.7522094021882052e-05,1.471012180446859e-05
4174,15,3.9389495547049154,0.00020975359118093463,2.943287202559309e-05,2.6467879967325484e-05
4175,5,3.998928107045706,0.004700872919993277,0.00044150188368431936,0.0008335377248286396
4176,11,1.9582907723250154,0.004574329787342611,0.00038564019058057067,0.0006209974362917737
4177,8,3.673462003302541,0.014543354783335896,0.004003771015476918,0.003544762923643589
4178,8,1.6327233561647299,0.001134377928551048,0.0001759879126296303,0.00014846747883287312
4179,8,3.496739608651924,0.0004262806833651398,2.2305728017518067e-05,2.228989163460546e-05
4181,8,3.2617575617181664,0.00013402550464037896,9.484276637712327e-06,9.465849459011546e-06
4182,11,2.684870400920959,0.000533727155248979,4.2777345835118695e-05,5.21104913089071e-05
4183,8,3.4666690181517255,0.0003625002883896047,3.9161424093793015e-05,4.191496926073595e-05
4184,11,2.2624140388103418,0.0004421205795039689,7.9744136475101e-05,6.954929198423046e-05
4185,11,1.9196836080197182,0.007933601516145368,0.0008885862717952498,0.0007643160158311379
4186,15,2.126790427741322,0.011922087122384843,0.0015360134415501677,0.0012551388664751237
4187,11,3.1173864237249154,0.016485396970616156,0.0018736620952813242,0.001540506221270891
4188,8,2.7253686523696854,0.0658172776459937,0.009147487836942334,0.007952907355841712
4189,15,1.6891683229476682,0.0002550850676431764,7.901991622382718e-06,6.95273472721182e-06
4190,8,3.4852839870526218,0.024339841000601964,0.004479996481191526,0.006385989177815374
4191,11,2.549364563989243,0.026951786780740058,0.005976340439834883,0.005027072529871048
4192,8,3.4997673274509973,0.0731088757613058,0.018327094003994165,0.015928093775855186
4193,8,1.6315346344158845,0.0028303669590749674,0.000533212319093743,0.0005069612262449925
4194,5,1.8563440248322804,0.024341474644055148,0.004201406023828416,0.003693685695897877
4195,15,3.0237139714771017,0.001700819112864504,0.00026817516510732836,0.00020819568186119605
4196,8,3.6412417887723723,0.0006925270731732326,0.00016486939614490114,0.00013734865795108386
4197,11,3.2293273892577194,0.020313259696898008,0.0024960332621163346,0.0019988615667262248
4198,5,2.1577837697837445,0.0001624137876568822,3.512509623703044e-05,3.296377826805102e-05
4199,15,3.0801987721740924,0.011801966404851606,0.001424956445587198,0.0012214980002147556
4200,8,3.835603331915749,0.00026329655090833777,6.118365959548443e-05,7.022159451252908e-05
4201,8,2.2238042464994137,0.005736358237096893,0.0005995938773925644,0.0006810546781332296
4202,8,1.8100497614076339,0.1784102458322959,0.019158913997028078,0.01594292428685451
4203,5,2.963151993242671,0.0007581091691040565,0.00017912950705510733,0.0003023499428999817
4204,8,2.7289006897230705,0.03670406761459447,0.00867846892540148,0.0073668930733236365
4205,8,3.921034906197714,0.01642440884598063,0.0034577968984404756,0.010593268077209783
4206,5,1.6003725958625548,0.08658296145410822,0.006182436462295087,0.005571749713500982
4207,5,1.518742576123906,0.0003157800571472993,5.380909278534923e-05,0.00012029775078394473
4208,11,2.8673373253531755,0.002407706236642456,0.00019304920959797446,0.0002272627379579689
4209,8,2.148653138435927,0.0004626878385925812,3.9796083685608e-05,4.7977661060943004e-05
4210,5,1.52993811412876,0.032741681574908234,0.0020569059720886244,0.001956152424734235
4211,8,2.8073536889865673,0.00190411425364424,0.0006208251210971064,0.0004937940127150011
4212,11,1.9856831159324324,0.00014653998428740725,5.074552290648252e-05,4.07194164518693e-05
4213,5,2.659201494696685,0.009965221984701931,0.0014798322640336883,0.0012919067307556016
4214,15,1.820603682648102,0.006879507808387723,0.0014260989518719625,0.0011045373852016389
4215,5,3.8837890235943635,0.0012381914612693754,0.0006119025917374363,0.0005178859802048684
4216,5,2.3657834933651416,0.0001304020641788466,2.222791164604769e-05,2.543991772802329e-05
4217,15,3.5207851382744897,0.00023873962139303104,1.4077079353710151e-05,1.4784933124986716e-05
4218,8,2.467891608362168,0.00139527510151582,0.00012474639684634866,0.00012365014884073823
4219,8,1.9611415147676976,0.04254501492754664,0.005271470457257528,0.005505752107535802
4221,8,3.954761374136938,0.010059753247488385,0.00189135624664448,0.0018347456785682875
4222,5,3.957424575406936,0.0021484449414628575,0.0004377773738119638,0.00047434922180057606
4223,8,1.6880641820931586,0.0001239121029665935,2.3153360663599314e-05,1.8339409707963504e-05
4224,8,2.0727372863847915,0.007745224106624551,0.001153034921269563,0.0009194150651314647
4225,5,3.659450141113726,0.006329685710693335,0.0014360988967751954,0.0015412652895915424
4226,8,3.7317499685215063,0.00034444252035866954,7.84002053973543e-05,7.154237090240148e-05
4228,15,3.634434035811249,0.02108237879435173,0.004175208447955809,0.003607375379782636
4229,11,1.5912040680754833,0.0002443379107037767,1.6212230432888306e-05,1.319662488551563e-05
4230,8,2.0762452567432184,0.07915775768056292,0.009844052350461789,0.008471243479500172
4231,15,2.619959611368447,0.006672836321393285,0.0007408875447987484,0.0007247838951247453
4232,11,2.9250617333363667,0.001067929441154727,0.00010823127936457138,0.00012410856007377682
4233,11,3.2509530020114052,0.0006733789990584852,0.000131278399708324,0.00011599587388921628
4235,8,3.7214444119799714,0.0764744444497613,0.014981362063254872,0.01544918750618955
4236,8,3.4635777227492412,0.044476111679867474,0.007356520748218376,0.005960693894945057
4237,11,3.1654760119230225,0.0013154387541303835,0.00029324601577056795,0.0002391911313810487
4238,11,2.823038521174368,0.0015705322721942419,0.00012026344634331285,0.0001023499807037296
4239,11,2.4784442500303685,0.0034909710973413284,0.00047712278802777353,0.0005059753781033728
4240,15,1.9581613886514402,0.017365874063419683,0.0018985051998286805,0.0016186730726631354
4241,5,3.771730705679259,0.0013077047217664164,0.0004095916350987975,0.0003411959030127037
4242,15,2.2665843931425385,0.00012760271437606467,1.59462812773721e-05,1.5949212283045525e-05
4244,5,3.7024776519377194,0.09070854745974762,0.03680789914759869,0.03529087777758621
4245,8,2.218224772147014,0.010959231561375146,0.0017293975027566919,0.0032614594234525664
4246,11,2.101694118190265,0.004042218600998333,0.0003550950114039359,0.0002877491820627643
4247,5,3.0376148907131246,0.01635412769531203,0.0024001591982597686,0.0022000620877812064
4248,5,1.7122807937730573,0.0012000248518504258,8.440752599889989e-05,6.9038183354032e-05
4251,8,2.284403747292683,0.0013171853361027598,0.0004665208431344917,0.00038785023073379505
4252,15,3.681840536678198,0.0018117306923544666,0.0003173410280326626,0.00026448528568253195
4253,8,2.5391005581443338,0.0025743642561791365,0.000245256361184696,0.00043529568481062643
4254,5,1.5455490646154084,0.007527438842838516,0.0019538778145509815,0.0028659088030580384
4255,15,3.546062688662872,0.0008855190492765998,5.426675990899044e-05,4.2739413902761334e-05
4256,8,2.4988340389278054,0.025092235007001893,0.0037268269104278394,0.003035063562761483
4257,8,1.9000043690496835,0.006607433773671627,0.0003031114549667508,0.0002647444276375863
4258,5,3.8597730767353258,0.15256066562994483,0.03864273405703382,0.03043512133302732
4259,8,2.1530197904792563,0.00012125866526441536,8.557445010683064e-06,7.439053097241733e-06
4260,11,2.458115126945551,0.024545390501264676,0.0017711402840272557,0.0016764311618896466
4261,5,3.3623711864875863,0.08730345317660552,0.03229079796192928,0.05142076857339705
4262,11,3.175598901680075,0.01830020639865904,0.002149973251111555,0.002140702319480718
4263,8,3.4044898655818834,0.00040496982832672614,0.00010731067698621343,9.101658237169758e-05
4264,11,2.817309216141328,0.08717655951112524,0.019655923139013952,0.015983696101108412
4265,11,3.043086574601552,0.019696790697240094,0.006292792246170801,0.005803857546726063
4266,15,1.7045747406682041,0.0035058834640524154,0.00031360664069425613,0.0002938804349264263
4267,5,2.3917771693971837,0.0004122140749260342,0.00017108162142845092,0.00014645435090191643
4268,11,2.6247859338031145,0.0042572647913041335,0.0004038760834067739,0.0004893428448610636
4269,15,3.794820597899261,0.18571632310616226,0.02225723538977353,0.02284538766847802
4270,15,1.6829168713442835,0.0034742010816429946,0.0006081418346929622,0.0004769403227169606
4272,15,2.8155199936672073,0.01723062040919387,0.00246392247010249,0.002292094643648767
4273,8,3.943165318972917,0.0002294871110391802,3.3859413349671876e-05,3.304860242215751e-05
4274,5,2.0115854771937816,0.04789695885918834,0.002513467415450693,0.0022162178113572122
4275,8,1.5788790706090836,0.046223996934754645,0.004649249020659676,0.0043728833067868495
4276,8,1.526465836653432,0.006483889289763892,0.00173626778692177,0.0013591190663122955
4277,5,1.802560913018593,0.01787893734156908,0.003448038989234637,0.0026340735116166876
4278,8,2.643414417366309,0.0009403806016127791,9.949396766961838e-05,0.00011779078254284574
4279,8,1.874987614858994,0.0008004132906408956,6.147504998823369e-05,5.5235256352517226e-05
4280,15,3.669886484972593,0.00017779891507338396,1.7567099613578436e-05,1.7407997203657663e-05
4282,8,3.778233925242697,0.011814477111336364,0.0038678269346052035,0.003075232780220384
4283,11,3.0679391391412225,0.13829531435133063,0.01608887577199983,0.013078413124778993
4284,11,2.2563002363224247,0.00035266263349810543,1.9784125228626394e-05,1.6133471112745125e-05
4285,11,1.5895949419156463,0.00024635474510731244,4.242364836332986e-05,3.3466625762418555e-05
4286,5,1.897532273791941,0.00045987070225394664,8.452242847970011e-05,7.158025862859173e-05
4287,15,2.2434946550274226,0.0007942945164914192,0.000128275288469798,0.00013001068174066567
4288,8,1.9280126761604173,0.00027725594930694985,2.3028344056443384e-05,2.2390066826288068e-05
4289,5,2.6084852934363525,0.00334176838695562,0.0008609590287621215,0.0006512457877389877
4290,11,3.860372726778622,0.0019584120695547184,0.00035828578710362773,0.0003164217121304717
4291,5,3.182755908818388,0.00016449965413496437,2.2542420758936673e-05,2.165486022989835e-05
4294,11,2.994570285989282,0.021642051696963586,0.006110559988615539,0.005112840227784604
4295,8,3.6434307122054665,0.007252782260602668,0.0010209905517829026,0.00136397940955147
4297,5,3.4626512956653137,0.00571403615028768,0.0014724143571608055,0.0013143923883992886
4298,8,3.027883512654777,0.014574488930307066,0.0014175153294412822,0.0018853399687907657
4299,8,3.2591327303691355,0.029960018180046653,0.006452453872488065,0.006914871954112038
4300,8,3.0736556570808484,0.03535890508124805,0.007610460573027722,0.009022817384223036
4301,11,3.732491445716642,0.0012999698340933252,0.00019180298923853509,0.00015644657257990084
4302,8,3.170830855734099,0.00010384328865429708,1.160218465978854e-05,2.071253041354759e-05
4304,15,3.4951673704243524,0.08930712959165168,0.006307879939638684,0.005689694850292909
4305,8,1.7477149080440664,0.0005521430972158907,0.0001538586194577944,0.00014847575842443696
4306,11,3.5518113476738096,0.0882444045785555,0.02295194531261468,0.017741725000767723
4307,8,3.6378723606004737,0.000588036381203816,0.00016936421021656125,0.00013472982813730078
4308,11,3.7208381644607202,0.008523241529300419,0.0023606112947742895,0.0018452687893435948
4310,15,1.5291782960913436,0.0019189754793532423,0.00020780329260127738,0.00017804570898759107
4311,5,3.9425994461902154,0.004952128269779622,0.0008703548051413344,0.0007586070728116469
4312,15,3.1672853085468367,0.014610635490725209,0.0015753409066084295,0.0029171939424225096
4313,8,3.3470695434834647,0.0027274699673223864,0.0006013105289222416,0.0005697747519295086
4314,8,2.6375945736084154,0.04865469301838935,0.013964779363096494,0.012394037059558998
4316,8,2.8033844013437497,0.0009752093297488267,0.00010456387096647503,8.723353198952638e-05
4317,8,1.5837818670660517,0.0014143035439218667,8.535895060732341e-05,7.004732975178542e-05
4318,15,2.932512216322925,0.013452432435239994,0.001979897571190081,0.0018080027249312595
4319,15,2.012873614854101,0.005925235779835417,0.0005889078264638694,0.00046674280997656767
4321,11,3.1115830022484627,0.090983884799554,0.012424565183306879,0.009679442681409186
4323,8,3.025171806406355,0.015704001288585626,0.0037690796480974787,0.0030619611335764526
4324,11,3.1650770619557793,0.007623365969743481,0.0008511461465364484,0.0007355053999172988
4325,15,1.9277317170748245,0.009639626519387434,0.0013908326215794826,0.001234617070033662
4326,11,3.862311725212663,0.0015475242006666799,0.00014756058241150873,0.00014453051019357676
4327,5,2.6588127237476344,0.0008815122967699423,0.00033268955822630356,0.00034651854707926766
4328,11,3.2975865101062256,0.04112565254925545,0.006508815005757446,0.005228053733516407
4330,8,1.6452916401274678,0.15621353636523475,0.017615753779582067,0.01461522458393146
4332,15,2.2769648611680102,0.0009793279842161963,0.00011278347947718755,8.928434671327255e-05
4333,8,3.761872765022493,0.06583221031784789,0.03181926397458121,0.025764036954649974
4334,15,3.319861484127023,0.001040651086317492,0.00031141292433772735,0.00025105652142142485
4335,8,2.059159973329956,0.0993904119849163,0.005325121433371362,0.007277042030368497
4337,5,2.721392661734991,0.002318173500582003,0.00018177116205004212,0.00019208848396335903
4338,15,3.1182252947702795,0.00014879181940525955,2.3771060197326514e-05,1.9287142126974344e-05
4339,5,1.7292604889219003,0.00048569581709642667,8.156293747364811e-05,8.286049534372402e-05
4340,11,3.6779361340654253,0.0003075738060775062,0.00010564689443754037,9.666254465271821e-05
4341,5,1.8077294492705933,0.0012251064580378077,0.0003495408433303994,0.0002642124604803821
4342,11,2.0324927393237213,0.00014991279172102992,2.4113116226277142e-05,1.9622891823665375e-05
4343,15,3.1301892071808997,0.025127565870777604,0.006244561501841684,0.005686507863044296
4344,8,3.431644864616505,0.00013497055225224127,1.9097180513344307e-05,1.5302247562201513e-05
4345,5,3.101324146507698,0.004078410308145327,0.000831188619146639,0.0007739341272138339
4346,11,3.0633918732373,0.009266496430995093,0.0013776994084088996,0.0011665737241923545
4348,8,3.1088103140694026,0.0022869207467750303,0.0003474127852008297,0.0002897865672739318
4349,15,1.8881302995607094,0.0017876474603801373,0.0001132716269731621,9.630053773916889e-05
4351,5,2.2535755736416494,0.04730479607254768,0.007050836164648364,0.005982233371003446
4353,8,2.926078558359139,0.00047577861582623663,6.609483529759454e-05,5.473684162348133e-05
4354,11,3.3570825849576993,0.025363274024042735,0.007104872231039759,0.0061180888283980835
4355,5,2.375621106628161,0.0017802103698105448,0.000260871262932353,0.0002142568609494849
4356,15,2.5826570600041556,0.0038165083714353,0.0008435597334063974,0.0007363352391020535
4357,8,3.6572494366547246,0.009568267409452913,0.002444505041622883,0.002015177647104877
4358,5,3.937462408137759,0.1595122759236586,0.059054034472801845,0.073632051479475
4359,5,1.6886713965190951,0.07548804523240146,0.01576366623980264,0.015372422198801113
4360,15,3.6915214274047057,0.020069722135952817,0.0058260562578745494,0.005010786431887063
4361,5,2.240800056207378,0.0004309428181630895,0.00012917618371985424,0.00011160341868563458
4362,5,2.1110874594657996,0.00036313686967687925,2.474799633584448e-05,2.6550702696786845e-05
4363,8,2.977907007729194,0.04399363458618754,0.007215917619946428,0.011005674078620827
4364,8,2.37345278791939,0.2967415498351771,0.03160937536267697,0.02595878979106151
4365,5,3.2753339027793253,0.008142337592206127,0.0011882091976188188,0.0009714006243325241
4366,5,3.504452035026399,0.00014311325334411928,1.5223246591596348e-05,1.29911510913635e-05
4368,15,3.2058109970032813,0.0009191516581277535,9.363584008540531e-05,0.00011369763398811402
4369,8,3.4777570192735525,0.0004586660363953866,8.144344477473633e-05,7.153461110518474e-05
4370,11,1.8546643891784083,0.014533982127891918,0.0016744707273234623,0.0013866831010434621
4372,8,1.8621475606984346,0.004621621556693202,0.0011290612342016993,0.0011398219335678709
4373,5,2.3551240954383914,0.0028590388624440267,0.0005271145635963435,0.0005299018857554511
4374,8,3.2434032225603073,0.00022394814229198724,3.6015881693544705e-05,3.353559044873356e-05
4375,8,2.302934653422675,0.001719373699110246,0.00019039664591175595,0.00021624661240225913
4376,8,3.571900580837136,0.004109968684171293,0.0007752134543800505,0.0006334550302035328
4377,8,1.830290779162541,0.0004525765602722991,4.883894360121468e-05,4.3571324786402816e-05
4378,15,2.9997832158681437,0.05256573072424209,0.002419233103339303,0.002519788217801225
4379,15,3.0374615467195754,0.0002902019941144896,5.037982517704359e-05,4.0095137516001375e-05
4380,8,2.5018286939904724,0.00018473271039268625,3.6656886805810516e-05,2.9573443236490106e-05
4381,15,3.518319698517856,0.007444345190681505,0.0008132792226501939,0.0007674561077747513
4382,15,1.8847324462325872,0.0018702451628824742,0.00017257206009011996,0.00014787091471386328
4383,8,3.0707054262234226,0.001509182823510613,0.00046196513608416135,0.0005618741192891225
4384,8,1.6718397531601943,0.004576148905686604,0.0012066158452828674,0.0010815073494392054
4385,15,2.6499136255668847,0.030218094108190825,0.0011855537044612534,0.0014082381698978584
4386,5,3.858051978885226,0.0012668431337186034,0.00013458146862079984,0.00010689774619958485
4387,5,2.8829487710376847,0.00017590589928294086,5.934776483552515e-05,6.191987457553486e-05
4389,5,3.8197403657668874,0.1053029939267419,0.05158985808940776,0.03872793848098414
4390,11,2.375427158359791,0.015410025067567102,0.0011118964535307388,0.001041288052347256
4391,5,2.805095614692589,0.003360481808011967,0.00021031406437668684,0.00023033347075165748
4392,15,1.8134123937418243,0.10359366852875314,0.004241709846428507,0.004217815526959028
4393,15,2.5423711170901186,0.03628913292359938,0.0010697322002541543,0.0011894813119388776
4395,15,1.76803456692934,0.000377111415428105,3.914458055344423e-05,3.931649849896865e-05
4396,5,3.9522625975066994,0.14506375237230285,0.03185107716737189,0.036906230307829
4398,15,3.3301047132200083,0.122970894593041,0.017761178199329937,0.019887337168978097
4399,5,3.6296278830446207,0.00012227274251436383,2.8106490085672028e-05,3.687480265082898e-05
4400,15,3.1101759903153114,0.02438936076525001,0.0016402755109826803,0.0021454953070459293
4401,15,2.6247876926215126,0.00023324800612203726,1.656858359574042e-05,1.992383656399705e-05
4405,5,2.974082503689792,0.010917187570524674,0.0011066327871347343,0.0013916041461812492
4406,15,2.528751702211262,0.002821138748145547,0.00026635904886965407,0.00023492193783843763
4407,8,1.7283008771353832,0.03630838920879308,0.003116859190779391,0.004405139441102717
4408,11,3.6281248959585284,0.00011447727868019814,1.4955481137055644e-05,1.2064735894680696e-05
4409,5,2.26636464730643,0.03623840107471917,0.006925036898053528,0.0058714509421434625
4411,11,3.4319109056396675,0.0018639453624280402,0.0003568892374153077,0.00028367755412768365
4412,8,2.046701666526232,0.0003996236130551252,2.516545122565422e-05,3.412925284443937e-05
4413,15,2.563589104699139,0.00025561370076461145,2.4452815131779887e-05,2.633663046350204e-05
4414,15,3.925212273296503,0.0007480631742611387,0.00017128217288715558,0.00014324235734383006
4415,8,2.7925924905990676,0.0002356830442848488,2.9171533146016056e-05,2.6644205499558492e-05
4416,5,3.291964013472978,0.20379926256197872,0.0816428558990354,0.060951738240892325
4417,11,3.8931155645462114,0.005409513382678686,0.000733657835831243,0.0010851298318282961
4418,15,1.5603431998288704,0.06104621358523609,0.0028102201442801555,0.0026435918827885075
4419,5,2.4049471255234165,0.00018770574552715017,9.972454981785939e-06,1.721386293511311e-05
4420,5,3.896649871151736,0.00012838118589402882,4.796806435705587e-05,3.7080090637001536e-05
4422,11,3.4925950810052933,0.006169687799762709,0.0005681757067824662,0.0006818899335247004
4423,8,3.7996024539488316,0.01441477887294809,0.0039045280442729013,0.0033320477475543417
4424,11,3.748939932089626,0.01544832399393101,0.0032715472445799887,0.002702965932503782
4425,15,2.748637290217156,0.0006429273551777885,7.793130750119578e-05,6.217514223852401e-05
4426,8,1.7410781775302515,0.06716659671992856,0.0040747859210599445,0.0031391867388265962
4427,5,3.3417712904598322,0.0617127988261651,0.011899144792300207,0.013844403979355777
4428,15,2.1866871565397332,0.02205713957834468,0.0025893476472327688,0.0022782198235939423
4429,5,3.0067428995623273,0.1399835995096219,0.05492596000453675,0.05283453845938902
4430,15,1.6547285369188285,0.00015735800397692894,2.6583175448910377e-05,2.4509881841196103e-05
4431,5,3.516158337734063,0.0003928552292433183,0.0001511573937515648,0.00014703284914575673
4432,11,2.577972507544272,0.0019372364684505639,0.0005735488059701472,0.0004755507583800538
4433,5,2.0680483464567407,0.0038914241762361404,0.0004951698113330519,0.00042544711366695017
4434,8,1.6052724428194516,0.0010521658644257474,7.306632057416161e-05,6.586958866485986e-05
4435,5,3.217056997664784,0.0014206414670883385,3.863325506055003e-05,3.326298866795536e-05
4438,5,3.9564337055475627,0.0004266073555003033,9.789435680578034e-05,8.062906020105278e-05
4439,11,1.7798373225526714,0.002351646089202295,0.00016932395047987686,0.00020382572016360308
4440,11,1.683784811377874,0.02573862850167315,0.005778429569948619,0.005032541284201106
4441,8,2.1223320501511793,0.014933297763349848,0.0006179460721283734,0.0005661549543784017
4442,8,2.0148504401443437,0.0018984630924755832,0.00023304104542100286,0.0001952806104501455
4443,5,2.6467172896086995,0.2593955066885038,0.0899000532766314,0.07281051505107312
4444,8,2.89115105371085,0.11262113959240996,0.010123311327208392,0.008054062377436895
4445,5,3.8396453489653775,0.00014591538393792473,2.1859967299625735e-05,1.7051986003714514e-05
4446,5,1.7059004856399804,0.02561640065605473,0.0035430443904178864,0.0029341747516276476
4447,15,2.285004342098781,0.10105116952930088,0.018370000831948848,0.014825691502901096
4448,15,3.88527573985136,0.00015093677541945348,2.0910507011412124e-05,1.857944529988294e-05
4449,5,3.9451543526108486,0.002464632775245454,0.0002917451156698971,0.0002480168246911124
4450,5,1.5439261286186619,0.0009760913408656335,0.00014202774354642685,0.00012750399919486403
4451,5,2.6107032005434596,0.006501811766455907,0.0006368785844949039,0.000526138013342139
4452,5,2.7818304016250597,0.002740137062607273,0.001072961859404724,0.0011562484694864698
4453,11,3.608883418721686,0.002844793828889421,0.0003317102088020406,0.0002762902061588728
4454,8,3.666805792228081,0.002344522903230066,0.00022204956476787807,0.00018478670550774043
4455,5,2.4512593552704587,0.13542046936635116,0.03319164942223975,0.039603416857823634
4456,11,2.260403028683239,0.0022824761478304726,0.00026460020918261495,0.0002173838493657379
4457,8,2.0776111409232256,0.005445548134836928,0.0007335902363764287,0.0005946498593312137
4458,11,1.9377494385729968,0.0006237999151163988,0.0001052194486908979,0.00012858550840129179
4459,15,2.3174518704374085,0.0006213023936641198,7.060576469246088e-05,6.25231410726591e-05
4461,8,3.9291401514949076,0.0019837696021490926,0.0007552960068662322,0.0005682002756720543
4462,11,1.9527464998459496,0.00018062718550928907,1.292407740328904e-05,3.8374380663979215e-05
4463,5,1.8949966629806352,0.00011514064989484112,1.2254167444308644e-05,1.0743632634668254e-05
4465,15,3.1233219978179574,0.0008681771598705758,0.0001971620226084892,0.0001592304643842914
4466,11,1.5521069881805245,0.00024182179993305223,3.09506216667764e-05,2.90825001844883e-05
4467,8,2.0313586264838204,0.0002740891038702013,8.110118178719572e-06,9.8079055943653e-06
4468,15,2.6743303803685268,0.05179642786412913,0.010314381378594223,0.00833627437710815
4469,11,1.7150992444605413,0.00025374010675791817,1.2107902297737863e-05,1.0337698012055978e-05
4470,11,2.9523799352167868,0.0005624792656221474,0.00012462071791455559,0.00011370447005607464
4471,15,2.7888309660909614,0.004458116124795907,0.0011081233426049387,0.0009292052128800818
4472,8,2.6748434176551976,0.04609792718757363,0.00853650162366225,0.00674005191690214
4473,5,2.7151386786955056,0.07934565310087068,0.01263021589889423,0.010566422801739944
4474,11,1.6156938708828963,0.0003372816662425797,1.591494006441725e-05,1.461173695366219e-05
4475,11,3.677210383196436,0.0009495566873521192,0.00021793562781540003,0.00017234653749164495
4476,15,2.834682092558355,0.0001406394528126919,9.528204416887447e-06,1.0006938250609078e-05
4477,5,3.5330743670858364,0.00038797256195316645,0.00015988454930841996,0.0001980543861444747
4478,5,2.661044652668115,0.008891797456041853,0.0006636328975967245,0.0006297077932842008
4479,11,2.9349246625926204,0.0009445460821928778,8.290266669654686e-05,8.312380055134518e-05
4480,8,2.5415124654620294,0.0011924081320654402,0.00022920595747793492,0.00027863359357010146
4481,8,2.1609580464181257,0.0021167055243670827,8.989381725109755e-05,0.00012693106022107598
4483,5,3.055640951270649,0.014955321518976696,0.0063294075101241,0.009191069680895145
4485,11,3.555971987679118,0.0021281086668282294,0.0004444704206509092,0.0004385380043652196
4487,5,3.706868146562956,0.03367776810697385,0.004005179763637774,0.003686451125848262
4489,8,3.4593995663067103,0.022418644796044312,0.003739632700500026,0.004116715579359057
4490,11,2.544789839419102,0.00030688043262015697,1.937407111083433e-05,3.6590778813149944e-05
4491,8,2.237531549611122,0.024307611942339245,0.00397396028312955,0.003351019352527725
4492,11,1.8197184789870446,0.05993897604706059,0.0012916622021889074,0.0013011710609185864
4493,5,1.7243505974845887,0.018124734607665317,0.0007297288349322835,0.0009097726770827541
4495,5,3.079441010699559,0.007992454765681683,0.0012238322823565284,0.0011113511007161928
4496,11,2.793939487382297,0.0003099645351639926,3.184654623302067e-05,6.128234665123162e-05
4497,11,2.565886188778375,0.0016886278738417102,0.0002562199967040144,0.0002056436026843726
4498,5,3.724746393243418,0.00012102524817961037,3.535310731277384e-05,3.155532709867874e-05
4500,8,2.5828013913418957,0.012992645467847591,0.0014056713690691661,0.001550540971116352
4501,11,1.977262337906348,0.08591623648317584,0.01045608875902403,0.00914746225532929
4502,8,2.936696406450192,0.004231950173140247,0.0007289712718890743,0.0005811975456769785
4503,8,3.9039044179914844,0.22693781353608308,0.0542163668646952,0.0453079679821268
4504,11,2.2383893451531867,0.0006578103243976162,0.00010978966222381561,9.093593498062268e-05
4505,8,1.8033876923006122,0.00019491821738837258,3.4030912990692275e-05,2.982018136769423e-05
4506,11,3.7841973076530553,0.000355833604869408,6.0224998502076226e-05,4.934986780544263e-05
4507,11,2.36086655856184,0.04384088970475292,0.00460071892534814,0.004150795490432981
4509,15,2.1590874346581104,0.00035500514642508325,7.351948324806411e-05,6.167757848289512e-05
4510,15,2.7495247758528953,0.00020463116080743555,2.7707540951801214e-05,2.1133353865027062e-05
4511,11,1.7088779936248606,0.0026036274509071166,0.0004258997336259037,0.000329758567937967
4512,15,3.975531609188896,0.0005513315608372263,0.00012068751702650732,0.00014497337627838755
4514,11,3.543820699083649,0.0004905672236002903,0.00012891711926622213,0.0001229404641515586
4516,8,2.979625339552867,0.0003418797408797996,9.176875305047944e-06,8.497130224279783e-06
4517,5,2.8515703856284227,0.00013957072012828396,4.2803379080712936e-05,4.3196921176096216e-05
4518,8,1.941599741274259,0.1332911514561565,0.017210966230248977,0.02141547002063256
4520,5,2.4658942755857125,0.03707514132155774,0.01180282283541859,0.00959931586217329
4521,11,3.1804838935583066,0.0012061996146549765,0.00022354953287978462,0.00018123508897308812
4522,5,2.302824774272869,0.00047667265917724884,0.0001562210127537082,0.00012791070055518403
4523,5,3.8535164884361714,0.00022067217615665596,9.415576281357044e-05,8.526771967986556e-05
4524,8,1.8321045549173427,0.0712530723697516,0.007065491828663573,0.010173986563396843
4525,11,3.1217653932406084,0.00037662884193505027,6.237367470121651e-05,5.425107825275583e-05
4526,11,3.660308069105388,0.02939799915112366,0.005204866306696472,0.006290198564528645
4527,8,3.7753875854309276,0.0019580724822489816,0.00019600236924736307,0.0002447786545427422
4528,8,2.38637824909729,0.0007030162335546717,6.046891258143611e-05,5.7466724003883025e-05
4529,5,3.2305329209526907,0.00020142161004277714,3.647566005323454e-05,4.5404920158777516e-05
4530,5,3.9203317339376476,0.004259482324073979,0.0016575476563524926,0.0014851505344055363
4531,11,3.780785019262895,0.03540346256632113,0.006060178958437093,0.005234658478016392
4532,8,3.458560979725915,0.0012060564072902435,0.00019704906986341375,0.00019648534778662268
4533,11,2.966549720816878,0.00010697332172237298,8.534091352863882e-06,1.525225333975294e-05
4534,15,1.6026617117893167,0.038339620602618134,0.003053246993910895,0.0024031136577136406
4535,5,1.6700034561359316,0.018945714564674972,0.0027527657185859706,0.004482225500658068
4536,11,3.221021936253479,0.008256990440528038,0.0007023288802365344,0.0006212111141755522
4537,5,2.6402125202475974,0.001398563012198424,0.00047734136386248826,0.0006225749072354739
4539,8,3.136988085535121,0.00016377702901437317,3.48971754733185e-05,4.214407316739734e-05
4541,5,2.4540027146262893,0.003916431312855848,0.0003776937881635289,0.0003031296992986554
4542,5,3.8570377511416,0.054988654266152744,0.0073915823683300495,0.006916726685898392
4544,5,1.5513668585516092,0.0017998307756788064,0.0003419873156233616,0.0003497179983631281
4545,5,3.6323174999464904,0.05953868273609267,0.017477132447460707,0.014112280004498877
4546,8,3.496881227731805,0.008492215516598142,0.002043435725960353,0.001578246861013643
4547,11,2.6792456168556784,0.03729099193309332,0.005549813480602056,0.004832399184019067
4548,8,3.382256366452265,0.0006491051035345683,9.702857419745234e-05,8.369862233134277e-05
4549,8,2.437955425825859,0.0049486390446735725,0.0006143011718997913,0.000511388368360188
4550,11,2.737944424204237,0.0003921011561610395,4.5982906815344604e-05,4.859046601874964e-05
4551,11,2.7729972409079924,0.0018194348177826127,8.96986185994038e-05,8.101908211915198e-05
4552,11,3.0220151775607187,0.010913282358862672,0.0009759534571078244,0.0009012945575623936
4553,11,2.4848940031819136,0.15495244095980334,0.037311486826003944,0.038027277338818284
4556,5,3.781941496527455,0.001948594783303353,0.0005347867677510424,0.0007877455912914757
4557,11,3.5155923446416772,0.00010730145438375674,1.3380490846542249e-05,1.2204320445258626e-05
4558,11,1.931864468204912,0.0006821697991255368,0.00011998086689622717,9.899964206533716e-05
4559,8,1.6047739327618638,0.0005083129491538045,9.65641288608974e-05,8.268792752606373e-05
4560,15,2.324798102473346,0.003846189732897478,0.0003682984922329279,0.0003325301314103596
4561,15,3.794974715746868,0.005882828113803089,0.0004376199154248869,0.0004138378252285158
4562,15,2.991307934813685,0.015598390958612493,0.004310773629992521,0.003420081055386947
4563,5,1.6247516362943089,0.17649829605121128,0.05266369355288672,0.04042972583808214
4564,15,3.7734272197474956,0.0007304199884170887,5.167400233495065e-05,5.9580505873163185e-05
4565,11,3.1285450780687847,0.00916990144864222,0.0016306181962049732,0.0012474808385945666
4566,8,2.1275646875686034,0.00025338002239172795,6.546848537011595e-06,6.106817484218569e-06
4567,11,3.396214945940234,0.0016591341918144452,0.0005031493986308118,0.0004351533903740175
4568,5,2.7767592284194524,0.1719932208995876,0.04400978621506771,0.03777010259426335
4569,11,2.7668526359046357,0.00048036913163352577,8.127817634688465e-05,6.465393979186669e-05
4570,15,1.8192250293657082,0.10054196827875092,0.021666039842285167,0.017167276296190453
4572,8,3.1902916449767833,0.06399229675007023,0.0058607366475485504,0.005962236724237688
4573,11,3.688813588396112,0.00026109318482929906,4.095877239602455e-05,3.932769429502933e-05
4574,11,3.2210240213120716,0.00022284255602968595,2.37528711461208e-05,2.3221577251396104e-05
4575,5,3.094660069648893,0.002117041894392289,0.0007076385781190479,0.0007017170227465552
4576,15,3.0719298715335923,0.00022717918812990924,5.3245769801197934e-05,4.133146315265601e-05
4577,11,2.3141947490830472,0.045099968885117546,0.0073225065446861776,0.006277433414580869
4578,11,3.8627364116666656,0.017078724030761678,0.0017736505658718822,0.002639315343354517
4579,15,2.2323435729483965,0.00031790167495998953,1.920505644347983e-05,1.5502741519177853e-05
4580,11,2.9338803103312308,0.028839356808929004,0.006490824056685494,0.005409628287389829
4581,8,2.477108436453903,0.021107460689824404,0.003288518532624909,0.0033067458892389588
4582,8,1.5577833251840374,0.010677023295959862,0.0010887822022760479,0.0009146461355802296
4585,15,3.2655273150801403,0.023106370647692984,0.0008254891438211053,0.0010808831651652742
4586,5,1.7235024967349433,0.07095904834850517,0.007850897602654932,0.0066505133422886985
4587,5,3.2585897815032103,0.0080787627749418,0.0022238511642672003,0.0017911130433763275
4588,5,1.92816969221418,0.003915614365866502,0.0006624199815257338,0.0005470971940708659
4589,15,3.0257167992173177,0.015769542538416746,0.0007024092621810558,0.0008876912817087163
4590,15,2.939306566873499,0.0002964455495319434,3.846381818973955e-05,4.6914075260251365e-05
4591,8,3.211949884376421,0.09762610966926323,0.004004175245662118,0.003979977261056215
4592,8,3.893261783936427,0.0033315688463365287,0.00039602952422251956,0.0003021406403507986
4593,8,2.291474266508196,0.006192990797635809,0.0011348161958483003,0.001909780758790979
4594,5,3.954876226315007,0.034826115433373744,0.011823305739382704,0.0091603086873334
4595,8,3.60792016612316,0.024656353379291146,0.0021461961311905497,0.0017486247430767187
4596,8,2.0328547288878713,0.028498706251428793,0.007077625033274432,0.006212196827253365
4597,8,2.3299653369718314,0.0121969811025741,0.002557244056459808,0.002101901933153733
4598,15,2.8381359986280557,0.0037900521089830044,0.0004757516959949361,0.00045453200959761004
4599,8,2.4950881792275195,0.0005844860416983451,0.00019216622947252225,0.00014292427094940023
4600,5,2.9278168904499506,0.004348164940853757,0.00017731499801415957,0.0001315203893794949
4601,8,2.009104238367681,0.00011403912243506553,2.8500318515543996e-05,3.0049031957255493e-05
4602,15,2.0530834832927973,0.07306703200828028,0.0052195836996398685,0.004956225634956717
4603,15,3.536190150079693,0.0334721691814322,0.005717603792044811,0.00461023611612842
4604,15,3.700988512891268,0.01166953595104752,0.0018145003056192002,0.0019297490924962595
4605,5,3.2848506954168943,0.023690908071229765,0.010073129146624449,0.011371582083298823
4606,5,1.7444499363033605,0.00028893402400848527,3.405607226522611e-05,4.1230308369572434e-05
4607,5,2.0913342808890047,0.08082357162191665,0.0043168629372839626,0.0044280379451702104
4608,5,1.6632144633925097,0.01318116882987277,0.0021564292652898115,0.0019375409776357724
4610,15,2.646717472148168,0.08974640746230228,0.007520375888973225,0.006011681156954683
4611,15,2.5902836671708758,0.17614660860720485,0.025933386587453883,0.021105723098962807
4612,5,1.994487826784903,0.024980842275563464,0.006494666671016376,0.00845215753383167
4613,11,3.536068274176324,0.0010206405441197117,0.00020565177573704377,0.00019387300378373445
4614,15,3.1171379594433155,0.006742806262161268,0.0008305554184754175,0.0007000192005511838
4615,8,1.723504779600578,0.0001801586596206929,7.898579836958532e-06,9.348122497079467e-06
4616,11,1.876605104424264,0.0025922709763077415,0.0003381756868531941,0.00029223629039136484
4617,5,2.261036643888649,0.023402311960400535,0.004918119525321774,0.00578129510788437
4618,8,1.863682411328281,0.06616552898680328,0.010173698518598517,0.00835250109693405
4619,11,2.9520894958011867,0.0008709436330145211,9.545605760727682e-05,8.664490231216337e-05
4620,5,2.5682700868190245,0.010647749532998201,0.0027566440001656647,0.002958656362292252
4621,11,2.5468897964322177,0.0008972215752581537,0.00016797763187452203,0.00013256325985244093
4622,11,2.8589863526500476,0.24183370753385397,0.04900257116899103,0.03863984461123239
4623,11,3.6905712232089156,0.003955482337169867,0.0005252451605096669,0.0004267590319481784
4624,11,3.9631928753516634,0.00019155946810291824,1.3546215740149287e-05,1.3564194837628544e-05
4625,8,2.2002132627683686,0.0005931145771896002,7.173442753931809e-05,6.208488534171397e-05
4626,5,3.2811913550818033,0.00781559426594854,0.0009551163820952998,0.0008527438929286728
4627,8,2.25018138428062,0.0028239617901465214,0.0005912337317099445,0.00046289931928288015
4628,15,3.5213660540475433,0.022253531147657088,0.006030469998923114,0.00655178711244485
4629,11,3.7518917394406963,0.00156620544092756,0.0002923209924365638,0.0002890133649099699
4630,8,2.378945042851147,0.05539995082599249,0.006976396004986901,0.005681984414812253
4631,11,3.0249739150196,0.0006396886590528664,8.399108863066764e-05,6.966179300345505e-05
4632,8,1.6226158751160809,0.0017489676186952625,7.804210848398581e-05,7.457247827606582e-05
4633,11,2.3010800061900993,0.0026862693821198156,0.00027933558437712137,0.00021785718475495278
4634,11,2.867104393745425,0.025023030284178828,0.005097341125863924,0.004872434040985573
4635,11,2.341618069068812,0.0011809773841427056,0.00011300765178827331,9.589319416885256e-05
4636,5,2.351165546214569,0.014718815960494402,0.0022606001048464937,0.0019491302693943982
4637,11,3.3414348247337617,0.0017884376060419756,0.00014873867178312447,0.00013911970904322118
4638,11,2.6861661022111067,0.29847405472174404,0.02547247467797009,0.020906460509147025
4639,5,2.9115339722419518,0.0005941532142029215,0.00019373711967292384,0.00016980363468944559
4640,11,2.9047939711922783,0.051504751537397614,0.00856785174675595,0.006812078247491967
4642,15,1.8556390786358146,0.00395963805127732,0.0003663197001489443,0.0002949737613149991
4643,11,3.1295315782743804,0.0027322031112004055,0.00035284715414501575,0.00027832785927945643
4644,8,1.8400739602299727,0.013067334838841689,0.001086020098848619,0.0019403643805840063
4645,8,3.088385593331182,0.00021042894917836722,5.8620223488330155e-05,4.751169468079528e-05
4646,15,2.439586005317917,0.19441620109770308,0.02145098858734627,0.01669163367213144
4647,8,1.6536343698627496,0.1329408366514174,0.009988960834712247,0.008252838044893893
4649,5,1.5471837853619614,0.09477344833262023,0.010007107710533404,0.009936707576817316
4650,8,2.7590617786455867,0.0016602626656074158,0.00021341361902627216,0.0004589204132069716
4651,15,3.377952251147243,0.000771615596708268,5.245808743682837e-05,6.814073385890977e-05
4652,8,3.3217501541364927,0.001897459005380137,0.0002584446660072328,0.00028068908026373395
4653,15,2.762365160911339,0.0006593662104492308,6.272446089090593e-05,5.0152539195060464e-05
4654,5,3.5442334172952803,0.05470746235466955,0.010584618069449745,0.009130113875082026
4655,5,2.64856615767263,0.0025236103861313313,0.0006809370442072846,0.0005274280133944608
4656,5,2.949307970864915,0.04237538383331008,0.012381598996561738,0.01166893365162285
4657,11,2.920320020932586,0.01098638993108588,0.0011686179834246764,0.0009217115438081684
4658,5,3.8462014694764246,0.002219812566093562,0.0009309330952975577,0.0009441788803950519
4659,8,3.2906915244962422,0.0011521569350584876,0.00020542795086184526,0.00020352329950843427
4662,11,2.4815705738718057,0.01420416315304319,0.00355423103291008,0.002980184258735026
4663,8,1.757193945336117,0.00016250147048499537,2.092021848885671e-05,1.890471474576364e-05
4664,11,3.1025025701489595,0.0006188674072670592,9.841007483975275e-05,8.591596480648216e-05
4665,11,3.3338066903762824,0.0012083385450870857,0.0001135513682166826,0.00012840922140605583
4666,8,3.6205803339108193,0.002336597839173646,0.00028302443399054206,0.0002748092394880096
4667,8,3.7628175428401045,0.00012373363221114783,3.3097109344363044e-05,3.107483447878086e-05
4668,8,2.5022244113929752,0.039458696210743154,0.009995938248507884,0.007698915241126716
4669,5,3.731376427829864,0.00039816533268281377,2.5240128127445918e-05,2.077959540020697e-05
4670,11,2.520176209350096,0.00012585218624423005,2.8265129834827725e-05,2.5391834105616375e-05
4671,5,1.5114605501090572,0.00024837542311051874,1.7707476781351892e-05,1.803385006556857e-05
4672,5,3.815200222322203,0.034872097694509996,0.013693124431302016,0.014588347727340929
4673,15,2.278821227301851,0.0016452870530521502,3.543226415195397e-05,4.279586761782682e-05
4674,15,2.7058299870947438,0.00021001861833346176,4.4227385877546505e-05,3.656024562961659e-05
4675,8,3.9646964772652664,0.00048675235199824085,0.00013871973958652284,0.00015170519136442195
4676,15,2.374888468676499,0.002635194076334688,0.0001433447520254602,0.00011931752958076352
4677,11,1.563166430135734,0.06493917747138428,0.019153196730224822,0.019389510600341442
4678,5,3.7573861191259725,0.022066820589522914,0.00473400728417273,0.0036671764049290255
4680,8,1.5842815034147981,0.0007745329103494931,9.663951562808901e-05,8.157729159500848e-05
4683,5,2.5271736800580267,0.0009130414771000096,0.0001780563347491377,0.00022181721245246352
4684,5,2.6370327422656477,0.0013479266990041447,0.00042304458384264786,0.0005757313837979882
4685,11,2.4131743219519457,0.0026466985789505458,0.00019183259774808233,0.00019166456106060935
4686,8,3.9285973903171136,0.0006748385629505234,0.0002022553266847149,0.00014845108145712893
4687,11,2.1946437788058875,0.06971192086632905,0.012541247695723273,0.010410466211580592
4688,15,3.0428107746931228,0.00020436418241261652,3.501202309333542e-05,2.783395915766692e-05
4690,15,3.6557343147906556,0.0226731569717531,0.0042119809714513115,0.0036605237826896238
4691,8,2.8979390323500334,0.0008721367910084603,4.484993250350168e-05,3.6856182944755035e-05
4692,11,3.645504428829785,0.10335759731135746,0.026849788924135407,0.023624268069053985
4693,8,1.8005173274090067,0.0007807682824276319,0.0002254338979464635,0.00026670584353412493
4694,15,1.7844627580636707,0.0021379283977465886,5.1052537370633504e-05,5.679513488975433e-05
4695,5,3.272968712950428,0.0032134078103342265,0.0004303590403653867,0.00033929204298412395
4696,15,2.734387721133153,0.0180351779716505,0.002444858180355411,0.0019904366255943185
4697,5,2.7632414485826597,0.005925615014669993,0.0010325917941395044,0.0011087394041393696
4698,15,3.6279691884220746,0.00031057800552024886,2.7466365650799574e-05,2.495877475220765e-05
4699,8,2.5652020949414567,0.0015065503910505784,0.0002172767648172057,0.0003090978946030772
4700,8,2.795972883554601,0.0010804736429963725,0.0001303771009664904,0.00010921307410271188
4701,5,2.9170287052377004,0.026004940514485996,0.004036887886279461,0.003669549361137464
4702,5,3.5779625994133752,0.02681792635949233,0.011210927980294449,0.009388541855140478
4703,15,2.5548809887347086,0.0002034158629426337,2.475065395286303e-05,2.93731910881257e-05
4704,8,2.5585126830880225,0.030715214544217204,0.006390772554410868,0.0055899571655292895
4705,8,2.6608647157705425,0.000672467797882476,6.905840403749323e-05,5.808906656853332e-05
4706,8,2.525947658829097,0.002808871536006889,0.0005711108290567347,0.0004884991858134715
4707,5,3.776230528664547,0.0034844672959600284,0.001103271886747349,0.0010231922529664568
4708,8,2.9715439261468783,0.0006772420014480461,9.598299140483541e-05,7.533830531852027e-05
4709,8,3.991947556630723,0.15229710073920658,0.039685477859565346,0.03502449940313308
4710,11,2.199346498949707,0.0003316339433970715,5.097159004598789e-05,5.057950575096562e-05
4711,5,1.6200167410979927,0.00031749796326976113,3.1351192170783015e-05,3.55930986971573e-05
4712,8,1.5858341522601949,0.22818728366172017,0.04867026165159582,0.037328676677858774
4714,15,3.7473680927408655,0.09695333690561178,0.02081878941044498,0.017436108599606186
4715,11,3.3428185055064152,0.0008436168603870284,0.00014641534988152948,0.000257183921844493
4716,8,3.4086796960352994,0.013104276609270767,0.004420788035038424,0.0038640010040369623
4717,5,3.3599511134877313,0.003501381648397369,0.0009876247745279607,0.0008890704324123941
4718,11,1.5629508231885856,0.0002899242916464748,3.285344476306287e-05,2.6677749566703183e-05
4720,8,1.7468343889504079,0.00014203962606218988,2.0315916182337357e-05,2.1125615130781464e-05
4722,11,1.7444387071483538,0.00035076053801600803,3.221938423897614e-05,3.342750820015347e-05
4723,11,2.368297793396924,0.00010439938753927266,1.1691497178319009e-05,1.4242840665276727e-05
4724,8,3.802153845450592,0.0015545739698423218,0.0005708156986249264,0.000514818112162152
4725,5,1.7818430583260276,0.00015308234542395812,2.013977854927803e-05,2.0962256242298647e-05
4726,8,2.186689927726281,0.0001787460038598281,1.0908823501842646e-05,1.0041476761379198e-05
4727,8,2.8978527459113548,0.012680758086183542,0.0028680512756714535,0.002518635863927102
4728,15,3.0602131536254955,0.00012649959432029805,1.2042909921869747e-05,9.83887184123271e-06
4729,11,2.253407443117349,0.03191556577588951,0.0031294725254125697,0.002910786666247055
4730,8,2.492147253133227,0.016403117427428407,0.0032920212007687714,0.003153183311974922
4731,5,2.9026102797968627,0.0008193000462385636,8.249618514144072e-05,6.966112933275944e-05
4733,8,2.9901971906000764,0.08807861441026282,0.006826102546875522,0.005940165556839706
4734,5,2.7900407323337584,0.021265434752346345,0.006125619703835938,0.006112423596706707
4735,15,3.4803426038693352,0.004714196399068867,0.0006515057616477871,0.0005582036443822974
4736,8,2.4830796867159326,0.17308034533912298,0.03299103435223601,0.030345389094934713
4737,15,1.7965093637138818,0.0030811308007142124,0.00011002069486363097,9.206881166873862e-05
4738,5,2.36414090761095,0.016259997000459766,0.0008360180854626678,0.0009356930085721584
4739,11,2.278642871991929,0.0005099895609909879,5.158300460504995e-05,4.187824444709671e-05
4740,15,2.8439180318230135,0.00026410122227792077,7.706885009737993e-05,6.891732627219561e-05
4741,15,3.544103412245893,0.017136946703182467,0.001583425474836532,0.0013681978148116429
4742,15,2.7423780211016036,0.2213074920559106,0.034971541684162374,0.03175003573847281
4743,8,2.8642002943106575,0.006932658611948572,0.0007906708897433537,0.0008076403119782592
4744,8,3.418517112348722,0.000564839744601153,0.00014561801555185196,0.00011235999122013052
4746,5,2.022701727727899,0.0005231210104162461,0.00012120933174669432,0.0001233893518510562
4747,5,3.1135508181783877,0.010375671857537344,0.0029490562196511846,0.006526776092411199
4748,8,2.358914391661636,0.005866194164320189,0.0008372386841459862,0.0015802406667003127
4749,15,2.1740383820366254,0.0007140639496249466,4.247518118946366e-05,3.314816632046611e-05
4750,15,3.6928231243129033,0.08218426129495067,0.013210568252858629,0.013928302117567414
4751,8,3.6199652980461727,0.0005065506992334453,0.00016571334105388528,0.00015060024653342616
4752,15,3.919420193281093,0.00031319663058778247,8.892762598975535e-05,7.219492640644038e-05
4753,11,2.949511622864193,0.018410266359292417,0.0030708049204129307,0.002497033172215982
4754,5,3.018135070234286,0.0005234082175856104,0.00014118272539609378,0.0001190349775609782
4755,15,1.8847947734292088,0.00020701294902022047,3.772916898141392e-05,3.717243706949784e-05
4756,8,2.032029668965329,0.002877695374901895,0.00038721567508379605,0.0003587017488388836
4757,15,3.3779464094248026,0.000715601075298957,7.701899445088745e-05,6.566619582195204e-05
4759,5,2.8498078987420596,0.017931613207080883,0.002730631106619758,0.002282445439064912
4760,8,1.8317886841298134,0.0008949769006516688,0.00010386667810034859,8.709038790172986e-05
4761,15,2.0880926223577827,0.012607491483822328,0.00026961317338053024,0.00031686481238631564
4762,11,2.866504913892716,0.0007949257846682703,0.00011143926923321221,9.989479532841546e-05
4763,5,2.893310534214707,0.020691661346723088,0.002040309575170338,0.0016519971946460752
4764,15,2.2294939948274273,0.00011497047822789559,1.11522560674318e-05,9.401250651970049e-06
4765,15,2.7136695697000532,0.0010608209484787052,0.00019797522894407792,0.0001696031976743279
4767,11,2.1521149249616247,0.000317164945997276,7.4540876045283206e-06,7.0320686594879264e-06
4768,8,2.8975372970039692,0.015233849793405205,0.0020264742158994887,0.0017548475394648293
4769,8,3.391373184752602,0.0011795310645128648,0.0003476461718872366,0.00029286743482612784
4770,15,2.059597798224686,0.0014844740847222177,9.974414964338552e-05,8.765800484561164e-05
4772,8,1.648465468932222,0.01722118192409449,0.003326881634770579,0.0030876962684673473
4773,8,2.8062698392303203,0.009367921582041583,0.0014289381179299677,0.002086338327762091
4774,5,1.5999226640866713,0.03683194211606299,0.01103110256547979,0.008340802631096156
4775,8,1.781432712338911,0.00028152790395151586,9.49467002706812e-06,8.73164278990987e-06
4776,15,2.5346303794969267,0.06928083543554601,0.012233099661549104,0.011316796846006859
4777,8,3.4032309913271095,0.0008332731912009473,0.00030499093109127016,0.0002986906327362148
4778,11,2.436158100518248,0.0008397248546718068,9.12548822131176e-05,7.721207250273525e-05
4779,8,3.6361669703186124,0.0010237972644620774,0.00018087948299403827,0.0002019836578401518
4780,8,3.822619883471097,0.014770287024393813,0.0042698053907206,0.004240768544628296
4781,11,3.0425447289470133,0.004677815863988601,0.0006940579828697818,0.0007651085417211966
4782,5,3.0521969224495407,0.019700415042475425,0.004374726877878102,0.0036720795454081366
4783,8,2.511069097848421,0.0001032023513811012,6.367901070470371e-06,7.110672719176049e-06
4784,8,3.0586691495230744,0.006956740131925002,0.0009911155020939262,0.0010310541076183576
4785,5,3.4525219162298963,0.16418368478394652,0.03394377627511387,0.052324004980035
4786,11,2.831801365320194,0.013991359844478156,0.0026166395566407973,0.00273851054046453
4788,11,3.565054243653714,0.01330725295716831,0.004038561985148712,0.003783413577502987
4789,11,2.268899357299505,0.00024950106730299196,7.083478401493496e-06,7.58630514164317e-06
4790,11,1.643808896914067,0.00018354225383256345,2.136748589851275e-05,1.8065733126649765e-05
4792,5,3.677844372228682,0.2579447613079609,0.017112632909829346,0.020976181389186877
4793,5,2.497209713531446,0.006600465539582214,0.0005796156566827667,0.0005061330473964758
4794,8,1.5926923166410307,0.010450726563498226,0.0020960794183624157,0.001724493503675407
4795,5,2.1256917893000886,0.00955672417050711,0.001744763701412719,0.001821771621910897
4796,8,2.837855509421166,0.00031776552708852606,7.962738812280693e-05,6.075489287564854e-05
4797,15,2.9946695433455663,0.016595443146377804,0.002459379076244014,0.002807876649870035
4799,11,2.0180557982177767,0.0019687133453746815,0.00042331916788427226,0.0003950211243955935
4800,15,3.2027688603502056,0.00542169808863288,0.0006912302129569433,0.0005543929041524125
4802,11,1.6580371810750405,0.07010455402061086,0.005534533821309844,0.005722436296581083
4803,8,3.27211324470914,0.041479686527913756,0.010427164647970038,0.009698134739199978
4804,5,3.1513667181011735,0.13938337308083829,0.02731527082895143,0.020866621763987753
4805,5,3.008551512523299,0.00014619886320845575,2.789390831523217e-05,2.2653246114033387e-05
4806,8,1.5350422247907867,0.00046959362755504957,1.610854895833873e-05,1.6356800913110908e-05
4807,5,3.5941585713399355,0.0001425257935374126,3.3574148078824295e-05,2.6029576190408253e-05
4808,5,3.8771475729295144,0.0009635490615499102,0.0002334780833488657,0.00030113248487147345
4809,11,3.8349374873286703,0.0032599269183029734,0.0005829752237126358,0.0005046701059892203
4810,11,3.7853948764158543,0.005168503001411185,0.0007746492268901362,0.0006690709917967036
4811,11,3.378080124358281,0.032622274939346343,0.007924202025093051,0.011870572500208735
4812,11,3.361756527964988,0.00022868784069441088,4.3886816369045525e-05,4.038777637652587e-05
4813,5,3.965160609718003,0.00018998225985438467,5.338480664977045e-05,4.879118823902366e-05
4814,15,3.035349685471209,0.002200676782491234,0.0003126719297759875,0.0002520191944527986
4815,15,3.6591283823417267,0.0034312243714571217,0.0007131205070927477,0.0005863632486706405
4817,15,2.7058904659689587,0.007767919082443622,0.0005530243623264351,0.0005422074635778592
4818,11,1.6578346961098314,0.22294684578790075,0.021122700789220957,0.021879032715197356
4819,11,1.9061442344104642,0.04881797415825726,0.008094108529334756,0.009496096742952058
4820,15,2.3754948609929993,0.00047744849932470306,5.279219831614563e-05,4.690479741532891e-05
4822,15,1.9415134754604337,0.02772423111943353,0.001108459617808798,0.0010516292459568938
4824,11,2.6118226718692013,0.036662435923716694,0.00226227298573682,0.0017583988109107485
4825,11,3.9548352553119464,0.28247562414810734,0.015865752771334448,0.014840660861954092
4826,8,3.3832321499950084,0.001303168810698476,0.00013048377799138527,0.00011647100527796009
4827,5,1.9895745204467676,0.01709672489272903,0.0037683969940062803,0.003227835350807782
4828,11,3.033347696114979,0.0035158980387123176,0.0007854848646841361,0.0007602502388525425
4829,5,3.7028021562702134,0.0070236078387294135,0.0029404090962454315,0.003836597173336048
4831,5,3.9591845689183693,0.00018596026723973527,1.9964788606742747e-05,1.760457275463309e-05
4832,11,2.7810255057557036,0.0002448092009066829,5.326836055708217e-05,4.948369959261264e-05
4833,5,3.049321420601752,0.0573314971592738,0.005146030400429118,0.007098408749550859
4834,15,2.8409978474103306,0.007205096740914677,0.0003729932075200811,0.0003292934082099318
4836,8,3.689024076688591,0.04071132601162394,0.006997367512610715,0.006296895078427374
4837,15,2.631474407252135,0.0020078601898696393,0.0004281302387220241,0.0004055681129066718
4838,15,3.461595471226019,0.010860297713380603,0.0017414347798027571,0.0017455306555470263
4839,8,2.647007647574588,0.004758114521488613,0.0006309768818856484,0.0005082130181657976
4840,8,2.4447017245693674,0.08663919942309377,0.019308093056671666,0.016344751409525793
4841,5,2.8197185594661893,0.01588465090635294,0.0017151436156320446,0.0016465617711783375
4842,8,2.8414419925814185,0.020423013577614613,0.002000459950411552,0.0018730279479554255
4843,15,2.206837666491245,0.0896846230878631,0.017192798097376585,0.015126946746566708
4844,8,2.6629484844676714,0.00042396973823454306,9.704304222299775e-05,7.365995091097952e-05
4845,8,2.997598581757594,0.00015152644283622217,2.7977259638665643e-05,2.4320354631429526e-05
4847,8,1.8498577452837226,0.0032454404886432977,0.0003795818089206407,0.00031756554900808
4848,11,2.2554076515362635,0.0003542208768264798,4.910122677842139e-06,5.229117255521602e-06
4849,5,2.5370956741214736,0.058361927993119636,0.009753903895978425,0.009616630522259776
4851,5,3.124860969732172,0.0016438472139498677,0.0006222563265740184,0.0005117729914922352
4852,5,1.6296261334446882,0.0008905154052606099,5.390731389809038e-05,4.9475621665498725e-05
4853,5,3.9082133884513306,0.010495994408924682,0.0024938134631836556,0.002031542280193019
4854,15,3.89939129355294,0.0022778292219985553,0.0004042474485252903,0.0005955306210637
4855,8,1.8820324496342584,0.0017716970803266221,0.00033358987350948265,0.0002824693565550398
4857,8,3.2914993180627365,0.0005058562959591207,9.589346283284612e-05,7.892419871596487e-05
4858,15,3.814584599229995,0.0012668527078763393,0.00039920356290403723,0.0003551157206562796
4859,5,2.787320599223705,0.0003830925013567562,0.000105601045962516,9.823786317724599e-05
4860,5,3.5084462300409816,0.00029931776639323854,0.00010281116021912904,8.229205924093094e-05
4861,5,2.310661467687897,0.03399638694445534,0.009816604537454995,0.00764887107912467
4862,8,2.0333598768194547,0.007049901843300719,0.0022821459742901557,0.0021401239305733253
4863,15,2.9417620363713417,0.014117258608446943,0.0035518353348695207,0.0029517116177126845
4864,5,2.4764977275213593,0.22791230054629608,0.06736375231122613,0.052188930187497255
4865,8,2.5656225093693723,0.0015483531144183374,0.0004023300722828587,0.0003004541880900254
4866,15,3.7225774905746207,0.0007572954982065623,7.677411906834513e-05,7.23369491430427e-05
4867,5,2.355530772579625,0.0008054045214352718,0.0002760500600796738,0.0003082404386203305
4869,5,3.6953093265994363,0.0005173407889968712,0.0002285808105443858,0.0005285860756614999
4870,8,3.3907662573333877,0.000169030671217181,5.03459394988087e-05,4.147079437100288e-05
4872,15,2.178690169231721,0.003207743448591941,0.0002815795624110545,0.00023426917434479848
4873,15,2.488555232662744,0.013626378559792485,0.0018274415952539867,0.002259693506430821
4874,5,2.3769473404132357,0.00011995832555900522,1.7142498446457556e-05,1.423605945094006e-05
4876,5,3.2671030460093564,0.014156652534616952,0.005112838924309873,0.015995010890120103
4877,5,3.462547948511345,0.00018458402847465626,6.566643387184312e-05,5.690014747784204e-05
4878,15,3.6622259040273444,0.0076070479534045285,0.001504205634970141,0.0014430822427170798
4879,5,3.031925907069594,0.03966138310119557,0.01765903061238999,0.017268552495433763
4880,8,2.3714777395960613,0.004615418554289224,0.0007577001250428362,0.0006206643645751214
4882,8,2.693812310166847,0.012971475806833329,0.0020182036174826025,0.002112937452706621
4883,15,3.8361838005357973,0.001370651131744971,9.558512793129426e-05,7.871505552697932e-05
4884,15,1.9533850538174844,0.0011447674776090093,0.0001834679213078834,0.00015207512694102217
4885,15,3.150622631610311,0.004726755143772645,0.00043041104490486987,0.0003378957465119313
4886,8,2.603596664211614,0.032611928569079365,0.002961921610597283,0.0023955580728055106
4887,8,3.7286138509782565,0.002939518034990405,0.0006304911415683713,0.0005236354696149382
4888,8,2.004029212287131,0.006338774633682832,0.0015784344005276038,0.0012247593012291585
4889,8,2.4483782347622176,0.0843236727128921,0.014244269702429136,0.01220591259331454
4890,8,1.6591750641322696,0.03630559221922263,0.0033219976082911984,0.0038970152976933515
4891,15,3.11529077961313,0.0007889415928388643,8.323626465437539e-05,6.978444248959424e-05
4892,5,3.7430476062588225,0.00013195065298179104,4.175879029531197e-05,4.6867677243583e-05
4893,5,2.13718053216995,0.00023397749478802293,4.99926923790001e-05,3.885644568351551e-05
4894,8,3.973823388043798,0.0007447412053546681,0.00011915681076416503,0.00010801335984430173
4896,11,2.426474942275522,0.0003662181542856627,7.715209099858804e-05,6.696945168176167e-05
4897,11,1.7617011975931274,0.00014190437364539415,2.1377707941847084e-05,1.6857112603384904e-05
4898,15,1.9154941101241625,0.0016316708668064235,8.51359614921891e-05,9.09066908815668e-05
4899,11,1.580716801282533,0.007510078061389284,0.0003652933754281551,0.0004325128136240155
4900,11,2.204378526825486,0.004203558928724858,0.0005615044911100246,0.0004491305207509687
4902,15,1.9016227524151454,0.013103599079084283,0.0006439999657107051,0.0006288385935734516
4903,15,3.7180172397919415,0.004990129226217427,0.0014504054182907147,0.0012288285593807897
4904,11,2.6133229054825473,0.021437809549731884,0.0005339713996824124,0.0004532651255542093
4905,5,2.198264996723422,0.04857028384657944,0.011129109523550413,0.012561219265418883
4906,5,2.0928457259732642,0.01463024732458849,0.001829121862962682,0.0020276677932714953
4907,8,3.360237551485125,0.05164011266961036,0.01151910563341653,0.010026712630196707
4908,15,2.5953790832667836,0.00040096105918172617,7.815709539401573e-05,7.572943474497882e-05
4909,15,1.8748137446740478,0.00020577642590825958,5.982426616910665e-06,5.021192810637434e-06
4910,11,2.9963761136574707,0.0016767826854328684,0.0003025152322535344,0.00027553385360444836
4912,15,3.7142602722949967,0.0011262477521630121,9.779481408329857e-05,0.00010669972126331259
4913,11,3.1713980162593165,0.06909131823102507,0.006129040966268784,0.004945215408168935
4914,11,2.658561801398604,0.00011694828442336277,2.676537846460798e-05,2.52457812115429e-05
4915,15,2.427041969658256,0.022088182570647614,0.0030607097795927836,0.00245827765468993
4916,5,3.5132061736775686,0.011932013911660846,0.0016390003826582595,0.001474333185098417
4917,8,2.77704313556198,0.007348332238717634,0.000695535683739622,0.0006773934203970141
4918,8,2.519585178361705,0.0018129600989904833,0.0002748167479727793,0.00024649153846978465
4919,15,3.8159227444766097,0.009137284867335914,0.0016073394297022175,0.0015210321674609113
4920,11,2.852504343667301,0.0005731612342296819,7.841806922347308e-05,6.398622368144321e-05
4921,11,3.799222710402902,0.0009367565969798714,0.00015635466208994097,0.00014312670834647602
4922,11,3.2714193171987453,0.0005311187351328957,0.00010590803969379093,8.800384199245817e-05
4923,8,3.693859870388169,0.00014164818230297675,1.8206984820927812e-05,1.4985114578504467e-05
4924,15,2.8064777157215284,0.003130072051484102,0.0003709767778093061,0.0002973779196900722
4925,5,3.2510666127681507,0.12237869505677242,0.04230585593185738,0.03942096934711881
4926,11,1.8929846314229821,0.0005417065305412797,3.605234575336152e-05,2.916525225238575e-05
4927,11,3.0578764641872027,0.002222065158588114,0.0005718367238542187,0.00046010087711639673
4928,11,2.334007659041493,0.00029712168854921137,4.9430345163876796e-05,4.002712312062502e-05
4929,15,3.7466979135155727,0.0002982940941935479,8.621179476063712e-05,7.542774639770225e-05
4930,11,3.8584902866591664,0.00024628031363267943,5.15751354012169e-05,4.907325921907638e-05
4931,5,2.7212011125354763,0.0015790126740329528,0.00021329316977655109,0.00017952725268233295
4933,11,1.7214928384138373,0.0011379608112161083,5.317612142762005e-05,4.2065430324504584e-05
4935,15,2.639708003417444,0.0027113339061541715,0.0003794834392845762,0.0002905373175290211
4937,5,2.6357383403559416,0.002145231149994273,0.0006439449124037314,0.0005250891202283211
4938,5,2.2933848996740545,0.04961255444982398,0.009374725541164582,0.008747898323469321
4942,8,1.9751182089494141,0.00013025019731549938,1.369646314591165e-05,1.1918695521748471e-05
4943,8,3.8345737525989843,0.00021212841928254733,6.617597414379793e-05,4.8927010234234366e-05
4944,11,3.378645615725002,0.0009683898739656676,0.00010703386094142956,0.00012546131360251028
4945,5,2.758185458762183,0.00048127928399298883,5.536840975886486e-05,4.7471193115216045e-05
4946,8,2.499675446866957,0.005316227842122339,0.0010148713428050375,0.0008180316699321164
4947,11,2.5382354796550497,0.0007652312272360463,7.555907019059258e-05,6.352946750397011e-05
4950,11,3.036411071643398,0.00438203568831353,0.0005656957805047585,0.0004391169346313995
4951,8,1.8324166659729912,0.019270170235839053,0.0027285967790911967,0.0022296061553845055
4952,8,3.5767093267771704,0.0001539023513221613,2.8363888040898114e-05,2.569946883055837e-05
4953,8,2.800353736638387,0.022161015371152417,0.002425219436179131,0.002486071367460118
4954,8,1.5545375422119154,0.0033886035119658296,0.000806311414913152,0.0008116948123174448
4955,11,1.6033911021859912,0.1945705533480274,0.024039327226332466,0.02089293336653497
4956,8,3.0142655244966514,0.012466513084006247,0.0029740380390690696,0.0027916856662440993
4958,15,2.7664606500873967,0.0034106262126237454,0.00023234960016961024,0.0002588136541609532
4959,11,3.8698613466964304,0.0029467967341770245,0.001098816488083612,0.0010342682710827403
4960,8,1.7590346422595977,0.000528867104811413,4.6863625548324384e-05,3.726812748149186e-05
4961,15,3.396214041035958,0.2520747394922387,0.069802890902989,0.05238575053488775
4962,8,3.8601468049362064,0.16463406617749954,0.016612527546269205,0.018311316582557514
4963,15,1.7274309874881972,0.020041051866531333,0.0020627509401249166,0.0020451258136938715
4964,8,3.3323693906661656,0.020399383195521866,0.0060902600466881405,0.004488586947263799
4965,8,3.068659147328967,0.0594153676471746,0.012756394042884525,0.012308040713513643
4967,15,2.4630533866531037,0.09908628363497499,0.013703744911961777,0.01244115476696399
4968,5,3.735522120968678,0.00018239415430085917,6.634541487928092e-05,7.40822371514408e-05
4971,11,3.1090415711394472,0.00010158642565474668,1.8576709307202484e-05,2.896244270408628e-05
4972,5,3.8329363580469358,0.02321615004677178,0.010516361190840606,0.007642726053060179
4973,5,3.6618812140575008,0.019491199016557246,0.0023200861288169535,0.0020506026267731853
4974,8,2.176044039743105,0.010954087607837061,0.0022446437055443674,0.001774059529817182
4975,8,2.273092351298449,0.07267792422506103,0.0067289933591047225,0.008231327454053692
4977,5,2.6430653666803874,0.0016757778784224529,0.00045168025611354903,0.0003616960918296899
4980,15,2.4960952842972635,0.07437571577682425,0.008106232250835572,0.007601774041012072
4981,15,2.784664465718134,0.00023323820563355134,3.0679329876382946e-05,2.642759453398117e-05
4983,8,3.7456192641441133,0.0001677967646604146,1.5377897370484567e-05,1.2540778127321014e-05
4984,11,2.153898924443245,0.003277953216959847,0.0003875397346414797,0.00030176485660438377
4985,8,2.231557362007862,0.07337675688039914,0.009141987715323468,0.007768424502426064
4986,11,1.910960967847328,0.02829851419457016,0.0023806066306208333,0.002331780121764776
4987,8,3.2339690560973526,0.0021833318706848187,0.0003945930564365085,0.00035079900591712974
4988,8,2.0968901620435316,0.24830551591592864,0.021494995539781733,0.02402978734567693
4989,15,2.556102598159007,0.009651896687080712,0.00030467347955936963,0.000310972837440864
4990,8,1.9699517089876037,0.0383094436330859,0.007356330205902007,0.006521217629826812
4991,8,1.7956495462843132,0.07817615056276725,0.0036411460420223947,0.0030485354917232136
4992,8,2.319244670735312,0.0004257327316345705,5.720810560395112e-05,4.830881775019255e-05
4993,15,3.6289888489007995,0.08183748796306103,0.016110760811824564,0.012873632231936704
4995,8,2.3605332265416172,0.001259054000929073,0.00010902944992154441,9.551856214224721e-05
4996,15,3.938033062778778,0.0005093265958385046,0.00011754629772966136,0.00016241489730655387
4997,15,1.5714306181373536,0.02999065822798871,0.007819251877368528,0.006829718110112561
4998,8,3.6236866404065076,0.0006069898423903946,0.00015447593758760882,0.00017352441000019651
4999,5,2.4200537286941985,0.0010921582866338698,0.0002479178451158849,0.00018831332919448605
5000,15,2.2333396357304207,0.0008451602957897075,4.118333907121139e-05,3.35791677718734e-05
5001,15,1.6175549972584196,0.011080646925326508,0.0020579865343541767,0.0019335912400816845
5002,8,2.909257210888556,0.07913045273975473,0.009434995935155361,0.01401732842880604
5003,8,2.2937382409329636,0.0012191850548245334,0.00017995605813453692,0.00018754826946648615
5004,11,3.2326068799668053,0.004973289459470587,0.001229989835693205,0.001204634999367184
5005,15,3.7100271829313884,0.0006268525246171733,3.601967921558383e-05,4.4425773807612986e-05
5007,8,2.7057262260391792,0.00025264152452010477,6.395034248009974e-05,5.1603000451898204e-05
5008,8,2.5607227131131847,0.12605985336960307,0.011517786589171174,0.015253865807627526
5011,5,3.7232443938021915,0.015238367310550598,0.005929876380950758,0.00492164290200402
5012,5,3.2619339999418284,0.1267749481852274,0.016872615798140284,0.01957868065032363
5014,8,3.7302832985193883,0.025840277943999776,0.0037639557677459586,0.003041225821864005
5015,5,2.4566735897459493,0.01086374432308738,0.0017389448531998364,0.0016056738121094573
5016,8,3.5799689344978027,0.001219340030452358,0.00022648110929785858,0.00018959162745503974
5017,5,2.5964853038247435,0.13377411194107494,0.03390978423753218,0.029863694923574435
5018,5,2.560441864426438,0.0009404687161338737,0.00010258657251376015,9.292083082929051e-05
5019,11,1.7990167334640188,0.06420912788819583,0.007778437042153018,0.007016579662669392
5021,8,1.9093569012617797,0.04239820557177316,0.0020909157618156206,0.0017992994547052792
5022,15,2.9761017022935135,0.14292847772327566,0.014562753036531588,0.013348530885443426
5023,5,3.036700238694703,0.006062181115535838,0.001708020974703281,0.0020204996593080875
5024,11,1.6656640278378805,0.0037689624908042,0.0004267294957172198,0.00036602303516453767
5025,15,1.7674054911299926,0.01525199225899728,0.0007161074474573868,0.0006162046706489483
5026,8,2.5120003918250213,0.0027753860265024664,0.0006318759179984874,0.0006772917308735339
5027,8,2.8104715034009518,0.0025919000669903866,0.0008966006265291081,0.0007090379352450078
5028,11,2.2285346689894885,0.09114257091631243,0.015753880654931475,0.01247437214843282
5029,8,3.8259667622906317,0.0222169146887384,0.0028271470932190587,0.002389986753257188
5030,5,3.122040252623459,0.023051908121606273,0.009360420149666376,0.009366124873937516
5031,8,1.560056275105125,0.0001389992398223462,1.1081368237576846e-05,9.038634941035703e-06
5032,5,2.3428710067517335,0.0006786833245987033,7.620771797810599e-05,7.007153439046747e-05
5033,11,3.7745510999396807,0.0008342377642486833,7.843119316299822e-05,7.3121501677985e-05
5034,8,3.588778461584334,0.01319334312785835,0.002961421712414357,0.006753939596751972
5035,5,3.3094200982983217,0.015259184388569224,0.00679944985172891,0.0048836088610698615
5036,15,2.09165139580114,0.04585199823249936,0.01081513496239896,0.010369040583967395
5037,5,3.3781446615918798,0.24914179907936726,0.08297072185105944,0.06966968642357467
5038,5,3.643558615606235,0.0006562797300781702,0.00015248281801023567,0.00011718957025652944
5039,15,2.094073019916516,0.00823454070312612,0.0007157371975297723,0.000868174400046973
5040,8,2.873325547891116,0.22426636783814557,0.05580316352276213,0.055128712625981256
5041,8,1.735007364153417,0.00035516970150075686,0.00011296476338072281,0.00011283197202568747
5042,8,3.155150932219091,0.00025723469337842733,0.00010648876080166617,0.00010998537497426885
5043,5,1.859501892353995,0.0027127278182278607,0.00045720555101436643,0.0005890150872482082
5044,5,3.092054922710399,0.00025114755795986604,7.65837633562281e-05,6.263346406834078e-05
5045,8,3.2380580300173962,0.0009645985688712408,0.00022543116058891375,0.0001881988524558219
5047,11,2.834815693904085,0.05332151609627722,0.01741666771742425,0.015309806399408925
5048,8,3.8650081385995776,0.0015630314370677265,0.0004210727357977605,0.0003554004681265681
5050,5,2.3418492389955547,0.0011641589703655449,0.00036151352115407334,0.0003743678428325688
5051,15,3.9379392252644063,0.00010645103798905875,1.718378287424293e-05,1.2623971916460417e-05
5052,8,3.9141048548302693,0.00029777533749777703,0.00012629248681408063,0.00010245812512364413
5053,11,3.0388707671390627,0.0020124175829175812,0.0003582040204735743,0.00031140083191866046
5054,11,3.241103118020254,0.0011082881675596064,0.00015136844161932296,0.00014626157543661626
5055,15,3.7460745354206892,0.0031686637568470364,0.00040685835744153786,0.0003383232982668949
5056,5,2.4829449728735082,0.012303611378468662,0.004329084139829148,0.004147053389849044
5057,15,3.9177111055767986,0.046143592498749456,0.006384162996059093,0.0059105196556427314
5058,8,2.211861016246037,0.0009658459613052134,9.619094826357778e-05,7.950684449368495e-05
5059,11,3.370184740868935,0.002150938604236888,0.0003824275416457782,0.0003123717753099878
5061,11,3.4987055428953813,0.24969807633007104,0.07320562531021349,0.05774928809616588
5062,15,2.282788822567427,0.029185630211806275,0.0026151372148560006,0.0030841477074405326
5063,15,3.7990499633753685,0.0038947415479230205,0.0007632639775246734,0.0005950533224621454
5064,8,3.788843678373559,0.00036740491819176464,4.8323430317775734e-05,4.4426503371167825e-05
5065,5,1.9206048346809457,0.0006730224757733949,8.828199597214992e-05,7.962752274538489e-05
5066,5,1.9008636726582016,0.00011913660915526813,5.816698259220528e-06,4.618046136595364e-06
5067,5,2.6939583157400717,0.0008268583083562271,0.0002870873103000697,0.0002507875910762033
5068,15,2.685710733405914,0.010938842600997561,0.0009961721537229329,0.0009834911324777373
5069,8,3.2627443416192166,0.01919022259811963,0.003901410689242506,0.0032746626227203213
5070,5,1.5208238889172494,0.17678109132061195,0.012298185183673347,0.011050857778953687
5071,15,2.4755315520454486,0.0002017087150738942,1.0586455871093663e-05,1.0297271665610095e-05
5072,8,3.9996712791115416,0.00011223431350764002,5.224788980439316e-05,3.8365482419276445e-05
5073,15,3.786890876930911,0.008231227397193256,0.001359956592593942,0.0013760090985069121
5074,15,3.8471708284188217,0.0006125139172281173,0.0002273691259714633,0.00017013690739961024
5075,11,2.3006845054314216,0.0005229236242021907,5.038044779564033e-05,4.5222034938642205e-05
5076,15,1.7180497056402784,0.08025612481730882,0.006769433478101345,0.005304330870911419
5077,5,3.8410876244920487,0.006377212466959256,0.0014571181694225722,0.0011377654506286433
5079,15,3.6060123266844637,0.0010577985592719757,0.00017226069301809683,0.00015866466873156297
5081,5,1.6489446544818223,0.003728101808623517,0.00024039545553974285,0.00022043054674096682
5082,11,2.7149392982491545,0.0005766190417871155,3.3813412969708136e-05,2.6956430542650574e-05
5083,11,2.9351411905681246,0.00019126833164642167,4.623751523927034e-05,3.8952476127679474e-05
5085,15,3.752377341279266,0.03788181316744817,0.007617368745607413,0.006638671108089954
5086,8,3.521665422261002,0.05767553400997302,0.012256403857410622,0.010519796199654286
5087,11,3.2132260044920855,0.012385473972420366,0.003600824093672741,0.004391882180725187
5088,11,3.3024851423122112,0.17467835103676718,0.03806945569860766,0.03475202418116855
5089,15,2.258584888978016,0.010346767019706016,0.0017942214858121409,0.0015394896541556502
5090,8,3.4650773436912496,0.009675871462355585,0.001045363419488077,0.0008624805468279317
5093,5,2.5659956234429817,0.00011714991677296616,1.7079975260114878e-05,1.4295867893760575e-05
5094,8,1.634121267377668,0.004993174290070377,0.000436924348411808,0.0003606443019654226
5097,15,3.4503966956687355,0.00036340683146450416,7.823444540597458e-05,7.718954674950545e-05
5098,15,3.841254229394419,0.006720218175231086,0.0012522626381670948,0.0010944112454357357
5099,5,1.526319640819692,0.00023873114416583758,3.9281663527921036e-05,3.836776096924411e-05
5101,5,2.4927715121845946,0.030186715334644697,0.005665263947944611,0.006406585419759818
5102,5,2.4826722683395555,0.000406394551572068,0.00018793749350118555,0.0001516537956807767
5103,15,1.7970793494328616,0.06422100845219535,0.01175692559336457,0.009326591814960447
5104,15,3.117997502653855,0.0035859757675381697,0.0006259871931255294,0.0005084325259301576
5106,15,3.8956396772406254,0.014280748221051489,0.0033167347038491604,0.003168892761444821
5108,5,2.850908374413813,0.00010877307235867614,7.267492641482669e-06,5.804298327108394e-06
5111,11,2.407660047275355,0.0015901252166225057,0.0002133642949867571,0.00025786749501211946
5112,8,3.364483653884734,0.056562221426388976,0.013079586168254312,0.01580715736570259
5113,8,2.506962708166752,0.0020391988959829383,3.7782566443621926e-05,5.221442496033166e-05
5116,5,1.6678979806327907,0.009817290176052193,0.0007337035053780997,0.0006612940188313005
5117,5,3.8881554225061032,0.0013570687905831232,0.0006295572193637795,0.0005660308174977886
5118,8,1.7510743633349712,0.0008005464715638928,3.559560531278969e-05,3.774638024239678e-05
5120,5,2.1859567724100577,0.0021929198795249696,0.0005698706509381186,0.000447109495759514
5121,15,2.99236377472402,0.005791308432736021,0.0007639498289024241,0.0006413101669280888
5122,15,3.79159424523919,0.00996870271671222,0.002275255177383991,0.00193015270469466
5124,15,3.8428599596653084,0.004488876527028339,0.0007803557797308269,0.0006745960965733602
5125,15,3.4481757547267877,0.004052620039208691,0.0008033105267309906,0.0008153919723688396
5126,15,3.311699842912101,0.0008133488653945696,0.0001072171909300042,9.049076836819251e-05
5127,5,2.6398645159884473,0.0005360815424469664,6.239994110145272e-05,5.698742909717231e-05
5128,5,2.764580690084655,0.00023254337796431646,4.291280316634641e-05,3.6132272101508926e-05
5130,15,3.4719472738657333,0.01946217859225411,0.002800691887353401,0.0027724345494424506
5131,8,3.635536748796099,0.00043981273128422684,8.458144551962894e-05,9.721520302665904e-05
5132,11,3.1757016467806163,0.00012740480706308188,2.1522159934611116e-05,1.9842035109146094e-05
5133,5,1.9712940270644608,0.23040825077151203,0.09331809744977171,0.07786001477132162
5134,11,2.042436123913814,0.0001515292014357602,3.679560242987755e-05,2.763770767994473e-05
5135,5,1.612001118242423,0.007725861842780533,0.0025337024382720186,0.001990581460211119
5136,15,1.790329400602007,0.0001473045997033773,5.897848749966276e-06,5.59893721711191e-06
5137,8,3.9514187505417757,0.009159055742823476,0.0017329967185852786,0.0014862555727726168
5139,15,1.7383053330930291,0.0030894893133542496,0.00020937584177657903,0.00017893564409507667
5140,11,3.700183939206918,0.00026171860565253185,3.4125277448339005e-05,8.167953388159052e-05
5141,11,1.772330415545662,0.002250438950279137,6.777891838812124e-05,7.952744190564409e-05
5142,5,3.7055005869081605,0.09960574379000195,0.04269335889022606,0.03207374969412749
5143,5,2.4509042942907704,0.0001844013566415412,5.2851883056638574e-05,4.215865473330187e-05
5144,8,3.5036735322791555,0.00017761294311557867,3.609358780759289e-05,3.4771834928641e-05
5146,15,2.7148809248328694,0.03572044760672885,0.009245456067728103,0.007743798713250119
5147,15,3.1563877761265573,0.04687142944592528,0.006352147140150563,0.0063710227734491845
5148,5,2.660847984149755,0.0008905326500973083,0.00026820890527039936,0.0002652369576892456
5150,5,3.907879151301376,0.09655157793327541,0.03606940216020813,0.031700557257382085
5151,11,2.29301556348069,0.00011896323340799286,2.461370593429607e-05,2.3775696188823464e-05
5153,5,1.5581150843762923,0.009252112127834115,0.000660142109535091,0.000641207523871915
5154,8,2.9694586407918298,0.003895985791803609,0.0010657603948025069,0.000892956801328926
5155,5,3.577533542102926,0.000444552168910656,9.723218759180276e-05,7.893391138951908e-05
5157,15,1.9970072065314617,0.0006179478319258208,0.00013381873911961893,0.00010567175857368985
5158,11,3.4069109071182053,0.15468485310575464,0.01639427717295786,0.01804793269765298
5159,8,2.56583568750884,0.08134201983067743,0.020026496663366228,0.016549284721247413
5160,11,3.1355238588444543,0.012047151189684576,0.003031517862843764,0.0024024002580286968
5161,8,3.4591395905032303,0.02205896115111418,0.0037808876731132406,0.00519739454126215
5163,8,3.3544232641007463,0.0011907460654187506,0.00036821617226593593,0.000321431051699046
5164,15,3.2985825503292747,0.0010595041940803772,0.00010965677333377402,9.243941479015181e-05
5167,11,2.7479963666691156,0.1893353660786557,0.054567997033944604,0.0456749257822533
5168,15,3.2388037559949603,0.003015666387730721,0.0007879567409595867,0.0006363089228086097
5169,8,1.7468054677424536,0.002583555853411433,0.0004181776455863742,0.0003658582498073704
5170,8,1.912139484017153,0.0682410500020609,0.009302146593945234,0.011930440435620507
5171,15,1.5879691108814273,0.009228081692769178,0.0010050916660943369,0.0009546713307671386
5172,5,3.3828331188480654,0.0027021352590713833,0.0005915644232719865,0.0005522744911047114
5173,5,2.6757669081350235,0.0031509825023408253,0.0009546612402409965,0.0007489583852675821
5174,8,3.188563093515666,0.0012725438875441522,0.00023884888175777406,0.0001919942753539818
5176,5,1.7442339867586927,0.00011446123218156216,3.601443178825244e-06,3.214401936397466e-06
5177,11,2.79766145680774,0.002113613990302492,0.0002934174325562048,0.0002310503602632909
5178,15,3.966551451781584,0.001054169347403652,0.00016777514976834543,0.00017047528220904437
5179,15,3.713541256519721,0.0002489434529639365,5.0125524476136016e-05,3.943048693156545e-05
5180,15,2.851903563125345,0.0957193440755966,0.012098250923552755,0.013267167935895828
5181,8,3.757182738866169,0.03482883874565008,0.006689654872880798,0.005882694379230181
5183,8,3.3712296003456137,0.00031724197117343356,7.232233257613771e-05,6.563281533004596e-05
5184,11,2.7783015594073723,0.0004484812245998334,6.602613232712167e-05,6.13937484434433e-05
5185,11,3.263630198478812,0.00030697375010693863,4.7758068117514083e-05,3.677286301946674e-05
5186,5,1.8228236801118771,0.0015826831972057438,0.00020173578241964305,0.00018070440865072026
5187,5,1.9278047230131214,0.00027213555971479004,5.521813797595787e-05,4.581513659823192e-05
5188,11,3.8812283209737632,0.020412179345721513,0.0021738523973090264,0.0024370029822357885
5190,11,2.0940729264560436,0.016913892398719217,0.0004804533839148968,0.00044776610401541927
5191,5,2.3447735149109583,0.010543084379179652,0.004133046073214551,0.003205894221839491
5192,8,2.396361716250874,0.2274486511897177,0.02295661448145117,0.043196889492640125
5193,5,3.645605960741922,0.008797179639992688,0.0014002032701546467,0.0011982292526888107
5194,15,3.346329724658232,0.00024041872531107165,2.72646750357823e-05,3.2034288784797316e-05
5195,5,2.397571824549481,0.03203935768810607,0.007569304891671835,0.005996366236538
5196,11,2.515311758184535,0.0004854575519152963,0.00017163125203100148,0.00013480282580399637
5197,5,1.9267941836842535,0.0189481634649388,0.0017973587096529638,0.0021048204316657837
5198,8,1.5062206906983837,0.004661535340232807,0.0002891659143682214,0.00025164834567179266
5199,5,3.726674647683457,0.10042769892945438,0.028817188931192433,0.02509117053256795
5201,5,2.5180773195305157,0.12644406081705936,0.010119368395417432,0.008352122771173764
5202,15,3.0855597952461093,0.00018851922272781186,2.1303030617031716e-05,1.6732414524699764e-05
5203,15,2.504551851278886,0.0011229574421281294,0.00021090980878364242,0.0001692539653694181
5204,5,3.0162537265300595,0.06957979532057987,0.011873525217349551,0.01027627391038583
5205,5,2.2989773707230357,0.00013187848456347798,2.6317947948642968e-05,2.3054760773412644e-05
5206,5,3.694484173485249,0.00034213506236185925,7.869042334368088e-05,6.505895439047836e-05
5207,15,2.1370850979912195,0.018293457449390652,0.0007632183339401605,0.001069705033608546
5208,5,2.834331255135838,0.0048691813572362885,0.0011295546660747583,0.001196541417389302
5209,8,3.2677907363782315,0.0004272907407131938,0.00013360589791411,0.00010678882846825999
5210,15,2.770711752185539,0.00012765108676427768,5.431276202432937e-06,5.85157798381037e-06
5211,11,3.535361570175492,0.00915641943232584,0.0018833459336066464,0.002439707499613146
5212,15,2.132417126151847,0.006842987723885394,0.0008076530962163283,0.0007540712017643804
5214,11,2.5476245226035226,0.012063942294027205,0.0014717092373412392,0.0015888156486736631
5215,5,2.2622148980156416,0.02916332003984606,0.006228145004022511,0.005118838113584466
5216,8,2.777344525797155,0.002073039841010234,0.0008973767186581001,0.0007332061346562487
5217,11,2.51666900742804,0.004038202881341275,0.0014950849439254199,0.001270762334604617
5218,5,3.631388211505531,0.1746930110854787,0.058296989535696314,0.058656919274528964
5219,11,2.3096910260141583,0.0005202336440535817,0.0001443270338740431,0.00013820807828369885
5220,8,2.2379340315558856,0.011318780137980837,0.003655723485411438,0.0027597330025157423
5221,11,1.702522757830248,0.0007373701656609283,9.16903753024248e-05,9.428663433621871e-05
5223,15,3.5602561367527397,0.012548959562060213,0.0016158564341398427,0.0025499735160082683
5224,15,2.1037939637158916,0.003956852635171733,0.00024476906513662714,0.00022147037083722188
5226,5,2.6505635353216044,0.0002275064443515102,2.4000501296390538e-05,2.3585853436549606e-05
5228,5,1.828929444407997,0.00019960604007472597,5.9943108637382895e-05,6.760455473236716e-05
5229,11,2.137321637722666,0.07234610534801425,0.010353811371958576,0.011461291461260716
5230,5,3.414810669428669,0.0003287019130409757,5.75493327065388e-05,7.660079836854667e-05
5231,5,1.634703926916705,0.0017805390788604005,6.854396425924965e-05,6.264370122579166e-05
5232,15,3.9240110915470967,0.003382093586396671,0.0003824553845114632,0.000310829790063994
5234,5,3.904645930915806,0.00022092732999376085,0.00010061895744717454,7.471888748370161e-05
5235,5,3.728210507380209,0.0676148833716075,0.01671136818190539,0.020082819494132678
5236,5,3.4241141035039195,0.0008617044762660046,0.0001626352311553029,0.0001450143320604469
5237,15,2.104775382804242,0.031141438142945625,0.0027749098485990295,0.002311125293027309
5238,5,2.93871461451404,0.29458781032250136,0.12241463891373927,0.0956543781615227
5240,11,2.440338728273228,0.01422158528201219,0.0020771641460767022,0.0018959269087002238
5241,11,3.3623434119907425,0.013857204385341479,0.00335811443199989,0.0031790205266740202
5242,8,2.6658137732498113,0.0038861162297538056,0.00027382823534987825,0.00020930417269032054
5243,5,1.537248768575309,0.008420704181546945,0.0014880344050788833,0.0015580183662969955
5244,8,1.9312222400217,0.001923240051088808,0.0005996341876244398,0.0005136993673967164
5245,11,2.197003009572827,0.00039239706822098464,6.538811039907721e-05,5.4681185052659333e-05
5246,15,3.1071179461124823,0.0028768581831545466,0.00024493991969027924,0.0002093477510586537
5247,8,2.8060012274804365,0.000963873587210326,0.00018920301682977958,0.00016198653854986267
5248,5,3.7033261546061094,0.008816564930316025,0.001918764451437063,0.00148460661524306
5249,11,3.7276445516572374,0.0008528263395971737,5.310742552328971e-05,4.294339640659027e-05
5250,5,1.596929291795993,0.00015412992846214617,1.2832844641495118e-05,1.1188223443302925e-05
5251,15,3.919480052234326,0.017167868226671504,0.0021814019769410653,0.0017413587875100946
5252,11,1.8143717475414065,0.00013079847409279866,8.156602421229383e-06,7.0245293514417096e-06
5253,8,1.8919629938561018,0.005456677337686904,0.0015555640757627834,0.0013019108962888065
5254,5,2.8324502191649623,0.0003038952913952429,3.1481479792080624e-05,4.426197294919234e-05
5255,15,1.970083394977171,0.011334463224532843,0.0015628479410147848,0.0013424660977768776
5256,15,1.7789978219280647,0.00015366941632944316,3.485453468078618e-05,2.9058924829882352e-05
5257,11,3.5990659938482565,0.000605008067085303,8.610742003401092e-05,6.874300559851086e-05
5259,11,2.9405466684054984,0.0021098140660850005,0.0002472521490194308,0.00026694019141066934
5260,8,3.018686028762535,0.0023219167563811225,0.0009491990840091476,0.0007350699186257587
5261,5,1.7793773604651038,0.0040526899189696685,0.00023986068736264353,0.00023281742354696526
5262,15,3.1031064108717996,0.002456835014972863,0.0007474055937886036,0.0007211298577520761
5263,11,2.655485299738584,0.03766522626048337,0.006640660101496094,0.006668412994822501
5264,8,1.601654381193119,0.026149882876272425,0.002852762026779104,0.0028388616186302497
5265,15,2.1753740295699453,0.012206690962366802,0.002433315223752108,0.0019926982178606776
5266,8,3.432399463097364,0.00013501167550140753,2.1413633176130284e-05,2.086566528114855e-05
5267,11,3.745300179231508,0.0024479957054136287,0.00016378709316415877,0.00020033592175150702
5268,11,3.709973783076092,0.027234090054740794,0.003497731157045739,0.002866512851802895
5269,11,1.9574523664258052,0.014966027146548573,0.0005180492166024819,0.0004583838467123564
5270,11,3.9777301631349973,0.000146707448251522,2.5603373491274673e-05,2.755104352618432e-05
5272,11,3.215077584736429,0.003633088832358226,0.0005647996412388394,0.0005176097221089101
5273,8,1.8494401054394087,0.0002494094725799069,5.802307884176061e-05,4.9377096811031216e-05
5274,15,1.5634818770859176,0.0024957265712423843,0.00030078186402493024,0.00024211322030998723
5275,5,2.8235654864184383,0.0022427171908686295,0.001049177570839853,0.0008090056792251607
5276,5,2.1129219617702213,0.0040596391332264215,0.0010004987253400828,0.00095583861629459
5277,8,2.0595688798356444,0.0025847271757468023,0.00045948957506024974,0.000381612451711238
5279,5,3.393897763751417,0.03640197736198433,0.00838510420512311,0.010262132465213592
5280,15,3.448812625921081,0.00016406216656746674,2.7123101931080917e-05,2.393046115198449e-05
5281,11,2.1824488208275485,0.14021612765048902,0.020738428574816267,0.018762169533104393
5282,5,3.7990592177244693,0.002701351186644985,0.0007861115783704546,0.000640994336326947
5283,5,2.9290363748075126,0.0011862205985125503,0.00020054280194133084,0.0002444617299051939
5284,8,2.6092129616716035,0.010978588162300297,0.0011043725159404884,0.00120455902003088
5285,11,2.6313392579232335,0.00045197815058222655,4.521984993667265e-05,4.982417830477458e-05
5286,5,2.167144758220717,0.10600635022014694,0.012263956073786497,0.011471994171227988
5287,5,2.8438998202485797,0.00010629040161444506,3.227325130963277e-05,2.5981975808287944e-05
5288,11,3.947092811657128,0.11176299524151284,0.04109022690763603,0.045892725623713354
5289,11,2.047124034717594,0.005823733465593826,0.0005295201335294932,0.0004708620245666895
5290,15,3.071756113294399,0.010990931321052853,0.0015360091432169514,0.001978738716093404
5291,11,2.134861914635283,0.0024706347812962874,0.00041620767386094007,0.0003393830803234137
5292,8,3.4991134246392726,0.019340126395118593,0.0056186743677247115,0.004918421397663753
5294,8,3.1346807487949095,0.06347191721381237,0.013676726984684008,0.014807576332185006
5295,8,2.906288124978527,0.034802633669410034,0.007714390453795007,0.006266328776310278
5296,15,3.2706991840885253,0.0012237161284442799,0.00021192433169439303,0.00017737812950885382
5298,11,2.25411052390199,0.0005057991199357224,2.3626688082950996e-05,2.778927241725948e-05
5300,11,3.029739759366458,0.002062375681337857,0.0002693819807105536,0.00030358963399332496
5301,15,2.5214967780152455,0.00016064710704260209,9.753925165481029e-06,9.031247444125284e-06
5303,5,3.2687310041672273,0.00014452152857515765,1.2168540432601329e-05,9.898327235789819e-06
5304,15,2.472343177909098,0.002005322130817845,0.00037317035335502236,0.00031906081156041433
5305,5,2.3895828184032326,0.09474057557239318,0.00930304960153424,0.010394941804886293
5306,11,2.0283119913531342,0.004954118339782651,0.0005702440858670625,0.0004541369665191592
5307,15,3.0907082038992266,0.006432050930604748,0.00046140689557543774,0.0005075357867766362
5308,11,3.169318048071812,0.000800723650272742,8.898268217962697e-05,7.289986295745976e-05
5310,11,2.5159293590673544,0.048105738255564516,0.0113048164052155,0.009727672189863316
5311,5,1.6368113732373932,0.12125213155649923,0.02367846446272865,0.020220095754379976
5313,11,1.6887495558448573,0.024086134536525187,0.001482324931085442,0.00131152496447747
5314,5,2.9329942925273693,0.002762393279678719,0.0005711671148265016,0.0004346450947987813
5316,15,2.3655661743648264,0.010863802797076336,0.0007293536988330568,0.0006247888684115829
5317,11,2.4615531619552518,0.0008377852014554743,9.541546462877966e-05,8.065039132059107e-05
5318,11,2.261741139260997,0.017114446644940464,0.0024512230062429755,0.003423370746329722
5319,15,3.9077867147134864,0.0003567191735799014,4.7948841925844995e-05,4.0656760272421514e-05
5320,5,3.000824538265576,0.04532815487622797,0.006157406975251979,0.009430571569155615
5321,8,3.940237968426573,0.02527811695302385,0.0057404681958365894,0.00510052693359396
5323,5,2.910465196110047,0.00531851943199381,0.0008103769067259927,0.0007934710333724318
5325,5,2.231166016503961,0.08172077010860705,0.018936179063447314,0.0233531371462779
5326,8,2.4198063714121627,0.0159751778089059,0.0036963146574349208,0.003084521484883373
5327,8,2.0676728095413903,0.16890558794673485,0.02847333714934873,0.02652517334248769
5328,5,2.344187291316624,0.09922191288351805,0.02049340475888036,0.0192834528107931
5329,11,3.904208289269831,0.001809946779520638,0.00039738279711313006,0.0003241742484300241
5330,8,2.5800406424532323,0.0749052071957159,0.008691814448942037,0.0072958687932153515
5331,11,2.3051323398641963,0.03700371599255051,0.002734708345582613,0.0025407870151131482
5332,5,2.2090059878656496,0.009689992903852163,0.0012307589897846004,0.0010771889105119423
5333,5,3.555060300357937,0.0016393167336892496,0.0003306961850616518,0.00029171868971541944
5334,8,3.1812324521430715,0.0031101540067927915,0.000795292330666825,0.0006968204904757469
5335,5,1.7827580826273624,0.000865552476379136,5.443843759099354e-05,4.2389478869915804e-05
5336,5,2.7469989428179264,0.0013553890061334456,0.0002598544492030323,0.0002442509694278304
5337,5,2.1452520272787727,0.0005946048167332849,0.00010982168896573146,0.00011331430765175893
5338,15,1.518160221157202,0.0004967122370646531,2.430817978412155e-05,2.2414983728207227e-05
5339,5,3.5337053131980074,0.0011563481901926361,0.000496270808430339,0.0004425915905700129
5340,8,3.827799020142551,0.08266596760558187,0.016632074205870866,0.017578263852980003
5341,11,2.8128813577905647,0.03390783589335008,0.001956806219266488,0.002451270559374698
5342,5,3.6942998850305004,0.030488452584661308,0.008530171396281719,0.008470531083183939
5343,15,2.661828498265834,0.00010557095073254046,7.266467625701867e-06,6.549273295448513e-06
5344,15,1.6860071850539562,0.024589477887592335,0.003489876421931911,0.0031218673857282397
5345,15,2.2234762477713645,0.0036713077838302272,0.00023802868965299565,0.00045402964084136717
5346,15,1.6532476003535765,0.005346907735462704,0.0004300617756689279,0.0003548781303656898
5347,15,2.809992395058883,0.0014886377049274041,0.00023874113894488514,0.00019682992190060643
5350,5,3.176109805498141,0.1850993933136265,0.06656660908739694,0.08007295149235787
5351,11,1.7179967874368984,0.0004164430104674587,1.175418529219715e-05,1.82509458663806e-05
5352,11,2.6601658122411465,0.03240095913699134,0.008772396007278044,0.008352753944671271
5353,15,2.96129738917917,0.0036963057206590485,0.00023064677264326424,0.00018295799961210078
5354,15,2.9223704290569765,0.0022105031927026645,0.0001796901567141236,0.0002846271036175826
5355,11,2.947736598952886,0.00023159163872017371,4.5938702986123584e-05,4.2538566423209e-05
5356,8,3.6844892176187756,0.03045454035329368,0.008182956533050088,0.0067528593025500865
5357,5,2.376195347036405,0.010088383527790117,0.0025228723598537915,0.0020688751972914553
5358,5,2.204301507281078,0.0004401325302043803,2.983999068685417e-05,2.6016606951194944e-05
5359,11,1.558319381959201,0.12235676734874741,0.014973886921076277,0.01297693753019325
5360,11,3.9163614204186796,0.0003279522970960561,4.962694962469566e-05,6.94778736202344e-05
5361,15,1.7198205546382583,0.036417626564002464,0.0037842103298473583,0.003027067556887855
5362,11,3.2755395846542927,0.007363348385814867,0.0009710290271429484,0.0008607729505446101
5363,8,3.8339250911511296,0.011890076124211807,0.005415544749950771,0.004524748467355058
5364,11,2.684403696631367,0.07512130492911298,0.01809985814387839,0.013789820256375958
5365,11,2.856691795907464,0.003743692665507102,0.00016651781711836015,0.00014090433192159992
5366,5,2.9913043291800023,0.049403804473244516,0.007920084392376845,0.007310424055830307
5367,11,2.521520596010661,0.00018415038573247282,6.229858969954525e-05,4.833078607591828e-05
5369,15,1.6578935804060375,0.00016721665398338427,1.157626793348122e-05,8.911882062554726e-06
5370,5,2.191904828168431,0.0009082300564770705,0.00023821669987871835,0.00020886793929172004
5371,11,2.100378085151286,0.0024183673654383916,0.0004021245132583226,0.00035249810434474636
5372,15,3.320463845357536,0.00036450109759316086,4.5951765320875285e-05,4.397535742905118e-05
5373,8,3.9457021522087388,0.0001304219817509089,2.4502811965733937e-05,2.069149347372111e-05
5374,8,2.9545311485036754,0.036692159342095465,0.005245550424176821,0.0060110441873431975
5375,11,2.412904381697582,0.1319834477010296,0.01081699330719709,0.009785819555301827
5376,8,3.581463032532136,0.0019159111283546591,0.0008205873168931493,0.000680642119658516
5377,15,1.5960637319499311,0.0002944319911636192,1.1253491083908353e-05,1.016862926227582e-05
5378,11,2.276776597847142,0.00021450030028614725,3.579854104675266e-05,2.6492873582660603e-05
5379,8,2.332961607780779,0.0708955893686295,0.011882630904609172,0.00949204819104432
5380,15,2.7155281221541783,0.003789228170838741,0.0004259107541986071,0.0003386749507307137
5381,15,2.6045162979965113,0.0019253684830373484,9.215379003576013e-05,7.690391132301266e-05
5382,5,2.8862907152067514,0.015205458475870204,0.005250151247901441,0.004531746820103892
5383,5,3.784458904464472,0.0013548682581277956,0.0004347603884804486,0.00034978425668270277
5384,15,2.261526475646709,0.0010034616655251116,9.947096899935942e-05,9.053884953332234e-05
5385,15,2.1926711446191183,0.00020825099670245141,3.388157133526028e-05,3.611472554238413e-05
5386,5,2.594877611723975,0.0008375152319175485,8.547459103385859e-05,0.00012853722916501682
5387,15,1.9673389881415062,0.00017471709634205279,2.273129939573218e-05,1.766566613332048e-05
5388,8,1.6150232758061827,0.0301700984021311,0.005589041931300998,0.004723472784428475
5389,15,1.6464733392419273,0.000971540557478207,5.5856415729314237e-05,4.568131071088629e-05
5390,15,3.608982671693191,0.00306215414972217,0.0003451965314254909,0.0002997238453101454
5392,5,3.0608436007516553,0.02861058871117401,0.006105710093501243,0.005441436773037595
5393,5,2.281992462559578,0.013053445963625093,0.005116330736570628,0.004627961222757872
5394,5,2.520568826989817,0.009402395220281273,0.0020863316238213924,0.0021560626729069435
5395,11,3.7366093206012145,0.025491136184883675,0.007219790734492741,0.0071395475329947685
5397,15,3.4870609606090577,0.01063949417525698,0.0009108768078614491,0.0008211666776050618
5398,5,2.0270509953508276,0.001167745975417187,0.00013166880379911683,0.00010680753718772179
5399,5,2.7604749885840847,0.057869421831424864,0.005495949291299596,0.004515918138234895
5400,5,3.834367093676023,0.10185670840027662,0.035746910890673673,0.0707157787160239
5402,8,2.759064999659229,0.0003864958508180886,8.182529199312473e-05,6.83034109602394e-05
5403,11,3.38973236516009,0.00017212495148369024,2.4539933013218158e-05,3.1584645310904825e-05
5404,15,2.2621807673574357,0.002471084522846179,0.0003493643249778973,0.00028943682998867985
5405,11,1.6251616307016266,0.00015252252864568069,6.827946765245011e-06,5.926514619552463e-06
5406,5,2.86706792384714,0.009867111964176998,0.0022514300780548087,0.0031973130703316136
5407,11,3.025102566814714,0.0017717109213776386,0.00024942597523321954,0.00019475898726029905
5408,11,2.5065122415317704,0.014799639049457927,0.0010937767623543722,0.0012364741885253214
5409,15,3.2694893059322996,0.00010161259111092939,1.2584226443803606e-05,1.0330357069976984e-05
5410,5,2.631376925825106,0.034496290487179,0.006777822848831293,0.0053230360792014845
5411,11,3.695192849617139,0.02530459804771043,0.008000869910831099,0.006922455566855384
5412,11,2.05519106036998,0.03480622546217988,0.003987020856832695,0.003225474371378048
5413,5,2.2151547831075296,0.0015083580828219253,0.00026448670047235593,0.00022167107699941121
5414,8,3.1740512966966135,0.011022959982641613,0.003943612847182103,0.003460100369426676
5415,5,3.869258531908686,0.0002683528262859171,1.534038312094657e-05,1.4651201159168435e-05
5416,11,1.5323594827281366,0.00025243672573119284,4.223986570246698e-05,3.813490756750479e-05
5417,8,1.6480921635009005,0.12624387573626605,0.014636268907550386,0.012582645364283319
5418,11,2.7409764477990928,0.000597157017538838,0.0001288681600042394,0.00010881493280455802
5419,5,3.1789728921618545,0.00026713368283416185,0.00011709807305461559,0.00016242945011436216
5421,11,2.0204242339064398,0.0025459594550040223,8.46572708752313e-05,7.653303211084466e-05
5422,15,2.386065164690895,0.03465074717920759,0.005162120505794267,0.004181071769624145
5423,11,1.9945334149322504,0.11634941578605133,0.015262565573368974,0.012407655110539118
5424,8,3.457976406872289,0.009724760183275285,0.0011429800233027482,0.0011203875581038453
5425,5,3.7291214730000557,0.2108533816323547,0.08220192897475412,0.06836032311554942
5426,5,1.7285589757323048,0.004356050488514325,0.0005377628456155553,0.0004853359447536277
5427,8,2.0513264727942233,0.015166119824681008,0.0025444190651563495,0.002504439315664227
5428,15,2.0766934007890385,0.016034414561553374,0.0025917974765488567,0.002582533635222754
5429,5,3.994780345083815,0.0061221706611729685,0.000811463716728669,0.0006354268596703753
5430,11,1.904462260309573,0.00020014437892704558,4.7097898670556604e-05,4.334898665992731e-05
5431,11,3.9960297786821712,0.09105614213108565,0.005115407277724048,0.006500774971661665
5432,5,3.1051310499688727,0.015307940551475161,0.007233424567320654,0.005972133690212448
5433,11,1.9013075204231744,0.000122227568140676,1.0822550969787339e-05,1.3573071347870515e-05
5434,15,2.8773034433054794,0.006239065857225121,0.0005644630550547829,0.00063969929751709
5435,11,2.4014324801515836,0.0010594074615724036,0.00019370557025187186,0.0001710539218721811
5436,15,3.115388513478213,0.00016251608231486852,1.9991981931398536e-05,2.199111821110849e-05
5438,11,3.654721113560389,0.005727107016686481,0.0005017743113189899,0.0006571667136841104
5439,15,3.556536674346057,0.06295785051041795,0.015061336315673649,0.011954418121035093
5440,8,1.9331091811695111,0.033986740514513294,0.005411670192157965,0.005644190390800868
5441,11,3.7989684527962257,0.00015510299207471774,3.934448547529504e-05,3.606732992327961e-05
5442,15,2.071404660324058,0.00011168902921365723,2.6096339736220918e-06,2.649187052102094e-06
5444,11,1.9740441263345105,0.0013698795513218903,4.458237228265661e-05,4.1308370040399125e-05
5445,5,3.215945649191037,0.0009084110856684517,0.0003068226494054054,0.00025200992754309396
5446,11,1.7803225615408294,0.00014687895718556868,5.618670513472937e-06,5.0835145803992715e-06
5447,15,3.604607708891306,0.0006743115265178587,0.0001573359310982753,0.00017404269339649635
5449,5,2.3112597064334737,0.013711980237111713,0.0016921959112483607,0.0016462385147663421
5450,11,1.707980789632968,0.002102756974001198,0.00014034857132000597,0.0001598385456764869
5451,8,3.911864325437001,0.00017768044040144444,2.180126481952614e-05,2.248433303951854e-05
5452,15,1.6498480902927928,0.02502333406364054,0.0029402044537221077,0.0025208982168212924
5453,5,2.3709392688136743,0.2355783263256764,0.03247256496545251,0.029804353757704575
5454,11,2.006246349092229,0.08191465831643348,0.01476727208153484,0.015256332791138612
5455,15,2.9651820064513488,0.0726168857012341,0.008244598474609927,0.006300552287958512
5456,5,3.464777272402103,0.0001259150523345553,4.348444295188382e-05,7.457159378850119e-05
5457,8,2.2437692796476645,0.0160943117265567,0.0012705899446427535,0.0012366545077352467
5458,8,3.5114494686576054,0.23088329348568631,0.048101864531715104,0.05024125992574655
5459,8,2.021584311190361,0.002485885114249954,7.082760838681427e-05,5.9521168655290886e-05
5460,11,1.69131456000774,0.004297541151398475,0.0011215660022978707,0.000934493439345265
5461,8,1.6903149071123231,0.002586279599079937,0.0002943774464490937,0.00023488376941745512
5462,11,2.377461771000951,0.00011533949134792723,1.723879342081499e-05,1.6292222502531136e-05
5463,5,1.635899811597877,0.3098287087944641,0.011652825369301477,0.012007886878127046
5464,15,2.5231567491181175,0.0024298220059240767,0.00045437236190153747,0.0005103505918941815
5465,15,2.6069915315513694,0.00025108974893570015,2.6125994910167118e-05,2.0945652694776224e-05
5467,5,3.1958449805662195,0.00034658426711920126,5.917714654673893e-05,4.559219656755231e-05
5468,8,3.3949006040367244,0.019376162139940697,0.004002993268159567,0.00397258783527296
5469,8,2.2278299093315836,0.0009229405237485307,0.0001742998293411591,0.00014311900959001323
5470,5,3.8396391346092495,0.04433347785392457,0.014449334685833985,0.016225375956017626
5471,15,2.955406493299669,0.0354463452884899,0.006263228322217865,0.004775930465866822
5472,8,2.4945689995414337,0.00023589236492049958,3.0682082713299875e-05,2.300222940671666e-05
5473,8,3.8888668113863716,0.0032822582370409833,0.0009966269506138457,0.0011858780710107223
5474,5,2.3121758107793067,0.013410214173135492,0.004952253539996966,0.0052068270622851395
5475,5,2.9608237787037144,0.0014465959432320122,0.0001912543670295698,0.00020464024842083183
5476,11,2.5613664710260866,0.0007646138792700997,5.887543526186896e-05,0.00012132164005762426
5477,15,3.445061317712723,0.0009465506379191636,8.808346896366551e-05,8.56589849302623e-05
5478,8,3.1765784889903887,0.0007648835102334895,5.815638670869191e-05,5.123931791855648e-05
5479,11,2.293843969721406,0.00032286912960611625,3.1297281489854086e-05,2.3712075472109447e-05
5480,15,2.9543935303039475,0.060904182191361116,0.0041958706679698955,0.004352636929944855
5481,5,2.169738714705282,0.04002169678253745,0.008627883354782852,0.0076268619831885934
5483,5,1.9202738166951991,0.06834755592134067,0.009210414919271543,0.0072075330638711015
5484,5,3.7655539222465677,0.0003715914391606629,8.258465939962013e-05,6.709905764885599e-05
5485,11,3.1783961779090837,0.015234826547495748,0.0023973872920409556,0.002248219026116546
5486,5,3.2704432399602226,0.01008729338462611,0.002633827078814415,0.002896657528691236
5487,15,3.119521599005728,0.019045054568788685,0.00036109233796061043,0.00039425969342145426
5488,15,2.2804226396018326,0.12096198325470998,0.009673090377413245,0.008043010602117087
5489,15,1.5219807619881531,0.0006368443046882654,4.2946776137950924e-05,4.623423970446638e-05
5490,15,2.690237769964538,0.006080463566272406,0.0006423927845178965,0.0005208753160748263
5491,15,3.2150125894288184,0.000110150470059038,2.639492987891206e-05,2.145828681380205e-05
5492,15,2.7390847620054,0.00029034955394659174,2.908981919347129e-05,2.4997919036578134e-05
5493,15,3.5491853020519764,0.0016548504572584221,0.0004438520301074799,0.000352027760954892
5494,11,1.9095874807795032,0.00040723838481315354,5.9409365114645854e-05,4.787395674492654e-05
5495,11,1.983377900371719,0.009908941999202957,0.0005671095241754527,0.0007681402514773159
5496,11,3.2169238943463867,0.011431730388662813,0.002263988390344572,0.002794989806209883
5497,5,2.477226075781244,0.005913061388864798,0.0024989876300282434,0.003198381428377453
5498,15,2.5076972203405785,0.0009668939261521713,0.0001419576876295335,0.00015966483826698928
5499,8,1.550569953766565,0.11114033448010797,0.004914941174458061,0.005116214482758053
5500,11,3.9016087582133387,0.17807451934774568,0.01874934873792173,0.015755187395752653
5501,5,1.911069819485321,0.004012327771572456,5.99933130442626e-05,8.084051668745373e-05
5502,15,2.1171881281003304,0.005565072952341704,0.00023274350782781047,0.00025282523509055415
5503,5,1.6176284144130493,0.007369333213366218,0.0007713436090746224,0.0007000995172385285
5505,5,3.404498216439185,0.0010180737519663952,0.0002879683646072821,0.0002373324335153524
5506,8,3.718620670342752,0.01991075260633018,0.004668708520347812,0.006199258390848883
5507,15,2.1894628473683255,0.004515315372462191,0.0009516214329635931,0.0008128904213574325
5508,11,3.76186646777955,0.011297906345171489,0.002597423160137191,0.002104947199115733
5509,15,3.8009452735666835,0.0007537439984252366,8.868652094975279e-05,7.108382652954806e-05
5511,8,3.3434291886146923,0.00011276797465139423,2.9700758422759657e-05,2.445586973024341e-05
5512,5,3.4852131860759528,0.0034209152305434915,0.0015943867169684357,0.0014324093492861661
5513,11,1.6101364893368326,0.0002931531407844412,1.4730535702493076e-05,1.3989416876161825e-05
5514,15,2.1820588198566107,0.004360243019793165,0.00020881312088995134,0.00021956680949226348
5515,8,1.651987209487662,0.055718686445466764,0.004138783709826784,0.003716451398678992
5516,11,2.261159991084409,0.0007451310889006141,9.47199015858573e-05,7.894620477931926e-05
5517,5,1.7131362744979115,0.0009727525556311627,2.8404304227000503e-05,2.7045218394833447e-05
5518,15,2.6152765092343593,0.015537787988230585,0.0005409570263774255,0.0005334748380278953
5520,15,2.86462400174384,0.0024176494777961373,0.00029344855731059565,0.0002581891595882605
5521,15,2.4084609167046143,0.0012815835199467614,0.00013118656019322567,0.00011665476939157938
5522,11,2.1523030446434017,0.03546743520670609,0.006848646812003005,0.0052820022283308
5523,11,2.4844749289567543,0.013959529838896664,0.0025298074989637156,0.0019629498135131664
5524,15,3.3057931691861113,0.1688919141256935,0.015967282030184007,0.01667166480156178
5525,5,3.821666930239817,0.007257319254956891,0.0007060742608995927,0.0005799662782862028
5526,11,1.9694577422066046,0.0004969266805826079,4.234935022412799e-05,3.2989168353240994e-05
5527,11,3.580075264589916,0.010984910480569201,0.001757175903952874,0.0023595153703893364
5528,15,3.759108486942823,0.0007863745810556734,4.798460915740104e-05,3.7334313954203826e-05
5529,5,1.6685668702351986,0.0001294995535455374,2.014986012903254e-05,1.815651015727293e-05
5530,11,3.4556082369664978,0.00262097631953712,0.0005353533461058893,0.0005349673177826487
5532,11,1.7323002885221193,0.0008682052073059386,3.785035409184699e-05,5.8823745708263066e-05
5533,5,3.2677349820552535,0.0005900172567872843,0.00012626569367760995,0.00016943722307058537
5534,11,3.6447413107268734,0.00016110623832565058,3.378456435282009e-05,2.6111967646837814e-05
5535,11,1.817980333891498,0.0023267754965043052,0.0004576229499594048,0.00037642376194802906
5536,5,2.3697002422001767,0.09884460876101538,0.010940092103454212,0.008816783730729886
5537,15,1.5629654013813798,0.011805013745064171,0.0009364375093153642,0.0007463227583799811
5539,5,1.5211376650607535,0.017851751285773942,0.0012939809952295916,0.0011628904849014432
5540,15,1.8007500912244367,0.021599790695018863,0.0016294855705583145,0.0013963948282101756
5541,5,1.563076750347841,0.00019284722106148604,2.0481907281388333e-05,1.821476751501892e-05
5543,11,2.937256785930432,0.003004833274307569,0.0008516168423148716,0.0007803503717811594
5544,11,2.3914171608551498,0.009100634731466675,0.0017488479872038829,0.001546776246679151
5546,11,3.9148683312156116,0.005212665961894475,0.0009832377851067182,0.000877886279114552
5547,11,3.944158143534287,0.0007928373791342631,0.00024275077607236562,0.00020075631560385906
5548,15,3.9927595945386796,0.0019836466640756186,0.00023749434280614476,0.00028896839418567
5549,15,1.613416739852339,0.13445303411955387,0.006838302455372002,0.006421270415596991
5550,8,2.656231210600492,0.00317830928702666,0.00028454884285675783,0.0002708265018630204
5551,8,3.7894493442016732,0.011665640934467968,0.0017997047416178067,0.0015791713538176046
5552,15,3.490290050788332,0.03015496579887363,0.005910634801639933,0.005551459122527451
5553,11,2.2674931643435454,0.0006966614997147659,5.5961023231620256e-05,4.523958481999915e-05
5555,11,1.8371896987776315,0.06023074503300602,0.009237131607730466,0.009226270770473919
5556,8,2.5053795153692713,0.05521720777992328,0.0033249320930404773,0.0028078759421366426
5557,5,3.1854253342010397,0.06114987460928515,0.01626961318168159,0.01262440345620902
5559,11,3.574106614835451,0.00010312164549649537,2.8173851929992124e-05,2.175353129188333e-05
5560,11,2.3761426424871295,0.004269449737796352,0.0002958491399317252,0.00026220101512158513
5561,15,2.540492913486862,0.00012502968755351016,6.277830992003918e-06,5.364944064919963e-06
5562,11,2.84464274268972,0.021347190544112153,0.0017580802939487715,0.001504872359281683
5563,8,2.911513128189351,0.06525583525652043,0.0052235175532544574,0.005011203045135484
5564,15,2.3268139906476413,0.005673576816284238,0.0005348095281022841,0.00046540117463895537
5565,15,2.395935173002784,0.016476058033977115,0.0018366536700888522,0.0028437054892757473
5566,5,1.859400981313557,0.0006427814209446934,4.7965760608406634e-05,4.0901787093979444e-05
5567,11,2.300194461348794,0.000360443660649594,6.866950841160252e-05,5.1357806177641486e-05
5568,8,1.5019675091406237,0.0001955864158305539,1.9236416714677088e-05,1.7565313763675484e-05
5569,8,2.607436790305547,0.006081001859681519,0.0013218314362026316,0.0012728334000648989
5570,8,3.9963272549173054,0.14495881263557683,0.04153655487150722,0.0364087189697154
5572,15,3.4886079756310013,0.00044717415639179475,2.022860941729047e-05,1.8229940223505932e-05
5573,8,1.8932694909732093,0.00018171826522518148,5.409784119139105e-05,4.2421689073664325e-05
5574,8,1.8637392555885373,0.0002489253047792551,1.4755771358978446e-05,1.7166003200534684e-05
5575,8,3.105286382573152,0.01869124942566248,0.0030669241461099,0.003047773511416691
5578,5,2.724911963987553,0.000949351658165438,0.00016132409855796644,0.00015403886381986883
5579,15,2.8802805859629004,0.0005807062900490618,4.389079234661397e-05,4.1356365188097124e-05
5580,8,3.131173839326314,0.16284269957502465,0.058489994855149344,0.046405685889133935
5581,11,2.3401185410756393,0.0004447679695662356,6.671756625774118e-05,5.380143502373958e-05
5582,8,3.629666939006232,0.004655285735999421,0.0010802858401642418,0.001057856175651474
5583,11,2.6339920102113057,0.00038543119249711356,8.121346288596403e-05,6.377390032939548e-05
5584,11,1.858415434414801,0.014224134113956016,0.002966933348015114,0.0027333491561218003
5585,5,1.7848571675369351,0.0400632167060345,0.0037250897290137626,0.00365046292492085
5586,8,1.6015476920095748,0.11332241911520813,0.010883898666275739,0.00962142548145067
5587,8,2.1566643764673232,0.0037070347501279716,0.000519974921887709,0.0005099866365834136
5588,5,3.806279951509644,0.002575554016753116,0.0006777759639705778,0.0007775301422497396
5589,11,3.967800976985142,0.06542564235068377,0.007068498855141291,0.007247005930135714
5590,8,3.8477680156709564,0.0011477438907432078,0.00040972555926307964,0.00031893702487278676
5591,15,2.9748992187451453,0.02809795230276717,0.0028514763108396964,0.002207881446879732
5592,15,1.837219948491789,0.03945454243643704,0.005817104151447725,0.004710012973247174
5593,11,2.145643142706356,0.00011755957870775227,1.2452478239050178e-05,1.2011591593245136e-05
5594,8,2.681619570645139,0.1202003810553063,0.03381171490525417,0.0284288742894861
5595,5,3.281290842139856,0.0031506514198421653,0.0008632799693834081,0.000695498192955986
5596,15,3.9616857440356323,0.007708477631347338,0.001845908941686313,0.0015066151014489935
5597,11,1.6181972502959303,0.00324637111365986,0.00010730852380606171,0.00017332862661651995
5598,11,2.149358518331553,0.0009738518730702359,0.00011929164041903235,0.00010848568719361046
5599,8,3.7103797724553296,0.00689681494140229,0.000691652809430568,0.0009043817172853056
5600,11,3.42503429064452,0.0062464028313913645,0.001296153655863211,0.0011306518432870213
5601,11,2.9147425091869357,0.07416080486401505,0.0135286865782151,0.012098337079311272
5602,8,3.4515889152715733,0.01145074296058678,0.001847116954923244,0.0014701699292798606
5603,15,2.0753702368242664,0.007676054626946263,0.0002154637333410313,0.0002173738101313433
5605,15,3.869218457611189,0.056290411005540185,0.01735262382096662,0.01909085352078726
5606,15,1.9294755094749854,0.0003783938779731947,1.6763114252626686e-05,1.8094544725120283e-05
5607,15,1.8023463963735553,0.00015363684480749928,2.7288233293743207e-05,2.1283428212734605e-05
5608,8,2.4485424253729833,0.01657511023396858,0.0037593580622229243,0.003240396519242083
5609,8,2.957641252700684,0.00024487831915520576,5.078964722771023e-05,4.537316027090412e-05
5610,11,2.092807338197814,0.0001878818789257624,1.0400920382445728e-05,1.0483325688159785e-05
5612,5,2.5910484745405764,0.008962566898155343,0.0007616204391601283,0.0006659459595930044
5613,15,2.4468603759856187,0.026123308443228493,0.005579446335673373,0.004466004091454303
5614,8,3.300264436959292,0.05650916573101075,0.005783589590484933,0.00518266458713974
5615,11,2.771992043271296,0.0005638998118996923,0.00016194703509513338,0.00014087202041462304
5616,5,2.5950323376097084,0.007585798008143692,0.0012930868652416762,0.0010001704553359717
5617,15,3.1950414075590734,0.007457019469460482,0.0018864819861359266,0.0017491904610607268
5618,11,2.9625686789331613,0.0007510463491808318,4.858724340564793e-05,3.915653945188964e-05
5619,5,3.3492852923720675,0.021420067817545893,0.0031223622420855795,0.0031475312289528283
5620,11,2.9304158666863915,0.0036628475798531194,0.0006948410919689684,0.000563565199590185
5622,8,3.2840411706827513,0.04862777387607218,0.00857763522529062,0.009444202043264734
5623,8,2.9700058760310144,0.005837447969914939,0.0015245285980087773,0.0013520106267453642
5624,15,2.7616399663423215,0.1372972557267963,0.025585896986705096,0.028693681112673602
5625,11,3.9879710444495204,0.0012306246910312347,0.00025400912129773263,0.00022765225178613042
5626,15,3.574712045327804,0.0024059892482654064,0.0005950015727771588,0.000594414200669178
5627,8,2.6087196557724583,0.01654861534399785,0.005222643453276938,0.004230271369184443
5628,8,2.8600147918560332,0.04535023888858903,0.0065200914682205825,0.006666130869824463
5629,8,3.215305466449183,0.0044312665563364115,0.0007019339370579167,0.001101982758124114
5630,5,1.5191571410801732,0.000711180173365981,9.130668839673778e-05,9.315530762812359e-05
5631,5,2.1149402233513164,0.009701420879970717,0.0017204714584829173,0.0017658921540995042
5633,15,2.192698418017173,0.0002033083241306651,1.0529107127769556e-05,8.919742147527635e-06
5634,5,1.899000450454618,0.04298239814866261,0.0017868106746764354,0.0019299408391360317
5635,11,3.5317929530394627,0.0006032668963095765,0.00010543947462261522,8.83737348399688e-05
5636,5,2.3743851051788165,0.17926640430522403,0.07862270028286811,0.06265351280165297
5637,11,3.316089146636672,0.17284931214851332,0.029752379555135544,0.02640031446522045
5638,8,1.9767650715888467,0.00015100386382798812,1.2652370144262083e-05,1.006530047020595e-05
5639,15,3.116740773066407,0.0008525172110955821,0.0001256608319608653,0.00011010225459733688
5640,15,3.2657988500274717,0.00014897268490143804,1.9872775629800532e-05,1.605751728261509e-05
5641,11,1.6912545646130683,0.002753954578763096,0.00031999042960137534,0.00028679227489316115
5642,15,2.3163947280657236,0.0006318000685051894,0.00012413836595928415,0.00011809112448776313
5643,11,3.0820541373727073,0.024159638924432323,0.0011871091915578225,0.00110911865099482
5644,5,2.2474582604642395,0.00177414060797482,0.00010668515530368017,0.000294229908742963
5645,5,1.8294903844693817,0.0001234683229718953,7.632885892000776e-06,6.330200282085419e-06
5646,8,3.6600148824767915,0.01334753673465738,0.004405643312357566,0.004420512319283773
5647,15,2.014090204649693,0.00012376867261256323,1.1951685159992515e-05,1.0087308719942629e-05
5649,15,3.8036801495329193,0.21931129164062943,0.025783473129213655,0.0226793127324198
5650,5,2.2943218299736268,0.23961564430711318,0.01691939062907346,0.0263146277320725
5651,15,2.1183297946799655,0.00010674827427317934,7.684635804729403e-06,9.060981586200921e-06
5652,15,2.2222844346420136,0.02187205303825687,0.0029783986617363456,0.0025814914468031643
5653,8,2.678859348339273,0.0010572573948978978,5.8628812915298236e-05,5.058829311184677e-05
5654,11,2.992619635566048,0.00022513248675229376,1.7760521097270815e-05,1.53152614067839e-05
5655,5,2.5395331163387427,0.008321078149688741,0.001577617548304498,0.001340270188812762
5656,8,3.220566530479478,0.001934894114442568,0.0003150453558360049,0.0002699090960415013
5657,15,2.945503921744603,0.000245608107302657,2.75076028602302e-05,2.2937668274027503e-05
5658,15,2.237034868856505,0.00012973186550356347,1.2303803714501206e-05,1.0660293628547217e-05
5659,5,2.241634473216077,0.003154152864544623,0.000495855420645337,0.0003937944752585857
5660,8,2.055993330992936,0.0003549096600336661,3.8799303176174276e-05,3.1683865474050745e-05
5661,15,1.8202626623547766,0.0006822856497054257,9.307021115858484e-05,7.275994743236716e-05
5662,5,2.3558288237494667,0.00010735315121893478,2.0034802332469145e-05,1.7747345598395274e-05
5663,8,2.690466182863637,0.003924526840168,0.0007188075638242036,0.0005809013812999584
5664,15,2.0169747196743617,0.016172167656863193,0.0030528342854178213,0.0027237992965897136
5665,15,2.5145869966373984,0.0064650715663246575,0.00030699333786169455,0.00026103362219813474
5666,15,3.7447416899938113,0.002067041135067567,0.000333725605313936,0.0004726480300725282
5667,15,2.6341425848594815,0.0640765498149292,0.0046285590661314935,0.004898705584871874
5668,5,3.837620554430164,0.004009660069090072,0.001004806517181963,0.0009081121078278298
5669,5,3.3266756407347993,0.005551574406830663,9.005187643431752e-05,7.517648394730461e-05
5670,11,2.366916043222283,0.186691687010773,0.019035179055928046,0.0152190911252902
5671,15,2.511246282665427,0.0002759166835940545,3.151066658418088e-05,2.638972085072233e-05
5672,5,2.926587122705529,0.0005491082280424019,9.100867526271145e-05,7.154759164485316e-05
5673,8,2.354931642815658,0.004822970271711507,0.0005552094511478106,0.00046939356312427347
5674,5,1.6113163291845745,0.011823056135133382,0.002893598720244016,0.002513038705396855
5675,11,2.3969572096274567,0.01014014921539995,0.0011544235641038761,0.0009991615431901371
5676,11,3.389830919847381,0.0006436369860287089,8.118213662743339e-05,6.317806574401362e-05
5677,11,1.8122842852332348,0.028049442191002038,0.0020259507667562482,0.0018832645383870731
5678,8,3.9448874649040993,0.020735225843072295,0.005662944274407608,0.004525752050680196
5679,8,3.054786042918604,0.003127170261900963,0.00039000779843957205,0.00038790715359179266
5680,8,1.5961929093456044,0.018354592312906336,0.0020112127399737416,0.002180330266341862
5682,15,3.0527722282292764,0.018408693449962384,0.001724647117469595,0.0017142382116913824
5683,15,3.552295786479589,0.0013152773777748014,0.00016758045816068112,0.00016211280940309978
5684,11,3.148444661362484,0.0055481875901158065,0.00033214157839686414,0.00027928177641252166
5685,11,3.2315407907840283,0.0013710430769355562,0.00030731444474358456,0.00029633696979635804
5686,5,2.8531425777860386,0.0006731683681428731,0.00027468761748366795,0.00022601240071094554
5687,15,3.4296693214820633,0.0031758727764693647,0.0005275516952779728,0.0006766579010081613
5688,15,2.0990062330531933,0.0003181212052937957,1.4877371854568135e-05,1.363888560655489e-05
5689,5,2.3445531194982427,0.16755124192723586,0.06880125601636881,0.06953308692002505
5692,5,2.589916426937519,0.07730239172163192,0.022931792848653224,0.01760433930537447
5694,15,3.42082496406332,0.0002997911773692297,1.994449690564195e-05,1.732035141488306e-05
5696,11,3.2802643097741537,0.039957251182213244,0.0034423036375155597,0.0028507853553213468
5697,11,3.789424714227288,0.004817440924942888,0.0007265857606795764,0.000551662949442062
5698,8,3.953758752296025,0.008470840984783975,0.0011861171790107632,0.001003710736297328
5699,8,3.2197093599612607,0.00014217781423721718,3.1730501210469934e-05,2.9192542332382227e-05
5700,11,1.5277036584172994,0.0004802534310094742,4.1284153134849006e-05,4.4221806579467484e-05
5701,5,1.6378894231799233,0.00023250151522014948,4.083417190534569e-05,4.480103454899731e-05
5702,5,2.2256262348232134,0.009350068302916605,0.0006379524252904169,0.0005580067091277166
5703,11,2.391581861457153,0.16663432777835271,0.01691182162469981,0.01442551953954172
5704,8,3.6319735149108623,0.0002666359614012929,5.834519506261376e-05,5.802656853362374e-05
5705,8,1.6489380361266182,0.006818218518277001,0.0006474307308347604,0.0006006068937591949
5706,15,3.96328096700602,0.001115746766812437,0.00012731127988841324,0.00010706364061464563
5707,5,2.4760988999019555,0.0008333552036906088,0.00028434247221032253,0.00024491913963027454
5708,11,3.2189971336328873,0.006178636592453107,0.0013997672281951,0.0011785466538399708
5709,5,2.491722341572861,0.005716169938838552,0.0009290255650978016,0.0007905949181053726
5710,11,2.05177318622245,0.0028761996964755537,0.00021127486333980238,0.0001702438620920795
5711,15,3.6191130941250376,0.024666579495113264,0.0024195718391457803,0.0021443964182325417
5712,8,2.984327785788688,0.09287310326283996,0.0310053923836461,0.026301830544269628
5713,8,3.898510982426936,0.16237122040378715,0.04197160718902432,0.04508228387148891
5714,15,3.7917438489306634,0.0001477685124825326,1.756069500175558e-05,1.6423958446564226e-05
5715,5,2.1916597219337035,0.00021288514258859678,2.186924561535872e-05,2.0624636188765088e-05
5716,15,3.7409310748501445,0.0008677544208884543,0.0001851254162168924,0.0001711924849022618
5718,11,3.011213834810225,0.00011383664251779423,1.2184213821989219e-05,1.0684201883177186e-05
5719,5,1.9019133623969504,0.019229605547630677,0.0035836770918760783,0.003237317115890726
5720,5,1.7470739189064144,0.011828269078335335,0.002128822510438152,0.0019266039813577124
5721,8,2.8983222265614796,0.012446470054671475,0.0017464586402497748,0.001518085379586181
5723,15,3.5433113185496437,0.00011433157934163166,1.0049169244845255e-05,8.536008699979213e-06
5724,5,2.714010719607189,0.002089002331188343,0.00071849112444516,0.0006059133731944308
5725,5,3.7882875405345677,0.0003421703489977616,6.490504561695774e-05,0.00012688409108823357
5726,8,3.305253852611208,0.00054299350153003,0.00011322215047032321,8.580653209572807e-05
5727,11,2.363468311857607,0.0012671449235544293,5.439067103289677e-05,6.586921692788751e-05
5728,8,2.2570924355957303,0.06835650412126053,0.01803574559932688,0.015035268087804855
5729,5,2.205727042801006,0.00011885078412796548,1.246760093141969e-05,1.0781053980747627e-05
5730,5,2.5961859336441555,0.00013584651615588587,4.518073963774428e-05,4.07651475915946e-05
5731,5,2.1307267909316225,0.0025339881949426463,0.00030219440464729125,0.000285233212787948
5732,15,1.5498476593750357,0.00892000019223547,0.0007615653397598126,0.0006021049790008302
5733,5,2.2480142220837416,0.3087271818063664,0.0873138237015166,0.07176526470653766
5734,5,2.9974745543506836,0.0002032462461974215,5.3364370652753125e-05,4.584217899484517e-05
5735,11,2.1450505384363923,0.0010203957282021467,0.00023453062017160514,0.00019842874390362355
5737,5,3.4757380265104163,0.2367394153139592,0.08688503606856227,0.07117550748451948
5738,8,3.9701173496662894,0.05929478773542573,0.011895543078140685,0.009695227903400098
5739,15,2.0430475142932516,0.02868614782126008,0.002144546815894442,0.0020703355980563587
5740,15,2.255535093181431,0.02043206806000282,0.0011839865645502205,0.0015074451382245994
5741,5,2.849944864599428,0.003202408910648282,0.00025831357872492186,0.00019985393076356217
5743,5,2.8756946292862726,0.08905569348806473,0.02007475982804016,0.023796317153493656
5744,11,2.698086294962199,0.005008481841955081,0.0007560531026362188,0.0006570044226815366
5745,8,3.811031083949176,0.00012962871048019983,3.7763165183375114e-05,3.107804926061895e-05
5746,8,2.65580690848651,0.0002827422384170814,2.7450471155920448e-05,3.2867884232786555e-05
5747,15,3.8169253431561883,0.00015971337573216207,1.75905491228944e-05,1.5778636353714803e-05
5749,5,2.321883250383963,0.001715585612899594,0.00030291895649355233,0.00025133204845085915
5750,5,2.26106721754359,0.10614257351979374,0.027099136276394042,0.024307515738163234
5751,11,3.537379710058394,0.005100456919677989,0.0015446457598110022,0.0011550394974551037
5752,5,3.0342911070446865,0.03915155392770474,0.009394138702710865,0.008262724580107603
5754,11,3.595575405684783,0.0632421808970915,0.018076654559084207,0.023089529820656852
5755,15,1.9672940445344544,0.0001956206041657415,2.538868573451375e-05,2.0696976385563e-05
5756,8,2.9678768866442975,0.015306047735229658,0.003944084136236977,0.0029272304199666264
5757,8,3.0247357802577803,0.006561645911133573,0.0019688204701275545,0.0017090087688233669
5758,15,2.676141929435322,0.002022504199642509,0.0005450285023883296,0.0004118998425530559
5759,5,2.085693923679464,0.006164411368726092,0.0015947851202465137,0.0021834420420444147
5760,11,1.7975954115994275,0.0007187586130266624,3.856221297215994e-05,5.072413746896135e-05
5761,5,1.5193926196339043,0.00269099578399291,0.0006601165062497542,0.0005611230213986224
5762,5,3.174133598685419,0.0020399841306999217,0.0002974227905725755,0.0003482851371450766
5764,15,3.6324760498726976,0.0003432392002715836,8.307417042638958e-05,9.744691912071518e-05
5765,15,2.8781670508900152,0.022574918185941005,0.0016135044825016727,0.001309058339874506
5766,8,3.0034513251627386,0.01670784362488843,0.0059081250906483345,0.005515784890429957
5767,15,2.2690492733390184,0.0025387001676446586,0.0005593910023732889,0.00046678327717468486
5768,8,1.6176278372564334,0.21575212074524286,0.016630269463271292,0.01517931252224813
5769,15,3.6750627927472013,0.04517454106849727,0.008817522251297234,0.013234133619375877
5772,11,2.6032530042003623,0.01021938960734112,0.000593875021977335,0.0005362578295260294
5773,8,1.8664880222437925,0.005745448507422798,0.0006683994579538839,0.0005919783149279323
5774,15,2.561441741405102,0.038639056131975276,0.0016949497122499225,0.001316053050451418
5776,5,3.482498195069465,0.0003669017169344947,4.314169842989844e-05,3.784234743961316e-05
5777,5,3.660245142851496,0.014787030164574623,0.00701352003405801,0.005164595753780073
5780,8,1.565832081010492,0.007090115131793638,0.0007252217098703186,0.0006148420299684065
5781,11,1.7253149191127735,0.01258388137195006,0.0011181718521737051,0.0009429450974860121
5782,11,3.740766757678713,0.00044749844601456844,0.00016093212084432112,0.00012376751804894396
5783,5,2.994553558000494,0.004711619907118181,0.001847048428026515,0.0014759305121354435
5785,15,3.4797402472358887,0.0011859653658761674,0.00024734197190868297,0.0002465886676833482
5786,8,3.494727931186591,0.000269159068712052,5.830508329940828e-05,5.570173538538046e-05
5788,5,2.0084847508278005,0.06160708370783253,0.023861051032136513,0.017990417712356054
5790,15,2.0965544411459205,0.002795859007128976,0.00036678499165818346,0.0003178550551230814
5791,15,3.108933403174524,0.002713812036279897,0.00044964024217698995,0.00037095864087870493
5793,15,1.6209975082548667,0.006603058567260669,0.00038394045387350707,0.00040025118162435706
5794,11,2.5237877483271958,0.00032275651579286854,5.350115322631525e-05,4.645085497486553e-05
5796,5,1.5032821666039626,0.041291296427957,0.008882866414792327,0.007230511733562845
5797,8,2.5283792497469184,0.019956699458666655,0.00176000554575062,0.001877711045688769
5800,11,1.7996528411065593,0.03699619726915863,0.004209403991642974,0.003961461617877943
5801,5,3.925480385834561,0.1388629493496121,0.044459561936725414,0.03643889317255593
5802,5,3.621393563379031,0.00029634132131047144,6.891831273326374e-05,8.520546977542029e-05
5803,15,1.6164289002600811,0.001654880472165939,0.0001126998995999817,9.106757442198562e-05
5804,8,2.478071053408348,0.002261951976807532,0.0006126479819098235,0.00047784358158398446
5805,8,2.050851052806133,0.0010190261818883578,0.0002657242002986278,0.00021442256935393222
5806,5,1.9618611165281672,0.0034477021651578795,0.001306492827124152,0.0015087208328033958
5807,8,2.037140685154142,0.00031832191684172314,3.1196169947958556e-05,3.1858038521660504e-05
5808,8,1.8470303832295862,0.011554407140637196,0.0005723439206589068,0.00047949152958509926
5809,15,3.9930205925560496,0.015405469526705852,0.004348614103626968,0.003295525141571949
5810,5,2.2392645673947866,0.12555865235750457,0.025238676984480728,0.02212583387024974
5812,15,3.7792541218544953,0.0034186776120878146,0.0009063062527311214,0.0007262948021779232
5813,15,1.8422587165695954,0.042426611340144534,0.0012641086479975138,0.0010252507470664034
5814,8,1.534743768601815,0.0006707378774351584,8.123819521900231e-05,0.00010104987711145468
5815,15,3.1465929943453794,0.045182413939461645,0.01030519274071251,0.011327748219034085
5816,11,2.9472127113387345,0.0002744475645519876,3.090023433210556e-05,3.63149209026911e-05
5817,8,2.043673865682142,0.0010295209994964829,0.0003003732973283804,0.000227781760762122
5818,5,1.9179815470110981,0.0004040373553820669,8.589099832459365e-05,6.750600670036279e-05
5819,8,1.69343797553115,0.0029276565338473494,0.0003795190522362093,0.00030615458541930477
5820,5,3.3260358655554003,0.00020342811293045144,4.9604736276272855e-05,4.40468380138958e-05
5821,5,2.7094320584894636,0.0002415054052029539,7.313600611854518e-05,5.624274787716208e-05
5822,11,3.550574464283682,0.0009591059395230801,0.00016304631835592292,0.00012631516508501876
5823,8,2.6947037930604005,0.0014510219218265648,0.00020506871447449515,0.0002412280220271668
5824,15,3.2469656027566973,0.0023819987378715718,0.0003778707473287362,0.0003440157723244537
5825,11,2.66878568109647,0.004477067734831427,0.0007065946059657995,0.0006235255764268222
5826,5,3.8043701100843847,0.13396581747651753,0.02163781899464573,0.026932416037926964
5827,8,3.7267984470949473,0.015150512295892943,0.0023979691750867713,0.0022649420178640976
5828,5,3.2806662109070883,0.16155713147551812,0.034323676746760796,0.03308224786783052
5830,8,2.7717801441227135,0.00018509232062746927,3.257052250656004e-05,3.34192660451043e-05
5831,15,1.5992597129317219,0.0019525536189209777,0.00020442793485438057,0.00017222292831889073
5832,8,2.3453367725022267,0.05277791358257273,0.005933903322760052,0.006459380858171614
5833,15,1.631271332299809,0.011174861668846401,0.0005668071014918456,0.0004654725695802362
5834,15,3.8877434154461903,0.0009296895756184876,0.00012630426594548126,0.00010310212445152076
5835,5,3.6842526134309006,0.043215076637982984,0.011321469520473502,0.013495222104820574
5836,8,3.859900543651024,0.0013367943331572885,0.0004040168117540497,0.00031559094239307556
5837,11,2.370514174394523,0.00027420799810268703,3.00161545706212e-05,2.4876612745533207e-05
5838,8,2.0389942882023564,0.035163008699282405,0.002450723623250715,0.0022258983518263
5841,15,2.5722286697774903,0.0006511236438367987,8.192555061209456e-05,6.822923726376201e-05
5842,11,2.8271346899108565,0.016897937241193164,0.0022623596747504077,0.0018374664736446936
5843,5,1.5093491889048412,0.016557359336041574,0.0012309020484510026,0.001557377159186441
5844,5,3.036536358880291,0.0007049503244288076,0.00012761988513290088,0.00011071810528589462
5846,15,2.6679555789620806,0.0029261280322351152,0.00037980623025187584,0.0003177313171461951
5847,11,2.050340348404799,0.004688782314523591,0.00021858781192862293,0.00022627474495418544
5848,5,3.4820146286928804,0.024208086244274618,0.006305993960950556,0.00521828869918113
5849,8,2.082502836489863,0.02385617468757721,0.0023262638177455144,0.0026402300986811582
5850,8,1.7823471476597619,0.30285369264753215,0.04292633147910059,0.034754900381328606
5851,15,1.5774067581732851,0.005497033414180515,0.0007917136168575103,0.0006177059458429444
5852,8,2.589834617370364,0.0016855864025062334,0.00015379339371190067,0.00012978867102855126
5853,8,2.4271208603021113,0.0011205642499683296,0.00012290938822364695,0.00011351564200719922
5854,8,3.43977670863751,0.007208389924727728,0.0011241092562561937,0.0009477996885347332
5855,5,2.510743655441152,0.0002378957231056385,3.43492085925485e-05,2.710247750394323e-05
5856,15,1.5423414469712302,0.004364792027739134,0.00014576999243595836,0.00013052259715349714
5857,5,2.769696332544032,0.009030293050944724,0.0010449165443997552,0.0009419236508895566
5858,15,3.5260630832665876,0.00038949708834622485,9.697596136206786e-05,8.73233100602212e-05
5859,15,3.28284241320779,0.00021795367715735428,2.7559218444012816e-05,2.0927388486012858e-05
5860,15,3.256224949326674,0.23696505602221238,0.06244162754060335,0.05151585979093944
5861,5,3.17794938639699,0.016352078621281428,0.005610204401813659,0.004497754082228427
5862,11,1.5259474212441018,0.004857990883368691,0.0003368659863016331,0.00032554544236545335
5863,5,2.872346532780452,0.000509139946350649,8.357698336633559e-05,6.87514090923532e-05
5864,5,2.4702010857823895,0.04944614284192957,0.005785257342968548,0.005304358999422344
5865,15,1.629073376314681,0.007084279492390907,0.00040932054669972636,0.0003772306164902783
5866,15,3.972001249884361,0.1227852509998796,0.014037039517727657,0.0112931840385829
5867,5,1.5317957289509274,0.050068930302178453,0.01410939733368436,0.011038871356613236
5868,5,2.967878247672069,0.0002190169493663619,9.530536735205583e-05,7.749008595193106e-05
5869,8,2.57492298164232,0.004346136476644175,0.0008877361643019825,0.0007473600683444977
5870,8,1.7131506495361937,0.0021436370841696113,0.00020872205764343042,0.00016806628685097418
5871,5,1.9716100394591662,0.04197419546148914,0.004999943907308989,0.0059116885745076515
5872,5,3.8008985831653557,0.001757335706533408,0.00034455440178508443,0.00032002387577047725
5873,15,3.7168536628301956,0.0017135464651508617,0.00023489054662290896,0.00025778942693259737
5874,15,3.3662153551236096,0.00026570011490916406,2.262029851239691e-05,1.9722832059448985e-05
5876,15,2.7291980587372633,0.00012063661240006156,7.23979733507741e-06,6.785047911024233e-06
5877,15,3.5318175516113217,0.002204430834013392,0.0003003264173403989,0.00028232491100224914
5878,5,3.1211880931699243,0.0009615500275760104,0.00033096631826739375,0.00030187814439154576
5881,5,2.159647606348326,0.0001484303269476822,3.419439959657158e-05,4.177183180541231e-05
5882,8,3.1422913755231145,0.09878784647497982,0.012324125760606264,0.010517157096543849
5883,8,3.01500488203933,0.0006693215465972686,8.812439869709328e-05,8.705936217302031e-05
5884,8,3.988496199865237,0.00022497984558783198,0.00010452157067683537,0.00010261568003035964
5885,5,1.7110632994664927,0.00018143438971396722,3.1530980380816044e-05,2.975805353828484e-05
5886,11,2.2404256742194195,0.030137775945387187,0.009321673158818274,0.0076231608538232945
5888,8,2.1232998228514393,0.00011879323029451296,1.0336242218930015e-05,8.401993076482826e-06
5889,5,2.155530453344832,0.0012206695832231965,0.00027820678296423725,0.00028703299756075
5892,8,2.367376468117964,0.00014626411736569155,2.4902823517430487e-05,2.2891481073107706e-05
5893,8,3.900395729506575,0.002377596076421119,0.0007529018140310287,0.0006522704595015234
5894,15,2.6224443390380703,0.00116976226265871,0.0002730342509509204,0.00033978536913440333
5895,15,3.6850855909895577,0.00012487458751724747,1.4255406132145873e-05,1.2567742168253235e-05
5896,8,2.845712840486193,0.00011734247068501507,2.687223963584903e-05,2.546561277801323e-05
5897,15,3.1045274210858906,0.0013338873470276427,7.46664443293118e-05,6.546720557678784e-05
5898,5,1.7088460722354657,0.001422083633704858,0.00016951976062525798,0.00015068117877580859
5899,11,2.641757070837037,0.00029572539847878707,5.048954402805856e-05,3.943444445045788e-05
5900,8,1.8426714985077064,0.07030595273755948,0.011326639891261505,0.008977278171639668
5902,11,2.4824012104332964,0.028503330656715866,0.0019688868841798075,0.0016744382043533262
5903,15,2.6962034454589467,0.0005561472103065458,4.133794854475627e-05,3.845003398182711e-05
5904,5,2.0270800991636335,0.004422202238077148,0.0010484299972070674,0.0008741964457070575
5905,15,3.449862402903764,0.0003908041885432648,2.5632768048802043e-05,2.101005367850707e-05
5907,15,1.6499103151897287,0.00035602442455392823,5.83095305142612e-05,4.915892907683599e-05
5908,11,3.2963024809905965,0.0018929226475915299,0.00046482488927359424,0.0004278688348739341
5909,11,2.835609115998434,0.109161734171613,0.008271037307343746,0.007497608706201509
5910,5,3.5727998700818757,0.002006519594273288,0.0006459621494739316,0.0007616663982317147
5911,8,1.6829652565578088,0.0003068749377444048,1.940877244714992e-05,1.614811093798208e-05
5913,15,3.026778241256439,0.003816593577984138,0.00041155402831019426,0.00043885022178466747
5914,11,3.7403600683430387,0.00012020282127950348,1.2860049553169221e-05,1.1617998840388034e-05
5915,11,3.2449357584338783,0.004239062209091671,0.0005737993921262138,0.0005578539391178753
5916,5,2.383258819846066,0.0606657357768422,0.025258953324835638,0.020016991791067
5917,15,1.8614364262126344,0.05387066858793388,0.0019557180266276323,0.0022389153193592254
5920,5,3.242450162625125,0.00011015173149762096,3.999516679966415e-05,4.2422457931850034e-05
5921,8,3.454752864958515,0.0002061210556019532,3.974188817620023e-05,3.693732636826968e-05
5922,5,2.107045192707334,0.0005203463054802831,1.0976259385417182e-05,9.750700516601264e-06
5923,8,3.1921465039595804,0.00014857187263218367,3.1777282822075707e-05,3.082791155518482e-05
5924,15,2.1396350157147084,0.018248283389939855,0.0015419530087054157,0.0012927300503142432
5925,5,2.3582655107243116,0.020866810319355143,0.003917913978609723,0.003675743020509652
5926,11,2.619394205515945,0.00026137451143501823,2.064188542728775e-05,2.3263147763021248e-05
5927,5,3.2016660336188965,0.00015818394704628625,4.772435902139693e-05,3.5697202362045924e-05
5928,5,2.087786301814676,0.0697062299055937,0.0012201665216890361,0.0010774579760609803
5929,11,1.910495826282563,0.0008452641802115826,5.0314513412070344e-05,4.3794917820760936e-05
5930,8,2.83332386801068,0.11363808661523477,0.026857615816279632,0.020441504317112894
5931,8,2.2969965268079573,0.0007080092046303398,5.676689824846601e-05,0.00011373343376032223
5932,11,1.9355360460644044,0.0006228882176136809,0.00011083930647151857,0.00010997805589479919
5933,5,1.6710376016470752,0.15843357292381444,0.024207952200167915,0.030376499733276448
5934,5,3.812124324369308,0.003736354045982558,0.0009095064948141569,0.0009216055168270248
5936,15,2.7143916473580023,0.009111348863118747,0.0006524998051890831,0.0009122949452279245
5937,8,3.975101318289066,0.0003931570903420679,7.716565524034643e-05,6.78377802622372e-05
5938,8,1.9497000029757479,0.1755437954538801,0.021014749376738938,0.017481229353854193
5939,11,1.726435134606088,0.00029548118638065093,1.2830285001048263e-05,1.5224714869814425e-05
5940,5,3.6436467584732686,0.003418404249760824,0.001165008704876389,0.0011017273077337647
5941,8,3.64396017250884,0.026554852097712023,0.00955519621038769,0.007478136340893383
5942,8,3.2498214418160596,0.002405488549510868,0.0006869827461063595,0.0006804298111251947
5943,8,1.5803119610729188,0.0009271236919491448,7.009168681275328e-05,5.785109005513641e-05
5944,11,3.3151745576688594,0.0002725218124022865,3.357641802992519e-05,3.570422335523162e-05
5945,8,2.824791428738283,0.0005425449785370473,5.364793017487481e-05,5.3367939325643376e-05
5948,11,1.7839953565625717,0.00034477167811817805,4.173686713498523e-05,3.171472348199994e-05
5949,11,3.3161498303143806,0.0002815913665915037,2.98148343045955e-05,2.5026029802997276e-05
5951,8,1.7072044016155359,0.002727110611100649,0.0006659871192087555,0.0005652516970219486
5952,8,3.9420464166663947,0.08113865572317056,0.014154223394050319,0.01099360300456791
5953,15,2.445144974638615,0.003526202519522244,0.0006635212587120826,0.0005420530772273193
5954,5,2.3821976987013374,0.0018452044032581008,0.0003552325615651628,0.0002669627854297546
5955,11,2.3119101833447786,0.026111715207821806,0.0017262643848266162,0.0015887464614748545
5956,5,2.786748130814415,0.01317558726410052,0.0038068072516521828,0.0029226121571560874
5958,11,2.9412117278780574,0.003263767568650548,0.0009022360364945067,0.0007608893663472148
5959,5,2.8378985198164326,0.04403237456943725,0.014084877220331544,0.01972713560534497
5960,15,3.45205078416776,0.09445983596653086,0.03139679218380617,0.027338105825001215
5961,11,3.3077377305066613,0.0647336435819872,0.005987585966232953,0.0057917412459611885
5962,5,3.5712603531047185,0.00047618916048511507,8.858947981822286e-05,7.703368020137506e-05
5963,8,2.8847870052288194,0.0036987837833240087,0.0003339876322853455,0.000364972618061782
5964,11,2.9170720731935638,0.0004910155654348745,5.081108381813883e-05,4.468997094265037e-05
5965,8,2.9211379843325753,0.014835323782465411,0.0024674456106836065,0.0019698462615385342
5966,15,2.561074926270517,0.14940086256233395,0.018324778232156058,0.015283196887002085
5967,5,1.5398842370207433,0.003770408714812066,0.000551794521273813,0.0004639721321486264
5969,11,3.1442279874034953,0.08459059159411866,0.02951211619094286,0.025554167599230914
5970,11,3.4539362005341747,0.0002269681519017664,6.443464445273655e-05,5.172916280805216e-05
5971,15,3.790492163788534,0.0007553033742365333,5.620619298826725e-05,5.183538868160421e-05
5972,11,1.8281195349323753,0.0002715356996037861,2.8736848260602795e-05,2.3587882079680717e-05
5973,15,1.7485045523239444,0.0007084371260309699,5.4384951582294515e-05,4.304255920629963e-05
5974,5,2.4377949668693275,0.26355725037372224,0.020548430736720684,0.022995628574024794
5975,11,3.201376435296365,0.0011666131585313909,9.42823420563291e-05,7.480670339366733e-05
5976,15,3.405847215002852,0.043104222385470535,0.005624358117420104,0.006021090019759858
5977,15,2.9337042713301393,0.00019506484673370445,4.121074770894454e-05,3.795767616575714e-05
5978,15,2.747190289904401,0.049935892310620886,0.011187453010120686,0.008660916585987546
5979,8,2.580720745625596,0.0036761873959235292,0.00021993354673413467,0.00022591782031597017
5980,5,1.639031560898096,0.20855540085179286,0.024269458271464636,0.02374566935679378
5981,11,3.4274533289899547,0.00016866136099610987,2.8754825312616055e-05,3.293894063418512e-05
5982,8,3.086146439752932,0.01732856838408547,0.001484914893284445,0.001495356133339753
5983,8,3.531788754478339,0.00027530976929394593,4.484431906929237e-05,4.022943381277701e-05
5984,15,3.082874293898172,0.004672666461862274,0.0007721826377103398,0.00073818461168372
5986,15,1.8743911429545714,0.00043139917430903564,0.00010932218941650687,9.052991471844162e-05
5987,5,1.7103263585092254,0.011578422415927466,0.0009579042238254303,0.0008743433498622879
5988,11,3.528662435662125,0.00020769922581373063,2.7102647117966565e-05,2.7120328025239385e-05
5989,8,3.6454437477695314,0.00042913504218852023,5.2154334728125726e-05,4.0847318875448165e-05
5990,5,2.848983062999178,0.014659508935736625,0.004310208478340486,0.004409747249143405
5991,11,2.3251707614489603,0.0022287612895866373,0.00038153177956023717,0.00031734818120245887
5992,11,2.2420284258046896,0.0048838728612395615,0.0007656776225384892,0.0006400138081212224
5993,15,1.9795810105087905,0.00011705685498316475,5.212392377144485e-06,4.8535019733004295e-06
5994,15,2.676676218875337,0.022372425574390186,0.0024538200573200816,0.0027678031977812663
5995,8,2.061164908325054,0.00016971996456531922,2.3421707862005168e-05,2.0012839083465135e-05
5996,11,3.6899954422763193,0.0022858683486563967,0.0004008639900309563,0.00031829623606662174
5997,11,2.3867659409966224,0.00020629449625582911,1.819001910142848e-05,2.2398550235127973e-05
5998,11,1.626767905481831,0.0005414270775450724,2.76389277300956e-05,3.1890919565592144e-05
5999,15,2.6694631986416097,0.00025196973100475,4.846504520531012e-05,4.480269451859995e-05
6000,12,1.0,1.707393702490094e-05,1.806984425525038e-14,4.5208999312300946e-13
