family,components,support_half_width,relative_amplitude,amplitude,tv,hellinger,hellinger_squared,chi_squared,sqrt_chi_squared,alpha,theorem_2_1_rhs_C0_1,corollary_2_4_rhs_C0_1,theorem_2_1_ratio,corollary_2_4_ratio,hellinger_over_tv,sqrt_chi_over_tv
0,21,3.909848544315092,1.0,0.07432000428860974,0.01016654630642676,0.009690737229098237,9.391038804343057e-05,0.0007656053345716336,0.027669574166792547,1.4439613784624057,7.66898741767611,7.66898741767611,0.003607982730942738,0.0012636266955872468,0.9531985530791571,2.721629679619055
0,21,3.909848544315092,0.3,0.022296001286582923,0.0030499638919280272,0.0029262312185314855,8.562829144308263e-06,6.890448011144701e-05,0.008300872250037764,1.2524296796182808,4.315575147700011,4.315575147700011,0.0019234683595908924,0.0006780628579926415,0.9594314300821691,2.7216296796190553
0,21,3.909848544315092,0.1,0.007432000428860975,0.0010166546306426773,0.000977305347528255,9.551257423073232e-07,7.65605334571634e-06,0.0027669574166792558,1.1397483103890658,2.6196450755499288,2.6196450755499288,0.0010562337022309797,0.0003730678467284711,0.9612953288871092,2.7216296796190522
0,21,3.909848544315092,0.03,0.0022296001286582923,0.0003049963891928027,0.0002933932849513822,8.607961965456293e-08,6.890448011144711e-07,0.000830087225003777,1.0519910194319961,1.5232988095373003,1.5232988095373003,0.0005449273772201756,0.0001926038956470398,0.9619565848889915,2.7216296796190576
0,21,3.909848544315092,0.01,0.0007432000428860974,0.0001016654630642676,9.781705598628138e-05,9.568176441823307e-09,7.656053345716347e-08,0.0002766957416679257,0.9916468020442207,0.9260770664160489,0.9260770664160489,0.0002987826301959382,0.00010562517908454084,0.9621463674881069,2.7216296796190567
0,21,3.909848544315092,0.003,0.00022296001286582924,3.049963891928069e-05,2.93471454367722e-05,8.612549452870593e-10,6.890448011144837e-09,8.300872250037846e-05,0.939531001907545,0.5332610023874599,0.5332610023874599,0.00015566246571330092,5.503336134722445e-05,0.9622128810915224,2.721629679619045
0,21,3.909848544315092,0.001,7.432000428860974e-05,1.0166546306427963e-05,9.78257510305749e-06,9.569877564696029e-11,7.656053345717342e-10,2.7669574166794366e-05,0.9008881221205083,0.32000118312572085,0.32000118312572085,8.646709957920264e-05,3.0570434169970396e-05,0.9622318935263493,2.721629679618912
1,8,2.875235707090804,1.0,0.1,0.010394975169387177,0.008833183830390636,7.80251365814746e-05,0.0006178281732563503,0.0248561496064123,1.4485765344216643,7.755440336851041,7.755440336851041,0.0032049952712942535,0.0011389661252912422,0.8497551640531129,2.3911696951054537
1,8,2.875235707090804,0.3,0.03,0.0031184925508161527,0.002640335808506191,6.971373181680041e-06,5.56045355930715e-05,0.0074568448819236875,1.2551759146222983,4.359984551599645,4.359984551599645,0.0017102915833010987,0.000605583753166619,0.8466705517110114,2.3911696951054533
1,8,2.875235707090804,0.1,0.010000000000000002,0.0010394975169387172,0.00087923180027257,7.730485586105443e-07,6.178281732563495e-06,0.002485614960641228,1.1416584712586915,2.646014554315339,2.646014554315339,0.0009393806835217448,0.000332285322784278,0.8458238581097105,2.3911696951054533
1,8,2.875235707090804,0.03,0.003,0.0003118492550816154,0.0002636782349734043,6.95262115986898e-08,5.560453559307159e-07,0.0007456844881923694,1.053375493157873,1.5386414578644476,1.5386414578644476,0.00048463824004023635,0.00017137081132558043,0.8455310720700485,2.3911696951054546
1,8,2.875235707090804,0.01,0.001,0.00010394975169387268,8.788408425425433e-05,7.723612265208875e-09,6.178281732563588e-08,0.0002485614960641247,0.9927295767323967,0.9354931689171899,0.9354931689171899,0.00026570102735419055,9.394412185390725e-05,0.8454477554989164,2.3911696951054493
1,8,2.875235707090804,0.003,0.00030000000000000003,3.11849255081615e-05,2.636431699868971e-05,6.950772108073991e-10,5.560453559307229e-09,7.456844881923741e-05,0.9403901405832742,0.538759173122271,0.538759173122271,0.00013840775719342448,4.8935254031779334e-05,0.8454186299656167,2.3911696951054724
1,8,2.875235707090804,0.001,0.0001,1.0394975169386321e-05,8.788019198491725e-06,7.722928143305915e-11,6.178281732562885e-10,2.4856149606411058e-05,0.9016023958843754,0.32334590648652434,0.32334590648652434,7.687170026829134e-05,2.7178383960330025e-05,0.8454103117410848,2.3911696951055315
2,8,2.5054451069340664,1.0,0.03409829146522266,0.012317821745121846,0.011628266392741308,0.00013521657930055697,0.0011124990349337784,0.03335414569335839,1.485627119875275,8.458405768106404,8.458405768106404,0.003943313504670684,0.001374758637920553,0.9440197003456704,2.7077957761945566
2,8,2.5054451069340664,0.3,0.010229487439566799,0.0036953465235365548,0.0035225029049242673,1.24080267151999e-05,0.00010012491314404007,0.010006243708007519,1.2769255806814321,4.716051125725637,4.716051125725637,0.002121741991604873,0.0007469178791784781,0.9532266818520524,2.7077957761945557
2,8,2.5054451069340664,0.1,0.003409829146522266,0.001231782174512184,0.001177538733062542,1.3865974678625364e-06,1.1124990349337779e-05,0.003335414569335839,1.1566759451739306,2.8565599887021436,2.8565599887021436,0.0011676333010780774,0.0004122226516228521,0.9559634466450013,2.707795776194557
2,8,2.5054451069340664,0.03,0.0010229487439566798,0.00036953465235365555,0.00035361989722107576,1.2504703171064418e-07,1.001249131440402e-06,0.0010006243708007526,1.0642023111236811,1.6609802584297069,1.6609802584297069,0.0006024300202982209,0.00021289831436972558,0.9569329830606822,2.707795776194557
2,8,2.5054451069340664,0.01,0.0003409829146522266,0.00012317821745121845,0.00011790755952837559,1.3902192593937432e-08,1.1124990349337812e-07,0.00033354145693358436,1.001168063338432,1.010570238447459,1.010570238447459,0.00033005272097267057,0.00011667428452030924,0.9572111203433337,2.70779577619456
2,8,2.5054451069340664,0.003,0.00010229487439566799,3.6953465235366016e-05,3.537586959921675e-05,1.251452149900788e-09,1.0012491314404267e-08,0.0001000624370800765,0.947067046781601,0.582616659025577,0.582616659025577,0.0001717466116527295,6.071894624225591e-05,0.9573085872704723,2.707795776194557
2,8,2.5054451069340664,0.001,3.409829146522266e-05,1.2317821745122873e-05,1.1792299695651511e-05,1.3905833211206274e-10,1.112499034933878e-09,3.335414569335989e-05,0.90714256148579,0.35004151503937364,0.35004151503937364,9.528625680187712e-05,3.36882889286006e-05,0.9573364463015195,2.707795776194452
3,15,3.761227538207419,1.0,0.07008410495118902,0.014572060701989931,0.012673827438136581,0.00016062590193166365,0.0013108191358398337,0.0362052363041568,1.525783015597861,9.238245126625616,9.238245126625616,0.003919059930528301,0.001371886896745059,0.8697347408390819,2.4845652955050266
3,15,3.761227538207419,0.3,0.021025231485356708,0.004371618210596981,0.0038283458236646117,1.4656231745570274e-05,0.00011797372222558509,0.010861570891247042,1.2999122756313684,5.1003544545886665,5.1003544545886665,0.0021295717754430082,0.0007506038762110623,0.8757273941225118,2.4845652955050266
3,15,3.761227538207419,0.1,0.007008410495118903,0.0014572060701989935,0.0012787242178022653,1.6351356251940152e-06,1.3108191358398346e-05,0.0036205236304156815,1.1723354729562552,3.0819525987872436,3.0819525987872436,0.001174749939969994,0.0004149071657706373,0.8775177677016162,2.484565295505027
3,15,3.761227538207419,0.03,0.0021025231485356705,0.0004371618210596976,0.0003838949263380092,1.4737531446806552e-07,1.1797372222558506e-06,0.0010861570891247043,1.0753832608251053,1.7915929435813147,1.7915929435813147,0.0006062521584582291,0.0002142757525995946,0.8781529123641966,2.4845652955050292
3,15,3.761227538207419,0.01,0.0007008410495118903,0.00014572060701989925,0.00012799153883764674,1.6381834014028835e-08,1.3108191358398272e-07,0.0003620523630415671,1.0098286292247352,1.090705064967976,1.090705064967976,0.0003319434140999403,0.0001173475240452878,0.8783352022419761,2.4845652955050217
3,15,3.761227538207419,0.003,0.00021025231485356707,4.371618210596971e-05,3.840025458549585e-05,1.4745795522308949e-09,1.1797372222558743e-08,0.00010861570891247151,0.9538852036937688,0.6294614013139997,0.6294614013139997,0.00017255340627040256,6.100493931055244e-05,0.8783990901221007,2.484565295505057
3,15,3.761227538207419,0.001,7.008410495118903e-05,1.4572060701988451e-05,1.2800350975639285e-05,1.6384898509954957e-10,1.3108191358397234e-09,3.6205236304155276e-05,0.9127799629654226,0.37858388187836095,0.37858388187836095,9.563332734748603e-05,3.381113562502917e-05,0.8784173520422266,2.4845652955051745
4,3,1.6808921981145286,1.0,0.1,0.011326355047258367,0.009275841563983409,8.604123672012218e-05,0.0006943194986591087,0.02634994304849839,1.4668993255259868,8.101099876916814,8.101099876916814,0.0032526377218949775,0.0011450101473768877,0.8189608682829256,2.3264274286436573
4,3,1.6808921981145286,0.3,0.03,0.003397906514177509,0.0027910778890936194,7.790115782987293e-06,6.248875487931975e-05,0.007904982914549516,1.2659975917740078,4.536196041557769,4.536196041557769,0.0017426457856161957,0.0006152904026906074,0.8214110298350049,2.3264274286436573
4,3,1.6808921981145286,0.1,0.010000000000000002,0.0011326355047258372,0.0009311896520480947,8.671141680814516e-07,6.943194986591091e-06,0.0026349943048498397,1.1491550169251414,2.7504086826722967,2.7504086826722967,0.0009580373714824372,0.0003385641042782598,0.8221441480182947,2.326427428643657
4,3,1.6808921981145286,0.03,0.003,0.00033979065141775104,0.0002794452807708887,7.808966494512082e-08,6.248875487931982e-07,0.0007904982914549519,1.058792910647085,1.5993377074207564,1.5993377074207564,0.0004942660251097214,0.00017472562515989738,0.822404264522653,2.3264274286436577
4,3,1.6808921981145286,0.01,0.001,0.00011326355047258519,9.315688276679287e-05,8.67820480682599e-09,6.943194986591193e-08,0.0002634994304849859,0.9969583700740174,0.9727427498992826,0.9727427498992826,0.0002708829549356894,9.57672342214201e-05,0.8224789208717325,2.326427428643644
4,3,1.6808921981145286,0.003,0.00030000000000000003,3.397906514177634e-05,2.7947953899135227e-05,7.81088127148188e-10,6.248875487932262e-09,7.904982914549697e-05,0.9437402931617179,0.5605150330677512,0.5605150330677512,0.0001410307029819519,4.9861203090617324e-05,0.8225050860735417,2.3264274286436253
4,3,1.6808921981145286,0.001,0.0001,1.1326355047258297e-05,9.316069344584642e-06,8.67891480331097e-11,6.943194986591117e-10,2.6349943048498448e-05,0.9043846026049664,0.3365850841899581,0.3365850841899581,7.828612819226227e-05,2.7678200200122188e-05,0.8225125652263326,2.326427428643677
5,5,1.2019437924838743,1.0,0.1,0.006008233349699044,0.005052208851074942,2.5524814274879987e-05,0.00020547450199489016,0.014334381814186831,1.3479533248363573,5.927784941539732,5.927784941539732,0.002418168330253813,0.0008522928717725443,0.8408809307195118,2.385789795415461
5,5,1.2019437924838743,0.3,0.03,0.001802470004909712,0.0015189423103647284,2.307185742216139e-06,1.8492705179540092e-05,0.004300314544256047,1.1933839388729188,3.393681226634106,3.393681226634106,0.0012671533526798422,0.00044757954826276763,0.8427004644889023,2.385789795415461
5,5,1.2019437924838743,0.1,0.010000000000000002,0.0006008233349699024,0.0005066350135248676,2.566790369293428e-07,2.054745019948892e-06,0.0014334381814186798,1.097912361231231,2.0672857345198348,2.0672857345198348,0.0006933914153631124,0.0002450725630545421,0.8432345816765704,2.385789795415463
5,5,1.2019437924838743,0.03,0.003,0.0001802470004909703,0.0001520244754853986,2.3111441146610556e-08,1.849270517954002e-07,0.00043003145442560385,1.0212502460110233,1.2010572942210413,1.2010572942210413,0.0003580440804070928,0.000126575539915434,0.8434230532064496,2.3857897954154685
5,5,1.2019437924838743,0.01,0.001,6.0082333496989436e-05,5.0678069354780584e-05,2.568266713527951e-09,2.054745019948865e-08,0.00014334381814186704,0.9673882438624415,0.7283456315524778,0.7283456315524778,0.00019680741111377013,6.957969837309197e-05,0.8434770489951081,2.3857897954154796
5,5,1.2019437924838743,0.003,0.00030000000000000003,1.8024700049095944e-05,1.5203761725144213e-05,2.3115437059496015e-10,1.849270517953876e-09,4.300314544255892e-05,0.9201398413048633,0.41795821843214703,0.41795821843214703,0.00010288862270461663,3.6376271729209824e-05,0.8434959629692579,2.3857897954155307
5,5,1.2019437924838743,0.001,0.0001,6.0082333496980586e-06,5.067953052343466e-06,2.568414814075745e-11,2.0547450199487258e-10,1.4334381814186218e-05,0.8846817725422869,0.24997370944497996,0.24997370944497996,5.734355763257281e-05,2.0273944262362275e-05,0.8435013684343924,2.38578979541575
6,3,2.5652580434894863,1.0,0.1,0.022990554900409126,0.021218590967594316,0.000450228602650075,0.003583101368850374,0.05985901242795753,1.6568966853002716,11.920452266135461,11.920452266135461,0.005021538704366915,0.001780015597887483,0.9229264391185583,2.603634957366441
6,3,2.5652580434894863,0.3,0.03,0.0068971664701227365,0.0063516621956297235,4.03436126473918e-05,0.00032247912319653346,0.017957703728387252,1.3709250192026754,6.334190331670161,6.334190331670161,0.002835043279107193,0.0010027583421155196,0.9209089302315614,2.6036349573664404
6,3,2.5652580434894863,0.1,0.010000000000000002,0.002299055490040912,0.0021165587043722664,4.4798207490540065e-06,3.583101368850372e-05,0.0059859012427957515,1.2193606024497319,3.79115989412412,3.79115989412412,0.0015789102570095339,0.000558287902246671,0.9206209739350841,2.603634957366441
6,3,2.5652580434894863,0.03,0.003,0.000689716647012274,0.0006349185184463636,4.0312152506612537e-07,3.224791231965334e-06,0.001795770372838725,1.1082983582793235,2.199716803023895,2.199716803023895,0.0008163643476151681,0.0002886364815568791,0.920549795625079,2.6036349573664386
6,3,2.5652580434894863,0.01,0.001,0.00022990554900409162,0.00021163547580979584,4.478957462123868e-08,3.583101368850379e-07,0.0005985901242795758,1.0350065746903392,1.3408175654225671,1.3408175654225671,0.000446436666490811,0.00015784061998255338,0.9205322652130914,2.6036349573664386
6,3,2.5652580434894863,0.003,0.00030000000000000003,6.897166470122692e-05,6.349023985193725e-05,4.031010556456521e-09,3.224791231965302e-08,0.00017957703728387162,0.9735086137790023,0.7758193700784992,0.7758193700784992,0.00023146758666995075,8.183636849066189e-05,0.9205264238142687,2.603634957366444
6,3,2.5652580434894863,0.001,0.0001,2.299055490040737e-05,2.1163375557424667e-05,4.478884649845999e-10,3.5831013688501655e-09,5.985901242795579e-05,0.9288921170251198,0.467917837613824,0.467917837613824,0.0001279263315397646,4.5228828345909214e-05,0.9205247828554879,2.603634957366564
7,8,1.5743391453749036,1.0,0.03608114534819284,0.005819605513840546,0.006785508108323323,4.6043120288121565e-05,0.0003806593508874612,0.019510493353256376,1.3428379383904157,5.838204301037627,5.838204301037627,0.0033418654687690126,0.001162259448015091,1.165973894997798,3.3525456849017194
7,8,1.5743391453749036,0.3,0.01082434360445785,0.0017458816541521638,0.002058928828078733,4.239187919093665e-06,3.425934157987151e-05,0.005853148005976912,1.1901330239337125,3.3449071416608525,3.3449071416608525,0.0017498686086306835,0.0006155414009658903,1.179306067614641,3.3525456849017194
7,8,1.5743391453749036,0.1,0.003608114534819284,0.0005819605513840546,0.0006886249365220913,4.7420430320005424e-07,3.806593508874612e-06,0.0019510493353256375,1.0955660909772977,2.037823084546986,2.037823084546986,0.0009574184089485676,0.00033792184500411364,1.183284562646662,3.3525456849017194
7,8,1.5743391453749036,0.03,0.0010824343604457852,0.00017458816541521705,0.00020683389261475912,4.278025913417371e-08,3.425934157987166e-07,0.0005853148005976926,1.019502429177092,1.183831359515999,1.183831359515999,0.0004944241389559019,0.0001747156729310851,1.1846959507412955,3.352545684901714
7,8,1.5743391453749036,0.01,0.0003608114534819284,5.8196055138406004e-05,6.896820551765522e-05,4.756613372325528e-09,3.806593508874631e-08,0.00019510493353256425,0.9659965229980362,0.7177804991224676,0.7177804991224676,0.00027181698830086977,9.608537094832368e-05,1.1851010408459837,3.3525456849016964
7,8,1.5743391453749036,0.003,0.00010824343604457851,1.74588165415208e-05,2.0692940381448517e-05,4.281977816301827e-10,3.425934157987011e-09,5.853148005976793e-05,0.9190190697167411,0.41180719699374563,0.41180719699374563,0.0001421332130352663,5.0249098443422284e-05,1.1852430164574028,3.3525456849018114
7,8,1.5743391453749036,0.001,3.608114534819284e-05,5.81960551383993e-06,6.897882970749198e-06,4.7580789478151774e-11,3.806593508874333e-10,1.951049335325566e-05,0.8837401210055723,0.2462448504800466,0.2462448504800466,7.923208674301439e-05,2.8012293281674688e-05,1.185283599437274,3.3525456849019513
8,3,1.9925220067365053,1.0,0.1,0.039005767059008316,0.03570139906360681,0.0012745898950989054,0.009450595582320535,0.0972141737727608,1.8694427964760527,16.78544642227452,16.78544642227452,0.005791575113769762,0.0021269258002116972,0.9152851425687226,2.4923025773520675
8,3,1.9925220067365053,0.3,0.03,0.011701730117702492,0.01041925240239636,0.00010856082062484232,0.0008505536024088478,0.029164252131828237,1.4740776086196166,8.237575037454807,8.237575037454807,0.0035403928946593512,0.0012648446120395685,0.8904027265706643,2.492302577352068
8,3,1.9925220067365053,0.1,0.010000000000000002,0.0039005767059008306,0.003448729783700967,1.1893737120986121e-05,9.45059558232053e-05,0.009721417377276078,1.2841536032904852,4.836034883281427,4.836034883281427,0.0020102041469725173,0.0007131317012669846,0.8841589446205981,2.4923025773520675
8,3,1.9925220067365053,0.03,0.003,0.0011701730117702489,0.001032154219419872,1.0653423326662452e-06,8.505536024088477e-06,0.0029164252131828237,1.1520544675690245,2.7911660468939052,2.7911660468939052,0.001044877002723758,0.00036979319828302036,0.8820526614764591,2.4923025773520684
8,3,1.9925220067365053,0.01,0.001,0.00039005767059008316,0.00034381949724683565,1.1821184668706682e-07,9.450595582320535e-07,0.000972141737727608,1.0677467611626041,1.701923290146599,1.701923290146599,0.0005712018534301098,0.0002020182103608324,0.8814581103525078,2.4923025773520675
8,3,1.9925220067365053,0.003,0.00030000000000000003,0.0001170173011770264,0.000103121586600883,1.0634061623083412e-08,8.505536024088598e-08,0.00029164252131828444,0.9985851659959405,0.9872729237288091,0.9872729237288091,0.0002954021267156667,0.00010445094170252879,0.881250768592572,2.492302577352054
8,3,1.9925220067365053,0.001,0.0001,3.900576705900892e-05,3.437155425899846e-05,1.1814037421792753e-09,9.450595582320708e-09,9.721417377276169e-05,0.9492369100052758,0.5972993961071045,0.5972993961071045,0.00016275618962007082,5.754493388577801e-05,0.881191599360174,2.492302577352052
9,11,3.831335076739494,1.0,0.1,0.026932161310000174,0.023417955778185017,0.000548400652829029,0.004240397481964135,0.06511833445324086,1.712148455330523,13.11837179191433,13.11837179191433,0.004963903713521624,0.0017851267024326116,0.8695163937507571,2.4178651577087424
9,11,3.831335076739494,0.3,0.03,0.008079648393000051,0.006939732853712833,4.815989208090126e-05,0.0003816357733767721,0.019535500335972254,1.3990964994911266,6.841515942771455,6.841515942771455,0.002855434453326516,0.001014356015795761,0.858915204741483,2.4178651577087424
9,11,3.831335076739494,0.1,0.010000000000000002,0.0026932161310000173,0.002305856006575557,5.316971923060576e-06,4.240397481964136e-05,0.006511833445324086,1.2374616932044404,4.07579329250123,4.07579329250123,0.0015976849113778064,0.0005657440996377176,0.8561719128421269,2.4178651577087424
9,11,3.831335076739494,0.03,0.003,0.0008079648393000051,0.0006910035569037291,4.774859156536053e-07,3.816357733767722e-06,0.0019535500335972258,1.1207067130265005,2.3621011476757046,2.3621011476757046,0.0008270391111403121,0.0002925376661298662,0.8552396382773196,2.4178651577087424
9,11,3.831335076739494,0.01,0.001,0.0002693216131000017,0.00023026348192180246,5.302127110675224e-08,4.240397481964127e-07,0.000651183344532408,1.0443754810527044,1.4401523334160267,1.4401523334160267,0.00045216282293402093,0.00015988828166227376,0.8549758753906743,2.4178651577087407
9,11,3.831335076739494,0.003,0.00030000000000000003,8.079648392999981e-05,6.907160760738092e-05,4.770886977468001e-09,3.8163577337677133e-08,0.00019535500335972236,0.9807353477680477,0.8339832708246411,0.8339832708246411,0.0002342433118191396,8.282133470025488e-05,0.8548838296877244,2.417865157708761
9,11,3.831335076739494,0.001,0.0001,2.6932161310000106e-05,2.3023161614193273e-05,5.300659707132626e-10,4.2403974819641154e-09,6.51183344532407e-05,0.9347834303948784,0.5034750620438693,0.5034750620438693,0.00012933775545682688,4.5728504448125375e-05,0.8548575567028335,2.417865157708743
10,21,3.0562389542408495,1.0,0.04641793759031009,0.004902383018657028,0.00389517180536684,1.5172363393324766e-05,0.00012146872099626358,0.011021284906773057,1.316495231514929,5.382389164817832,5.382389164817832,0.0020476566389539532,0.0007236882518320603,0.7945466093822049,2.2481484749007348
10,21,3.0562389542408495,0.3,0.013925381277093028,0.0014707149055971074,0.0011688468176138062,1.3662028830459224e-06,1.0932184889663705e-05,0.003306385472031914,1.1732193906058785,3.094845606953988,3.094845606953988,0.0010683523160582244,0.00037767532408965947,0.794747379771239,2.2481484749007343
10,21,3.0562389542408495,0.1,0.004641793759031009,0.0004902383018657027,0.00038964581297609133,1.5182385956979913e-07,1.2146872099626342e-06,0.001102128490677305,1.0832861971409915,1.8864417310251476,1.8864417310251476,0.0005842366994703706,0.00020655067504488802,0.7948089969576306,2.2481484749007334
10,21,3.0562389542408495,0.03,0.0013925381277093028,0.00014707149055970985,0.00011689698144867517,1.3664904271811906e-08,1.0932184889663661e-07,0.00033063854720319076,1.0103133047801822,1.095280729488032,1.095280729488032,0.0003018756180963226,0.00010672787195234999,0.7948310104412515,2.248148474900743
10,21,3.0562389542408495,0.01,0.0004641793759031009,4.9023830186569746e-05,3.8965970911885704e-05,1.5183468891059228e-09,1.2146872099626126e-08,0.00011021284906772952,0.9586575206207841,0.6634844520486904,0.6634844520486904,0.00016611218051518326,5.8729290176382536e-05,0.7948373426473024,2.2481484749007374
10,21,3.0562389542408495,0.003,0.00013925381277093027,1.4707149055970357e-05,1.168982393446782e-05,1.3665198361885673e-10,1.0932184889662916e-09,3.306385472031795e-05,0.9130940033767436,0.38021500108546996,0.38021500108546996,8.696094216673319e-05,3.0745299109963365e-05,0.7948395633973904,2.2481484749007627
10,21,3.0562389542408495,0.001,4.641793759031009e-05,4.90238301865638e-06,3.896611090808851e-06,1.518357799301454e-11,1.2146872099625559e-10,1.1021284906772694e-05,0.8787530197046496,0.2271056355176863,0.2271056355176863,4.852933253571503e-05,1.715770320682066e-05,0.79484019832396,2.2481484749009577
11,11,2.386484681077931,1.0,0.0024061041357146206,0.00016804152254828048,0.00017304170239584323,2.9943430768051575e-08,2.3959273405361073e-07,0.000489482108001519,1.0174245694110542,1.1635109914005608,1.1635109914005608,0.00042069401287933816,0.00014872373675434435,1.0297556209425924,2.9128640384752797
11,11,2.386484681077931,0.3,0.0007218312407143862,5.0412456764483615e-05,5.1915937252640726e-05,2.6952645408201293e-09,2.1563346064824726e-08,0.0001468446324004549,0.9598364746698196,0.6720456441799653,0.6720456441799653,0.00021850395679542828,7.725061192233291e-05,1.0298235909267635,2.912864038475294
11,11,2.386484681077931,0.1,0.00024061041357146206,1.680415225482763e-05,1.7305641134989335e-05,2.994852150930349e-10,2.3959273405360475e-09,4.8948210800151294e-05,0.9176840847872947,0.40455334675101495,0.40455334675101495,0.00012099321682358197,4.277715479051569e-05,1.0298431526063825,2.912864038475316
11,11,2.386484681077931,0.03,7.218312407143861e-05,5.041245676448737e-06,5.191726931071459e-06,2.6954028526812675e-11,2.1563346064827268e-10,1.4684463240046354e-05,0.8795565947158784,0.23012066522645644,0.23012066522645644,6.381201456025565e-05,2.2560889635715248e-05,1.0298500141196705,2.9128640384752487
11,11,2.386484681077931,0.01,2.4061041357146205e-05,1.680415225483882e-06,1.7305789404225151e-06,2.9949034690339155e-12,2.3959273405377444e-11,4.894821080016862e-06,0.8502420193447487,0.13652432942548706,0.13652432942548706,3.5853104722176145e-05,1.267597466111005e-05,1.029851975974681,2.912864038474407
11,11,2.386484681077931,0.003,7.2183124071438616e-06,5.041245676447083e-07,5.191740283574581e-07,2.6954167172091074e-13,2.156334606480949e-12,1.46844632400403e-06,0.8226823509546894,0.07644495315037016,0.07644495315037016,1.9209199083627403e-05,6.791475525352509e-06,1.0298526627715479,2.9128640384750035
11,11,2.386484681077931,0.001,2.4061041357146205e-06,1.6804152254829256e-07,1.7305804242822246e-07,2.994908604908844e-14,2.3959273405426895e-13,4.894821080021914e-07,0.800812367888723,0.04472875145476906,0.04472875145476906,1.0943343869036209e-05,3.869055960643648e-06,1.029852859006846,2.9128640384790714
12,11,3.3860106863316513,1.0,0.1,0.008049923660783467,0.00738366370498607,5.451848970832861e-05,0.00044670233464809265,0.021135333795521013,1.3984164858985646,6.829156840508712,6.829156840508712,0.0030948672419048757,0.0010811969731297096,0.9172340032187892,2.6255322020611556
12,11,3.3860106863316513,0.3,0.03,0.0024149770982350395,0.0022332467841378162,4.987391198861897e-06,4.020321011832832e-05,0.006340600138656303,1.2248800035494603,3.8773100434119914,3.8773100434119914,0.0016353090332380648,0.0005759783868541456,0.9247486387220654,2.6255322020611556
12,11,3.3860106863316513,0.1,0.010000000000000002,0.0008049923660783481,0.0007462854983660931,5.569420450715281e-07,4.4670233464809355e-06,0.002113533379552103,1.1204113748919422,2.358184976029985,2.358184976029985,0.0008962542807435938,0.00031646605586575663,0.9270715224316287,2.625532202061153
12,11,3.3860106863316513,0.03,0.003,0.0002414977098235034,0.00022408696828971715,5.0214969357276694e-08,4.0203210118328216e-07,0.0006340600138656294,1.0378820110314975,1.3709528824409067,1.3709528824409067,0.00046249584649234643,0.00016345344260901406,0.9279051484732059,2.625532202061158
12,11,3.3860106863316513,0.01,0.001,8.049923660783488e-05,7.471499310131099e-05,5.582330194128948e-09,4.467023346480905e-08,0.00021135333795520961,0.9805644130959404,0.8325813147524574,0.8325813147524574,0.0002538530882332485,8.97389741727812e-05,0.9281453619901668,2.6255322020611422
12,11,3.3860106863316513,0.003,0.00030000000000000003,2.4149770982350382e-05,2.241653353853852e-05,5.025009758844223e-10,4.020321011832855e-09,6.340600138656321e-05,0.9307062036149575,0.4787011983627788,0.4787011983627788,0.0001324542357600526,4.6827819974560376e-05,0.9282296529818614,2.6255322020611644
12,11,3.3860106863316513,0.001,0.0001,8.049923660783184e-06,7.472371880031876e-06,5.5836341513491105e-11,4.467023346480886e-10,2.1135333795520917e-05,0.8935328407800281,0.2868363057195811,0.2868363057195811,7.368430485987151e-05,2.605099748891993e-05,0.9282537567946181,2.625532202061236
13,15,2.10846186644034,1.0,0.1,0.00955728373287666,0.007953729667175169,6.326181561850241e-05,0.0005089627501913354,0.0225602027958823,1.4313929838152304,7.434804194033555,7.434804194033555,0.003034404431792152,0.0010697967908230928,0.832216547031524,2.360524540908641
13,15,2.10846186644034,0.3,0.03,0.0028671851198629984,0.0023907597765711057,5.715732309270324e-06,4.580664751722018e-05,0.006768060838764689,1.2449088149496843,4.194609181404895,4.194609181404895,0.0016135140476896278,0.0005699600780853609,0.8338351646737558,2.3605245409086404
13,15,2.10846186644034,0.1,0.010000000000000002,0.0009557283732876664,0.0007973862992292046,6.358249101984468e-07,5.08962750191336e-06,0.002256020279588231,1.1345010178988388,2.547698821813192,2.547698821813192,0.0008855129422176464,0.00031298295245970497,0.8343231419260145,2.3605245409086413
13,15,2.10846186644034,0.03,0.003,0.0002867185119863001,0.00023926563974043107,5.7248046360397754e-08,4.580664751722031e-07,0.0006768060838764699,1.0481792577925821,1.481416417860171,1.481416417860171,0.0004568641711518771,0.00016151140007347688,0.8344966569576212,2.3605245409086417
13,15,2.10846186644034,0.01,0.001,9.557283732876687e-05,7.975997624935414e-05,6.361653811297537e-09,5.08962750191337e-08,0.0002256020279588233,0.9886613394289103,0.9003728216343573,0.9003728216343573,0.0002505651242885257,8.858549962067245e-05,0.8345464933198844,2.3605245409086377
13,15,2.10846186644034,0.003,0.00030000000000000003,2.8671851198629584e-05,2.3928493776071767e-05,5.725728143915052e-10,4.580664751721932e-09,6.768060838764625e-05,0.9371593300738544,0.5182549694573764,0.5182549694573764,0.00013059326465988206,4.617127704752236e-05,0.8345639634602828,2.360524540908651
13,15,2.10846186644034,0.001,0.0001,9.557283732877349e-06,7.976212321871774e-06,6.361996300357911e-11,5.089627501913413e-10,2.2560202795882427e-05,0.8989146942656775,0.31087484100614976,0.31087484100614976,7.257005012971165e-05,2.565731049851663e-05,0.8345689575410803,2.360524540908484
14,5,1.714730946816739,1.0,0.1,0.009575035211202908,0.008702015147510993,7.572506762751078e-05,0.0005948017179260958,0.024388557110376494,1.431764772726521,7.4417052597001785,7.4417052597001785,0.003277280711781253,0.0011693576732521105,0.9088233051435184,2.5470984254806273
14,5,1.714730946816739,0.3,0.03,0.0028725105633608714,0.0025937198875192746,6.727382854912998e-06,5.353215461334864e-05,0.007316567133112949,1.245132178332723,4.198187800690891,4.198187800690891,0.0017427917664638226,0.0006178189282271814,0.9029452913428425,2.5470984254806286
14,5,1.714730946816739,0.1,0.010000000000000002,0.0009575035211202912,0.0008630282075372281,7.44817687004921e-07,5.94801717926097e-06,0.0024388557110376517,1.1346571985924565,2.549829723512757,2.549829723512757,0.0009564778732274628,0.00033846503536255065,0.9013316280314816,2.5470984254806286
14,5,1.714730946816739,0.03,0.003,0.00028725105633608616,0.00025874812843914457,6.695059397076006e-08,5.35321546133485e-07,0.0007316567133112939,1.048292892496825,1.4826573338879394,1.4826573338879394,0.0004934766089158895,0.00017451647290654484,0.9007734618612058,2.547098425480634
14,5,1.714730946816739,0.01,0.001,9.575035211202901e-05,8.62341658434118e-05,7.43633135870905e-09,5.948017179260958e-08,0.00024388557110376492,0.9887504330327376,0.9011344015767335,0.9011344015767335,0.0002706428371584009,9.569512127439158e-05,0.900614608106264,2.547098425480629
14,5,1.714730946816739,0.003,0.00030000000000000003,2.872510563360706e-05,2.586865454039341e-05,6.691872877302166e-10,5.353215461334558e-09,7.31656713311274e-05,0.937230166675252,0.5186995124606671,0.5186995124606671,0.0001410559863147655,4.987213968579741e-05,0.900559074363447,2.5470984254807028
14,5,1.714730946816739,0.001,0.0001,9.57503521120249e-06,8.622732981051102e-06,7.435152406250643e-11,5.948017179260571e-10,2.43885571103757e-05,0.8989736714728659,0.3111451524334075,0.3111451524334075,7.838321413538793e-05,2.771289513468018e-05,0.9005432137693631,2.5470984254806557
15,5,3.221667984094696,1.0,0.1,0.023158554345668984,0.021839105164322213,0.0004769465143783252,0.004020896500057981,0.06341053934526958,1.6593107410097876,11.97190628845657,11.97190628845657,0.00529661173562732,0.0018241961336917325,0.943025408164412,2.7381043910941854
15,5,3.221667984094696,0.3,0.03,0.006947566303700696,0.006668607598143294,4.447032729801447e-05,0.0003618806850052182,0.019023161803580872,1.3721768879844523,6.3565283666539445,6.3565283666539445,0.0029926967530539946,0.0010490958607416122,0.9598479966418151,2.738104391094185
15,5,3.221667984094696,0.1,0.010000000000000002,0.002315855434566901,0.0022353824002391697,4.996934475299031e-06,4.020896500057984e-05,0.00634105393452696,1.220171568243516,3.8037819551158303,3.8037819551158303,0.0016670392807344465,0.0005876736433939729,0.9652512703830406,2.7381043910941836
15,5,3.221667984094696,0.03,0.003,0.0006947566303700699,0.0006719779359857511,4.5155434645167013e-07,3.618806850052183e-06,0.0019023161803580874,1.1088573662407684,2.206936179797973,2.206936179797973,0.0008619715412578123,0.000304484534775838,0.9672134192196403,2.7381043910941845
15,5,3.221667984094696,0.01,0.001,0.00023158554345669016,0.0002241241059083081,5.023161484919851e-08,4.0208965000579865e-07,0.0006341053934526962,1.0354300950231985,1.345236427234794,1.345236427234794,0.0004713709654414682,0.00016660573663546065,0.9677810737362479,2.738104391094184
15,5,3.221667984094696,0.003,0.00030000000000000003,6.947566303700623e-05,6.725108720880453e-05,4.522708730766233e-09,3.618806850052154e-08,0.00019023161803580796,0.9738361782129122,0.7784064964161446,0.7784064964161446,0.00024438595889378096,8.639584525364929e-05,0.9679805023664649,2.7381043910942027
15,5,3.221667984094696,0.001,0.0001,2.3158554345668416e-05,2.2418350295056756e-05,5.025824299518714e-10,4.0208965000578706e-09,6.34105393452687e-05,0.9291596447676116,0.4694988276812555,0.4694988276812555,0.00013506005895358347,4.774953412722184e-05,0.9680375536588661,2.7381043910942147
16,5,3.2779811795918334,1.0,0.1,0.02079608535883739,0.023951463715644862,0.0005736726141218524,0.004171085661813222,0.06458394275524855,1.62478302074433,11.243371023034973,11.243371023034973,0.005744179625748499,0.0021302742448482802,1.1517294386112231,3.1055817304482893
16,5,3.2779811795918334,0.3,0.03,0.006238825607651217,0.0069414186183554905,4.818329243525225e-05,0.00037539770956318997,0.019375182826574567,1.3540850470726282,6.035609209481345,6.035609209481345,0.003210145348068273,0.0011500775443597654,1.1126162285803634,3.10558173044829
16,5,3.2779811795918334,0.1,0.010000000000000002,0.0020796085358837386,0.002293273466515953,5.259103192226094e-06,4.1710856618132214e-05,0.006458394275524855,1.2083914477635092,3.6216768669284187,3.6216768669284187,0.0017832607692033788,0.0006332076413158586,1.1027428609497492,3.10558173044829
16,5,3.2779811795918334,0.03,0.003,0.0006238825607651231,0.0006858982718527018,4.704564393305229e-07,3.753977095631908e-06,0.0019375182826574587,1.1007086109715858,2.1026197559770914,2.1026197559770914,0.0009214782069604831,0.0003262112751974803,1.0994028603901402,3.1055817304482853
16,5,3.2779811795918334,0.01,0.001,0.00020796085358837474,0.00022843649245926452,5.218323108709161e-08,4.1710856618132397e-07,0.0006458394275524868,1.0292428826155648,1.2813649258962427,1.2813649258962427,0.0005040245869854433,0.00017827590551496174,1.0984591018818284,3.105581730448283
16,5,3.2779811795918334,0.003,0.00030000000000000003,6.238825607651192e-05,6.85104078778772e-05,4.693675987593099e-09,3.753977095631922e-08,0.00019375182826574623,0.9690424926719541,0.7410147718181421,0.7410147718181421,0.0002614682400869821,9.245484770807086e-05,1.0981298754986384,3.1055817304483107
16,5,3.2779811795918334,0.001,0.0001,2.0796085358837486e-05,2.2834848596394853e-05,5.214303104202761e-10,4.171085661813209e-09,6.458394275524845e-05,0.9252398830994784,0.4466545438312594,0.4466545438312594,0.00014459484101800042,5.1124182909961795e-05,1.0980359140856755,3.10558173044827
17,3,1.7150689965792545,1.0,0.1,0.0319199336742237,0.030429120718748964,0.0009259313877161974,0.007062696908902134,0.08403985309900378,1.7788042473243362,14.623215612152729,14.623215612152729,0.005747015931924155,0.0020808775255601528,0.9532952364284324,2.6328329487372484
17,3,1.7150689965792545,0.3,0.03,0.00957598010226711,0.008968301708980924,8.043043554331017e-05,0.000635642721801192,0.02521195592970113,1.4317845528682052,7.442072459556095,7.442072459556095,0.0033877600717697087,0.001205081213293624,0.9365413893098715,2.6328329487372484
17,3,1.7150689965792545,0.1,0.010000000000000002,0.003191993367422369,0.00297703879824089,8.862760006231562e-06,7.062696908902133e-05,0.008403985309900377,1.2580795414958859,4.407075997506367,4.407075997506367,0.0019069299723117007,0.0006755133789218458,0.9326582030604088,2.632832948737249
17,3,1.7150689965792545,0.03,0.003,0.0009575980102267108,0.0008918891129324953,7.954661897675133e-07,6.356427218011921e-06,0.0025211955929701135,1.1346655061671427,2.549943088775266,2.549943088775266,0.0009887262206236297,0.00034976824261629633,0.9313815436201053,2.6328329487372493
17,3,1.7150689965792545,0.01,0.001,0.0003191993367422367,0.0002971823581728993,8.831735400920539e-08,7.062696908902122e-07,0.000840398530990037,1.054835036485613,1.5548907818710112,1.5548907818710112,0.000540487178127572,0.0001911274808737998,0.931024359906121,2.632832948737249
17,3,1.7150689965792545,0.003,0.00030000000000000003,9.575980102267136e-05,8.91428114143595e-05,7.946440826856062e-09,6.356427218011902e-08,0.00025211955929701097,0.9887551717030999,0.901174917638025,0.901174917638025,0.00027976761709903674,9.891843377976205e-05,0.9309001320215226,2.6328329487372377
17,3,1.7150689965792545,0.001,0.0001,3.191993367422335e-05,2.9713139898130567e-05,8.828706826058787e-10,7.062696908901935e-09,8.403985309900259e-05,0.941294551369802,0.5445828263230933,0.5445828263230933,0.00015431969029655542,5.456128702909589e-05,0.9308647129841985,2.63283294873724
18,21,1.8577217379142072,1.0,0.03899495613504598,0.007979633128039176,0.006810792100855228,4.6386889041071975e-05,0.0003671477012084503,0.01916109864304368,1.3968031419370803,6.79985680705249,6.79985680705249,0.0028178679620386557,0.0010016081653059807,0.8535219591641595,2.40125057575825
18,21,1.8577217379142072,0.3,0.011698486840513793,0.0023938899384117534,0.002035539370543101,4.143420529031003e-06,3.304329310876055e-05,0.005748329592913106,1.2238890088911514,3.8617999064060173,3.8617999064060173,0.0014885104697883705,0.0005270960225480649,0.8503061639891417,2.4012505757582505
18,21,1.8577217379142072,0.1,0.003899495613504598,0.000797963312803919,0.0006778002673956162,4.5941320248156875e-07,3.671477012084514e-06,0.0019161098643043707,1.1197098613763405,2.348892788959808,2.348892788959808,0.0008157502433957012,0.00028856160254797143,0.8494128195116282,2.4012505757582496
18,21,1.8577217379142072,0.03,0.0011698486840513794,0.00023938899384117515,0.00020326585448192136,4.131700759826563e-08,3.3043293108760467e-07,0.0005748329592913099,1.0373669453557253,1.365531793663283,1.365531793663283,0.0004209590446438583,0.00014885472123400687,0.849102756231057,2.4012505757582496
18,21,1.8577217379142072,0.01,0.00038994956135045977,7.979633128039208e-05,6.774823538048508e-05,4.5898233971696105e-09,3.6714770120845285e-08,0.00019161098643043746,0.9801581848033751,0.8292546252495768,0.8292546252495768,0.00023106411540697674,8.169774797468898e-05,0.8490144132369716,2.401250575758249
18,21,1.8577217379142072,0.003,0.00011698486840513794,2.3938899384117162e-05,2.0323731040368995e-05,4.1305404340125815e-10,3.30432931087603e-09,5.748329592913084e-05,0.9303816426077042,0.47676111115825537,0.47676111115825537,0.00012057043786453028,4.262875172640238e-05,0.8489835190106217,2.401250575758279
18,21,1.8577217379142072,0.001,3.899495613504598e-05,7.979633128038458e-06,6.774506597468877e-06,4.589393963914934e-11,3.6714770120842894e-10,1.916109864304312e-05,0.8932616843201842,0.28565790322082096,0.28565790322082096,6.707708215666309e-05,2.3715453068462832e-05,0.8489746945464116,2.401250575758396
19,3,2.754079875965238,1.0,0.1,0.019199876978317963,0.01620142561922378,0.0002624861920952406,0.002048510813390606,0.04526047738801046,1.6006551699713985,10.743496921093504,10.743496921093504,0.004212825462736179,0.001508021618865485,0.8438296577378972,2.3573316349434017
19,3,2.754079875965238,0.3,0.03,0.005759963093495387,0.00481781268100431,2.321131902924593e-05,0.0001843659732051545,0.013578143216403136,1.341200958645833,5.809609544677088,5.809609544677088,0.0023371868818350752,0.0008292833871113614,0.8364311720061143,2.357331634943402
19,3,2.754079875965238,0.1,0.010000000000000002,0.0019199876978317973,0.001602089849985381,2.5666918874261806e-06,2.0485108133906083e-05,0.004526047738801048,1.1999230353800279,3.4924582321376736,3.4924582321376736,0.0012959489957967893,0.0004587284209279632,0.8344271433585685,2.3573316349434013
19,3,2.754079875965238,0.03,0.003,0.0005759963093495386,0.000480229291042853,2.306201719755212e-07,1.8436597320515444e-06,0.0013578143216403133,1.094812652079019,2.0283981220671223,2.0283981220671223,0.0006694022770325664,0.00023675297557141083,0.8337367501280809,2.357331634943402
19,3,2.754079875965238,0.01,0.001,0.0001919987697831799,0.00016003875639520313,2.5612403548523175e-08,2.0485108133906077e-07,0.00045260477388010475,1.0247481135617547,1.2358943651026426,1.2358943651026426,0.00036621639086647617,0.00012949226156712165,0.8335405303686657,2.357331634943399
19,3,2.754079875965238,0.003,0.00030000000000000003,5.759963093495341e-05,4.8007677388566385e-05,2.304737088244668e-09,1.8436597320515357e-08,0.000135781432164031,0.96554889776216,0.7144005589330371,0.7144005589330371,0.00019006344615242414,6.719994376861383e-05,0.8334719617002563,2.357331634943415
19,3,2.754079875965238,0.001,0.0001,1.9199876978317555e-05,1.600218318148958e-05,2.5606986657394794e-10,2.048510813390584e-09,4.5260477388010216e-05,0.9223768800810008,0.43040262326520207,0.43040262326520207,0.00010515846080269351,3.717956702979824e-05,0.8334523809481105,2.357331634943439
20,8,2.4564066341129642,1.0,0.09845359668842023,0.018975879332174643,0.018432733426729,0.00033976566158085256,0.0025754082278742502,0.0507484800548179,1.5972102937070303,10.672730498768832,10.672730498768832,0.004754966881312338,0.0017270869370172267,0.9713770362923466,2.6743677679679947
20,8,2.4564066341129642,0.3,0.029536079006526068,0.005692763799652391,0.0054239756635160764,2.9419511998414657e-05,0.00023178674050868244,0.015224544016445367,1.3393449568510862,5.777231410386951,5.777231410386951,0.002635266433861899,0.0009388538000683595,0.9527842458257749,2.674367767967995
20,8,2.4564066341129642,0.1,0.009845359668842023,0.0018975879332174643,0.001798735493401087,3.2354493752208516e-06,2.5754082278742502e-05,0.00507484800548179,1.1986976675219911,3.473880956920558,3.473880956920558,0.0014608583507652543,0.0005177884664751398,0.9479062666420062,2.6743677679679947
20,8,2.4564066341129642,0.03,0.0029536079006526068,0.0005692763799652399,0.0005386719382090284,2.901674570138713e-07,2.3178674050868324e-06,0.0015224544016445394,1.0939568717886954,2.0177143625142326,2.0177143625142326,0.0007545440672521357,0.0002669713554191091,0.9462397478039046,2.674367767967996
20,8,2.4564066341129642,0.01,0.0009845359668842024,0.0001897587933217456,0.00017946767365829806,3.220864588832137e-08,2.5754082278742457e-07,0.0005074848005481785,1.0240944500058746,1.2293475442401594,1.2293475442401594,0.00041280824362962957,0.00014598611637462068,0.9457673634865582,2.6743677679680036
20,8,2.4564066341129642,0.003,0.0002953607900652607,5.69276379965239e-05,5.383091226343395e-05,2.8977671151135236e-09,2.3178674050868405e-08,0.0001522454401644542,0.9650400495532794,0.710569084391033,0.710569084391033,0.00021425846340462524,7.575746460960619e-05,0.9456024201587453,2.6743677679680045
20,8,2.4564066341129642,0.001,9.845359668842023e-05,1.897587933217457e-05,1.7942743856042855e-05,3.2194205708356367e-10,2.575408227874261e-09,5.0748480054818e-05,0.921959434651297,0.42806350934729204,0.42806350934729204,0.00011855362334481372,4.191607895613857e-05,0.9455553306359837,2.6743677679680102
21,15,3.8819361637821874,1.0,0.1,0.022911044429961613,0.018600750408139476,0.00034598791574590095,0.0027586836683297137,0.052523172679587,1.6557521040007273,11.896083817334068,11.896083817334068,0.00441516498085313,0.0015636028371820883,0.8118682875851173,2.2924826862498033
21,15,3.8819361637821874,0.3,0.03,0.006873313328988485,0.00557279385228709,3.1056031320088784e-05,0.0002482815301496743,0.0157569518038761,1.3703307877637017,6.323593819897263,6.323593819897263,0.0024917716495794946,0.000881270051651994,0.8107871103131005,2.2924826862498033
21,15,3.8819361637821874,0.1,0.010000000000000002,0.0022911044429961627,0.0018571534509235767,3.44901894027735e-06,2.7586836683297172e-05,0.005252317267958703,1.218975440901142,3.78516952373077,3.78516952373077,0.0013876042367534098,0.0004906394388098934,0.810593099149556,2.292482686249804
21,15,3.8819361637821874,0.03,0.003,0.000687331332898848,0.0005571075632602049,3.1036883704172316e-07,2.482815301496742e-06,0.0015756951803876098,1.1080327602823798,2.1962899382568533,2.1962899382568533,0.0007174349583544531,0.0002536584781253284,0.8105371261202089,2.2924826862498047
21,15,3.8819361637821874,0.01,0.001,0.0002291104442996159,0.0001856991167681716,3.448416196847903e-08,2.7586836683297135e-07,0.0005252317267958699,1.0348053023648083,1.3387199588251095,1.3387199588251095,0.0003923387586279247,0.00013871393755206674,0.8105222672665513,2.2924826862498056
21,15,3.8819361637821874,0.003,0.00030000000000000003,6.87331332898861e-05,5.5709385750860174e-05,3.103535660738143e-09,2.4828153014968033e-08,0.0001575695180387629,0.9733529139575158,0.774591287894061,0.774591287894061,0.00020342278631503707,7.192100740291235e-05,0.8105171855894088,2.2924826862497896
21,15,3.8819361637821874,0.001,0.0001,2.2911044429963443e-05,1.856976224499596e-05,3.4483606983567746e-10,2.7586836683299656e-09,5.2523172679589396e-05,0.9287649377638255,0.4671673781432513,0.4671673781432513,0.000112429024664226,3.9749698103495925e-05,0.8105157450050648,2.292482686249725
22,8,3.647996244723328,1.0,0.1,0.02287155455083192,0.021882434124375447,0.0004788409232076311,0.003941972289016738,0.06278512792864833,1.6551831366847243,11.883976931084332,11.883976931084332,0.005283174840606125,0.0018413393303666422,0.9567532489206994,2.7451185178125384
22,8,3.647996244723328,0.3,0.03,0.0068614663652495755,0.0066280749846302535,4.393137800188134e-05,0.00035477750601150637,0.018835538378594502,1.3700352344188425,6.318325058157504,6.318325058157504,0.0029810967630220595,0.001049024056790626,0.9659852037166063,2.745118517812539
22,8,3.647996244723328,0.1,0.010000000000000002,0.0022871554550831924,0.0022162145224690353,4.911606809602653e-06,3.941972289016739e-05,0.0062785127928648345,1.218783821017894,3.7821903342954286,3.7821903342954286,0.0016600203157238614,0.0005859606012879006,0.9689828986234883,2.7451185178125384
22,8,3.647996244723328,0.03,0.003,0.0006861466365249581,0.0006656119529465124,4.4303927190527015e-07,3.5477750601150625e-06,0.0018835538378594498,1.1079005994752602,2.194585517078909,2.194585517078909,0.0008582731560019333,0.0003032973414644928,0.9700724561116482,2.745118517812536
22,8,3.647996244723328,0.01,0.001,0.00022871554550831993,0.00022194274882425503,4.9258583755666356e-08,3.9419722890167475e-07,0.0006278512792864841,1.0347051383722243,1.3376766524920427,1.3376766524920427,0.0004693595257993179,0.00016591659008982762,0.9703876854150322,2.745118517812533
22,8,3.647996244723328,0.003,0.00030000000000000003,6.861466365249593e-05,6.659042342195166e-05,4.4342844915148085e-09,3.547775060115081e-08,0.00018835538378594548,0.973275422285981,0.7739804677327069,0.7739804677327069,0.00024335935031760228,8.603630995627214e-05,0.9704984310526364,2.7451185178125384
22,8,3.647996244723328,0.001,0.0001,2.2871554550831875e-05,2.219753240694456e-05,4.927304449573539e-10,3.941972289016806e-09,6.278512792864888e-05,0.9287016368063673,0.466794121522454,0.466794121522454,0.00013450282476539017,4.75531532713974e-05,0.970530112310936,2.745118517812567
23,5,3.838033119967163,1.0,0.1,0.032338283089352854,0.0298263702667889,0.000889612363291589,0.007556515301615556,0.08692821924792636,1.784268177079657,14.749644884104033,14.749644884104033,0.005893580484884115,0.0020221754829455817,0.9223238656293729,2.688090119309607
23,5,3.838033119967163,0.3,0.03,0.009701484926805858,0.009103445053461346,8.287271184138984e-05,0.0006800863771454,0.026078465774377908,1.4344031532706614,7.490724563485672,7.490724563485672,0.003481434346351506,0.0012152956601604406,0.9383558416204836,2.6880901193096065
23,5,3.838033119967163,0.1,0.010000000000000002,0.0032338283089352873,0.003058727600128767,9.355814531789484e-06,7.556515301615559e-05,0.008692821924792638,1.2597135217477355,4.433637470425379,4.433637470425379,0.001960652394964223,0.0006898912282594233,0.9458534306466718,2.688090119309606
23,5,3.838033119967163,0.03,0.003,0.000970148492680587,0.0009206319666777577,8.475632180689559e-07,6.800863771454006e-06,0.002607846577437792,1.1357638403085784,2.564947118185105,2.564947118185105,0.0010167252802011145,0.00035892824462173504,0.9489598485423487,2.6880901193096047
23,5,3.838033119967163,0.01,0.001,0.0003233828308935278,0.0003071821044847378,9.436084531567237e-08,7.556515301615538e-07,0.0008692821924792626,1.0556544485515387,1.5640469221565534,1.5640469221565534,0.0005557903539624444,0.00019640210286094625,0.9499023298051218,2.68809011930961
23,5,3.838033119967163,0.003,0.00030000000000000003,9.7014849268059e-05,9.2187231494203e-05,8.498485650565775e-09,6.800863771453975e-08,0.0002607846577437786,0.9893813070988355,0.9065368602472462,0.9065368602472462,0.0002876713227884115,0.00010169165263623161,0.9502383623715485,2.68809011930959
23,5,3.838033119967163,0.001,0.0001,3.2338283089352335e-05,3.073220132148432e-05,9.444681980642427e-10,7.556515301615496e-09,8.692821924792603e-05,0.9418017128198304,0.5478645727693693,0.5478645727693693,0.00015866734877292312,5.609452198403316e-05,0.9503349709868539,2.68809011930964
24,5,1.1590622681688347,1.0,0.0828699672973146,0.00506492163956089,0.005116026921097943,2.6173731457398897e-05,0.00020553087060586886,0.014336347882423503,1.3213598546953857,5.46585584734951,5.46585584734951,0.0026228916903060025,0.0009359974108316074,1.010090043869165,2.830517212832223
24,5,1.1590622681688347,0.3,0.024860990189194382,0.0015194764918682665,0.0015247400017741998,2.3248320730103867e-06,1.8497778354528192e-05,0.00430090436472705,1.176364623790274,3.140866518336549,3.140866518336549,0.0013693368819139996,0.00048545202187762036,1.0034640285217322,2.8305172128322234
24,5,1.1590622681688347,0.1,0.00828699672973146,0.000506492163956088,0.0005073228434850667,2.573764675217735e-07,2.055308706058683e-06,0.0014336347882423484,1.0855790180705118,1.9143415685222018,1.9143415685222018,0.0007488918444941147,0.00026501166344974707,1.0016400639300922,2.830517212832225
24,5,1.1590622681688347,0.03,0.002486099018919438,0.00015194764918682733,0.00015210089442426491,2.313468208466138e-08,1.849777835452828e-07,0.00043009043647270607,1.0120343219254933,1.111605594390171,1.111605594390171,0.00038690920470641795,0.0001368299108891295,1.0010085397059956,2.8305172128322176
24,5,1.1590622681688347,0.01,0.0008286996729731461,5.064921639560926e-05,5.0691191798268145e-05,2.5695969259288074e-09,2.0553087060587357e-08,0.00014336347882423667,0.9600348504377552,0.6734922564628532,0.6734922564628532,0.0002128658161226297,7.52661835556888e-05,1.0008287473261388,2.8305172128322353
24,5,1.1590622681688347,0.003,0.00024860990189194384,1.5194764918682516e-05,1.5206402394002057e-05,2.312346737683115e-10,1.8497778354527678e-09,4.300904364726991e-05,0.9142078808464094,0.386035563867453,0.386035563867453,0.00011141212798217019,3.939119557187545e-05,1.0007658871579665,2.8305172128322122
24,5,1.1590622681688347,0.001,8.28699672973146e-05,5.064921639559679e-06,5.068709864109203e-06,2.5691819686517936e-11,2.0553087060585478e-10,1.4336347882423013e-05,0.8796917159009474,0.23063022976123437,0.23063022976123437,6.216161644232445e-05,2.197764737674116e-05,1.0007479334961347,2.8305172128328024
25,8,3.139212891525141,1.0,0.1,0.027648139085582203,0.02765846413899889,0.0007649906385282877,0.00569260453942122,0.07544935082173485,1.7219115806809022,13.334582705348156,13.334582705348156,0.005658171124580754,0.0020741904527620345,1.0003734447871782,2.7289124446382633
25,8,3.139212891525141,0.3,0.03,0.008294441725674659,0.008077670728049258,6.524876439078385e-05,0.0005123344085479096,0.022634805246520447,1.4039715988461368,6.930281546233686,6.930281546233686,0.003266072972002343,0.0011655616982024532,0.9738655108089546,2.7289124446382633
25,8,3.139212891525141,0.1,0.010000000000000002,0.0027648139085582205,0.002675531101658249,7.158466675940605e-06,5.6926045394212196e-05,0.007544935082173484,1.2405627378816977,4.125151035831635,4.125151035831635,0.0018290082027632756,0.0006485898524486047,0.9677074805564292,2.728912444638263
25,8,3.139212891525141,0.03,0.003,0.0008294441725674661,0.0008009703101711081,6.415534377756011e-07,5.123344085479098e-06,0.0022634805246520453,1.1228180522592155,2.3901687258312077,2.3901687258312077,0.0009469961263361836,0.00033511036334581856,0.9656711526368076,2.7289124446382633
25,8,3.139212891525141,0.01,0.001,0.00027648139085582066,0.0002668322037889288,7.119942497885644e-08,5.692604539421198e-07,0.000754493508217347,1.0459629746445094,1.4573089085558442,1.4573089085558442,0.0005177306635454735,0.00018309927443821962,0.9651000487337548,2.7289124446382713
25,8,3.139212891525141,0.003,0.00030000000000000003,8.294441725674761e-05,8.0033173209842e-05,6.405308814036571e-09,5.123344085479129e-08,0.0002263480524652052,0.9819558234341763,0.8440299835937907,0.8440299835937907,0.00026817536919889867,9.482266597813171e-05,0.9649012658935913,2.728912444638238
25,8,3.139212891525141,0.001,0.0001,2.7648139085582797e-05,2.6676157014623922e-05,7.116173530688691e-10,5.692604539421231e-09,7.544935082173492e-05,0.9357761228524006,0.5096195864821902,0.5096195864821902,0.00014805033562887142,5.2345234999236394e-05,0.9648445753274687,2.7289124446382074
26,15,2.1486966760831905,1.0,0.1,0.01720463371055294,0.014606337291639343,0.00021334508907713416,0.0017415079389524663,0.041731378349540126,1.5693912935284164,10.106671044674421,10.106671044674421,0.004129092375231697,0.001445217443713671,0.8489769405947969,2.425589469187189
26,15,2.1486966760831905,0.3,0.03,0.005161390113165881,0.004412169235138359,1.946723735950141e-05,0.00015673571450572197,0.012519413504862038,1.3242040516970308,5.514806867187489,5.514806867187489,0.0022701454115013906,0.0008000587040301074,0.8548412614430404,2.4255894691871895
26,15,2.1486966760831905,0.1,0.010000000000000002,0.0017204633710552941,0.0014738322340012865,2.172181453981223e-06,1.7415079389524667e-05,0.0041731378349540126,1.1886497194906445,3.3227274097249655,3.3227274097249655,0.001255937463524713,0.0004435609823687827,0.8566484232077957,2.425589469187189
26,15,2.1486966760831905,0.03,0.003,0.0005161390113165888,0.00044248371757907393,1.9579184032259767e-07,1.5673571450572223e-06,0.0012519413504862049,1.0869142489514558,1.9306671831567703,1.9306671831567703,0.0006484501116547684,0.00022918694710270227,0.8572956274906794,2.425589469187188
26,15,2.1486966760831905,0.01,0.001,0.00017204633710553026,0.00014752663210426483,2.17641071800271e-08,1.7415079389524762e-07,0.00041731378349540245,1.018702987412621,1.175992836114739,1.175992836114739,0.0003548608211544293,0.00012544858061522323,0.8574819701844308,2.4255894691871838
26,15,2.1486966760831905,0.003,0.00030000000000000003,5.1613901131658254e-05,4.4261363672706955e-05,1.959068314167623e-09,1.5673571450571977e-08,0.0001251941350486195,0.9608354495309062,0.679348208525643,0.679348208525643,0.0001842856630480006,6.515269064853394e-05,0.8575473409731957,2.425589469187199
26,15,2.1486966760831905,0.001,0.0001,1.720463371055201e-05,1.4754109475836208e-05,2.1768374642495977e-10,1.7415079389523237e-09,4.1731378349538417e-05,0.9185057751871237,0.4090087675215729,0.4090087675215729,0.00010203052272549957,3.607284402542303e-05,0.8575660327361205,2.4255894691872206
27,8,1.5948679144657865,1.0,0.03757134385765553,0.009728557410409865,0.008373339412581414,7.011281291828927e-05,0.000566033325997365,0.023791454894507083,1.4349657677780188,7.501188037643937,7.501188037643937,0.0031716915740696173,0.001116268432488384,0.8606969213772306,2.4455275217936703
27,8,1.5948679144657865,0.3,0.01127140315729666,0.0029185672231229606,0.0025198940793829494,6.349866171309243e-06,5.094299933976291e-05,0.007137436468352128,1.2470530316436357,4.228998295573135,4.228998295573135,0.0016877368987884228,0.0005958607460354725,0.863401075506694,2.4455275217936703
27,8,1.5948679144657865,0.1,0.0037571343857655533,0.0009728557410409861,0.0008407539092375014,7.068671358981409e-07,5.660333259973647e-06,0.0023791454894507074,1.135999441344528,2.5681697647417443,2.5681697647417443,0.0009263972818751548,0.00032737474008928994,0.8642123120308346,2.4455275217936703
27,8,1.5948679144657865,0.03,0.001127140315729666,0.0002918567223122966,0.0002523102560543848,6.366046531022921e-08,5.094299933976299e-07,0.0007137436468352134,1.0492690293877456,1.4933364232381003,1.4933364232381003,0.0004779523459874874,0.00016895741115540713,0.8645004098428962,2.4455275217936676
27,8,1.5948679144657865,0.01,0.0003757134385765553,9.728557410410162e-05,8.411146552649707e-05,7.074738633015105e-09,5.66033325997381e-08,0.00023791454894507417,0.9895155252948096,0.9076884210969511,0.9076884210969511,0.00026211037115307905,9.2665570664488e-05,0.8645831234597285,2.44552752179363
27,8,1.5948679144657865,0.003,0.00011271403157296659,2.9185672231229882e-05,2.5234285805412254e-05,6.367691801092304e-10,5.094299933976325e-09,7.137436468352152e-05,0.9378383246965288,0.5225253338289427,0.5225253338289427,0.00013659503197769755,4.829294231631095e-05,0.8646121153382419,2.4455275217936556
27,8,1.5948679144657865,0.001,3.757134385765553e-05,9.728557410409705e-06,8.411509226329172e-06,7.07534874646208e-11,5.660333259973641e-10,2.3791454894507065e-05,0.8994799229204242,0.313471630954201,0.313471630954201,7.589667627046945e-05,2.683339861002642e-05,0.8646204027463238,2.4455275217937085
28,5,3.3733200485667334,1.0,0.1,0.024613048365808275,0.04701428844107385,0.0022103433176204907,0.012477511236915578,0.11170278079311892,1.6799760118569196,12.415634858220256,12.415634858220256,0.00899694474496902,0.0037867003160089075,1.9101367592640301,4.538356205738951
28,5,3.3733200485667334,0.3,0.03,0.007383914509742482,0.01233657662650991,0.00015219112286175065,0.0011229760113224017,0.033510834237935674,1.3828142081740056,6.547117789015599,6.547117789015599,0.0051184101642647,0.0018842759553230513,1.6707366546880775,4.538356205738951
28,5,3.3733200485667334,0.1,0.010000000000000002,0.0024613048365808273,0.004000055250260673,1.6000442005137978e-05,0.0001247751123691558,0.011170278079311893,1.2270376281193849,3.9111423117391326,3.9111423117391326,0.002856014225251984,0.0010227332404281664,1.6251766911641197,4.5383562057389515
28,5,3.3733200485667334,0.03,0.003,0.0007383914509742487,0.001189256520244787,1.4143310709447395e-06,1.1229760113224018e-05,0.0033510834237935674,1.11357859145489,2.268274393232058,2.268274393232058,0.0014773712712149512,0.000524300112805232,1.6106044005190712,4.538356205738947
28,5,3.3733200485667334,0.01,0.001,0.0002461304836580821,0.0003954225515650255,1.5635899428619526e-07,1.2477511236915566e-06,0.0011170278079311888,1.039001598750592,1.3827711784623535,1.3827711784623535,0.0008078182604104663,0.000285963836767799,1.6065565942426536,4.53835620573896
28,5,3.3733200485667334,0.003,0.00030000000000000003,7.38391450974255e-05,0.00011852301831548238,1.4047705870612172e-08,1.1229760113223963e-07,0.0003351083423793559,0.9765951780782313,0.800383238331993,0.800383238331993,0.0004186848578659958,0.0001480828341214211,1.6051515515124084,4.538356205738897
28,5,3.3733200485667334,0.001,0.0001,2.4613048365807117e-05,3.949781918393394e-05,1.5600777202867403e-09,1.247751123691538e-08,0.00011170278079311804,0.9314111098634961,0.4829310734612823,0.4829310734612823,0.00023130170521544108,8.178769467212711e-05,1.604751211507999,4.538356205739128
29,8,1.4569563404977606,1.0,0.1,0.01197213079075434,0.010440388996182375,0.00010900172239160602,0.0008582119467557182,0.029295254679823458,1.4791809850411155,8.334963385820567,8.334963385820567,0.0035147430556996236,0.001252601662767176,0.8720577129215064,2.446954113001101
29,8,1.4569563404977606,0.3,0.03,0.0035916392372263035,0.0031143972488584786,9.69947022369726e-06,7.723907520801467e-05,0.00878857640394704,1.2731792082118338,4.654180288533265,4.654180288533265,0.001888318857264703,0.000669161282069707,0.8671241856862044,2.4469541130011008
29,8,1.4569563404977606,0.1,0.010000000000000002,0.0011972130790754332,0.0010365307871650286,1.0743960727409537e-06,8.582119467557178e-06,0.0029295254679823452,1.15410315544636,2.8200901964519587,2.8200901964519587,0.0010388055926963153,0.0003675523529244276,0.8657863878045051,2.4469541130011025
29,8,1.4569563404977606,0.03,0.003,0.00035916392372263063,0.00031079365576298424,9.659269646252036e-08,7.723907520801474e-07,0.0008788576403947043,1.0623547270942575,1.6398109538467618,1.6398109538467618,0.0005359505852385179,0.0001895301742154526,0.8653253716066399,2.4469541130011
29,8,1.4569563404977606,0.01,0.001,0.00011972130790754426,0.00010358219690273207,1.0729271515196357e-08,8.582119467557206e-08,0.00029295254679823497,0.9997316827226608,0.9975799357863435,0.9975799357863435,0.00029366323067365503,0.0001038334805932953,0.8651943310101846,2.446954113001087
29,8,1.4569563404977606,0.003,0.00030000000000000003,3.591639237226131e-05,3.107301434129032e-05,9.655322202540338e-10,7.723907520801166e-09,8.788576403946867e-05,0.9459328593151296,0.5750258723608295,0.5750258723608295,0.000152837930019817,5.403759349769216e-05,0.8651485377269797,2.4469541130011705
29,8,1.4569563404977606,0.001,0.0001,1.1972130790752747e-05,1.035751488695833e-05,1.0727811463356344e-10,8.582119467556304e-10,2.929525467982196e-05,0.9062028321783089,0.34541915844716653,0.34541915844716653,8.481074069984687e-05,2.9985351517618732e-05,0.865135460678266,2.446954113001302
30,21,1.2574640970943793,1.0,0.1,0.006365541062030284,0.005207880331411183,2.712201754629945e-05,0.00021665655856401667,0.014719258084700352,1.3574004922795027,6.094110663310095,6.094110663310095,0.0024153250405048263,0.0008545759371856328,0.8181363187609592,2.3123341662971937
30,21,1.2574640970943793,0.3,0.03,0.0019096623186090848,0.0015615374873340028,2.438399324349391e-06,1.9499090270761492e-05,0.004415777425410105,1.1993593804896063,3.4839090747668493,3.4839090747668493,0.001267477804570895,0.0004482141909626342,0.8177034610345975,2.312334166297194
30,21,1.2574640970943793,0.1,0.010000000000000002,0.000636554106203028,0.0005204397451026251,2.708575282824854e-07,2.166565585640166e-06,0.0014719258084700349,1.1022132455812554,2.1217312108988935,2.1217312108988935,0.0006937381139086125,0.0002452901396883988,0.8175891727523185,2.312334166297195
30,21,1.2574640970943793,0.03,0.003,0.0001909662318609093,0.00015612447194651493,2.4374850740578128e-08,1.9499090270761542e-07,0.000441577742541011,1.0244475391694001,1.2328818516983733,1.2328818516983733,0.00035816712033899235,0.00012663376602668256,0.8175501523234147,2.312334166297187
30,21,1.2574640970943793,0.01,0.001,6.3655410620302e-05,5.204078690953705e-05,2.7082435021638433e-09,2.1665655856401187e-08,0.00014719258084700188,0.969930658979719,0.7478665233279872,0.7478665233279872,0.0001968166460934748,6.958566172738534e-05,0.8175390968719849,2.3123341662971986
30,21,1.2574640970943793,0.003,0.00030000000000000003,1.9096623186091084e-05,1.561216236710982e-05,2.437396137770001e-10,1.9499090270762122e-09,4.415777425410176e-05,0.922184960248112,0.4293262554569037,0.4293262554569037,0.00010285365428468273,3.636433171433884e-05,0.817535237249738,2.312334166297203
30,21,1.2574640970943793,0.001,0.0001,6.365541062031497e-06,5.204047108704606e-06,2.7082106309616766e-11,2.1665655856404515e-10,1.471925808470132e-05,0.8863986507626533,0.2568672178979327,0.2568672178979327,5.730298402869797e-05,2.025967794291468e-05,0.8175341354319671,2.3123341662969055
31,11,1.2714249309003631,1.0,0.07019961931392198,0.01103396097187208,0.009639880045031319,9.292728728259302e-05,0.0007490670939292,0.027369090118767193,1.461228604155757,7.993707342738011,7.993707342738011,0.003423829387953639,0.0012059335714596552,0.8736554415595115,2.4804410844425533
31,11,1.2714249309003631,0.3,0.021059885794176593,0.0033101882915616255,0.00289941806038046,8.40662508886039e-06,6.741603845362801e-05,0.008210727035630158,1.2626622065074236,4.481681226495534,4.481681226495534,0.0018320640448697338,0.0006469487484382439,0.8759072913681961,2.4804410844425524
31,11,1.2714249309003631,0.1,0.007019961931392198,0.001103396097187209,0.0009672459378985726,9.355647043812894e-07,7.490670939292005e-06,0.00273690901187672,1.146849667569685,2.7181530356105044,2.7181530356105044,0.00100690026500366,0.00035584675521454834,0.8766080833204757,2.480441084442552
31,11,1.2714249309003631,0.03,0.0021059885794176593,0.00033101882915616325,0.00029025703026655585,8.424914361916032e-08,6.741603845362793e-07,0.0008210727035630154,1.0571296574251647,1.5805914310368796,1.5805914310368796,0.0005194718175995587,0.0001836382410830515,0.8768595762557743,2.4804410844425457
31,11,1.2714249309003631,0.01,0.0007019961931392198,0.0001103396097187202,9.676033784657125e-05,9.36256298018261e-09,7.490670939291955e-08,0.00027369090118767114,0.9956614171121153,0.961238290397906,0.961238290397906,0.0002847274228686587,0.00010066217587578328,0.8769320291528537,2.4804410844425595
31,11,1.2714249309003631,0.003,0.00021059885794176593,3.310188291561643e-05,2.9028942853112083e-05,8.426795231692471e-10,6.741603845362963e-09,8.210727035630258e-05,0.9427137004834706,0.5537948845217201,0.5537948845217201,0.00014826296278849481,5.241822137483748e-05,0.8769574506414901,2.4804410844425693
31,11,1.2714249309003631,0.001,7.019961931392197e-05,1.1033960971872e-05,9.676394493390383e-06,9.363261039171571e-11,7.490670939292267e-10,2.736909011876768e-05,0.9035325634238414,0.33249491661680747,0.33249491661680747,8.231431144046605e-05,2.9102383254003847e-05,0.876964719927653,2.4804410844426155
32,11,2.062734730278364,1.0,0.1,0.007282943347657748,0.006314759093023938,3.9876182402928505e-05,0.0003221389509876886,0.01794822974523361,1.3803837664220084,6.503449028724036,6.503449028724036,0.0027598017092101386,0.0009709861744334884,0.8670614052016228,2.4644197940940873
32,11,2.062734730278364,0.3,0.03,0.002184883004297324,0.001900849510048332,3.6132288598509837e-06,2.8992505588891983e-05,0.005384468923570084,1.2137438757013772,3.704084887945859,3.704084887945859,0.0014536569993556763,0.0005131765517130114,0.8700005933085009,2.464419794094088
32,11,2.062734730278364,0.1,0.010000000000000002,0.000728294334765775,0.0006342471572932471,4.02269456534565e-07,3.2213895098768868e-06,0.0017948229745233615,1.1125043916486124,2.2542612713339945,2.2542612713339945,0.0007961911945820046,0.00028135476812673154,0.8708665260965209,2.4644197940940873
32,11,2.062734730278364,0.03,0.003,0.00021848830042973258,0.000190340982209642,3.622968950853126e-08,2.8992505588892043e-07,0.000538446892357009,1.0320634851724013,1.310299846269796,1.310299846269796,0.0004109341032816855,0.0001452652099071147,0.8711724235818158,2.4644197940940886
32,11,2.062734730278364,0.01,0.001,7.282943347657785e-05,6.345337903586749e-05,4.026331311069467e-09,3.221389509876891e-08,0.00017948229745233624,0.975968614824159,0.7953632202044563,0.7953632202044563,0.00022566079609036798,7.977912156857863e-05,0.8712600937129941,2.4644197940940766
32,11,2.062734730278364,0.003,0.00030000000000000003,2.1848830042973422e-05,1.9036684755247413e-05,3.6239536647066927e-10,2.8992505588891948e-09,5.384468923570081e-05,0.927029859052737,0.45700128146760366,0.45700128146760366,0.00011782174671980171,4.165564852272062e-05,0.8712908067756976,2.464419794094066
32,11,2.062734730278364,0.001,0.0001,7.28294334765862e-06,6.345625513875855e-06,4.026696316235221e-11,3.2213895098772025e-10,1.7948229745234493e-05,0.8904587570386647,0.2736596173370374,0.2736596173370374,6.55859637599711e-05,2.3188023047114854e-05,0.8712995846543141,2.4644197940939137
33,3,3.655017969608328,1.0,0.1,0.04752475911835193,0.06477647626849442,0.00419599187776282,0.024429953273692684,0.1563008422040415,1.9748744720954277,19.491128753668992,19.491128753668992,0.008019075969349367,0.0033233825032478407,1.3630048309593776,3.2888297616575426
33,3,3.655017969608328,0.3,0.03,0.01425742773550558,0.017189347030016768,0.00029547365131834624,0.0021986957946323413,0.04689025266121245,1.5203541482845617,9.131714607259658,9.131714607259658,0.005134879338425117,0.0018823789145087102,1.2056415328839274,3.2888297616575426
33,3,3.655017969608328,0.1,0.010000000000000002,0.004752475911835195,0.005589342065792251,3.124074472843478e-05,0.00024429953273692696,0.015630084220404156,1.3119240297808312,5.30425627360964,5.30425627360964,0.0029467060817119244,0.0010537466097935355,1.1760905619475082,3.2888297616575426
33,3,3.655017969608328,0.03,0.003,0.0014257427735505585,0.0016633851889439914,2.766850286798238e-06,2.198695794632342e-05,0.004689025266121246,1.170254798195238,3.051674050495792,3.051674050495792,0.0015365419728753274,0.0005450730194051191,1.166679726386848,3.2888297616575417
33,3,3.655017969608328,0.01,0.001,0.00047524759118352025,0.0005532212078544844,3.0605370481997465e-07,2.4429953273692723e-06,0.0015630084220404163,1.0811211746100795,1.8602536231234612,1.8602536231234612,0.000840212540167531,0.00029739020581806346,1.164069462144531,3.2888297616575386
33,3,3.655017969608328,0.003,0.00030000000000000003,0.00014257427735505518,0.00016583723913098872,2.750198988258874e-08,2.1986957946323393e-07,0.0004689025266121243,1.0086859851166496,1.0799557001814044,1.0799557001814044,0.00043418681574935054,0.00015355929794447345,1.1631638063155068,3.288829761657555
33,3,3.655017969608328,0.001,0.0001,4.752475911835276e-05,5.5266817781094086e-05,3.0544211476486575e-09,2.442995327369264e-08,0.00015630084220404137,0.9573539819564437,0.6540905114407826,0.6540905114407826,0.00023895904231931655,8.449414387522057e-05,1.1629057949238832,3.2888297616574826
34,11,3.868312541760888,1.0,0.028118725199970263,0.0072386814887940515,0.006359424119414417,4.0442275130589837e-05,0.0003237516572871423,0.017993100268912588,1.3793126028005545,6.484225925177546,6.484225925177546,0.0027749033541609545,0.0009807530139752632,0.8785334911142614,2.485687524277325
34,11,3.868312541760888,0.3,0.008435617559991079,0.002171604446638215,0.0019082135033313733,3.641278774296193e-06,2.9137649155842805e-05,0.005397930080673776,1.2130782466014618,3.693806098775076,3.693806098775076,0.00146134635558261,0.0005165981787631373,0.8787113630594247,2.485687524277326
34,11,3.868312541760888,0.1,0.0028118725199970263,0.0007238681488794046,0.0006361234363649277,4.0465302629272424e-07,3.2375165728714223e-06,0.0017993100268912587,1.1120301146361096,2.2480849067438915,2.2480849067438915,0.0008003745861615899,0.0002829623714196293,0.8787835703914982,2.485687524277327
34,11,3.868312541760888,0.03,0.0008435617559991079,0.0002171604446638214,0.00019084300857219322,3.642105392088622e-08,2.913764915584286e-07,0.0005397930080673781,1.0317135665721124,1.3066935531839592,1.3066935531839592,0.00041309839384459326,0.00014605031769474562,0.8788110968718575,2.485687524277329
34,11,3.868312541760888,0.01,0.00028118725199970264,7.238681488793975e-05,6.361492104987034e-05,4.046858180181237e-09,3.237516572871409e-08,0.00017993100268912552,0.9756917557767623,0.7931504795874066,0.7931504795874066,0.00022685607248541895,8.020536163952462e-05,0.8788191765081947,2.4856875242773464
34,11,3.868312541760888,0.003,8.43561755999108e-05,2.171604446638223e-05,1.9084538215459517e-05,3.6421959889733473e-10,2.9137649155842477e-09,5.397930080673746e-05,0.9268080759715253,0.4557115216565598,0.4557115216565598,0.00011845059482041834,4.187855103176938e-05,0.8788220269581578,2.4856875242773024
34,11,3.868312541760888,0.001,2.8118725199970263e-05,7.238681488794018e-06,6.361518649338474e-06,4.04689195258812e-11,3.2375165728711244e-10,1.799310026891176e-05,0.8902731200778057,0.2728767108636337,0.2728767108636337,6.593857061661653e-05,2.3312794372245104e-05,0.8788228435228912,2.4856875242772225
35,15,2.467057583043971,1.0,0.05898205091239131,0.00236641088313946,0.001882249656888897,3.54286377085837e-06,2.8344489665806507e-05,0.005323954326044365,1.2225890741715737,3.8414823443013453,3.8414823443013453,0.0013859114396145007,0.0004899800358788903,0.7954027216067235,2.2498013189413677
35,15,2.467057583043971,0.3,0.017694615273717393,0.0007099232649418388,0.0005646850293693091,3.1886918239381743e-07,2.551004069922589e-06,0.0015971862978133105,1.1105220577220218,2.228489511727225,2.228489511727225,0.0007167125038768464,0.0002533936221811702,0.7954169939980366,2.2498013189413673
35,15,2.467057583043971,0.1,0.005898205091239131,0.00023664108831394586,0.00018822955992837116,3.543036723082827e-08,2.8344489665806405e-07,0.0005323954326044355,1.0366905060642309,1.3584275073486258,1.3584275073486258,0.0003919203856844471,0.00013856430240856722,0.7954221359844815,2.2498013189413655
35,15,2.467057583043971,0.03,0.0017694615273717391,7.099232649418466e-05,5.64690036813793e-05,3.1887483767676292e-09,2.551004069922611e-08,0.00015971862978133173,0.9748105276783255,0.7861297006675317,0.7861297006675317,0.0002031708376438503,7.183166293479229e-05,0.7954240474990626,2.2498013189413517
35,15,2.467057583043971,0.01,0.0005898205091239131,2.3664108831395002e-05,1.88230144032771e-05,3.543058712259771e-10,2.834448966580704e-09,5.323954326044415e-05,0.9299551364679325,0.47421880972474045,0.47421880972474045,0.00011226788598146698,3.969267776240864e-05,0.7954246042979968,2.249801318941351
35,15,2.467057583043971,0.003,0.00017694615273717394,7.09923264941785e-06,5.646905712418422e-06,3.1887544124943806e-11,2.55100406992211e-10,1.5971862978131606e-05,0.8896819073913831,0.27039301187257486,0.27039301187257486,5.906906716087208e-05,2.0884066763824417e-05,0.7954248002960543,2.2498013189413264
35,15,2.467057583043971,0.001,5.898205091239131e-05,2.3664108831401692e-06,1.8823020369111495e-06,3.5430609581598623e-12,2.8344489665813025e-11,5.323954326044977e-06,0.8589002124898392,0.16076270912249485,0.16076270912249485,3.311684877111852e-05,1.1708573755602174e-05,0.7954248564025284,2.2498013189409525
36,21,1.2601287844166662,1.0,0.1,0.011207813601132249,0.00905079785370535,8.191694178863737e-05,0.0006530114749815417,0.025554089202738994,1.4646089104801006,8.057679143179477,8.057679143179477,0.0031713957268166442,0.0011232512107864844,0.8075435741357271,2.280024464375232
36,21,1.2601287844166662,0.3,0.03,0.0033623440803396743,0.002711759736973799,7.353640871072208e-06,5.877103274833873e-05,0.007666226760821697,1.2646519089540718,4.51418003231871,4.51418003231871,0.001698254545883483,0.0006007203340494382,0.8065086951778738,2.2800244643752317
36,21,1.2601287844166662,0.1,0.010000000000000002,0.0011207813601132248,0.0009036189554136004,8.165272165827663e-07,6.530114749815414e-06,0.002555408920273899,1.1482254641219478,2.7373865815664025,2.7373865815664025,0.0009335213876922085,0.00033010279275078736,0.8062401709842087,2.2800244643752317
36,21,1.2601287844166662,0.03,0.003,0.00033623440803396765,0.00027105503358409376,7.34708312312742e-08,5.877103274833888e-07,0.0007666226760821706,1.0581225514111867,1.5917703835263364,1.5917703835263364,0.00048161637131596157,0.00017028525997801934,0.8061490052996324,2.280024464375233
36,21,1.2601287844166662,0.01,0.001,0.00011207813601132218,9.034878850113184e-05,8.162903583622253e-09,6.530114749815457e-08,0.0002555408920273907,0.9964357908151978,0.9680987650214802,0.9680987650214802,0.00026396159282541875,9.332600326075944e-05,0.8061232254255618,2.280024464375245
36,21,1.2601287844166662,0.003,0.00030000000000000003,3.3623440803396185e-05,2.7104334110750287e-05,7.346449275871815e-10,5.877103274833659e-09,7.666226760821557e-05,0.9433267439335895,0.5578022289215374,0.5578022289215374,0.00013743628769005722,4.859129760588118e-05,0.8061142305225518,2.2800244643752277
36,21,1.2601287844166662,0.001,0.0001,1.1207813601131863e-05,9.034749263081228e-06,8.162669424674679e-11,6.530114749815417e-10,2.5554089202738996e-05,0.9040414248920078,0.33493387915367745,0.33493387915367745,7.629592224981825e-05,2.6974724939473265e-05,0.8061116632211675,2.2800244643753107
37,21,1.834248520124146,1.0,0.1,0.008240661067123494,0.006984115186556868,4.8777864939094276e-05,0.0003872645322028995,0.019679037888141265,1.4027572537394948,6.908144297078081,6.908144297078081,0.002848672095118924,0.001010997293370221,0.8475188009394446,2.388041169009088
37,21,1.834248520124146,0.3,0.03,0.002472198320137048,0.002089592918190695,4.366398563752703e-06,3.485380789826097e-05,0.0059037113664423815,1.2275411412289159,3.919049955696945,3.919049955696945,0.0015064139097947513,0.000533188640566612,0.8452367680902141,2.388041169009089
37,21,1.834248520124146,0.1,0.010000000000000002,0.0008240661067123501,0.000696014140006919,4.844356830895711e-07,3.872645322028998e-06,0.0019679037888141273,1.1222931150739366,2.383178694398606,2.383178694398606,0.0008257474747653057,0.0002920528543003603,0.8446095942274578,2.3880411690090866
37,21,1.834248520124146,0.03,0.003,0.00024721983201370513,0.0002087506049744968,4.3576815077218406e-08,3.485380789826089e-07,0.0005903711366442375,1.039262510496579,1.3855321400472875,1.3855321400472875,0.0004260970349082544,0.00015066457063014953,0.8443926333665832,2.388041169009083
37,21,1.834248520124146,0.01,0.001,8.240661067123581e-05,6.95784465859953e-05,4.841160229320202e-09,3.872645322028982e-08,0.00019679037888141235,0.9816526280098776,0.8415281275034276,0.8415281275034276,0.0002338488428963544,8.268107067605046e-05,0.844330885826394,2.3880411690090586
37,21,1.834248520124146,0.003,0.00030000000000000003,2.472198320137167e-05,2.0873000318176243e-05,4.3568214228258557e-10,3.4853807898262385e-09,5.903711366442501e-05,0.9315752679662038,0.48391931838017327,0.48391931838017327,0.00012199784431429681,4.3133223918492426e-05,0.8443092994666435,2.388041169009022
37,21,1.834248520124146,0.001,0.0001,8.240661067123628e-06,6.957615968015364e-06,4.8408419958382375e-11,3.872645322028448e-10,1.9679037888139877e-05,0.894258681863161,0.29000609531645993,0.29000609531645993,6.785732509058389e-05,2.3991274943456228e-05,0.8443031343411256,2.3880411690088805
38,5,2.8939766592347183,1.0,0.1,0.02318305673233037,0.01761803540368909,0.00031039517148564213,0.0024730921040129767,0.04973019308240193,1.6596623362473144,11.979406901180361,11.979406901180361,0.004151306779428445,0.0014706934616231409,0.7599530815588923,2.1451094071235977
38,5,2.8939766592347183,0.3,0.03,0.00695491701969911,0.005277341597199782,2.7850334333535154e-05,0.00022257828936116786,0.014919057924720577,1.3723590542201627,6.359780514673965,6.359780514673965,0.002345844780381608,0.0008297993279836207,0.7587928917415172,2.1451094071235977
38,5,2.8939766592347183,0.1,0.010000000000000002,0.0023183056732330367,0.0017585055393658003,3.092341731980204e-06,2.473092104012977e-05,0.004973019308240193,1.220289524880241,3.80561889830917,3.80561889830917,0.0013067570456016227,0.00046208135558373995,0.7585304904652386,2.145109407123598
38,5,2.8939766592347183,0.03,0.003,0.0006954917019699107,0.0005274927898857839,2.7824864338148775e-07,2.225782893611676e-06,0.001491905792472057,1.1089386508983294,2.2079867078666795,2.2079867078666795,0.0006756860388500761,0.0002389021582450733,0.7584458425481042,2.1451094071235977
38,5,2.8939766592347183,0.01,0.001,0.00023183056732330244,0.00017582548158531436,3.0914599974707716e-08,2.47309210401295e-07,0.0004973019308240166,1.035491667250588,1.3458794192884098,1.3458794192884098,0.0003694996176455012,0.000130639847125589,0.7584223410026624,2.1451094071235977
38,5,2.8939766592347183,0.003,0.00030000000000000003,6.954917019699076e-05,5.274707738469057e-05,2.7822541726265356e-09,2.2257828936116505e-08,0.00014919057924720483,0.9738837932356623,0.7787829537422982,0.7787829537422982,0.0001915688813298968,6.773013858511436e-05,0.7584141871900122,2.145109407123595
38,5,2.8939766592347183,0.001,0.0001,2.3183056732329915e-05,1.758230527791277e-05,3.0913745888571925e-10,2.473092104012846e-09,4.973019308240061e-05,0.9291985289096393,0.4697288851362735,0.4697288851362735,0.00010586999151217481,3.743075172567246e-05,0.7584118643592577,2.145109407123583
39,5,1.907388305956475,1.0,0.1,0.02873888519186579,0.02230694874530505,0.0004975999623256666,0.003992743780211234,0.06318816170938378,1.736648429854408,13.663618099021338,13.663618099021338,0.004624555608291603,0.0016325799348053203,0.7761939475515486,2.1986991244625056
39,5,1.907388305956475,0.3,0.03,0.008621665557559735,0.00669782389442417,4.4860844920719355e-05,0.000359346940219011,0.01895644851281513,1.4112729349909405,7.063752559154021,7.063752559154021,0.0026836229545228324,0.0009481962792912899,0.7768596276100407,2.1986991244625056
39,5,1.907388305956475,0.1,0.010000000000000002,0.002873888519186578,0.0022335207094274956,4.988614759441504e-06,3.9927437802112325e-05,0.006318816170938376,1.2451899306151961,4.199113219936065,4.199113219936065,0.001504797760855466,0.0005319029500856142,0.7771772267838937,2.1986991244625056
39,5,1.907388305956475,0.03,0.003,0.0008621665557559742,0.0006701637257910911,4.491194193661967e-07,3.593469402190114e-06,0.0018956448512815142,1.125960645369531,2.4321755237610194,2.4321755237610194,0.0007794029800736439,0.00027554085601304653,0.7773019277040628,2.198699124462505
39,5,1.907388305956475,0.01,0.001,0.0002873888519186573,0.00022339852021723854,4.9906898835251935e-08,3.992743780211226e-07,0.0006318816170938371,1.0483222693243057,1.4829782122514206,1.4829782122514206,0.00042608961606693476,0.00015064180874112807,0.7773388519623907,2.198699124462508
39,5,1.907388305956475,0.003,0.00030000000000000003,8.621665557559845e-05,6.702068203100946e-05,4.491771819901674e-09,3.593469402190217e-08,0.00018956448512815415,0.9837675017988997,0.8590619649138184,0.8590619649138184,0.00022066450718391585,7.80161208018714e-05,0.7773519116876769,2.1986991244625105
39,5,1.907388305956475,0.001,0.0001,2.8738885191865915e-05,2.2340334951571802e-05,4.990905657484207e-10,3.9927437802114384e-09,6.318816170938539e-05,0.9372484780096839,0.5188144638823478,0.5188144638823478,0.00012179336951506937,4.306035491839709e-05,0.7773556560187964,2.1986991244625522
40,5,1.244887352459819,1.0,0.1,0.01868615966780693,0.0169056662436056,0.0002858015511401859,0.0022425190742106655,0.047355243365552094,1.5927315576570336,10.58094872745705,10.58094872745705,0.004475519595201092,0.001597745786229567,0.9047159258052999,2.5342416102296887
40,5,1.244887352459819,0.3,0.03,0.005605847900342079,0.005036180838929444,2.536311744240007e-05,0.00020182671667895994,0.01420657300966563,1.3369257408247568,5.735096032530342,5.735096032530342,0.0024771290540008,0.0008781336546700273,0.8983798576879203,2.5342416102296887
40,5,1.244887352459819,0.1,0.010000000000000002,0.001868615966780693,0.0016757108819297276,2.8080069598177057e-06,2.2425190742106666e-05,0.00473552433655521,1.1970983842365657,3.4496814113040846,3.4496814113040846,0.0013727425150153324,0.00048575815622818857,0.8967657944273547,2.534241610229689
40,5,1.244887352459819,0.03,0.003,0.0005605847900342071,0.0005024075253253858,2.524133215035782e-07,2.0182671667896006e-06,0.0014206573009665634,1.0928389473244489,2.003792367984918,2.003792367984918,0.0007089842858295867,0.0002507283356062604,0.8962204010114664,2.5342416102296927
40,5,1.244887352459819,0.01,0.001,0.0001868615966780688,0.00016744039953587935,2.8036287396734906e-08,2.24251907421067e-07,0.0004735524336555214,1.023240073058114,1.2208158139115621,1.2208158139115621,0.0003878983449094036,0.00013715451391425784,0.8960664069693843,2.5342416102296976
40,5,1.244887352459819,0.003,0.00030000000000000003,5.605847900341965e-05,5.0229109161103466e-05,2.522963407118048e-09,2.01826716678951e-08,0.00014206573009665314,0.9643746550202076,0.7055761301189323,0.7055761301189323,0.00020134713184345745,7.11887874560564e-05,0.8960127005593466,2.534241610229684
40,5,1.244887352459819,0.001,0.0001,1.8686159667807327e-05,1.6742749994057666e-05,2.8031967736351797e-10,2.2425190742106355e-09,4.7355243365551774e-05,0.9214133925201698,0.42501553316054386,0.42501553316054386,0.00011142002978903826,3.9393266099131764e-05,0.8959973740833552,2.5342416102296177
41,21,2.806229494519089,1.0,0.1,0.010662150635003146,0.009736317258571109,9.479587375954963e-05,0.0007529231704311696,0.027439445519747106,1.4539116037980182,7.855686135988533,7.855686135988533,0.0034929406604015524,0.0012393974364590526,0.9131663575083449,2.573537596595681
41,21,2.806229494519089,0.3,0.03,0.0031986451905009422,0.002913209808533509,8.486791388535846e-06,6.776308533880523e-05,0.00823183365592413,1.2583402404408395,4.4113108868021245,4.4113108868021245,0.001866074250298782,0.0006603954886175279,0.9107636624358668,2.5735375965956813
41,21,2.806229494519089,0.1,0.010000000000000002,0.0010662150635003145,0.0009704336225541073,9.417414157834875e-07,7.5292317043116985e-06,0.002743944551974711,1.143855543487703,2.6764614940521683,2.6764614940521683,0.0010252135358840427,0.00036258082722679817,0.9101668657430491,2.5735375965956813
41,21,2.806229494519089,0.03,0.003,0.00031986451905009517,0.0002910661934803924,8.471952898716522e-08,6.776308533880549e-07,0.0008231833655924146,1.0549658653615033,1.5563510553336628,1.5563510553336628,0.0005289188212205337,0.0001870183417056837,0.9099671146545874,2.573537596595679
41,21,2.806229494519089,0.01,0.001,0.00010662150635003156,9.701607131340801e-05,9.412118093088269e-09,7.529231704311757e-08,0.0002743944551974722,0.993972343575229,0.946361825373909,0.946361825373909,0.0002899466650496585,0.0001025147768139071,0.9099109047935459,2.573537596595689
41,21,2.806229494519089,0.003,0.00030000000000000003,3.1986451905009536e-05,2.9104194996711006e-05,8.470541664065781e-10,6.776308533880442e-09,8.231833655924081e-05,0.941375554170045,0.5451062063986752,0.5451062063986752,0.0001510133907722113,5.33917879764976e-05,0.9098913215864644,2.573537596595657
41,21,2.806229494519089,0.001,0.0001,1.0662150635002627e-05,9.701338766912438e-06,9.411597387039815e-11,7.529231704311196e-10,2.7439445519746196e-05,0.9024212588467337,0.32720758019989804,0.32720758019989804,8.385944330196402e-05,2.9648881486748213e-05,0.909885734972084,2.5735375965957203
42,11,1.688969253044645,1.0,0.0010830999286072323,0.00011557718987333131,0.00011867945609724417,1.4084813299537705e-08,1.1272173253439744e-07,0.0003357405732621505,0.9979659931154106,0.9817295305138728,0.9817295305138728,0.0003419888704849407,0.00012088813915490862,1.0268415093610843,2.904903412430349
42,11,1.688969253044645,0.3,0.0003249299785821697,3.4673156962001087e-05,3.560861589610077e-05,1.2679735260360406e-09,1.0144955928096265e-08,0.0001007221719786476,0.9445373286340718,0.5657650543559029,0.5657650543559029,0.0001780282666862751,6.293887475365463e-05,1.0269793412559713,2.904903412430278
42,11,1.688969253044645,0.1,0.00010830999286072323,1.1557718987333759e-05,1.1869994049911835e-05,1.4089675874494237e-10,1.1272173253440574e-09,3.3574057326216284e-05,0.9050458015128774,0.3397809140858028,0.3397809140858028,9.881089824173595e-05,3.49342578050584e-05,1.027018745041327,2.904903412430298
42,11,1.688969253044645,0.03,3.249299785821697e-05,3.4673156961993666e-06,3.5610460423200635e-06,1.2681048915523388e-11,1.014495592809528e-10,1.0072217197864272e-05,0.8690559964582498,0.19277240897396095,0.19277240897396095,5.2249267680339016e-05,1.8472799407725812e-05,1.0270325388090382,2.904903412430759
42,11,1.688969253044645,0.01,1.0830999286072323e-05,1.155771898732354e-06,1.1870199026948963e-06,1.409016249393801e-12,1.1272173253435277e-11,3.35740573262084e-06,0.8412172153499236,0.11410017331989213,0.11410017331989213,2.9425071276692905e-05,1.0403313756298671e-05,1.0270364801193168,2.9049034124321844
42,11,1.688969253044645,0.003,3.249299785821697e-06,3.46731569620144e-07,3.561064491209861e-07,1.2681180310555747e-13,1.0144955928106753e-12,1.0072217197869967e-06,0.8149165927838625,0.06373235479485938,0.06373235479485938,1.580393071978942e-05,5.587530074280411e-06,1.0270378596073977,2.904903412430664
42,11,1.688969253044645,0.001,1.0830999286072322e-06,1.155771898718629e-07,1.1870219526080048e-07,1.4090211159733205e-14,1.1272173253300965e-13,3.357405732600837e-07,0.7939600478505863,0.037211271138567294,0.037211271138567294,9.02255050653479e-06,3.1899527113378463e-06,1.0270382537627207,2.904903412449374
43,21,2.475646761972951,1.0,0.1,0.0067091095491090295,0.007416958647486881,5.5011275578530426e-05,0.0004391297375749989,0.02095542262935775,1.3662089974784313,6.250213812168892,6.250213812168892,0.0033527529231973576,0.0011866727875847044,1.1055056700440753,3.123428299384474
43,21,2.475646761972951,0.3,0.03,0.0020127328647327088,0.0022232382400005795,4.942788271800874e-06,3.952167638174989e-05,0.006286626788807324,1.2048978258743417,3.5681931768328536,3.5681931768328536,0.001761851580689184,0.0006230711538924966,1.1045868425742758,3.1234282993844737
43,21,2.475646761972951,0.1,0.010000000000000002,0.0006709109549109034,0.0007409458466298445,5.49000747638017e-07,4.391297375749993e-06,0.0020955422629357757,1.1061860315694727,2.17252039856701,2.17252039856701,0.0009645673588694454,0.0003410535740509368,1.104387759964721,3.123428299384473
43,21,2.475646761972951,0.03,0.003,0.000201273286473271,0.0002222710545933035,4.940442171001931e-08,3.9521676381749974e-07,0.0006286626788807331,1.027393360952866,1.2625591116995087,1.2625591116995087,0.0004979273232082586,0.0001760480380947141,1.1043246646783451,3.123428299384475
43,21,2.475646761972951,0.01,0.001,6.709109549109001e-05,7.408918400166594e-05,5.489207186032713e-09,4.391297375749973e-08,0.00020955422629357712,0.9722691386842377,0.7660724119276799,0.7660724119276799,0.0002735436272483336,9.671302979731926e-05,1.1043072625264452,3.1234282993844813
43,21,2.475646761972951,0.003,0.00030000000000000003,2.0127328647327206e-05,2.2226633929602703e-05,4.940232558405661e-10,3.952167638174821e-09,6.28662678880719e-05,0.924063382818659,0.4399318507858475,0.4399318507858475,0.0001429000145721986,5.052290233112107e-05,1.1043012373405188,3.123428299384389
43,21,2.475646761972951,0.001,0.0001,6.7091095491091915e-06,7.408866468807197e-06,5.4891302352615624e-11,4.391297375749939e-10,2.095542262935763e-05,0.8879740008219839,0.2633006701481244,0.2633006701481244,7.95874261070767e-05,2.813842617506142e-05,1.1042995221013967,3.1234282993843805
44,5,3.8740608446411215,1.0,0.1,0.023753026780841985,0.022305596774626346,0.0004975396474722212,0.00420459170171964,0.06484282305482728,1.6678066792610258,12.153622103893836,12.153622103893836,0.005335267338454815,0.001835304453598238,0.9390633446604344,2.72987622390618
44,5,3.8740608446411215,0.3,0.03,0.007125908034252593,0.006818005660351539,4.648520118458563e-05,0.00037841325315476746,0.01945284691644818,1.3765672349600746,6.435021821558813,6.435021821558813,0.003022965182693964,0.0010595155462425382,0.9567911384175829,2.7298762239061802
44,5,3.8740608446411215,0.1,0.010000000000000002,0.0023753026780841987,0.0022857830316097187,5.224804067594917e-06,4.20459170171964e-05,0.006484282305482728,1.223010782298425,3.8480700389554343,3.8480700389554343,0.0016850738785520905,0.0005940076475921417,0.9623123203200856,2.7298762239061793
44,5,3.8740608446411215,0.03,0.003,0.0007125908034252594,0.0006871495555878524,4.7217451174458297e-07,3.784132531547675e-06,0.001945284691644818,1.1108121812354363,2.2322541584450373,2.2322541584450373,0.0008714440890547523,0.00030782765169827834,0.9642975355349567,2.72987622390618
44,5,3.8740608446411215,0.01,0.001,0.00023753026780841947,0.0002291858119071783,5.252613637955252e-08,4.2045917017196373e-07,0.0006484282305482726,1.0369100477651387,1.3607313365625529,1.3607313365625529,0.000476529211259525,0.00016842840739314643,0.9648699259330967,2.7298762239061833
44,5,3.8740608446411215,0.003,0.00030000000000000003,7.12590803425275e-05,6.877005858857599e-05,4.729320958276175e-09,3.7841325315477675e-08,0.0001945284691644842,0.9749801668764695,0.7874785885305504,0.7874785885305504,0.00024702699476245813,8.732943293976054e-05,0.9650708128425556,2.7298762239061536
44,5,3.8740608446411215,0.001,0.0001,2.3753026780842065e-05,2.292471744649969e-05,5.255426700018472e-10,4.204591701719578e-09,6.48428230548268e-05,0.9300935932437312,0.47504322491913525,0.47504322491913525,0.00013649878506501116,4.8258171559866104e-05,0.965128261674405,2.72987622390615
45,15,1.7018213086443912,1.0,0.1,0.0064912215904461106,0.006267123303323184,3.9276834499056494e-05,0.00030889257888929475,0.017575340078908708,1.3606526614434695,6.151631238242142,6.151631238242142,0.0028570210726628254,0.0010187742178632353,0.9654767159000152,2.7075550932934394
45,15,1.7018213086443912,0.3,0.03,0.0019473664771338314,0.0018688184943712798,3.4924825649041372e-06,2.7800332100036495e-05,0.005272602023672609,1.2014079207981296,3.5150111343537627,3.5150111343537627,0.0015000242736477082,0.0005316678732839528,0.9596645091281637,2.7075550932934402
45,15,1.7018213086443912,0.1,0.010000000000000002,0.0006491221590446094,0.0006218974179027695,3.86756398394132e-07,3.0889257888929406e-06,0.0017575340078908688,1.1036842049025293,2.1404811080410884,2.1404811080410884,0.0008210929782507248,0.0002905409515489317,0.9580591406987095,2.7075550932934433
45,15,1.7018213086443912,0.03,0.003,0.00019473664771338367,0.0001864608912158019,3.476766395299111e-08,2.7800332100036677e-07,0.0005272602023672627,1.0255391021060654,1.2438390129760837,1.2438390129760837,0.00042389746331055204,0.00014990757587645076,0.9575028296175553,2.707555093293442
45,15,1.7018213086443912,0.01,0.001,6.491221590446043e-05,6.21433468765816e-05,3.861795561023143e-09,3.088925788892918e-08,0.00017575340078908625,0.9707976178110466,0.7545881070495803,0.7545881070495803,0.00023291302784545257,8.235399722844884e-05,0.9573444075310242,2.7075550932934553
45,15,1.7018213086443912,0.003,0.00030000000000000003,1.9473664771339296e-05,1.86419253595084e-05,3.475213811094824e-10,2.7800332100038112e-09,5.272602023672763e-05,0.9228816556103236,0.43324145396150593,0.43324145396150593,0.00012170123554569274,4.302895115194761e-05,0.9572890145949815,2.7075550932933825
45,15,1.7018213086443912,0.001,0.0001,6.49122159044575e-06,6.213872420006896e-06,3.861221045212236e-11,3.088925788892935e-10,1.757534007890867e-05,0.8869831156822753,0.25924196031791175,0.25924196031791175,6.779512104196329e-05,2.3969392965501204e-05,0.9572731932542441,2.7075550932935846
46,8,2.9806097422029123,1.0,0.1,0.01303327001466127,0.013203809332608672,0.00017434058089188387,0.001348575599329581,0.03672295738811869,1.4987070851539925,8.710362473920354,8.710362473920354,0.00421600794433879,0.0015158736932179484,1.0130849217238314,2.8176319025700094
46,8,2.9806097422029123,0.3,0.03,0.003909981004398381,0.003913800296625874,1.5317832761868784e-05,0.00012137180393966228,0.011016887216435607,1.2844791857197162,4.8414583006128264,4.8414583006128264,0.0022755307455691815,0.0008083928547170322,1.0009768058267283,2.8176319025700094
46,8,2.9806097422029123,0.1,0.010000000000000002,0.0013033270014661275,0.0013004031792854436,1.6910484286956894e-06,1.348575599329581e-05,0.003672295738811869,1.161845722855146,2.930328230388684,2.930328230388684,0.00125320286673987,0.0004437738973401474,0.9977566472747094,2.817631902570008
46,8,2.9806097422029123,0.03,0.003,0.00039099810043983856,0.0003896893494438291,1.5185778906995477e-07,1.2137180393966251e-06,0.0011016887216435617,1.067905796429183,1.703770501131539,1.703770501131539,0.0006466180280219009,0.00022872173757264934,0.9966527944904663,2.817631902570009
46,8,2.9806097422029123,0.01,0.001,0.00013033270014661417,0.00012985562620689725,1.686248365758542e-08,1.3485755993295953e-07,0.00036722957388118883,1.004042784818278,1.036826295799091,1.036826295799091,0.00035418620782390727,0.0001252433765742953,0.9963395683571332,2.8176319025699925
46,8,2.9806097422029123,0.003,0.00030000000000000003,3.909981004398361e-05,3.8952410186774747e-05,1.5172902593587532e-09,1.2137180393966117e-08,0.00011016887216435555,0.9493340848805362,0.5979618747407826,0.5979618747407826,0.00018424062940821092,6.514196277757788e-05,0.9962301643654266,2.8176319025700107
46,8,2.9806097422029123,0.001,0.0001,1.3033270014661096e-05,1.2983729610134608e-05,1.685772345890862e-10,1.3485755993295488e-09,3.672295738811825e-05,0.9090192390320664,0.35938822219517097,0.35938822219517097,0.00010218186106325798,3.6127309712124085e-05,0.9961989274778502,2.8176319025700134
47,21,3.7864626505284282,1.0,0.07768381823171092,0.011877758249151426,0.009105852168522076,8.291654371497818e-05,0.0006635814455441306,0.02576007464166458,1.4774060940355818,8.30105881701437,8.30105881701437,0.0031032275772899134,0.0010969506865627975,0.7666305356208626,2.1687656964650666
47,21,3.7864626505284282,0.3,0.023305145469513275,0.0035633274747454272,0.0027320264903327117,7.463968743879675e-06,5.972233009897174e-05,0.0077280223924993735,1.2721449062948562,4.637137686327016,4.637137686327016,0.0016665501253685193,0.0005891622537731235,0.766706543166621,2.1687656964650666
47,21,3.7864626505284282,0.1,0.007768381823171092,0.0011877758249151421,0.0009107264825306576,8.294227259826643e-07,6.635814455441303e-06,0.0025760074641664574,1.1533918360554627,2.8100357736180803,2.8100357736180803,0.0009167169643714897,0.00032409782504585187,0.766749468567204,2.1687656964650666
47,21,3.7864626505284282,0.03,0.0023305145469513272,0.0003563327474745421,0.000273224091629134,7.465140424656541e-08,5.972233009897154e-07,0.0007728022392499361,1.0618433817494184,1.6339730982172407,1.6339730982172407,0.00047295897349418305,0.0001672145593628422,0.7667667189321528,2.168765696465067
47,21,3.7864626505284282,0.01,0.0007768381823171092,0.00011877758249151268,9.10753078143611e-05,8.294711693480622e-09,6.635814455441153e-08,0.0002576007464166428,0.9993338793939042,0.9939975175042113,0.9939975175042113,0.0002591563277375604,9.162528699572455e-05,0.766771859671996,2.16876569646507
47,21,3.7864626505284282,0.003,0.00023305145469513274,3.563327474745424e-05,2.7322657251270038e-05,7.465275992703792e-10,5.972233009897132e-09,7.728022392499346e-05,0.9456185780709595,0.5729326733379443,0.5729326733379443,0.00013488534957301995,4.7689123910644505e-05,0.7667736811986964,2.168765696465061
47,21,3.7864626505284282,0.001,7.768381823171092e-05,1.1877758249152658e-05,9.10755862389599e-06,8.294762408770224e-11,6.635814455442293e-10,2.57600746416665e-05,0.9059423361664871,0.3441446572109944,0.3441446572109944,7.4852461317954e-05,2.6464332463287856e-05,0.7667742037556381,2.168765696465003
48,8,1.38987560053327,1.0,0.1,0.008624940325376185,0.007062719380660183,4.988200504995296e-05,0.0003968770246146837,0.019921772627321185,1.411345267650077,7.065077984708445,7.065077984708445,0.0028197526864444508,0.0009996661602245062,0.8188716807559054,2.309786720344906
48,8,1.38987560053327,0.3,0.03,0.002587482097612854,0.0021147054137527423,4.471978986955157e-06,3.571893221532148e-05,0.005976531788196352,1.2327839231261328,4.001663437561883,4.001663437561883,0.0014935118561189415,0.0005284565898028598,0.8172831092063271,2.3097867203449063
48,8,1.38987560053327,0.1,0.010000000000000002,0.0008624940325376185,0.0007045262143762154,4.96357186743281e-07,3.9687702461468356e-06,0.001992177262732118,1.1259916618041845,2.4325914797112476,2.4325914797112476,0.0008189526598887014,0.00028961961770080844,0.8168476392855353,2.3097867203449054
48,8,1.38987560053327,0.03,0.003,0.0002587482097612852,0.0002113189202099806,4.4655686038712144e-08,3.5718932215321636e-07,0.0005976531788196365,1.041971149624781,1.4143459829762348,1.4143459829762348,0.0004225650484487421,0.00014941105129403926,0.8166971296340109,2.3097867203449125
48,8,1.38987560053327,0.01,0.001,8.62494032537616e-05,7.04359466881483e-05,4.9612225858556685e-09,3.968770246146808e-08,0.00019921772627321113,0.9837853532183964,0.8592107869029459,0.8592107869029459,0.00023186129563305193,8.19774934879915e-05,0.8166543075192393,2.3097867203449045
48,8,1.38987560053327,0.003,0.00030000000000000003,2.5874820976129018e-05,2.113039669144004e-05,4.464936643376202e-10,3.5718932215322495e-09,5.9765317881964364e-05,0.9332768962005141,0.49423436515777874,0.49423436515777874,0.0001209250551868949,4.275379896882403e-05,0.8166393387198321,2.309786720344896
48,8,1.38987560053327,0.001,0.0001,8.62494032537564e-06,7.043428692221457e-06,4.9609887742408465e-11,3.968770246146371e-10,1.9921772627320017e-05,0.8956789340290375,0.2962734112386849,0.2962734112386849,6.724117612859482e-05,2.3773408024613805e-05,0.8166350637231448,2.3097867203449165
49,11,1.7842505071397308,1.0,0.09786324607578317,0.020318792864069627,0.018784994935457544,0.0003528760347251656,0.0029461827474996875,0.05427875042315996,1.6176422467936127,11.094653442960723,11.094653442960723,0.004892334014957308,0.0016931574322743852,0.9245133340906119,2.671357043023103
49,11,1.7842505071397308,0.3,0.02935897382273495,0.006095637859220887,0.0057185653163029666,3.2701989276823245e-05,0.00026515644727497184,0.016283625126947986,1.350292848148737,5.968867630908105,5.968867630908105,0.0027280928534296534,0.0009580653601180536,0.9381405930558158,2.671357043023103
49,11,1.7842505071397308,0.1,0.009786324607578318,0.002031879286406961,0.001914687592673137,3.666028577536452e-06,2.9461827474996863e-05,0.005427875042315995,1.2059057926924723,3.5835990788732017,3.5835990788732017,0.001514643497459178,0.0005342917973053994,0.9423234960276317,2.6713570430231046
49,11,1.7842505071397308,0.03,0.0029358973822734952,0.0006095637859220892,0.000575318756188581,3.309916712223758e-07,2.6515644727497224e-06,0.0016283625126948,1.0989813299954414,2.0807652183835486,2.0807652183835486,0.0007825786870658095,0.00027649383558781313,0.9438204327022058,2.6713570430231033
49,11,1.7842505071397308,0.01,0.0009786324607578317,0.0002031879286406961,0.0001918604746815155,3.6810441745016446e-08,2.9461827474996775e-07,0.0005427875042315987,1.0279276662727261,1.2679782242470468,1.2679782242470468,0.00042807320650472354,0.00015131212114896252,0.9442513438915394,2.6713570430231006
49,11,1.7842505071397308,0.003,0.0002935897382273495,6.095637859220943e-05,5.756735653277126e-05,3.3140005381712024e-09,2.651564472749759e-08,0.0001628362512694811,0.9680212032601742,0.7331789445379251,0.7331789445379251,0.00022209619149947927,7.85174710234651e-05,0.9444025032702434,2.671357043023099
49,11,1.7842505071397308,0.001,9.786324607578317e-05,2.0318792864070335e-05,1.9189997040810247e-05,3.6825598642630606e-10,2.946182747499762e-09,5.427875042316065e-05,0.9244034864504552,0.44186890458106537,0.44186890458106537,0.00012283903633052018,4.3429163812747194e-05,0.9444457241721217,2.6713570430230438
50,15,2.0424949478780237,1.0,0.1,0.013476479988386499,0.010763562059930036,0.0001158542682179653,0.000919201341747165,0.030318333426281284,1.5066456736352438,8.864249855568461,8.864249855568461,0.003420293191220858,0.0012142665465559321,0.798692393652174,2.249721993607265
50,15,2.0424949478780237,0.3,0.03,0.004042943996515949,0.0032195669405542977,1.036561128471016e-05,8.272812075724483e-05,0.009095500027884383,1.2890323670983255,4.917471160504284,4.917471160504284,0.0018496295618237334,0.0006547200452161133,0.7963422059095537,2.249721993607265
50,15,2.0424949478780237,0.1,0.010000000000000002,0.001347647998838649,0.001072334182440386,1.149900598830091e-06,9.192013417471642e-06,0.003031833342628127,1.1649506372675928,2.974939858088471,2.974939858088471,0.001019124246960815,0.00036045575157590164,0.7957079173229822,2.2497219936072654
50,15,2.0424949478780237,0.03,0.003,0.00040429439965159516,0.000321612046905102,1.0343430871448953e-07,8.272812075724497e-07,0.0009095500027884391,1.0701242629227472,1.7296284526425052,1.7296284526425052,0.0005258643851509495,0.00018594285172271946,0.7954897401058597,2.2497219936072654
50,15,2.0424949478780237,0.01,0.001,0.0001347647998838648,0.00010719566366956232,1.1490910309557923e-08,9.192013417471614e-08,0.00030318333426281225,1.0057619253180141,1.0526914396537295,1.0526914396537295,0.0002880077892174566,0.00010183008964604393,0.7954277657217573,2.2497219936072637
50,15,2.0424949478780237,0.003,0.00030000000000000003,4.0429439965159874e-05,3.215782367797562e-05,1.0341256237037694e-09,8.27281207572452e-09,9.095500027884404e-05,0.9506879803537253,0.6072358337764122,0.6072358337764122,0.00014978529793472994,5.2957717396197536e-05,0.7954061126171342,2.2497219936072486
50,15,2.0424949478780237,0.001,0.0001,1.347647998838514e-05,1.0719191234367973e-05,1.1490106071895118e-10,9.192013417469595e-10,3.0318333426277894e-05,0.9101389432777814,0.36503843594422786,0.36503843594422786,8.305518115607436e-05,2.936455501361423e-05,0.7953999296260175,2.24972199360724
51,3,3.986551231395362,1.0,0.1,0.04623745113112635,0.04259143196784787,0.0018140300770718137,0.01338835745661128,0.11570806997185322,1.9590935611912434,19.071979390178498,19.071979390178498,0.006066914587346892,0.0022331941062069933,0.9211457579497925,2.502475096296134
51,3,3.986551231395362,0.3,0.03,0.013871235339337904,0.012406754566738863,0.00015392755887929564,0.001204952171095015,0.03471242099155596,1.5136179722107477,9.000011292904656,9.000011292904656,0.003856930826178209,0.001378526555463323,0.8944231903811861,2.502475096296134
51,3,3.986551231395362,0.1,0.010000000000000002,0.004623745113112637,0.004105313354017205,1.685359773467199e-05,0.00013388357456611287,0.011570806997185325,1.3079301938404584,5.236232061094307,5.236232061094307,0.002209758250242097,0.0007840205143924133,0.8878762244862517,2.502475096296134
51,3,3.986551231395362,0.03,0.003,0.0013871235339337918,0.001228552217115608,1.509340550179676e-06,1.2049521710950163e-05,0.003471242099155598,1.1676574364626182,3.014016665386478,3.014016665386478,0.0011516997032630844,0.000407612947607267,0.8856833490752724,2.5024750962961333
51,3,3.986551231395362,0.01,0.001,0.00046237451131126404,0.0004092318811826618,1.674707325763002e-07,1.3388357456611297e-06,0.001157080699718533,1.0792212365304188,1.837398291627669,1.837398291627669,0.0006297386391349732,0.00022272355593633516,0.8850658312070594,2.502475096296133
51,3,3.986551231395362,0.003,0.00030000000000000003,0.00013871235339337924,0.0001227397139203592,1.5065037373251618e-08,1.2049521710950258e-07,0.0003471242099155612,1.007256129024917,1.0665796919507238,1.0665796919507238,0.00032545548404422315,0.00011507786511092677,0.8848506345521897,2.502475096296142
51,3,3.986551231395362,0.001,0.0001,4.623745113112613e-05,4.091039917460541e-05,1.6736607606255552e-09,1.33883574566116e-08,0.0001157080699718546,0.9562076598288335,0.6458920478353141,0.6458920478353141,0.00017914459600431123,6.333937584727241e-05,0.8847892384592398,2.502475096296176
52,8,1.0306613715413233,1.0,0.1,0.010906606187217447,0.009882657893427408,9.766692703852304e-05,0.0007708128031936836,0.02776351568504399,1.4587360212426321,7.9466200858390215,7.9466200858390215,0.0034937514798925556,0.001243630346823605,0.906116689627053,2.5455687322407274
52,8,1.0306613715413233,0.3,0.03,0.003271981856165232,0.002950497450179875,8.705435203517945e-06,6.937315228743149e-05,0.008329054705513194,1.2611922183019406,4.457712522050188,4.457712522050188,0.0018684593643742869,0.0006618859864975959,0.9017462748518609,2.5455687322407283
52,8,1.0306613715413233,0.1,0.010000000000000002,0.001090660618721745,0.0009822168840970765,9.6475000740537e-07,7.708128031936837e-06,0.002776351568504399,1.1458321762527615,2.703959408206513,2.703959408206513,0.0010267726505354246,0.0003632513421303773,0.9005705966061517,2.5455687322407266
52,8,1.0306613715413233,0.03,0.003,0.0003271981856165228,0.0002945328415481085,8.67495947504032e-08,6.937315228743159e-07,0.00083290547055132,1.0563947943874796,1.572340219108722,1.572340219108722,0.000529723440530861,0.0001873213175931249,0.9001664877607293,2.545568732240733
52,8,1.0306613715413233,0.01,0.001,0.00010906606187217385,9.81650969262071e-05,9.636386254531634e-09,7.70812803193682e-08,0.00027763515685043957,0.9950880073885636,0.956174507342032,0.956174507342032,0.00029036034188174295,0.00010266441551457571,0.9000517231589167,2.545568732240739
52,8,1.0306613715413233,0.003,0.00030000000000000003,3.27198185616524e-05,2.944821718027846e-05,8.671974950968475e-10,6.9373152287432035e-09,8.329054705513227e-05,0.9422595730399286,0.5508372045334521,0.5508372045334521,0.00015120719219697165,5.3460835502606444e-05,0.9000116282671489,2.545568732240732
52,8,1.0306613715413233,0.001,0.0001,1.0906606187218237e-05,9.815947526251772e-06,9.63528258381283e-11,7.708128031937251e-10,2.7763515685044737e-05,0.9031555063794905,0.3306949517643037,0.3306949517643037,8.39550635318819e-05,2.968278612625419e-05,0.9000001795017923,2.5455687322406115
53,3,2.710801152605488,1.0,0.1,0.03362304653638212,0.03197934938192392,0.0010226787868911577,0.007598447834014732,0.08716907613376852,1.8009463945336777,15.138565814955822,15.138565814955822,0.005758080203849409,0.0021124424712894935,0.9511139731886096,2.592539496367363
53,3,2.710801152605488,0.3,0.03,0.010086913960914635,0.009341030915792222,8.725485856978608e-05,0.0006838603050613258,0.026150722840130553,1.442340441470353,7.638681946715437,7.638681946715437,0.003423460097245589,0.0012228589933383441,0.9260543861073263,2.592539496367363
53,3,2.710801152605488,0.1,0.010000000000000002,0.003362304653638212,0.0030922312303828213,9.561893982154857e-06,7.598447834014733e-05,0.008716907613376852,1.264650412144475,4.514155560075501,4.514155560075501,0.0019310162216100188,0.0006850076806682095,0.9196760998551528,2.592539496367363
53,3,2.710801152605488,0.03,0.003,0.0010086913960914638,0.0009254903831182366,8.565324492443404e-07,6.838603050613264e-06,0.0026150722840130565,1.139075308449921,2.610377012636769,2.610377012636769,0.001001798694730132,0.0003545428030655959,0.9175158891058065,2.5925394963673636
53,3,2.710801152605488,0.01,0.001,0.00033623046536382015,0.0003082915026998669,9.504365063694204e-08,7.598447834014712e-07,0.000871690761337684,1.0581218052472514,1.591761969356378,1.591761969356378,0.0005476263273774209,0.0001936793997060523,0.9169053207783485,2.592539496367368
53,3,2.710801152605488,0.003,0.00030000000000000003,0.00010086913960914571,9.246596463950142e-05,8.549954616713528e-09,6.838603050613194e-08,0.00026150722840130434,0.9912648008405032,0.9227669535103624,0.9227669535103624,0.000283394661465158,0.00010020511060538651,0.9166923104310649,2.592539496367368
53,3,2.710801152605488,0.001,0.0001,3.3623046536382386e-05,3.08199441085213e-05,9.498689548523765e-10,7.598447834014755e-09,8.716907613376865e-05,0.9433262834621906,0.5577992125890092,0.5577992125890092,0.00015627321474545627,5.525275657072265e-05,0.9166315156829128,2.5925394963673467
54,11,2.0425730964149134,1.0,0.1,0.006372983412514725,0.005336527681451634,2.8478527694899544e-05,0.00022641679790849102,0.015047152485054806,1.357594065769574,6.097530613638284,6.097530613638284,0.0024677452953493985,0.0008751948976714405,0.8373672636542898,2.361084520556963
54,11,2.0425730964149134,0.3,0.03,0.001911895023754418,0.0015974467975710023,2.5518362710698504e-06,2.0377511811764192e-05,0.004514145745516442,1.1994814339007662,3.48575975034448,3.48575975034448,0.0012950249210578358,0.000458277939956457,0.8355306006467191,2.3610845205569624
54,11,2.0425730964149134,0.1,0.010000000000000002,0.0006372983412514734,0.0005321577902306637,2.83191913703183e-07,2.2641679790849153e-06,0.0015047152485054823,1.1023009363348435,2.122847149593064,2.122847149593064,0.0007088194026564402,0.00025068116201049844,0.8350214582163459,2.361084520556962
54,11,2.0425730964149134,0.03,0.003,0.00019118950237544108,0.00015961357454424973,2.5476493178792764e-08,2.0377511811764087e-07,0.000451414574551643,1.0245126402346987,1.2335340273590563,1.2335340273590563,0.0003659522676630999,0.0001293953559481254,0.8348448662773057,2.361084520556965
54,11,2.0425730964149134,0.01,0.001,6.372983412514702e-05,5.3201319072486654e-05,2.8303803510525323e-09,2.2641679790849032e-08,0.00015047152485054782,0.9699823792682627,0.7482665876323252,0.7482665876323252,0.00020109347034547107,7.109941824454163e-05,0.8347945636891916,2.3610845205569677
54,11,2.0425730964149134,0.003,0.00030000000000000003,1.9118950237544394e-05,1.596005942036424e-05,2.5472349670155734e-10,2.03775118117649e-09,4.5141457455165206e-05,0.9222265328967629,0.42955927326363713,0.42955927326363713,0.00010508784297029981,3.715449860762041e-05,0.8347769737390208,2.361084520556977
54,11,2.0425730964149134,0.001,0.0001,6.372983412514508e-06,5.319987787763386e-06,2.8302270061951563e-11,2.2641679790848245e-10,1.5047152485054521e-05,0.8864335323493838,0.2570085452140028,0.2570085452140028,5.854728477033804e-05,2.0699653326054206e-05,0.8347719495576632,2.3610845205569984
55,11,1.3425922988513008,1.0,0.1,0.004904561822095726,0.004464237019816682,1.9929412169101738e-05,0.000158488223445231,0.0125892105965875,1.316561060776503,5.3835164727672895,5.3835164727672895,0.0023384734978095585,0.0008292418240752462,0.9102213779230349,2.566836967957336
55,11,1.3425922988513008,0.3,0.03,0.0014713685466287178,0.001336454511097909,1.7861106602339508e-06,1.4263940110070783e-05,0.003776763178976249,1.1732620190460596,3.09546784462696,3.09546784462696,0.0012200944634368808,0.00043174556421824735,0.9083071091604266,2.566836967957335
55,11,1.3425922988513008,0.1,0.010000000000000002,0.0004904561822095725,0.00044522460693354995,1.9822495061913407e-07,1.5848822344523107e-06,0.0012589210596587502,1.0833173009047696,1.8868190737352264,1.8868190737352264,0.000667218747776668,0.0002359657124157456,0.9077765212944241,2.566836967957337
55,11,1.3425922988513008,0.03,0.003,0.00014713685466287126,0.00013354030698228285,1.783301358892234e-08,1.42639401100708e-07,0.00037767631789762513,1.0103366678625136,1.0955015347953552,1.0955015347953552,0.00034475197514732543,0.00012189878584444777,0.9075925082689743,2.5668369679573457
55,11,1.3425922988513008,0.01,0.001,4.904561822095689e-05,4.4510864955203055e-05,1.9812170990603235e-09,1.5848822344523168e-08,0.00012589210596587527,0.9586762267911251,0.6636198079932732,0.6636198079932732,0.00018970516619532757,6.707283962755711e-05,0.9075400936873874,2.566836967957361
55,11,1.3425922988513008,0.003,0.00030000000000000003,1.4713685466287867e-05,1.3352989810217711e-05,1.7830233687177803e-10,1.4263940110071172e-09,3.7767631789763e-05,0.9131091373687983,0.38029371662558525,0.38029371662558525,9.931174284151211e-05,3.5112307215331345e-05,0.9075217654211928,2.56683696795725
55,11,1.3425922988513008,0.001,0.0001,4.904561822095672e-06,4.450970927806751e-06,1.981114220018089e-11,1.5848822344521226e-10,1.2589210596586755e-05,0.8787657771171481,0.2271532960272734,0.2271532960272734,5.5421650562689694e-05,1.959456897896978e-05,0.907516530376794,2.5668369679572125
56,5,3.5973864836220573,1.0,0.1,0.01308292731624493,0.022119122833357784,0.0004892555949171696,0.0030974542240416025,0.055654777189757955,1.4996025520391407,8.727684208497799,8.727684208497799,0.006376809226847268,0.002534363332236663,1.6906860596781506,4.254000335280623
56,5,3.5973864836220573,0.3,0.03,0.00392487819487348,0.0060688564999182085,3.683101921659949e-05,0.00027877088016374415,0.016696433156927384,1.2849939607626466,4.850036492184532,4.850036492184532,0.003442537635300771,0.001251301203547172,1.5462534628068478,4.2540003352806215
56,5,3.5973864836220573,0.1,0.010000000000000002,0.0013082927316244945,0.0019850241006208655,3.940320680045677e-06,3.0974542240416046e-05,0.005565477718975797,1.162197186304158,2.9353665969402547,2.9353665969402547,0.001896007716643331,0.0006762440175922149,1.5172629585399289,4.25400033528062
56,5,3.5973864836220573,0.03,0.003,0.00039248781948734936,0.0005918368394823587,3.502708445684673e-07,2.7877088016374457e-06,0.0016696433156927397,1.0681571362736904,1.7066916079101695,1.7066916079101695,0.0009782923335149019,0.00034677433037070963,1.5079113544348726,4.25400033528061
56,5,3.5973864836220573,0.01,0.001,0.00013082927316244894,0.00019693826458298802,3.8784680056959e-08,3.0974542240415975e-07,0.0005565477718975791,1.0042376621489024,1.0386185920790652,1.0386185920790652,0.0005358538506262477,0.000189615577927182,1.5053073354497082,4.254000335280631
56,5,3.5973864836220573,0.003,0.00030000000000000003,3.924878194873341e-05,5.90459779768234e-05,3.486427515239514e-09,2.7877088016373842e-08,0.00016696433156927214,0.9494876281216643,0.5990094992674166,0.5990094992674166,0.00027873402971650377,9.857269049829112e-05,1.5044028131611573,4.254000335280729
56,5,3.5973864836220573,0.001,0.0001,1.3082927316244203e-05,1.967862006485801e-05,3.8724808765703227e-10,3.097454224041449e-09,5.5654777189756575e-05,0.9091462630250795,0.3600264382602865,0.3600264382602865,0.000154585250624067,5.46588193910111e-05,1.5041450272695756,4.254000335280754
57,5,3.6828182094480293,1.0,0.1,0.04233181852248031,0.03314481126363994,0.0010985785137023131,0.008583281121557661,0.09264599895061665,1.9109279458019097,17.824094511997647,17.824094511997647,0.005197795539529671,0.0018595509152697606,0.7829763147557289,2.188566477516599
57,5,3.6828182094480293,0.3,0.03,0.012699545556744091,0.009857025898151746,9.716095955683424e-05,0.0007724953009401896,0.027793799685184997,1.4926481359070989,8.593403773715668,8.593403773715668,0.003234317904413718,0.0011470455895836145,0.776171545202826,2.1885664775165994
57,5,3.6828182094480293,0.1,0.010000000000000002,0.0042331818522480325,0.003278772948403344,1.0750352047181556e-05,8.583281121557667e-05,0.009264599895061669,1.2953918761247691,5.024158241168534,5.024158241168534,0.001844010369567277,0.00065260144904209,0.774541010247918,2.188566477516599
57,5,3.6828182094480293,0.03,0.003,0.0012699545556744095,0.0009829466858065979,9.661841871381747e-07,7.7249530094019e-06,0.0027793799685185,1.1594593605852275,2.896196903561453,2.896196903561453,0.0009596654029636924,0.0003393922162536216,0.7740014643946089,2.188566477516599
57,5,3.6828182094480293,0.01,0.001,0.0004233181852248025,0.00032758487533311617,1.0731185054701326e-07,8.583281121557634e-07,0.0009264599895061651,1.0732054178781003,1.76581929228753,1.76581929228753,0.0005246629672428048,0.00018551438234019204,0.7738502307883435,2.1885664775165985
57,5,3.6828182094480293,0.003,0.00030000000000000003,0.00012699545556744095,9.82687792901252e-05,9.65675298317134e-09,7.72495300940188e-08,0.0002779379968518497,1.0027177305658135,1.0246814023155482,1.0246814023155482,0.0002712433310722461,9.590178866139269e-05,0.7737976044185263,2.1885664775165963
57,5,3.6828182094480293,0.001,0.0001,4.233181852248095e-05,3.275562448717619e-05,1.0729309355448966e-09,8.583281121557968e-09,9.26459989506183e-05,0.9525632668533529,0.6202165715937089,0.6202165715937089,0.00014937685188345595,5.281320426993319e-05,0.7737825973571351,2.1885664775166047
58,15,2.9512670976073556,1.0,0.1,0.01047523226703441,0.008505837332256886,7.234926872281494e-05,0.000579665986655526,0.024076253584300152,1.4501861429432537,7.78565015468115,7.78565015468115,0.0030923883177340324,0.0010925018673158234,0.811995105733816,2.2983980660809022
58,15,2.9512670976073556,0.3,0.03,0.003142569680110322,0.002552984712282003,6.51773094114562e-06,5.216993879899729e-05,0.007222876075290043,1.256131763389265,4.375471180990766,4.375471180990766,0.0016507653179547446,0.0005834765232538714,0.8123876229189543,2.2983980660809022
58,15,2.9512670976073556,0.1,0.010000000000000002,0.0010475232267034404,0.0008511442089898768,7.244464644970031e-07,5.7966598665552485e-06,0.002407625358430013,1.142322580785388,2.655204638164704,2.655204638164704,0.0009067569873236514,0.0003205569155596962,0.8125301542653435,2.2983980660809014
58,15,2.9512670976073556,0.03,0.003,0.000314256968011031,0.00025535993173645284,6.520869473644586e-08,5.216993879899694e-07,0.0007222876075290018,1.0538564469080078,1.5439875318240317,1.5439875318240317,0.0004678066322696969,0.00016538989238778143,0.8125831969698417,2.2983980660809027
58,15,2.9512670976073556,0.01,0.001,0.00010475232267034421,8.512159617889916e-05,7.245686136043581e-09,5.796659866555287e-08,0.0002407625358430021,0.9931055261479195,0.9387741500646652,0.9387741500646652,0.0002564648119320475,9.067313599659275e-05,0.8125986518387475,2.2983980660809054
58,15,2.9512670976073556,0.003,0.00030000000000000003,3.14256968011028e-05,2.5536649830085373e-05,6.521204845443993e-10,5.216993879899492e-09,7.222876075289879e-05,0.9406883138928763,0.5406751088043368,0.5406751088043368,0.00013358995000274263,4.7231043956430315e-05,0.8126040924950703,2.2983980660808805
58,15,2.9512670976073556,0.001,0.0001,1.0475232267033984e-05,8.51223292486669e-06,7.245810936718452e-11,5.796659866555011e-10,2.4076253584299637e-05,0.9018502175337114,0.32451154091592904,0.32451154091592904,7.419228763434658e-05,2.6230909695356405e-05,0.8126056499630142,2.298398066080946
59,3,2.626144467259964,1.0,0.1,0.011002539986400068,0.009534958585482735,9.091543522687092e-05,0.0007216260875854393,0.026863098994446624,1.460614933719339,7.982107868494404,7.982107868494404,0.003365414178437253,0.001194541434740249,0.8666143088112954,2.441536138714456
59,3,2.626144467259964,0.3,0.03,0.003300761995920021,0.0028524436461885372,8.136434754681357e-06,6.494634788268952e-05,0.008058929698333987,1.2623005193065604,4.475780514513428,4.475780514513428,0.001800564096519396,0.0006373064177162031,0.8641773171511192,2.441536138714455
59,3,2.626144467259964,0.1,0.010000000000000002,0.0011002539986400067,0.0009501017280968571,9.026932937326341e-07,7.216260875854388e-06,0.0026863098994446616,1.146599399410719,2.7146594507467725,2.7146594507467725,0.0009895568664075665,0.0003499892879143624,0.8635294479922376,2.4415361387144556
59,3,2.626144467259964,0.03,0.003,0.00033007619959200113,0.00028495730930883274,8.120066812852977e-08,6.49463478826895e-07,0.0008058929698333986,1.0569489498066116,1.5785606208641607,1.5785606208641607,0.0005105239286865169,0.0001805171784615005,0.8633076533874944,2.4415361387144623
59,3,2.626144467259964,0.01,0.001,0.00011002539986400045,9.497884907840466e-05,9.02098177225837e-09,7.216260875854417e-08,0.0002686309899444667,0.9955204338784572,0.9599919824227554,0.9599919824227554,0.0002798262848680424,9.893712741090212e-05,0.8632447525371919,2.441536138714465
59,3,2.626144467259964,0.003,0.00030000000000000003,3.300761995919836e-05,2.8492929672771513e-05,8.118470413375033e-10,6.494634788268568e-09,8.058929698333748e-05,0.9426020591605244,0.5530669203943848,0.5530669203943848,0.00014571346434147662,5.151805074954325e-05,0.8632227863745527,2.4415361387145196
59,3,2.626144467259964,0.001,0.0001,1.1002539986400613e-05,9.49757422325828e-06,9.020391612630013e-11,7.216260875855253e-10,2.6863098994448225e-05,0.9034398771423358,0.3320518854633636,0.3320518854633636,8.090030555604877e-05,2.860268120448959e-05,0.8632165150044895,2.4415361387144805
