attempt,components,support_half_width,amplitude,tv,hellinger
0,5,3.7724819081318284,0.0018493840562557957,0.0009106710771988702,0.0008712062904829628
1,8,1.7424920968737685,0.03054431970405783,0.0033095087951590246,0.003921209490198993
2,8,2.057913966455245,0.0001205170817052828,2.6001027744638347e-05,2.7475742647814176e-05
3,11,1.8038784541855208,0.0010913619573195122,9.551766899637979e-05,0.000243244403312287
4,5,3.870491913897207,0.05280120890162452,0.00998821327392932,0.019220341133307645
5,15,3.2635454521081786,0.00131924725894409,0.00028756587922219347,0.0003079434234398508
6,15,3.492595889887357,0.004463578966923833,0.0004903054476628449,0.0004133688462838284
7,11,2.775839999103706,0.01291314239144206,0.001380505846333516,0.001753568514166672
8,15,1.9104890851785903,0.057415584677656444,0.0023470107735803917,0.0027809713617903305
9,8,1.7300748321348665,0.004684938239833556,0.000347526128227512,0.0002801478355159426
10,15,2.298374769783105,0.0002631711988486477,2.287047876408162e-05,2.6931034497417086e-05
11,11,3.4086422674419454,1.1859157220148588e-05,1.3870087432326987e-06,1.3823076368089144e-06
12,15,1.5445366099286506,0.017702797926922982,0.0014362196434843052,0.0011606895650521233
13,11,2.0169510028040243,0.0001440374389824932,1.590587972411458e-05,1.364400524398874e-05
14,11,3.006423759318138,0.07654673476411218,0.01947839357188484,0.016240888591252167
15,11,3.054702617559142,0.00024917190299532377,5.626143945851066e-05,4.390473944886845e-05
16,11,2.134310609580506,5.520365118736774e-05,1.2727886223689048e-06,1.0533723483472994e-06
17,5,3.457001575961108,3.651962118437832e-05,1.5092652837013615e-05,2.0227090168686467e-05
18,8,3.652438436981053,2.2229623900517234e-05,6.100349110518583e-06,4.790288954694054e-06
19,5,3.0978383578323267,2.7692153713813354e-05,9.716293997733002e-06,8.22422164825605e-06
20,8,3.2282103847261814,0.0019114613720519588,0.0005514149367977298,0.0005799788473303824
21,15,2.566420488194169,2.436072889074026e-05,1.3514643112375194e-06,1.2025409149136094e-06
22,11,2.27651307664086,1.3506051166976362e-05,6.337222136624157e-07,5.10125002899849e-07
23,5,1.7627006188848608,1.6910074504554353e-05,1.968628561863068e-06,1.6639003038074636e-06
24,5,2.2804580882555485,0.0051621061212626836,0.0009523197937910044,0.0009044746087731917
25,8,3.340213009835571,0.0001465739617513265,3.0844899027516906e-05,2.776867144222391e-05
26,11,3.8084050850165907,0.006268524996767143,0.0017020968292604838,0.001612911194774779
27,8,2.5174274340318705,0.09407128445898026,0.0191970252224961,0.018221144582976478
28,15,2.785822487948025,0.0004258968973030912,1.0292250529875236e-05,1.0962776340955385e-05
29,15,3.3267359655123014,0.0008190920029186055,7.641661253768569e-05,8.137696408458627e-05
30,5,2.3227943865207843,9.814129355428842e-05,2.214220894964424e-05,1.873772371629974e-05
31,11,3.39066280256971,0.016125844925331402,0.002072025826416462,0.001734093981543515
32,11,1.7296107179300004,0.0006344883072235841,0.00011629155081798727,0.00013617121980418544
33,5,2.538528081805987,0.0016682267295588086,0.00037268784483334696,0.000522908338949055
34,11,2.375069959673955,1.1411050457270843e-05,1.9483601464274703e-06,1.6368115087569764e-06
35,5,2.154939717247545,0.005712132593689056,0.001586040760572021,0.001243889473037954
36,5,3.946770385871457,1.2031233423722192e-05,6.332718992371571e-07,4.982923567635511e-07
37,15,3.226404624111921,0.015169799074260448,0.0029154315171440017,0.0023640031765502596
38,15,2.49329201073458,0.004331908431629605,0.0003951013325158794,0.0003024827604926686
39,8,2.346190669365396,2.2506546495995597e-05,7.370326771974857e-07,5.937540755629741e-07
40,5,1.6188650540373413,0.0031387491698040334,0.0003560740500138654,0.00030295326195972747
41,11,2.4763364765857174,0.1978115838493658,0.02871844423296304,0.030505158619797877
42,15,2.7651811132261472,0.0007062024871804477,4.23164065390078e-05,3.655459524379019e-05
43,8,1.7533253845548722,0.00022262515643501742,2.0618771816047104e-05,2.1752747819959654e-05
44,15,2.2051380437304147,1.3633172496114873e-05,1.8686231866332565e-06,1.7475663280801376e-06
45,8,1.8802768118466298,0.009871059213245976,0.0006886837216875257,0.0009348102905198611
46,15,3.194852579588903,0.00046219055022387494,8.39087653025091e-05,6.558523658386043e-05
47,8,3.4730402727217764,0.2097951695657944,0.035320648131166296,0.027367044224441018
48,11,1.5518811146768092,0.001456926618036002,0.0002026658273188428,0.00021545656556014645
49,15,2.15003395879276,0.0011797964512249152,0.0001501076914731432,0.00012930908953268197
50,15,3.701333152063677,0.0022068048757552246,0.0003128583163754445,0.00027157665162600743
51,15,3.5970560144099286,0.03382610670814906,0.007811876428170659,0.007835403839441762
52,5,2.7825291327607915,0.03245392432408876,0.0067268986683356215,0.012039403601219113
53,11,3.9220720822597346,0.00036095345734906895,4.8534427244449746e-05,4.107613795657758e-05
54,5,3.614601458962164,0.0006222874958264453,0.00010545694350788136,8.764050852436308e-05
55,11,1.537692570047382,0.019205426390505227,0.0007358646575491835,0.0005783295965438279
56,8,1.5266280258372875,2.292501006306015e-05,9.956418735436084e-07,8.597387466540014e-07
57,8,2.347108733307575,0.028402766471626414,0.006002390041535804,0.00656432458947401
58,5,3.674019977097393,0.00013343963262901,5.656385174282305e-05,4.376671551090188e-05
59,5,2.2567361492463602,0.016546236735953897,0.002709385564321682,0.0026420096384292754
60,15,2.111530438881542,0.10894152095897819,0.022303882215182612,0.021677289508607908
61,11,2.8558548272589657,0.00040553045385221045,0.00011582702955903217,9.26944047115173e-05
62,8,3.6906310565177236,0.023999243033341795,0.005319534458748101,0.004457572474202996
63,15,1.9048667156546573,0.006499300653544523,0.0004547892494490001,0.0004181410143477929
64,15,2.848412443761301,0.0011369129017284151,0.00023681300902816816,0.00019770799309696234
65,11,3.95785112162427,0.00015278507933145073,1.1851637256221977e-05,1.2006988459033096e-05
66,5,3.5196358702268418,0.009291645560406693,0.0015566913104246777,0.0014448466455183066
67,8,3.8729887917469576,0.005058325033434677,0.0005917877576895456,0.0005160083017444999
68,15,1.7339657912419455,0.0002602563251748936,6.911461119092726e-05,7.261863100776626e-05
69,5,2.9380674047843502,0.04845101213408108,0.015445337876855003,0.011782568957259262
70,8,3.5108582060318922,0.0158789915932837,0.003869993522263158,0.003756885601515673
71,15,1.7548007383628115,0.0002302853398707472,9.456821937826939e-06,7.5724648321056515e-06
72,15,2.506230661213735,0.0028574441148440047,0.0004198639723280547,0.00033664423874427135
73,8,2.428284034560007,0.04587752329830425,0.010942727546545527,0.012300562629574557
74,5,2.4955530114426296,0.0006798222323619346,0.00010367926322669499,7.981838487604644e-05
75,8,2.628189033642414,0.0047892400685189,0.0003646400340603634,0.0004300687948784389
76,8,3.322173619885178,9.790238054101072e-05,1.664481781395383e-05,1.708799245803307e-05
77,5,3.9272117130007738,0.0342304364302695,0.007795111205012781,0.005959032823369792
78,8,1.7762571335388917,0.004145045296157525,0.0005804165572447158,0.0005285191369732209
79,8,2.868189044117233,3.7443734548766024e-05,6.255726371764961e-06,9.955578551248722e-06
80,11,2.1473427272665924,3.670107240445546e-05,5.5218320817464275e-06,4.691788982788238e-06
81,11,1.9862281829558586,0.03678176154747564,0.005465130734586607,0.005445132210175375
82,11,2.6028992455278313,0.12340059753943955,0.027242910690897612,0.029751870110801076
83,15,1.564890081988014,0.00021316881274828644,2.2021413350694535e-05,1.953458521572942e-05
84,11,2.7671351165995275,0.0003207322816882489,5.439809950644367e-05,4.308115732178328e-05
85,11,3.5168692984393246,0.0005610997263894248,6.751998724967948e-05,5.751921164191806e-05
86,11,3.9853585635831767,0.0371249191958462,0.0053024798746889035,0.004273248809295706
87,15,1.5084495845833792,0.0006630851190969711,3.8517238278436476e-05,4.339838556662446e-05
88,15,3.604896878975801,0.005335653338875316,0.001055988008358581,0.0008826214396903087
89,5,2.5887621956663884,0.03532201903516872,0.0016296588600844034,0.0015908067677962536
90,11,3.814112905617384,8.514522766205556e-05,2.087238365075295e-05,1.7542911700370908e-05
91,8,3.069799024267279,0.0002155640852568207,2.4454477135471344e-05,3.548394919362692e-05
92,15,2.47646222670127,0.0011131977196811242,5.06796411494574e-05,4.5417102941401845e-05
93,8,3.9899182879089956,4.735532940281539e-05,1.2865778908009946e-05,1.1376617018805387e-05
94,11,1.5309771359123876,1.707446140590023e-05,1.3028458712075052e-06,1.6326727315087643e-06
95,8,3.0394587937637865,0.10140839968766609,0.02633591467868323,0.023847919195010038
96,15,3.302681066651245,0.12802077160743403,0.04332483050027744,0.032172603672780034
97,11,2.174394432181828,0.00014886357429936192,1.8125409601821062e-05,1.6553411586866347e-05
98,8,2.0488367892568893,2.348685497213418e-05,2.020572051605017e-06,1.7092473924526807e-06
99,11,3.3730275402811074,0.023908397410969066,0.004090921358531781,0.003549597562826729
100,8,2.6769696369654916,0.0018722906043382355,0.0004904858766795616,0.0003813041293790215
101,15,3.294201183179633,0.0030980179064122675,0.0004503122057074282,0.00036421451846834727
102,11,3.302301746903738,0.17025437936970594,0.027284196485819506,0.028108517350851656
103,15,2.1782147932367115,0.01955703540034324,0.0024824216393161767,0.002587580298824237
104,8,2.08138775508458,0.11622078427862166,0.02437151459003341,0.022202410644781647
105,15,2.839547319464943,0.00520709339167493,0.0003607620466933551,0.0002915161523567245
106,8,3.2389950513057277,0.00048466327283318706,0.00011296493260211225,0.000305003518131187
107,15,1.822432557999874,0.018718546853354022,0.001781637049135843,0.0014107342772595862
108,11,2.956476254643859,0.0024598505483861203,0.00024283971887977316,0.00021552537881161784
109,11,2.764264037270706,1.9222088096854915e-05,2.390169345822528e-06,2.1987079654119835e-06
110,8,2.4253958985377135,0.007113157627486217,0.000861805628737315,0.0012897716174973374
111,11,2.699359955538053,0.13833234363738808,0.023241678893564207,0.019155997198070363
112,15,2.3190018318630274,0.0015848072745801843,0.00024271688678362036,0.00020682044358978188
113,8,3.6255148357236324,0.0014924599025479463,0.00030580667605219474,0.0004264196149013573
114,15,2.6378688109278716,1.432570782439701e-05,1.0972471113665884e-06,1.0188924300814674e-06
115,8,2.763774210552949,0.014006714308866618,0.0013086152448530232,0.0012742094027470383
116,5,2.4111182285198725,0.026727481773831187,0.0014700384443194668,0.001361371086870558
117,8,3.415119690585689,0.015126007606080611,0.0007770211386376347,0.0008235635261897619
118,11,2.4631470626623235,0.0004324829984320174,9.852493475447056e-05,8.902287722091882e-05
119,11,2.263425387989946,0.0014262527738292227,0.00039261653030139506,0.00032636951539096305
120,8,2.7970925461473257,0.003603544494670448,0.000569462686205444,0.0008299684820758759
121,5,1.8900663326070783,0.001284841230310392,0.00020132266697826077,0.0001732127242972865
122,5,3.7915571562443064,6.876169525820595e-05,1.0331270763537727e-05,8.089492416046803e-06
123,11,2.355929679991336,0.013765331268295121,0.0030898989790007617,0.002441608248707826
124,5,3.738726459316575,0.008637953445573197,0.0023853477344491403,0.0022808527306155536
125,15,2.706485772380293,0.0008290996567216229,9.512463080892287e-05,9.747572199363755e-05
126,8,2.5957991946281744,0.007329469805203938,0.0011654814492099916,0.0009586574167970524
127,15,3.529920940436763,0.10184883437155515,0.01871767135568138,0.015694066052048407
128,15,1.8977793209254719,0.00018393877111966847,1.9500243904820582e-05,2.276043116174806e-05
129,11,2.3995255380265212,2.557261022765456e-05,1.5648655805223575e-06,1.259593058436125e-06
130,15,1.6653420128421517,0.0008861995829651607,0.00014400798090418072,0.00013241097188291127
131,11,1.7815769681295515,0.04631783739781209,0.004942871523714438,0.004986329942941565
132,15,1.7914083630197661,0.18432939630122275,0.01324474566682926,0.012404039011598318
133,11,2.0184773533844096,0.06704656597627338,0.008178981348143155,0.006788749326109504
134,15,1.6116741200441564,0.0001784485133098447,1.6557361241593007e-06,1.323733448859894e-06
135,5,3.0800470323777893,0.0009462151426187372,0.00026670634309128435,0.0004559121228822161
136,5,2.129040441889547,0.06658518401087578,0.012150410376489902,0.010092530476940531
137,5,2.4088354851428155,0.03720774159321675,0.008634586710429548,0.007647553284964968
138,15,2.6764730563610084,0.008738049746018236,0.0007333171787992966,0.0005789780641544241
139,5,3.700952022207671,5.840489106094771e-05,3.175775840507082e-06,2.818949467830463e-06
140,11,3.3747976294301556,8.35088529498144e-05,1.4100463774097305e-05,1.302855000753232e-05
141,15,3.745067647290138,0.004886728319123204,0.000737081118951943,0.0011033967713998416
142,11,2.2918965573032204,0.0025248644225161648,9.676694986634655e-05,7.780078693171592e-05
143,15,2.9565745950247493,0.0001267094472253772,1.4269029489505485e-05,1.983137703538148e-05
144,5,1.5582555114723542,1.830156754428597e-05,2.3407880908931233e-06,1.919445922960099e-06
145,5,3.8807144337089676,0.02161684053601282,0.006401750666531338,0.00659091358240619
146,11,3.8737050800310606,4.015095663900387e-05,1.1635954371652046e-05,9.7032005005712e-06
147,8,2.3800224316894525,0.0027861112235408408,0.00035856279508185456,0.0005174051106689983
148,11,2.600060446660833,0.000464398562055956,5.073771870295957e-05,4.303206914098624e-05
149,15,3.2755041456410026,0.0009289465845111584,0.0001812553340870959,0.00014518604445781197
150,15,1.5021779444344538,0.039842915552640565,0.002728648170644079,0.0022368363345704
151,11,2.917215723995934,9.071974151323299e-05,1.6032401553055213e-05,1.598780373960146e-05
152,5,1.9188794702813712,0.022818281342716573,0.0027610456323892718,0.002462175969223493
153,11,2.130608057723128,0.004361911034572524,0.0005687609343743751,0.00046020821594606055
154,8,3.3694988928546756,0.0279807142295936,0.00425003502227175,0.0036502584529217595
155,15,3.9523870271834833,2.2906251737032364e-05,4.015184843992332e-06,3.2470097257192064e-06
156,15,1.6305623487835033,3.859683174568061e-05,1.8536029995987895e-06,1.453578082347926e-06
157,11,1.7345035003007148,0.002117737202081283,0.0003299891640332603,0.0003103310708684369
158,8,1.8306646701672618,0.05766461429562472,0.005127839474838243,0.00448358046222689
159,11,2.5671695446541003,0.0022088426843005636,6.923732607636156e-05,7.071046886733696e-05
160,11,2.493263486973758,3.995271066774682e-05,2.5723011352204783e-06,2.183424799198811e-06
161,5,1.7668247497401781,0.003418181347982088,0.00012384289577104912,0.00010469340111187045
162,15,1.9770200144168348,0.0009002406809208667,0.00012207086017657575,9.829028830847487e-05
163,11,1.5554514619833015,0.002419331852273265,0.00013423458164273355,0.00014866260165945154
164,5,3.173239261052724,0.00012588560388089224,2.407069183792973e-05,2.1194481295525008e-05
165,15,2.062027972526735,5.884071393136339e-05,5.02035399291235e-06,4.587119709886705e-06
166,15,1.5975758895060717,4.21562512668635e-05,6.914665937958422e-06,6.169816482199404e-06
167,15,3.5931269135531316,0.008023905481017623,0.0014913676359411148,0.0013348161099695278
168,5,3.4877379580713956,0.00021702588657949046,5.601699340027709e-05,4.635315997829726e-05
169,8,1.6884703916807553,0.0918878508313091,0.012360354995158035,0.009891002396277052
170,8,3.8399021045153363,0.0054059375414265455,0.0012142102119069493,0.0011627829398126088
171,11,3.5015295218960234,0.17314506812433392,0.03938677777456292,0.029541861270611838
172,11,2.275218786178359,0.04590436905434696,0.0033593912413263896,0.00346704008073409
173,11,1.8901399835687236,0.0005607654832952068,5.81853112152767e-05,4.633497404534096e-05
174,11,2.3253693227506096,0.005228366419398784,0.0008597337814962441,0.0007926838874335722
175,11,2.958352664644092,0.0007995337823559452,0.00015811528653149272,0.0001602881549831394
176,5,2.454628492953975,1.847356018223438e-05,5.222703501868854e-06,4.187309931919111e-06
177,11,3.183499998584703,0.3379894894194056,0.11917989205107457,0.10339310296560474
178,8,2.1550665650603023,0.000708243497307949,0.0001322167797862108,0.00010586224661548057
179,11,1.8585902029997237,0.0011130298493846552,0.0001201602331004178,0.00011165665896802953
180,11,3.031860091024855,1.6713954746823475e-05,2.940215749837631e-06,2.589380455516091e-06
181,8,2.2655097359034055,9.618947475841918e-05,1.0922428881913526e-05,9.365595296301785e-06
182,5,3.6061536897564976,0.0013924838414485056,0.0006258219288707965,0.0005407927980326472
183,15,2.282506561786553,0.004401840638096059,0.0005266008918599773,0.0005456858966344211
184,8,2.5681852567767622,0.09861916078208084,0.005395417187751541,0.0058260192909253255
185,5,2.464877720488573,0.018261264257944984,0.0031218270735694446,0.003182265758563047
186,15,3.98901075878532,0.08790266634719743,0.025661823163179595,0.023619757419335047
187,8,2.9598656314586336,0.00015944413566549624,3.103495481686748e-05,2.4898272203807818e-05
188,8,2.047167181011556,0.001011547625170918,0.00021381072693849466,0.00020111489219392926
189,8,3.8775415968595572,0.004224671823969622,0.0011862475037084192,0.0010185547138906936
190,15,2.6892139213397597,0.0016632988361609917,0.0003221999391578295,0.0002575705756590484
191,15,2.233037917588653,0.00014548981249153383,2.372057090222155e-05,1.9798410201019117e-05
192,11,3.3759114062325573,0.013421939054502195,0.0024260770395891753,0.0018815641990152475
193,5,3.7776198519981006,2.310162144135054e-05,5.2309951748341e-06,5.083403171056042e-06
194,11,3.977784478260216,0.07368160152695881,0.009925001722272325,0.008808398367896415
195,15,1.7573635652275703,0.00010148406883234476,9.799818166835705e-06,8.921147340833348e-06
196,8,3.1081368384693535,0.0001107720107759619,1.747512989144518e-05,1.4337900378161228e-05
197,11,1.9990454234213662,0.0035551930229163983,0.0003870555165758061,0.00034316758749305785
198,8,3.220556026517293,0.1655167256534373,0.018959454881031165,0.016143865996513147
199,8,2.210836269315556,0.0001860434427305151,1.4625247233693272e-05,1.2011237742078754e-05
200,15,1.9509179704318036,0.0001337691411760394,2.2465747947700017e-06,2.446886119085371e-06
201,11,2.707010375518593,0.045294189996951874,0.003734684660904296,0.003070292909221971
202,8,3.147102734825755,0.08505675212769029,0.00836198871211389,0.008963619926318623
203,11,2.7298282957624913,0.06128789637926414,0.0033614150743345233,0.00322798162825783
204,11,3.535364735990597,0.000289913302648993,6.094585774463128e-05,5.992521550884844e-05
205,15,2.1798056063304214,0.08520835514984662,0.008666708672843255,0.00959832755312286
206,15,2.6412363621621324,0.0004281911934059167,5.3061784631894836e-05,4.224393533184133e-05
207,8,3.1309276697249775,0.00011286097854423571,3.400643374045844e-05,2.572604875808396e-05
208,15,3.59129018419861,5.082944061820232e-05,5.969925830760335e-06,5.244871815577764e-06
209,8,2.373148477160071,0.0006483558756969466,7.041237891692461e-05,7.967269753269733e-05
210,15,3.494353955509524,0.008961491099279269,0.0022185929251586477,0.0018816451846810026
211,5,1.5989094644471658,0.0036735176092336282,0.000542297013608761,0.00042313260957861756
212,11,2.5322809049191575,0.046424661996326305,0.008085770156436044,0.008950956823120755
213,11,3.414772861113049,4.506715212230551e-05,1.6942708938815897e-05,1.3515208395426465e-05
214,5,2.066808481267148,4.032181711237645e-05,8.263508137517278e-06,9.385120996216968e-06
215,11,2.343600350594768,9.091513678645387e-05,2.5410653408835125e-05,2.063546419814226e-05
216,11,3.379988960237366,0.008315688133299023,0.0011789203293380269,0.0010977979649958263
217,8,1.7470972434811203,0.002814126579858486,0.0005106233141130778,0.00048452740483014993
218,15,3.140860151550727,0.04692980286352336,0.006583844432253156,0.006801767673288471
219,5,2.8332724822711137,3.592886623478692e-05,8.422010688071308e-06,6.601085730194303e-06
220,5,1.6754096412798123,5.354341577241743e-05,1.7284201708792683e-05,1.3987722569138229e-05
221,5,1.9823356653357536,0.0031605404118545295,0.0004006119289139484,0.00032462917970791836
222,11,3.4977702473795764,0.0005624329652034651,0.00011992163262633395,0.00010801798529780073
223,15,1.6588741584932687,0.0016372375880377911,0.00012910258070858807,0.00010335236373653052
224,8,3.0240880356591613,0.0014095569921320824,0.00041706492850941294,0.0004098714340532106
225,5,2.559162118952762,7.705392931117982e-05,1.6493968118675022e-05,1.3126292389334252e-05
226,11,2.8557982431888833,0.07035143953114815,0.014326145870400401,0.011370581255536813
227,5,2.2090061944932398,0.005702948446385463,0.001356965104053891,0.0010982969409187996
228,8,3.477123533512945,1.6648005177017896e-05,4.883810281192704e-06,6.2550181369764485e-06
229,15,3.1426641769674895,0.00584416131283648,0.0011322255992541265,0.0011092535161727976
230,15,1.9791938785687366,0.004707872780738542,0.00023801812919048415,0.0001850811665642144
231,11,2.7934923569898498,0.07799283708228906,0.02349943511060519,0.019496873322657468
232,11,3.9557629731221837,5.782555097674853e-05,5.394479339826187e-06,4.532381421746395e-06
233,11,2.184656935991593,0.0003568187262162765,1.778760621243615e-05,3.047413909680001e-05
234,5,2.4366486940882437,0.006108429913615567,0.00035268842562938925,0.0003077211427435
235,15,1.5472366337678558,0.03981932878702731,0.002067048143073051,0.0017962611261303021
236,5,2.691288378868542,2.3052341973981524e-05,4.159624282763927e-06,4.5459654144185455e-06
237,8,3.547229694469796,0.053006731256989376,0.003945738428187843,0.004103219898306437
238,15,2.637301996658774,0.0005017682376214668,4.488568497481935e-05,4.9781835710996895e-05
239,8,1.879283056135614,0.0071298492269851075,0.00033895168981261457,0.0003630284809524742
240,8,3.8202216617098594,2.19993923332084e-05,3.617883192518516e-06,3.849942775960924e-06
241,5,3.0498115402415764,1.1463932538176896e-05,1.5834695415216509e-06,1.273609378893476e-06
242,5,3.8815652840320505,0.0007518557151982132,0.0002753343845461611,0.00024606753116568933
243,5,3.38644214511281,0.00016216533230574654,2.4142447083233513e-05,3.593112920496324e-05
244,11,3.8653095396885098,0.04811246989684523,0.008016359332027684,0.008262375107210881
245,8,3.663753663807907,0.2916359636913077,0.09860302485240366,0.08468422142970874
246,11,3.7401511367406495,0.00013849638420706045,3.383070775015453e-05,3.305723230980577e-05
247,11,2.7744877691792817,0.022563482250534873,0.006554576217742434,0.004891261320155146
248,11,3.669509976720373,6.22515368001891e-05,2.338403380085145e-06,2.258712910941037e-06
249,8,2.741777532693031,2.445128485298971e-05,2.1696816097220946e-06,2.1074520475860858e-06
250,11,3.973041276894011,0.001144631910747553,0.00016293757388896008,0.00022290848809652347
251,5,2.2823181845476443,0.0006510316229154433,8.472198697073775e-05,7.053574895257868e-05
252,15,2.4589433415029247,0.020532076703625057,0.001440036250809972,0.001709201539307912
253,5,3.20128135660176,0.00010477797437757865,1.0616443631678683e-05,9.503252107448255e-06
254,5,2.2973719195821674,0.001141376851738683,0.00010413312229482172,9.363146169384914e-05
255,8,3.5364256825887574,3.1372712583927314e-05,8.580560251876812e-06,6.5559373095518105e-06
256,11,3.150675768928113,1.5544144150988613e-05,2.068774927773972e-06,2.082763247100366e-06
257,15,2.815685268322107,0.003310318557068046,0.00038792040329296644,0.0004052847308215099
258,15,3.6382593070498426,2.5913168821876408e-05,7.952982354217517e-06,6.6517071736704264e-06
259,11,3.073364426396643,0.00020391842838341734,2.370079809705045e-05,1.8939468440622175e-05
260,8,3.113973505149374,0.1216665291025597,0.013740948065933114,0.011239304292711486
261,11,2.0469360153321787,0.05682841428756703,0.009774830296587215,0.008878028864349933
262,5,2.2751158256510555,2.009690489487535e-05,4.428446126151845e-06,5.648625085803196e-06
263,11,2.585545685259105,0.0019259034548336142,0.00015909609667891692,0.00019139230969819368
264,15,2.7263412822395323,0.06677578330359069,0.0038604788149345414,0.0036740019259986247
265,5,3.2017700172332484,0.028623811122573395,0.006959290161715354,0.005818299860043386
266,11,3.6382424694200983,0.00020601327165946728,4.020799945242359e-05,4.655308504462837e-05
267,15,3.8028951688320554,0.00020904026606092374,4.727632834837748e-05,3.542375316177537e-05
268,15,3.762441887472225,0.00904535025630537,0.0005595673950437809,0.0006457317079373067
269,8,2.8867206684736573,0.00022511960176643082,6.662514809805675e-05,4.9941662250726434e-05
270,15,3.9371377618189753,0.007849973320886982,0.002647260062123247,0.0024769777802817715
271,11,1.610247596954103,0.0007698567908293128,6.342966336440095e-05,5.459724650556981e-05
272,11,1.5701270911670069,5.949362250298957e-05,5.328634962059594e-07,9.512437442185932e-07
273,11,2.612998909148212,0.026011887027831256,0.003860183849979027,0.0052883327239399295
274,15,2.287092210387276,0.0304218699232358,0.006663591675737395,0.0059612512871849675
275,5,3.5930545910764478,0.13446245411152435,0.05665799655650937,0.04439001540308791
276,15,3.679546236400321,0.00040847050943796,3.880876619409844e-05,3.769885933423475e-05
277,11,2.2495914368354133,0.011512508978911675,0.0005738526322977449,0.0006063086153404768
278,8,3.235506079328181,0.0016670817530323352,0.00015400106244496545,0.000154946766025599
279,5,3.9117495218139147,0.18952362626317032,0.06358432468122487,0.09495284060857397
280,11,3.2630942740954723,0.00547317958091148,0.0013039738913062475,0.000997238401474467
281,15,3.449767558651497,0.0816666880792132,0.013196616677533343,0.015310567536614115
282,8,2.670564678440597,9.58052336750669e-05,5.176306951689303e-06,4.207591108996288e-06
283,11,3.9637204047188517,0.008367479310682513,0.001022138928613589,0.0009232308447081084
284,11,2.585972062165893,0.0007517651937640994,4.543101023604586e-05,4.027314715772778e-05
285,11,2.9055893015162275,0.011008292182212984,0.0017771731796865117,0.0014219027733585546
286,15,3.32523714302503,0.011560392347520976,0.000862999391990731,0.0007299273023039207
287,11,1.5394335558401906,0.10172445771748473,0.007584224079579404,0.006204880922733906
288,5,2.8495874242506907,0.0013325768764715952,0.000638473245267117,0.0005065517809324706
289,15,3.377801421577855,1.5922567042291974e-05,1.2869874055485323e-06,1.1137707759556783e-06
290,15,2.076378436148169,0.00924447972748385,0.0017160591136270846,0.0015098116105684144
291,11,3.415694725336277,0.0017216622224806616,0.0004967173780844662,0.00039276763778514634
292,5,3.9158558828122603,0.0033236167139977604,0.0006565303451510741,0.0005111915907853557
293,8,3.7880883305065733,2.976619091748167e-05,5.467978329567123e-06,4.8666927042499045e-06
294,11,1.8534678205647,0.000325161027684164,9.946881353552026e-06,1.1593708619433653e-05
295,15,1.9143761359944138,4.0259188562521895e-05,5.239653325595192e-06,4.961707122776377e-06
296,5,3.2418902898884316,0.052548806716568856,0.018708378075181675,0.014108611303136257
297,15,3.100056841807925,1.4156418243525677e-05,1.703781405074177e-06,1.4698929977269732e-06
298,11,2.7409138557469794,0.03722952194295539,0.00870465756396856,0.007243672328644544
299,8,3.55594822057027,0.0008297809716010098,0.00011554334580971581,9.26188983250322e-05
300,11,2.596303171507174,0.00038243868139175137,2.3547229704217154e-05,3.178150671548121e-05
301,5,3.919958646904199,0.0009682291286754539,0.00015502245042101604,0.0001588726308901689
302,11,3.88328782467855,0.006100423087069976,0.0016328078340742576,0.001769962070717111
303,8,3.659815457062921,2.206793255506493e-05,3.0922968302193e-06,3.054384103739882e-06
304,15,2.513751523801785,0.005328988223878493,0.0012349692957128505,0.001131573575045503
305,15,2.6574543236519137,0.0001353788115586491,1.542652048544075e-05,2.694658507547218e-05
306,15,3.5174077374472756,0.0003259090769568963,6.587519244570738e-05,5.747649883785227e-05
307,5,3.9173468926130455,0.4209615906978885,0.1783865430403314,0.14624435322316534
308,15,2.97980482390246,0.06956571793411175,0.00830280738488702,0.009797673966509397
309,8,3.421439712488067,2.549972260227236e-05,9.718693547044292e-06,7.603480328039705e-06
310,15,3.3839446226050955,0.030164700532150212,0.008958350841135118,0.0066568627732749
311,15,1.9810620456912404,0.0027736673700085816,0.00010912077975313036,0.00012312395413172352
312,15,3.3659130975772884,0.0010071168756137334,0.00016937382954704204,0.00018388099761667501
313,15,3.8613782230433067,2.5979992058923254e-05,3.265921698575013e-06,4.147385387582749e-06
314,11,3.7712410293331953,7.277928490731893e-05,1.0101323821232492e-05,1.0129577506510484e-05
315,15,2.6438631435464,0.00016811536238397356,2.666860666169299e-05,2.331284343072005e-05
316,5,2.007033762122364,0.005784525508048778,0.0006781904457285403,0.0005343886082748743
317,15,2.7220081377070793,0.000192127258611983,3.172138501837065e-05,4.684467234065046e-05
318,15,1.5526269736900817,1.842974710781057e-05,5.118215860860431e-07,5.30554908717114e-07
319,5,2.3612724631987363,1.4767059609689522e-05,5.5032292656145434e-06,7.063537154859297e-06
320,5,2.7772745955186995,0.0445136144551249,0.007116629138109964,0.005696555067887606
321,11,3.7386970434477895,0.009644394815817062,0.0005269862620474891,0.000575532949213596
322,8,2.0985399393570012,3.265980485002966e-05,3.2828145225000955e-06,2.630842748311748e-06
323,5,3.7230058202416587,0.00024234777312811374,3.434290251998806e-05,3.0198138310386213e-05
324,8,3.9621956941551284,0.10320039929890103,0.021512852035335074,0.021523920257543024
325,8,2.243496451000107,0.0003162787282647973,8.826896413442361e-05,7.517468757558694e-05
326,8,2.511631435638635,0.13405083376432725,0.020339702799713838,0.0168746545765854
327,5,2.1100849252755114,0.4898349436467125,0.08525842902657296,0.084064148831106
328,11,3.995993966808523,1.8753484130981962e-05,2.989882070123203e-06,2.914396813701769e-06
329,11,1.5656340723788276,1.0384904058648335e-05,1.1564483484202796e-06,1.2676853951962923e-06
330,15,3.0321867922456214,0.026049323111058034,0.0027030235854620926,0.002346441292220708
331,8,2.035676243858315,0.09617237400432577,0.009935288196671055,0.00977102956543848
332,5,3.794448579828375,2.0637013041242144e-05,8.789298322273777e-06,9.035177676773802e-06
333,15,3.5400027367629767,0.055646034994097225,0.00958727209006905,0.009118696561990639
334,11,1.6645918244311204,0.007149525344584899,0.0003580539951182233,0.0003781784760356729
335,5,2.3651660832333614,0.0878258736743506,0.008356177971574667,0.007008170600503678
336,5,1.5346855773124894,0.008141230148298791,0.0008735384138003098,0.0007502577052891087
337,5,2.6840442953499215,0.17344003046846002,0.039434554465604496,0.03180882215717548
338,8,3.7758978963834284,1.5622093053874092e-05,4.566725466774909e-06,5.546205867104838e-06
339,5,1.890853387662141,0.03217305971591546,0.002023687567746386,0.0016453263050567534
340,11,2.4930962087190864,0.004628701068234296,0.000977499005926969,0.0009962918104111976
341,11,2.566830404198324,0.009042587317657811,0.0011826328226738998,0.0013171944515831776
342,5,3.8975480817124284,0.001351753272652802,0.0003225858589677055,0.0002888707287874687
343,5,3.715036020100295,0.115108053115936,0.046678860371847875,0.03681974180808924
344,5,3.8536351735306256,0.04074618798829846,0.020065832824846995,0.023704377476499856
345,8,1.7295802524577903,0.057577185618347675,0.004468306503401659,0.004485621650853591
346,11,3.683691487089636,5.166386185395975e-05,1.3463575740840485e-05,1.1054010885490197e-05
347,11,1.9971305580036167,0.07419375669601633,0.009551742752788125,0.008608570660776003
348,5,3.9298957856855563,0.053991049017225505,0.011196710526836592,0.009159889887286459
349,5,2.037020484989816,0.04988814435033744,0.008609315196422341,0.014999490076106365
350,15,2.681149348404089,0.027533092813649507,0.006146730378115147,0.005878782062583345
351,8,1.7404414585065837,0.0006936168154402564,6.053156387156473e-05,4.908806312389617e-05
352,5,1.5730810102314834,0.0002986447970757082,6.33691502441737e-05,6.705193846101328e-05
353,15,3.131106223610085,4.751826512731104e-05,4.0563010696816785e-06,3.300418383128578e-06
354,8,3.7629707035455087,0.0016044479205960403,0.00032775704348031725,0.00028823759218818336
355,5,3.2743564794083158,1.6609817667290033e-05,7.1811853004941035e-06,1.8371292555580897e-05
356,15,2.262940670955219,0.04712210428243171,0.003917233506210195,0.003538780304861323
357,5,3.8107801212164185,0.11703962580513215,0.034639822437238434,0.05206086715354986
358,15,3.17144437370295,0.0007182284656470665,6.916903738819936e-05,5.406832631633263e-05
359,15,2.849597142131855,8.136391743983812e-05,1.0650590083816579e-05,8.027740836196317e-06
360,11,2.728838216613462,0.02672794082802163,0.004179702841529081,0.003887792499137723
361,11,2.685886509308349,7.779878250513419e-05,4.291999387113481e-06,3.5363486304348535e-06
362,8,2.138957988040164,0.00022727778268605945,1.4142961639842959e-05,1.5008901029281496e-05
363,8,1.8890140452180881,0.0004960560778067813,8.678309791601315e-05,7.90472873557009e-05
364,15,3.2033341857259447,0.006406157871688826,0.0001999564671829927,0.00016728356655812242
365,15,2.03266883091613,7.856195731979276e-05,1.6683286069831302e-05,1.3201666054701784e-05
366,8,3.2408034135030688,0.023923585479258606,0.0007023432939643874,0.000630849759215803
367,8,2.1634655660464133,0.013047390203128714,0.0010759510382124136,0.000911691581122134
368,5,2.8876781517742103,0.24105748844607622,0.06416613180134104,0.0546561593513661
369,8,3.479328928505846,3.419998018967951e-05,7.67551802675682e-06,8.11707807537263e-06
370,8,1.517806522826149,0.019023097456024343,0.0014705266735051496,0.0013286711229462966
371,15,2.623936476790943,0.006713551157205658,0.0005384685594885693,0.00048083183504954425
372,15,1.8507337469618568,0.0003994375240059215,6.43576830291552e-05,5.548039669985407e-05
373,5,2.550778602883589,7.528489836859381e-05,1.0417576098888648e-05,1.0660498976966285e-05
374,11,3.6861628001732147,0.20825344003334467,0.02098657585602462,0.02674669074570733
375,15,3.019908907272743,0.020702925254470792,0.000753854550529384,0.0006917350718871077
376,5,3.2864258146286285,0.048586986683021964,0.00630100535525353,0.00842711167661538
377,15,3.7513882157968625,7.357759411342319e-05,4.118974405332261e-06,7.100865321202628e-06
378,5,2.016931841347347,0.007395774681511293,0.0016793651413653358,0.0013741497041885571
379,15,3.014411482732933,0.009331293036051149,0.0010046913137888253,0.0010915896056727622
380,5,3.2291465598178584,1.1421726782226672e-05,9.971592824053157e-07,8.970312610756584e-07
381,15,3.130496347599409,0.0002309295329328957,3.677934197736601e-05,3.1017324140305184e-05
382,11,2.499073741983335,0.0008529937230387634,0.00018775407454913983,0.00017137634243846034
383,8,2.853262953708157,0.03917532059296982,0.007502831479673747,0.008662082175335496
384,11,2.645586672018185,0.015216096874729301,0.001764380726104541,0.0016005865916523998
385,11,3.0175852239847125,4.379622035802538e-05,7.145223042839794e-06,6.316980166340253e-06
386,15,1.8758149673958324,0.0028045136890303994,0.0002678443152350149,0.00026438954714123
387,5,1.6840641510623828,8.950495514003366e-05,5.227764999214264e-06,4.602482028966526e-06
388,15,2.07600316004057,1.0318030211488666e-05,4.82960001876968e-07,5.030757582008575e-07
389,15,2.5697969982043483,5.203238938911434e-05,5.436722969636069e-06,4.546149810025015e-06
390,11,2.347039897009339,0.015316374220012176,0.0022606358006402377,0.002017887148999338
391,11,1.5036105014340904,0.0016071628931257247,0.0001511216752894675,0.00012064033552068694
392,8,3.8864130705612125,0.006180011814331253,0.001477859569442705,0.0012783532079318335
393,8,3.176419107549712,0.0001697790653015956,3.367645457451668e-05,2.6345583430220652e-05
394,11,3.8928721557123516,1.471019811790544e-05,1.8522843198360698e-06,1.7588884109270038e-06
395,15,2.231477533599397,0.0007972105878284524,1.2008548870120599e-05,1.0373213503107126e-05
396,15,3.016247810795786,3.39964669564409e-05,3.903719563342361e-06,4.760282112430966e-06
397,5,3.2824185612598855,0.057071002066546944,0.017970169679808183,0.015126545240380582
398,11,3.046436500255727,1.4248331354868226e-05,2.7345520025807345e-06,2.187305772375508e-06
399,11,2.4550225095021077,0.00015608553111508586,2.7789261622098908e-05,2.1599409756041026e-05
400,11,2.1243914795905208,0.0010137559496081142,0.00025336357949438915,0.0002735079860166703
401,5,3.23857472246763,0.00018741566487528408,4.628419670456966e-05,3.755363282836548e-05
402,15,3.993516186737698,0.010313438730316937,0.001392683924147584,0.0012240004985748002
403,5,2.3490607834979222,0.0012331705460250058,0.00030822151568332044,0.0004533770501967428
404,5,1.5643337998938633,0.00011753971455991849,2.070835518103109e-05,1.8349444006746568e-05
405,11,2.147189362645227,0.018737976252770395,0.004148048101480547,0.003872566823202349
406,8,2.195135613904387,3.273513599134986e-05,3.0271554785614635e-06,3.7983634640425955e-06
407,5,2.1386517559549,0.17282986804356126,0.05698276818203432,0.05617993337964834
408,15,3.775265249806413,0.006610020010928307,0.001089288756958236,0.0009215495012435738
409,5,3.723762734528593,0.02096997996235389,0.0051000313841794735,0.005659167833578011
410,15,2.745233455523957,0.010651576672291245,0.0018914070422405595,0.0015403604072231638
411,11,3.6407905374802634,0.03936000303244322,0.00988856905450482,0.008336950823797531
412,8,1.6140633277496848,0.0007240953067550499,0.0001458161407846623,0.00013230077402257557
413,15,2.2342673669621163,0.23850782827503011,0.02887576818975969,0.024912671592470362
414,15,3.1272576106803682,1.3614273790767185e-05,1.6301084020839423e-06,1.3421204092257276e-06
415,15,2.429674850436912,0.09295935394472274,0.01456755216651276,0.012765712082366768
416,8,3.0359421785453984,6.894007810592586e-05,2.648167692343583e-05,2.5782795662787143e-05
417,11,1.9980356937898933,0.03742166622927935,0.00542104314439582,0.005000087232980284
418,11,3.5160035324161103,0.11461521172237839,0.015677996214840638,0.013909735526373087
419,15,3.633640587090591,0.00459174250053037,0.0004980609455143406,0.00044857097648517703
420,5,3.2100408890394174,0.0013970513997221498,0.00043593529906882546,0.00038301774552244736
421,15,2.048524497495374,0.08520538318145499,0.005420298992938104,0.004960188811713423
422,8,3.5933101784213495,0.0029824417787486794,0.0007592248651179731,0.0009629694427792025
423,11,1.5816064841265014,0.08915957077766704,0.009032570422679303,0.007642098465302622
424,8,1.8768776747032567,1.9199557460209332e-05,1.9744947494718916e-06,1.9918405361500746e-06
425,11,2.35405668292909,0.01887280351395827,0.00013435562529084675,0.00014311830383857235
426,15,2.4835851142053116,0.0340664903449304,0.004241035232069896,0.003458411113039101
427,5,3.032391755639882,0.00013297591177787363,3.323974906455954e-05,2.5349424115357855e-05
428,15,2.508268791923031,0.012902903680241136,0.00355243045011125,0.0032166669876095865
429,15,2.0377257088074034,9.842523597882386e-05,5.734935632371121e-06,4.769958715474806e-06
430,8,1.9928032522310581,2.7237470132904317e-05,2.5686461706384264e-06,2.2085920265752324e-06
431,15,3.6890027598506183,4.505577948446364e-05,6.232349177658977e-06,7.783363813548867e-06
432,11,3.0776195548443144,0.0022125308331201812,0.00021076855963457686,0.0002423030179163705
433,15,1.9148713229193586,2.3176997480690303e-05,5.844876250161526e-07,5.170158236472358e-07
434,8,2.313792892949697,0.029258435725283086,0.0022194691843623647,0.002362856359228772
435,8,2.691359333995849,0.001976034266963454,0.0001652848437816559,0.00014984780869128903
436,11,2.811116734675103,0.029768478797807984,0.007854836313930287,0.006165475089849295
437,8,3.7765598315198754,0.002556352688817729,0.0007330003279133124,0.0006463157299249259
438,15,2.462573524294158,0.05882525626078904,0.006770058119952427,0.005623824255141761
439,15,3.9051981021534043,0.008588258119086943,0.0022922679298885374,0.0019098081014297195
440,5,2.1118132850809737,0.11167099053352093,0.003697023075602381,0.003965210401209836
441,8,2.4246051571520337,0.004327942111596421,0.00040930149382720134,0.0003895112200471246
442,15,1.6336786576840654,0.00017931716158425825,1.2893192461893702e-05,1.1076419073749361e-05
443,5,1.6333163933875472,0.10475769906437961,0.0035286783167177162,0.0034314761997606656
444,5,3.7347227893566837,0.0008807719440162643,4.4580480782146364e-05,4.195142774454941e-05
445,11,3.6734308799050366,3.4087813411069594e-05,1.1189705365674726e-05,8.676709019529924e-06
446,11,1.9795163689753417,0.04894789035949465,0.0063784994361955494,0.005831079649639634
447,15,2.58468819097384,0.013226063096624491,0.0007658974218046621,0.00065330112409242
448,5,1.6218295000544056,0.001184777351189126,6.40805960308817e-05,5.786714236745128e-05
449,8,3.2351129233637077,4.3427722478481856e-05,6.766406166119004e-06,5.20257597046951e-06
450,8,2.3775750439543564,1.90273557143311e-05,3.390285432765711e-06,2.660019396939128e-06
451,8,3.646163501861968,0.04969492285009516,0.011023491956002229,0.009583542414148612
452,11,3.9197990658697037,0.00028838211416828713,5.6537700954417534e-05,5.225570144510944e-05
453,15,3.458957644083519,0.022021622590537335,0.0029587743068452458,0.0025884022242369385
454,8,3.0851706047100804,0.3657642792978846,0.009962156525377252,0.00895343574241224
455,8,1.7769429196662907,0.00010604342681913275,6.9740596203954275e-06,5.755124738250726e-06
456,5,3.3640218465233853,0.002210284899165203,0.001046704568088384,0.0007950112647251226
457,8,2.4737056778902873,0.0006759149805453193,0.00018496472826622518,0.00017142650723633306
458,5,1.611969541127632,0.00016900394134277566,4.461391261121559e-05,3.559982748865029e-05
459,5,1.5847952345628271,1.9589051162412243e-05,4.952089293821976e-06,5.330181640359612e-06
460,5,1.697608644666881,0.0010551881009589676,5.215381744849469e-05,5.316206484724078e-05
461,5,2.364542767705084,0.00023642706728448315,1.701104920131592e-05,1.5659472011779953e-05
462,8,1.625403957211668,0.012595890244421476,0.0007702515655655304,0.0006622102464142823
463,15,1.99726920116222,0.032884254057891915,0.007038034734498006,0.008174225193476246
464,11,2.8249440247063253,0.1526461950365832,0.03791158934875752,0.03637888643418695
465,8,1.8504972857332167,0.00036342380781230607,3.500695566348664e-05,2.6691531332236004e-05
466,15,2.123820442783332,0.00034211570830912564,4.24180709665092e-05,3.705847466228907e-05
467,11,3.873968242668954,0.29405106989410906,0.08550025496964185,0.08007156888690564
468,8,3.4610087293704996,2.0416206775511466e-05,5.536699120743722e-06,7.178733586918847e-06
469,5,2.22242990153922,0.016241024249305718,0.006508676588187974,0.0060348961335196395
470,15,3.489349102750807,6.32463369357184e-05,8.016026438598702e-06,6.429232397322958e-06
471,15,3.9538199496556676,0.0008620410645997244,0.00011754904956561585,0.00011148670834581145
472,15,3.8745333555052865,0.0002821768123606106,4.17848394692343e-05,3.415358538038157e-05
473,11,3.080726514633673,0.021977009686340705,0.002649621843146016,0.0024485501851269284
474,8,3.380471563585429,6.290754641089186e-05,6.026895966256016e-06,8.85020684347624e-06
475,5,3.58812033698561,0.0013373192067571032,0.0004394434922457995,0.000342220528869257
476,5,2.4194347931307676,1.7073368990007515e-05,6.147315135734874e-06,5.0431124319431194e-06
477,15,3.528400749012163,1.0655666571967355e-05,2.1224546538486433e-06,1.8539251653660636e-06
478,8,2.6240278545632183,0.0001434982508564875,4.4156015832166756e-05,4.610458354350251e-05
479,8,3.9293696667539386,0.07130030230737361,0.01429952670577012,0.013390695321358396
480,8,2.2159059383628215,0.0034352168573205917,0.0005461792082089831,0.0005078738902028278
481,15,3.0026207261245674,0.016221512419555703,0.0020563289692407958,0.0016788083896821734
482,8,3.8145704817385386,0.07171731329107396,0.0024194774927760003,0.002428872295704987
483,8,2.007836580845748,0.0002594239661494267,2.8045161318732874e-05,2.3674756186168482e-05
484,5,3.4958616094819663,0.00022385813250056188,2.2614508014753044e-05,2.124010498661512e-05
485,5,3.5313779408513817,0.009749782878913527,0.0017824452282317691,0.001717771355741382
486,15,2.592611013225372,0.0007579755206314424,6.718194413869423e-05,5.657222129454755e-05
487,15,3.3688671881341525,0.0004707736280930359,9.508741227473206e-05,7.999042598798071e-05
488,8,2.949521241883154,5.462721781864643e-05,6.716425945729451e-06,7.205941763409919e-06
489,15,3.4753503586717827,0.004694467698308229,0.0008322916659476499,0.0008170905121094098
490,5,2.5617581442510695,0.0002500692887096967,6.965432514574352e-05,0.0002914068238539967
491,5,1.8853906064656052,0.12558863457198607,0.024020359642311397,0.02490575652769608
492,5,2.7608742198070404,0.06021371732990467,0.008070361210503033,0.006171490340624392
493,15,3.814996634589445,0.11287702222373192,0.018620871952445738,0.020709339515725813
494,15,3.8589760475180133,0.00024281095196392724,6.135366853088647e-05,6.376612547732368e-05
495,8,2.5089875209572186,0.00045349603303618914,8.12065808527716e-05,6.846713083312325e-05
496,11,3.632416138855576,0.00030140108882635054,9.492456726292839e-05,7.549472488307497e-05
497,8,2.476477949086692,0.07921919666889196,0.025858960108369133,0.026264252473712196
498,8,2.0434267196544127,1.260472443588789e-05,2.105505748316955e-06,1.688446617457178e-06
499,15,3.58854753716171,0.08340455605469783,0.009172615831629292,0.009658170452054075
500,15,2.9901497676989353,0.008901832595569693,0.0015166807975355856,0.0013773621281607021
501,8,1.6265423667077452,0.02209958954952812,0.004054040372376369,0.004105856915965558
502,8,3.9863598410659247,0.15007741044112508,0.04418487575966269,0.03352429362420687
503,11,1.9397482559217505,0.10319552559246314,0.015317896104118413,0.012473397219335802
504,5,2.8275987000992635,0.0005515187379132253,0.00013217347143405385,0.00020970093479011925
505,15,3.8885140838706143,0.01114194292094171,0.002316699410039005,0.0019294170991740723
506,5,3.7211649157538167,0.0003171735334512761,6.317835534537748e-05,0.0001373474713156782
507,5,3.777864293770531,0.0002368776401266099,1.6333840401550414e-05,1.8630022185546758e-05
508,15,1.5913043666266469,0.0008954552749302443,5.812210717983247e-05,5.926862339195454e-05
509,8,3.5376110002725967,3.2329940450537895e-05,1.0230315341185556e-05,7.757681595660303e-06
510,15,3.1101576133830497,0.0085194333467637,0.0005419722181641965,0.0005616452532889925
511,15,2.8959935800538843,0.12473181771753007,0.007857499344127328,0.007605319644571293
512,5,1.713194178547393,1.2606224681977495e-05,1.9403862563444512e-06,1.6550987602178668e-06
513,5,3.8475555126440044,0.0017389245728700097,0.00036483516091604133,0.00037921740459995955
514,11,3.3450682865550148,0.0003467280020157619,4.7185577852548787e-05,4.9289362029883253e-05
515,11,1.7295105310986034,0.0013135603698433685,0.00034047865792729366,0.0002986014478704261
516,5,3.465355947135686,1.1352023881582481e-05,5.045326170618963e-06,3.91342716039087e-06
517,8,3.620403538837859,0.0006783337426305626,0.00010621915868889518,8.334147720499209e-05
518,15,2.8157718280675392,0.00026734264030414375,4.04720894251876e-05,3.821031669138062e-05
519,15,2.487618569181399,0.0006161508291459814,2.825199096571089e-05,2.630255633668645e-05
520,15,3.698847080514583,0.04060523678221388,0.007843940610007628,0.009967663525043524
521,8,3.397577994839331,0.0002933198778152071,4.5267304204579765e-05,4.8951763537375754e-05
522,8,2.0871046233096227,0.08359495811737805,0.014662355625503599,0.02104323523096503
523,15,1.5645028506989114,0.0430917872762215,0.0025570014114357368,0.0022928914345911027
524,15,3.834173033788217,2.4147751669064107e-05,1.7938227572641317e-06,4.041482320600027e-06
525,5,2.365091294835945,0.001951006277805911,0.0004902627131585314,0.00039707796297479183
526,8,2.063661700168838,0.011907374895212123,0.0004462361872802322,0.0003752166879321905
527,5,2.0171146588468982,0.0066546681815483205,0.0020314416974595087,0.0015202914659902165
528,8,3.187409728451276,0.013018649867672281,0.0021817784712527518,0.0019125666334466266
529,8,3.4427941960584914,0.037246259905650246,0.008207654489132948,0.008521314422237825
530,15,3.6293480700928664,0.0016229028643227567,0.000325967047555766,0.00028686659382240015
531,11,1.7720147749282802,0.0017192195661599773,0.00017413277330204338,0.00014468887095431973
532,5,3.2193907756275317,0.008715575705681171,0.0005697802752902148,0.0006409655644045263
533,8,3.2224300561424672,0.02189739222617312,0.0012654612180327818,0.0011580261782043212
534,15,2.327084231765924,0.006721589979439905,0.0013280353735191759,0.0011148020516607755
535,15,2.9584202624939007,0.006939679972897539,0.0006774052654969162,0.0005223397477697178
536,11,2.581297566680069,0.005076866745022322,0.0007178990692341856,0.0006182562898960719
537,11,3.719972484015024,4.8853401225787215e-05,4.478643034496088e-06,5.220137648122084e-06
538,15,3.2483668653217985,0.007598749069429699,0.0011860733782743946,0.0012098352599728686
539,15,3.8131123621526175,0.0015250119655251825,0.00019379588327401656,0.0001779009472649166
540,5,2.4157075082195627,0.010086383689757561,0.0018026394744302227,0.0015260145484938706
541,5,2.6090583902261306,0.0023454313671229855,0.0003145537647759827,0.00026838860059980035
542,5,2.8483309285999185,0.0009604109387261023,0.00017144348205578382,0.0005005696518796043
543,5,2.899446246432481,0.01217151748701738,0.005083197461739434,0.0044579162673076345
544,8,2.25903386093718,0.25892222812496707,0.025332820522871675,0.02258876226459826
545,11,1.9334005580062779,0.005672906830069375,0.0005899656777376163,0.000572464238297157
546,11,1.6499455877062323,0.003558930990260005,0.0003597276600897511,0.00035965236367109976
547,15,3.0341965993233,0.00018609807817978203,4.454999373553575e-05,5.042143465329772e-05
548,11,3.804436031717218,0.0001166055305987312,2.5540029921497093e-05,2.2741375679405395e-05
549,5,3.5977947677653477,0.08893938883033906,0.012558787909407659,0.009810976840968839
550,5,1.6490286700943801,0.0017919009507890002,0.00017874670561262334,0.0001619150043558516
551,5,2.4277382610287193,0.25760837878890075,0.0685161923599179,0.058588960313019134
552,8,3.90392733857607,0.00011459911832379274,4.3284029679012016e-05,4.201276351740583e-05
553,11,1.9706811274577642,0.00014866995172061837,7.7823271502958e-06,7.14226372175397e-06
554,11,2.851156964885909,0.03248387439064621,0.004244382307884624,0.0036675154620083466
555,5,1.8616464116252482,0.49370251563539125,0.036312845748781755,0.031373052825914786
556,11,2.8813774540507606,0.012427909655459424,0.003594723564290467,0.0031735624694971655
557,11,2.4378819324085255,0.03476212672138834,0.004664173239886443,0.00521242251148581
558,11,1.7967801665243874,0.047772426630986756,0.00168620528298486,0.0018749230481448435
559,5,3.0887768076796007,1.0106221705377297e-05,3.3768546247600917e-06,3.2916919054868317e-06
560,8,3.419751208916777,0.0007851882398819142,0.00019810217552717962,0.00019134047214459105
561,15,3.9299940734033645,2.316115027149563e-05,7.527193559095346e-06,5.66557739977754e-06
562,5,3.384183682424107,0.00017517272384236297,4.413105824308822e-05,3.3759849234414405e-05
563,8,1.926650525488014,0.00024085740127535523,2.4726597996550112e-05,2.0430246725854068e-05
564,11,2.5941812339415633,2.3429783334173933e-05,1.8448553583262504e-06,2.001389957010213e-06
565,11,3.7141376433151443,0.1105986171182014,0.019797074501072345,0.018408233098111126
566,5,2.6908964383951677,0.047488280309311647,0.005344809451987076,0.0044362611742742005
567,5,2.599834765680499,0.09651558251781377,0.018818718039742097,0.014502173683308693
568,5,1.9463304562769796,0.035128813183195516,0.002107170299703951,0.004011966505737966
569,5,3.758188684813907,0.010869644379352998,0.003946433623050067,0.0034589068469993486
570,5,2.1684027526759704,0.06524297795489749,0.02131280827898454,0.017195387086085655
571,11,3.353194488184761,0.00471927363479879,0.00034410168774676945,0.00034633361272812024
572,8,3.167147716032451,0.002294486173053973,0.000570675798491166,0.0005040593743927517
573,8,2.469724111590265,1.1023284769728326e-05,2.8363843086927534e-06,2.196516797514026e-06
574,11,3.656251727580417,3.296069729391325e-05,7.220919485586149e-06,6.058677829841159e-06
575,5,3.376269769365247,0.00777571917103259,0.0020451417227388795,0.0018998305598091436
576,15,3.177879299107893,0.006491829824575992,0.00042803297604650356,0.00040628700290550024
577,15,3.3568259253166226,0.0006170701754807368,0.00019514342120550732,0.00015706578852675164
578,11,3.2994145516885705,0.047825019858353475,0.010303177078571094,0.00792644374624873
579,15,2.0371063594843455,3.4152014988387024e-05,1.6855702154965193e-06,1.325731311274068e-06
580,11,3.160001178240537,8.513687197216893e-05,6.984248392295632e-06,6.282501689685377e-06
581,11,2.145352603249786,0.0036889972940591137,0.0004720461454747874,0.000526022316448576
582,11,2.8555324200167505,0.02694404518801461,0.0026393895264825427,0.002181333989425032
583,15,2.816775188650589,0.006924350169852987,0.0006919051212695155,0.0005464567065749415
584,8,1.8894827263210918,0.00017764966990394982,4.587730029412412e-05,3.715939352138969e-05
585,15,3.3731158042093705,0.07204732456547307,0.006023931927260869,0.005353302092546459
586,15,3.2446269203765743,0.00011640826806958483,6.638576884352777e-06,5.697413151665979e-06
587,11,2.7205883202228014,0.0007689319752821394,0.00017573833419923192,0.00015729038474996047
588,11,3.2850595385676,0.031072628658454518,0.002181636351128253,0.0017235484208940055
589,11,2.6847880226272185,4.717888489952943e-05,1.0080918741871015e-05,8.91191506662368e-06
590,11,2.6299437392193243,0.0061738201654814,0.0004292397880741103,0.00037932417505530776
591,11,1.8109583977248154,3.2098404217363476e-05,5.4102090434805084e-06,4.529204995047736e-06
592,8,2.8454286864037264,0.0027016197537589955,0.0005620126440274301,0.0005743907549861204
593,11,2.0476470027968823,0.006991307033322857,0.0005335005046402145,0.00047398705803947225
594,11,2.8280729468755093,0.00044705056043036585,8.090435689471864e-05,8.926020771281092e-05
595,15,2.0869486749954063,0.09935121651170663,0.01798029303410268,0.023578708440081923
596,15,2.2250547842501556,0.15518367218349766,0.020305017436929015,0.016680323828354656
597,15,2.8211898760305725,4.73047566464639e-05,8.720104458360884e-06,7.355530311421538e-06
598,11,3.2696513359939865,2.0837359820768637e-05,1.864359204545904e-06,1.3910918558080708e-06
599,8,1.6374097871187019,1.5349543825826068e-05,1.4647277810557212e-06,1.208419226838572e-06
600,8,1.73826668965278,0.05511479930693179,0.00805262306863411,0.006572270489406891
601,11,2.0331529191989164,2.529707418324931e-05,1.3448123096746726e-06,1.8561136160121384e-06
602,8,3.8270647318249145,0.1463399804584897,0.04719877734531143,0.08232494321763321
603,5,2.214576583441115,1.961442532583217e-05,4.5760261605356585e-06,4.22791152901759e-06
604,5,2.959576695439066,0.0006152963661563394,0.000166689076522576,0.00015714678410555651
605,15,3.0187744180337335,2.7567473834994088e-05,6.431520852389645e-06,5.090845607842047e-06
606,15,2.460467842629376,0.00044612773409999004,2.651358972546299e-05,2.80302303785643e-05
607,8,2.5172433567340895,0.003418564826140468,0.0006128310908988723,0.000470144816851268
608,8,3.923864008574192,0.003503014696203862,0.0008308990830424505,0.0007540650263560238
609,11,2.5223023560226996,0.004798102612281863,0.0006842231614340509,0.0007836983197945726
610,8,1.6619674493927143,0.2576983205261293,0.021458786649998757,0.020815628097244476
611,15,1.7840130597550612,0.0028596760250175677,0.00010538314737657458,8.990852164100145e-05
612,15,3.873335319852927,0.015894101518586515,0.002847367358693496,0.0026463337339114284
613,11,1.6503654845050981,3.8713761095381326e-05,6.139088152058646e-06,5.6438738146163625e-06
614,15,2.587471870566376,0.11731360053492786,0.01208955033306782,0.009320091350386889
615,5,1.6894159470836942,0.0007224966339201395,4.698866650256137e-05,5.2666861967254924e-05
616,15,2.5850238709797835,0.010424265989064487,0.0010202999618636219,0.0008133561953011993
617,5,2.057204806637229,0.001729228303952755,0.0003178339722976991,0.0002827586241462215
618,5,1.6616394050341776,0.000676247207819902,0.00012621807858348118,0.00015823801143342896
619,8,1.9852196252779215,0.005715155344241478,0.0013011921861971027,0.0011578030994539262
620,15,1.7797727373433259,0.0029444175433915856,0.00035208814671332743,0.00028654307084154704
621,5,1.5675990627260457,0.04860769567323329,0.002278584790547853,0.0021088361331527434
622,5,2.719010994667829,0.3541591962745414,0.052410933928132786,0.041598815096268435
623,11,1.6954078904166097,0.006204913001594246,0.0006143245251281145,0.0004940336785898198
624,5,2.1062611209622983,0.014706670153928703,0.004041637583708759,0.003061758817169885
625,15,3.9566931253281155,2.0560586310180768e-05,6.448002487372071e-06,7.605713156740034e-06
626,15,2.675751783087863,0.0024278141891046975,0.00010105124084900355,8.827557758283597e-05
627,15,3.876914784278462,0.007654355960397804,0.0020701692477088827,0.0018337606413420448
628,8,3.2395110177857784,0.00030298023306345444,5.2523015108549555e-05,4.624158303084745e-05
629,5,2.386420019161574,0.012124298305552348,0.0030161504881520487,0.002510353636720641
630,11,2.864226178315972,8.206642438996976e-05,1.4733653018775308e-05,1.3595749406219829e-05
631,11,1.63203916284128,0.016349800121548613,0.0009211008549681711,0.0009571437510256899
632,8,1.8590225767370112,0.0003074186786689015,7.46386695847345e-05,6.396733305813265e-05
633,11,2.340569701051322,0.0037966383585994424,0.0003395471807915514,0.00033999740136983145
634,5,2.8089607661468654,4.2234341713802364e-05,9.172049120642066e-06,8.742722892250033e-06
635,8,2.8442399269670946,0.0008263110245009802,0.00023362034274118144,0.00019450608648291024
636,15,2.9003755041626382,0.004114301282812923,0.0003985157165698008,0.00032652807935823735
637,5,2.0186735457621303,0.0006814301655400796,0.00011929301688260877,0.00010521896471491916
638,8,3.5238132444577235,0.0026365053264569005,0.0002679665861121106,0.0002343740168087647
639,11,3.3187871287327537,0.04826678466203246,0.008599786766004123,0.006940369394416496
640,8,1.5265934605228657,0.0002996506471761973,3.207544829207617e-05,3.5493733579556225e-05
641,15,1.912014209709284,0.004552144505714666,0.0002223574115293521,0.0002403943844640446
642,8,2.0044071858012873,0.00011219843722527848,2.730326513887658e-05,2.1624731601147002e-05
643,8,2.096748445993102,0.00554827072598411,0.0020579773857242675,0.001556781104290128
644,5,3.129365265918818,0.000117274013884132,3.5973867260979126e-05,2.8920235576883925e-05
645,15,3.177647691040917,2.802375331371413e-05,3.1184509202143456e-06,2.841667959977699e-06
646,5,3.365578991260572,0.0007769583108641159,0.00023766115848205388,0.0002269853130335039
647,15,3.8616857109820386,0.0014606926067907994,0.0001312276433579239,0.00011780881335172997
648,11,3.1563139079021636,0.0002540308323510701,3.933260364649513e-05,3.4126744075219995e-05
649,11,1.5778289227694808,0.03252010691383237,0.0025751380010182595,0.0021410791682414084
650,11,2.581440050262814,0.0006395501251268219,2.936137355911305e-05,2.766655353995791e-05
651,8,2.3909753838630943,0.0004935190271386342,0.00013309578269729853,0.00012467657359567448
652,5,3.4102561612739315,0.06134389997132971,0.019251379324219556,0.01676745087840591
653,5,1.6233623775208397,0.0010886616857381617,0.00027784203813218566,0.0002452439169906653
654,15,1.6340101862342102,0.0006795053302191601,4.665379497573101e-05,3.821449256265845e-05
655,15,1.5683047570951134,9.00682395348996e-05,2.2107982805079788e-05,1.9142004139338995e-05
656,8,3.541250776085651,0.01800191462006079,0.003366321566056698,0.005037253718599769
657,8,3.1053112176689046,1.4016720392238241e-05,2.2557368635380606e-06,2.316679409951782e-06
658,8,3.8931378212903556,0.0006568570102132542,0.00014565959045288003,0.00012615380787216006
659,15,2.2278220941471125,0.14278045726604213,0.007427262344099082,0.007784181040346512
660,15,2.847624682016167,0.0003673460465468657,8.693946133678895e-05,7.201950187237316e-05
661,15,1.6981038202495746,0.01756999123847966,0.0020479013653727117,0.0018034203286653333
662,5,3.9094131291645966,4.8085102183160165e-05,9.581974751874353e-06,8.040989925133976e-06
663,8,3.8691630823720113,0.00029354923286543623,5.120529811583872e-05,4.574933654265975e-05
664,5,2.848105817125536,0.00011025955308150706,3.0201640605364315e-05,2.409880892202106e-05
665,11,1.624133360396337,0.00024304674009719947,3.684927133662733e-05,3.0850008139642834e-05
666,8,2.2590835295153866,0.07767521728299989,0.009013478243818592,0.012073654343975304
667,11,3.900444444167699,0.036065355201861736,0.009898567317602197,0.007539294427324157
668,15,2.612166521630488,0.0021392811972405588,0.00011858433464764112,0.0001776308724651941
669,15,2.0229526222533836,4.960779074651142e-05,4.522707108620329e-06,3.866805107114101e-06
670,11,1.6164945853746138,0.00013173131441512455,1.1641174219625525e-05,9.476438425808147e-06
671,11,2.678240653387107,0.0344851917976951,0.004971169996448925,0.00469064973730215
672,5,2.213715777745751,0.2958998216419799,0.05732324572544707,0.05292514054335765
673,8,2.5896515204874775,0.018459598731241027,0.0041550361312964156,0.0038279968754103837
674,15,1.606798468938651,0.0001875635684102622,1.1811374128492695e-05,9.586361615942442e-06
675,5,1.9533297957260896,0.0003008078853363359,2.15981904639463e-05,1.948995434375613e-05
676,8,1.745449094419857,6.797469870598014e-05,1.2882577037349924e-05,1.09016867894355e-05
677,11,2.4370652616310773,2.883210728349471e-05,5.98946072335117e-06,4.628234739705248e-06
678,15,2.3336493076247664,0.018628259438410212,0.0018713075969665587,0.001975968499041672
679,5,2.5432340610246253,0.00011075751140534228,1.4392903872781418e-05,1.2247648191619496e-05
680,5,2.474752217466368,0.00013106195365362807,5.282182738424562e-06,4.433972623194905e-06
681,11,1.6518295501536602,1.9662190417050108e-05,2.602432717470184e-06,2.2502705040846034e-06
682,15,3.1835601222777354,1.0731992823703205e-05,7.420471872436444e-07,7.763989007540273e-07
683,8,2.1013546148234967,0.11923267571380765,0.004216663629566847,0.004031374600800713
684,11,3.2593110316562806,0.015904585088014955,0.001472257900815244,0.0020225082289984223
685,11,3.073821089152198,2.6009876739719373e-05,6.500158041595266e-06,5.245527140124719e-06
686,11,1.977933987462293,0.0008963397210136548,0.00010234754217443417,0.0001310757753035715
687,5,3.2428447598210277,0.0016993643193084185,0.0006006242699955933,0.0005781891262574238
688,8,1.9062398034410761,0.08888198346565694,0.007847561097522207,0.00690444557189046
689,15,2.5934952931870816,0.0003843952742698696,5.006602582007926e-05,4.27412241704653e-05
690,11,1.999433199167709,0.08375133221153935,0.007619557165521876,0.007190266735013457
691,5,1.868584196349713,0.0012827472762825087,0.00024231638831140345,0.00024855509035452597
692,8,3.104745297560922,1.579841680723785e-05,3.229255614568242e-06,2.5444640454801096e-06
693,11,3.813356678797706,0.001606772627037417,0.00028059013031163577,0.0003302093713717616
694,15,3.4018955868801153,0.00019944060655953706,3.075138465143812e-05,2.8779918646442384e-05
695,15,2.7787483089330114,1.072923601552015e-05,1.6375389925052966e-06,1.2776346406964626e-06
696,15,3.9657224388867545,0.1161944717996589,0.013978184380897929,0.011509001016120157
697,5,3.4532407239558527,0.07772328510385287,0.027670446090495897,0.0205961401455224
698,8,2.0876578957066645,0.0006927884596191767,0.00011028153646119929,0.00010089833117805369
699,15,2.629398479093047,0.031467909525962054,0.003973191491692,0.003045171801359531
700,15,3.624510254901798,4.7502752365125984e-05,1.161788211055635e-05,9.49789968092122e-06
701,5,1.5270971573852292,0.004541123241397401,0.0011314104504275687,0.0009130995367561607
702,15,3.448013795753414,6.035026696853425e-05,3.191551296465678e-06,2.5915884318597875e-06
703,8,2.5016047738692087,0.00044436870225636184,6.14576046070899e-05,6.093064666351576e-05
704,15,3.661469328071342,1.2901365724231768e-05,1.5858058558265776e-06,1.2391246593303917e-06
705,15,3.9645773626339436,0.00026475814721140065,2.7844643893289547e-05,2.76547810319864e-05
706,11,3.377580720715497,0.00018988558095112164,4.0922962282018824e-05,5.175151900951253e-05
707,15,3.973916896812842,0.00218190482116342,0.0003435400525974094,0.0003125659151592607
708,5,3.275707251496894,1.4650822359801665e-05,2.6848978094571305e-06,2.489898533403345e-06
709,15,2.289323208323257,0.006630720032978059,0.0003704441672804783,0.0003331509243209751
710,15,1.9426493543321612,0.0017072921060892578,0.0002424932949370478,0.00021188876045520632
711,5,3.7621957571281466,0.07723369625964228,0.006942154301317902,0.016224511897521367
712,5,3.1380074234454405,0.00025690334113252826,4.946995733598111e-05,3.8257591774094235e-05
713,5,2.145586047654809,0.0003492286864978488,0.00011671418178961295,0.00012725681937043054
714,5,3.713323192843685,3.2568763066973585e-05,6.254301108970243e-06,5.952463097537956e-06
715,8,2.723664607610326,0.0012308703339504838,0.00011775718989957476,0.00013162318413640408
716,8,3.2968243150586294,0.0016944639005098603,0.00011146608458049927,0.00010134013997129687
717,11,1.8859713241256213,0.06849924456365565,0.015540721978908122,0.013012151111913776
718,8,3.144296225931954,5.511491163463194e-05,1.3786964489934723e-05,1.5093523464400042e-05
719,11,2.6669635445857756,0.20698167743565785,0.051139528406374125,0.04297625284718754
720,11,3.9188438114242885,0.00012481908792861914,3.5104502290443337e-05,2.6941933936319094e-05
721,5,2.8954613545153527,0.0003038536296582262,5.255861068193923e-05,4.127088053216721e-05
722,8,2.452079458705647,0.005337321391160766,0.0008127352746033155,0.0008468821010308434
723,15,1.6874111605974147,5.8324260004128104e-05,4.7809971428261354e-06,4.148841468310477e-06
724,15,2.2906288693220724,0.005654391203280782,0.0005358321430184304,0.0004448861981761147
725,8,3.3816210118565833,0.0005585731986432541,9.997357806439187e-05,0.00021525450270572872
726,11,3.032170921850873,0.035497147630176716,0.013122652005970386,0.01493337553318467
727,15,2.121977142542697,0.0029758706729350005,0.00012161375145747414,0.00011689100066053538
728,5,2.853598555286596,1.6006089600964864e-05,4.540916260809009e-06,3.636846435467207e-06
729,5,2.342364432222026,0.022208861601726165,0.0017850361080136122,0.0017792486852119729
730,15,2.249201081468833,0.0031696337786515857,0.00018112056030450004,0.00014494801422433603
731,11,2.335431024466699,0.15212204409858893,0.0052318962932738425,0.006342807459057723
732,15,3.3254506088585947,0.020513038341066873,0.004891560912893715,0.003848764463398307
733,11,1.8428408029610466,0.00620432553875276,0.0014161160483746867,0.0010673598522324766
734,8,2.904953468415754,3.419812858206762e-05,6.1370637597439215e-06,5.252857233209292e-06
735,8,3.33665600489278,0.00029558567624512127,8.854567587978093e-05,7.726268779943876e-05
736,8,2.074688556289758,0.0002563080861653784,7.159123801877696e-05,6.12267613617661e-05
737,11,1.7342006586189915,1.5328849070976898e-05,8.934337292535524e-07,7.049471321338125e-07
738,11,2.2097013023123475,2.3909386278119826e-05,1.369179995947865e-06,1.148457306248083e-06
739,5,2.402444058818367,0.001808381265393908,0.0001630207958550577,0.00014105502321883287
740,11,2.4277476546159877,0.16864244121473973,0.02330846822278138,0.023341272135083815
741,15,2.45761079921491,0.002534957177902512,0.00038517174216537935,0.0003251831729556299
742,8,2.1208395260135804,1.170880401358682e-05,2.6858790307825656e-06,2.2002784988780315e-06
743,5,3.747922744457982,0.00021089774693929694,9.108634647679199e-05,7.378262649655256e-05
744,8,2.545013554164021,0.0026378055268872044,0.000857266902993769,0.0007984159983858888
745,5,2.922079769035558,0.001850132753638691,0.00032391913419810466,0.0002826647467325172
746,8,1.680560868607051,0.001935359747098931,0.0004072149350769984,0.00031934557121019293
747,11,1.6102486145535266,0.029441114109842216,0.0020140454704236877,0.0021566030235155454
748,8,3.3138114920308817,0.033677035140860616,0.0036203836711334843,0.003291098610504059
749,5,2.3067796359813624,0.0002892155668335358,5.565343700327648e-05,5.635995877369786e-05
750,5,2.67264840704739,0.025055110574518417,0.0072170068647198545,0.006909224071856222
751,5,1.7636936608025744,0.0031981109131060978,0.000214993942059798,0.0001860796355816351
752,11,2.253683232356255,0.002305957795676864,9.00436269776542e-05,0.0001313909243206135
753,8,2.0859963001285995,2.9227782950669037e-05,4.207386818457992e-06,3.6346146501454977e-06
754,11,2.2652391273109833,0.0010372293188034623,0.00012002470798808094,0.00012353438496634907
755,11,3.0634598924188796,3.557876257118379e-05,1.1317609179490479e-05,1.0003051287368975e-05
756,5,1.7511625886081035,0.00017230192198145977,5.9071859710644055e-05,5.412417755228214e-05
757,5,1.8612171396482777,1.517253048168105e-05,9.892479856560453e-07,8.083760210526309e-07
758,5,2.356756935931982,0.003948480799151464,0.0016145140922332372,0.0012213990088571752
759,5,3.0689522469547867,0.0009069985176462785,0.0003111068645240808,0.00024833941643156906
760,8,2.5795291221742227,0.001941705445410509,0.00011932461592513221,9.78679517941275e-05
761,8,3.6385801651795373,0.027264378857747594,0.006856252290124057,0.005786978417153615
762,15,3.409457089922787,2.1519888483186547e-05,5.6772547532332825e-06,5.592223362826331e-06
763,5,1.8052739993047786,0.0191927438791795,0.0021049527131271643,0.0017315256248533273
764,8,2.149070208644748,3.2601985341649116e-05,5.394920108072422e-06,7.138981847057521e-06
765,15,2.534357690923157,0.0002536781547450058,4.886958319279379e-05,3.8074843007887694e-05
766,5,3.1347613424160508,0.0006998384572072028,0.0003076909593937458,0.00023586616205358477
767,8,3.011847155788762,0.024639377627289055,0.002913439351843811,0.002612986766936514
768,5,2.930815610520378,0.3150672875495382,0.10881330376970325,0.13377962834953414
769,8,3.0198917870594943,2.4022588850295274e-05,5.446602489134338e-06,4.315819717021123e-06
770,15,2.207330326987014,0.05321497895878716,0.005296598515256858,0.0045819082771886965
771,11,3.3766366658424536,0.0012413679974368444,7.840916809115833e-05,6.424154028419379e-05
772,5,2.676876370397567,0.00021432677485703515,5.3253342167605854e-05,7.928260349273166e-05
773,11,2.112053793510692,0.0004566608114127683,6.0213147022546916e-05,4.7248481609269736e-05
774,15,1.514777823091989,0.0008907607080510178,2.835536802846516e-05,3.081678218394569e-05
775,15,1.6917275915644414,2.2037778135133364e-05,6.250999691686949e-07,8.763538756625326e-07
776,11,3.531978403303154,0.018943773645086908,0.004152725670221315,0.00383684309721753
777,8,3.735734025876916,0.02240779488839918,0.006919532451107115,0.00539374868366062
778,15,3.681849491282934,0.0882648918831053,0.01635430565377492,0.01476272217375191
779,5,3.683784862989886,2.5527410349150704e-05,3.5139665097410167e-06,2.942188464025858e-06
780,5,2.9782488532028686,0.00029190701380234533,9.518727733989608e-05,7.191723166921674e-05
781,11,1.5524219564230524,0.024373721717830223,0.000964717743155118,0.00080147887167891
782,8,1.7910821100568932,0.00021082229230148417,4.308326956889137e-05,3.499784498167784e-05
783,5,2.7519396021705727,0.13031698520312465,0.0239161261146092,0.029070898370874395
784,5,2.7146280502420663,0.00794624327036575,0.002915106533853128,0.0025620060042122047
785,11,1.6532303684181957,0.039247116120322945,0.008153741776609784,0.006240310924634924
786,5,3.3326409193167894,0.006195537788700109,0.0028715368524543216,0.002306248033751696
787,5,2.4095998014838242,0.0001524568617586648,3.188650524215729e-05,2.6571338897926595e-05
788,8,3.0499965311073667,1.0566990052353551e-05,7.223293652263763e-07,6.4028390245258e-07
789,5,1.6368541492487343,0.037739945781070254,0.007478623521373538,0.0069250729237246775
790,5,2.428446405063904,0.022883017017554706,0.009242192802018934,0.00788392673956945
791,8,2.911167532566062,0.016671592429098374,0.0036153417474377413,0.0034096024901386257
792,11,2.1207035467098367,0.0002577281489191564,2.1470535562240453e-05,4.136602346375862e-05
793,11,3.5005951209708344,2.9183020883764026e-05,6.8708588334200155e-06,5.912379598555817e-06
794,15,3.274458488850135,0.06375745651089329,0.0178561172445149,0.015128885069562786
795,5,3.5264788977985972,0.019606772590037378,0.004164556722873219,0.003400246281568243
796,8,2.574930589181815,2.6675228178179582e-05,4.4410471711649356e-06,3.909428359274316e-06
797,5,2.4425479878709306,0.2715121309582757,0.04004889993922625,0.04982727293390649
798,8,3.1580530246438037,0.0007861129375480339,0.0001437966830485301,0.00016097766512539115
799,5,3.65167041092642,0.0022463085899116055,0.0009493085920284184,0.0008914017976092172
800,8,2.190434840275513,0.00036976001633332267,1.9760582234848337e-05,2.5015237127341292e-05
801,5,1.5141945721555299,0.00024533475169278424,2.7892121564457956e-05,2.2502566037186607e-05
802,8,3.8986454003215263,4.00062137888959e-05,8.843690228829556e-06,8.02601305042472e-06
803,11,3.3405106180106543,1.3518961929332156e-05,9.770091729030059e-07,8.739978955318678e-07
804,5,3.2938423610319925,0.015080129259400906,0.00022812063569960014,0.00020187377036049597
805,11,1.7885638810095235,0.0204240217462601,0.0011677449343152344,0.0016687955159947112
806,15,3.264793156885111,4.2670490922646166e-05,7.022070936122836e-06,6.38497741774719e-06
807,8,2.7562946130001955,0.1923316447873175,0.04495018207334693,0.04135234797438685
808,15,2.424371147159117,2.7357898479522545e-05,4.561191082322635e-06,3.497131713850656e-06
809,11,3.7006734164044692,0.09832408307992897,0.011825863221677446,0.013019005388670585
810,11,3.0645481068533402,7.722898082938927e-05,6.538447542294667e-06,6.492216451961721e-06
811,11,2.592162107710407,0.0058141907997831185,0.00043088353543098396,0.0008142289488595577
812,8,3.546703171460869,0.0002637189529362877,3.9378968049106026e-05,3.536427416428583e-05
813,5,2.7552318267629214,0.35269008879351843,0.031586249964751574,0.027155161389481396
814,8,2.9542085638908024,1.718933449206611e-05,6.949597399642176e-06,6.979024882299568e-06
815,15,1.7082104283340365,0.050680834604493984,0.004557354401361858,0.004831533254223115
816,5,3.6667386944773908,0.02467479478675783,0.001605846633472535,0.0013632307919420336
817,11,1.8902628942352044,0.08650009844766819,0.005559246087728285,0.004519265779572517
818,8,3.3263237648680053,0.1076311777741429,0.01292614548267605,0.01147957665811143
819,5,2.6302783932489366,0.018447109901017143,0.0067736074148571565,0.005151938078607005
820,15,2.617743224830614,0.0011168895716157676,0.0002660389353501269,0.00021013398820430505
821,8,1.9912748306752248,0.01539726156027598,0.004547011580182759,0.00376368765724315
822,11,3.7197121600307397,0.000419220395324925,9.468964231918035e-05,0.00010220543826258467
823,8,3.4941517438004572,0.0004921812717960962,0.00012136628828412677,0.00010886978988274576
824,11,3.13593335059359,0.0026021024815358323,0.00035762167850836963,0.0002766347091843832
825,11,1.5608178820935223,0.00020567593254543096,4.489679472982218e-05,4.078540739992021e-05
826,8,3.7886873603797238,0.05984714599424256,0.017454159722615596,0.022790941566239436
827,8,3.286630152046827,0.06928354510275364,0.008842845523292554,0.009100023526084307
828,5,3.1258126751251165,5.751421941353534e-05,4.2655468660853416e-06,3.970499586807058e-06
829,11,2.003555129757654,1.08280971472283e-05,1.0943717408334e-06,8.675873208912966e-07
830,15,2.67508438314299,0.08141016894793167,0.01282988341218379,0.01778570102177904
831,11,3.5525217804421407,0.0064961447494297185,0.0017520065439396854,0.0013398859528202527
832,15,3.223008572955094,4.1452426934972966e-05,2.5079516335798353e-06,2.209293052717147e-06
833,15,1.9501482078159618,0.005947351875348765,0.0007334994037683243,0.0008299905211189727
834,8,1.9882802275622549,0.03312738740149641,0.007044350200076417,0.0063332780227181905
835,8,3.3570710796748777,0.00026246730147236173,9.00138830667631e-05,8.378186455989281e-05
836,5,2.8147568873068027,0.0005349793027199723,0.00014506776793060048,0.0001283379617405019
837,8,3.254092816637292,1.1326944039550788e-05,1.825099577012555e-06,1.5157928526953298e-06
838,15,2.344768441671399,0.03041095616889761,0.004724201408065632,0.003973472726881298
839,15,2.081657301131619,0.049989765654132066,0.005259690714120066,0.004238665725595203
840,15,1.9420620311041465,0.04284797960334609,0.004692045159356508,0.004017694126820699
841,11,1.6813922067778209,0.015642546583852397,0.0020799031161986303,0.002425543599653207
842,15,1.6183560842832379,0.002269609374999179,0.00024650318467025567,0.0002007623917556307
843,8,1.923638230459922,0.0019650780937302257,0.00046217233002247116,0.0003936735972554825
844,5,1.5459683405155042,0.006065633857693156,0.0005708344366009537,0.0005849878031225203
845,15,1.6887928672064683,7.751259778180654e-05,6.187438286673922e-06,5.481044149319768e-06
846,8,2.6510914437644866,0.19923140527661934,0.015151215089008034,0.014235177273651112
847,11,2.1818023173984686,0.14541310183406553,0.024558654191997417,0.02330136155184693
848,5,2.9022422416200824,0.08354298253608919,0.028827474994289927,0.026311577253059108
849,15,3.534760716360566,0.023688773678809113,0.004208109429963442,0.00393348890900153
850,5,3.78299194141874,0.0005403682547104583,7.975014627931678e-05,6.445070612771168e-05
851,11,3.5971491821730877,2.4811418763816626e-05,1.7441023841177343e-06,1.7187635108090687e-06
852,11,3.743806247744674,0.0004003559059481565,8.039649956460642e-05,9.608395606831613e-05
853,5,3.3274985662425185,0.0012745420841891618,0.00020105121434488868,0.00017119777750930357
854,15,3.109590726652873,0.07171679086790826,0.010710230892076688,0.00992196555731765
855,8,2.806199956098865,0.03766814767974806,0.003255849911776439,0.0032797111037199986
856,8,3.5330555517166164,0.0009599940832021467,0.00034837438158750685,0.0003128834921880025
857,5,2.4304868972829077,1.1520096897642718e-05,5.681860716673864e-07,5.175289988311697e-07
858,15,2.732389992742691,0.009761486469818958,0.00046604612321139943,0.0006403418454479995
859,15,2.284048536490403,0.00026181890942093003,9.324556016910467e-06,8.649597261943283e-06
860,8,3.6386464075361107,0.0002138450718361655,2.3844607912612208e-05,2.268291170666964e-05
861,5,2.9091104551359233,0.0015442625168732118,0.00018997797147147182,0.00016955401395860934
862,8,3.856004570860336,0.20325344488580974,0.027441356457876674,0.02225664939069798
863,11,2.7845450427195177,0.0364992718653134,0.003052711786097434,0.0028319096704522745
864,5,2.024658528596137,0.002390312306446831,0.0005151525674216627,0.0004161701398734935
865,15,3.5374521486710204,0.0220505565913219,0.004129819720882356,0.005122969424980838
866,5,2.6621477745958124,0.007821572101346161,0.001190980171445507,0.0033027724029661408
867,15,2.115964703264219,6.355092202085525e-05,3.6942241118035387e-06,3.192492086450557e-06
868,15,3.5917116386730155,0.00018087273181697868,1.3884939362717355e-05,1.39610971669287e-05
869,11,2.3927241145887876,0.04168704683059895,0.005447878316983669,0.005409836039015416
870,5,1.7476356163609161,0.22629021635975,0.011875342467084124,0.0111268637172973
871,5,3.0608123691244593,0.002780142901705685,0.0003154787033630387,0.0004754099604111887
872,11,2.2720622141030162,0.04637534790999786,0.0021121893991424183,0.002759419069555596
873,8,2.943075636657111,7.434165508351202e-05,9.830922074280396e-06,1.4530993963198789e-05
874,5,2.8011619749008205,0.0014694877875278513,0.0004897047421610116,0.00041715089077828135
875,8,2.5001919510383392,0.035066279158456816,0.004362513420041256,0.0037768854637662856
876,15,2.3939731728786566,0.0036814594914021813,0.000563057607383818,0.0005111744622342798
877,15,2.503949685071328,0.01761919882558905,0.0037271352773115447,0.002869871229483063
878,5,2.762067200301106,0.03470636402690338,0.0036158389876141932,0.004207815746355143
879,15,2.733654820936419,0.03848567791477499,0.005238545439438526,0.00448842022596711
880,8,3.0918141838632174,0.041787793844244366,0.0060028020711909,0.005104336585323085
881,15,2.0914448962999,0.00023816350857063526,3.1174482752714584e-05,2.4266349974394264e-05
882,5,3.3028449619761453,0.00119357302415995,0.0003587733397529819,0.0002844376820108779
883,11,3.046275131559513,7.536750430918049e-05,1.8315212241906504e-05,1.661681697540317e-05
884,15,1.9902212031856972,0.0002798770211465896,1.9431278060131538e-05,1.8348391315815056e-05
885,8,3.551384464424846,0.3035637605155405,0.07431003951741147,0.06744788577858657
886,11,3.0366210508273053,0.0011322117985287533,0.00020565851701508624,0.00019908367645921893
887,15,3.653472805318622,0.12266993993412499,0.02697777038514344,0.022212278511925688
888,15,3.481042056580593,0.012054033104571807,0.004525195703881838,0.003339825655611874
889,8,2.922151988332235,6.392752933019355e-05,8.738692096964488e-06,7.541927051004694e-06
890,11,1.8017127209782833,0.02044184039335934,0.0013310164421594952,0.001041261006942772
891,15,3.1966293767229708,3.5121288953157806e-05,3.2927007007323085e-06,3.0019500017216937e-06
892,5,1.7211290299996622,0.001477417122395827,0.00011647187129619236,0.0001261106550433834
893,8,2.498503509095018,0.0002371350033416487,4.379376771281959e-05,3.377729598256758e-05
894,8,1.9752146452367447,0.006064801577284101,0.0012600594601892856,0.0011054239416776884
895,8,2.076358501872989,1.6122038765276205e-05,2.4596140148438663e-06,2.087546830043763e-06
896,15,3.6210211801532632,0.023382816872794282,0.0045993783777929665,0.0037892077415502957
897,15,1.7521988042905832,0.0008722183053541648,6.483412524055059e-05,5.934236676284686e-05
898,8,2.3752997909799665,0.0018027459255538466,0.00032339333071164557,0.0002674351837640339
899,11,1.7728142958435387,0.0020954252162269853,0.00016541073711383975,0.00017353035419596653
900,15,2.8984488442106677,0.0003393169342959204,5.427596294987341e-05,4.6130128954152045e-05
901,15,2.788663036486222,0.01186832714254532,0.0007360766632498541,0.0008663506784559007
902,5,2.483200516221721,0.002136430568538918,0.00016878020897876262,0.00015819066476485235
903,5,2.203783688968284,0.01761383835662465,0.0019629537624893103,0.002788055599180299
904,5,2.823069676710941,0.09940041343942202,0.017816549872491292,0.016368852233721722
905,8,2.4645057066577554,0.0953977826401199,0.011976618449339872,0.013428978976018118
906,8,3.8369877668792647,0.07054087196201561,0.022617006287284313,0.022436034762911505
907,8,3.059817616748126,0.0492587735710527,0.008722327411200093,0.008253240361864053
908,5,1.9666519581135729,0.0012152534205143984,9.48794169086918e-05,8.377466302086128e-05
909,8,3.7482580883492904,0.016637613129388218,0.002457699468491465,0.0019740478599923113
910,8,1.7118366506347975,2.8129793488428874e-05,8.169466621864211e-07,7.215199778142483e-07
911,8,3.05161732782752,0.0982955388745418,0.001501371743752495,0.0038787654206619807
912,5,3.351035119520577,0.0002915164834079052,8.536552262016334e-05,0.0001622770957526603
913,5,3.084071825223869,0.2525177114686554,0.06556374789876013,0.05855596991720376
914,5,3.574527248423725,0.10864346427804156,0.030151716594602095,0.034526279971218266
915,5,2.5317948879874197,0.00029427192024343145,4.976257569154149e-05,4.231554389347537e-05
916,8,1.738005289160045,0.0014204857987756606,0.00014483294827332202,0.0001340051178043656
917,15,2.360754680358932,0.0002605383126611115,4.252895274904364e-05,3.614805805819136e-05
918,5,1.5655351791219934,0.0007989867887195829,0.00016252309499197666,0.0001322987006677326
919,5,3.151813771472666,0.0032075672843004614,0.000861510498649166,0.0007472755506931134
920,5,3.310838970375796,1.0198986365948864e-05,1.1163289376473098e-06,1.053710316154557e-06
921,8,3.5261920078125977,0.01606197983868501,0.003376175182459264,0.002929587176361649
922,15,2.6634105398678565,0.0021387392801064174,0.00028836123270227715,0.00025986805130672456
923,5,2.1931088309887987,0.0007552670635466824,0.0002802099305878016,0.00021429578124328638
924,8,2.954350984031491,3.633620334472816e-05,5.769653782027876e-06,1.0839594941818493e-05
925,11,2.4228669704464827,0.0021141220767819935,0.00024693154658287253,0.00020500812177236486
926,15,3.2993858796584443,0.0005601086465999568,7.119797107323738e-05,6.206360068761586e-05
927,5,3.3008253832714067,0.012604143487885017,0.0019355359414991624,0.0015739013491185671
928,15,3.7977381221718014,0.011009450955697716,0.0014523139481088937,0.00124341878070141
929,11,2.124387724566727,0.044369555520325024,0.0028479052086903987,0.002574322355018674
930,11,2.7019796694607607,0.004157974460397656,0.0009009784082897229,0.0007146905601861125
931,15,3.3478997799140835,0.007687263658718523,0.0009722612409320472,0.0011972672762316158
932,8,2.5118965064326266,0.007396849304198863,0.001489963763961287,0.0016459007566415748
933,8,3.7986632950173864,0.09277367067748775,0.015251174096583168,0.012080233395647354
934,15,1.8872690298415336,0.0003434396233107954,2.3912731875124792e-05,2.088517037685932e-05
935,8,3.7653406593217342,0.000982866527033167,0.00014981281624302817,0.0001523694454136818
936,15,1.9556695192857738,0.0804632148841788,0.0016955909996155352,0.002174104465449666
937,5,1.7151235330555967,0.004172803683688688,0.00014766373183348934,0.00017294803248648
938,8,2.4633959904944938,0.016606203808490493,0.0027661587534108627,0.003593365050868464
939,11,3.360552412102653,0.00021925176363478635,5.917785195400526e-05,4.6137714137261454e-05
940,11,2.083854808167979,6.470719894045802e-05,8.719656535764264e-06,6.821415440432613e-06
941,11,3.3137781197995775,0.00046293840168653866,0.0001280050377342304,0.00012169078915344327
942,8,2.4964233839714174,0.010961576482419813,0.0025970140582537004,0.0023517325647008295
943,8,3.404641211259776,6.022973107864674e-05,1.5801002035993092e-05,1.3156937472275606e-05
944,8,3.545252410387203,0.049534158907055086,0.00835318463586561,0.008624130848490928
945,5,3.7305998377751086,0.0359695248076546,0.011869902217767531,0.011077773027692481
946,8,2.259681374747553,0.0004662771616832091,0.00013218475394788005,0.0001025010807608492
947,5,2.9869186026022088,8.843968170938875e-05,2.5441687765213708e-06,1.9629535476719066e-06
948,5,1.848969304301932,2.510549229074441e-05,1.445337790409538e-06,1.1744353249802246e-06
949,5,2.913816023873961,0.054689749182517906,0.01712703119714664,0.013318216747214234
950,15,1.6011240419333659,0.0035536771688179044,0.0005547467155988639,0.0004377613122007241
951,15,2.4736103604980046,0.016148529560288293,0.001353395911663995,0.0011641067980160474
952,15,1.607198837438438,0.003500063888790688,0.00011227447993393624,0.00010252332753927459
953,11,2.4899511892483943,6.286507717354224e-05,3.6868870823201956e-06,2.951175683838211e-06
954,5,3.3773243333219987,0.0018199104733538321,0.00015463434347854585,0.0002206990171012462
955,8,3.9065825405055725,3.465679847272426e-05,6.696040222358479e-06,1.7117149805248266e-05
956,15,2.3586946207961903,0.11966506390586716,0.0072562108862994495,0.006476402778383884
957,5,1.905468681509464,0.009112013749112045,0.0018495295033938018,0.0015763304388605127
958,5,2.7387574082332518,0.0024903373524177326,0.00036971678551497476,0.0003883159929957538
959,8,3.8415173422861018,0.03926393181765721,0.00951131110667023,0.010701450181916735
960,5,2.440861828446316,0.35241372203888705,0.030289568966097503,0.024868116052960132
961,15,2.5963064287589828,4.5116125819256726e-05,5.153748051349174e-06,4.4974110028890596e-06
962,5,3.554566712479458,7.377307939803432e-05,2.734357735859194e-05,2.1249410325508657e-05
963,8,1.7659261785139853,0.0007138223273307284,0.0002316415812398493,0.00020623363067082785
964,8,3.7508863813445696,0.008242917758281593,0.000997582590861814,0.0011212340529929996
965,11,2.1296726025295376,0.03203569996639413,0.004451679864556843,0.0034667733278951314
966,15,1.8509733044442322,0.026585184140260995,0.0058003193004893365,0.005169153833784824
967,8,2.8592771207091805,0.0008293315516041606,0.00020121461856292068,0.0001642871089582464
968,15,1.930966286030405,0.00010519173095464268,1.698574244522413e-05,1.474810202023093e-05
969,15,3.2021391210760437,0.0004533464920234536,2.5752648602813754e-05,2.771582210753249e-05
970,11,2.6903085536606004,0.01351460586302253,0.0028732305512492746,0.0022974743581974026
971,15,3.653029920381565,0.00031056593667292613,3.912101760083758e-05,4.0140600375167094e-05
972,11,3.0130419234537387,2.8645448825105324e-05,5.841562966433804e-06,4.545298918842789e-06
973,5,3.3168138126051243,3.067060188527791e-05,1.3071529499938716e-05,2.2518052040511857e-05
974,11,3.7204523637197857,0.00014861835926642566,3.9707370647108265e-05,4.047228743812451e-05
975,5,2.424700188739505,0.0002613179356773073,3.2669927655212854e-05,2.6823044032890158e-05
976,15,2.5010147038657675,0.0021346121331892783,0.00014541548728148353,0.00012769975807816212
977,11,2.6989252594158515,0.005372338106664762,0.0008079569639087617,0.0009161890991814435
978,15,1.9695919732913942,0.0016739785881741602,0.00029929154758814234,0.0002854413628955973
979,11,2.8293649773173026,0.07287800047789793,0.01577807380206713,0.019186556440992302
980,8,3.6234163790851657,0.0028681281560464767,0.0009485762687661556,0.0009375131372209431
981,11,3.2498986206229423,1.0239937006830156e-05,9.94925461521006e-07,9.40007259144781e-07
982,11,2.214331827156188,0.07212433484480571,0.005749985318416515,0.011966143433323513
983,5,2.9900767724023622,0.08740686036459971,0.038408990802655224,0.046078932115382096
984,15,3.766868798319509,8.441647820096495e-05,1.5892157997946987e-05,1.4799298836438085e-05
985,8,3.25211041867497,0.008072142790800464,0.0017854186041946218,0.001556033114508301
986,5,3.740853184160844,0.13444439568423208,0.023838827278953364,0.021259530177737757
987,8,3.942005132601197,0.004900005321255079,0.0008100266251700489,0.0008088424150695216
988,8,1.8586633722522081,0.013996493404646697,0.0019255395958809704,0.002705049235979109
989,11,2.563754952085704,0.11506679723122655,0.010658608970250876,0.009928304500211366
990,11,3.0032415664390535,0.025645088086186395,0.005646554178459905,0.004709528661695766
991,5,3.862597446847535,0.0035064261905135966,0.0010432704761097048,0.0009756259579281564
992,15,3.991462056080433,0.010737608440815154,0.0033102896296091098,0.0034104831385110466
993,15,3.9282397002862757,1.0077328893601673e-05,9.67776843105214e-07,7.92754796726569e-07
994,5,2.5133804323120894,0.041009704375067506,0.015207547972510754,0.03208316373041362
995,8,2.768186123038396,1.6855276675835956e-05,3.815824012029941e-06,2.7426459128560123e-05
996,15,2.16784624488285,0.00020268526109204298,1.0028362020090573e-05,1.4985703984634116e-05
997,15,3.8477441728920128,0.00042313839659142245,5.6802345402124114e-05,4.639167144849923e-05
998,15,3.559952058244326,0.01371841447010648,0.0007847246017257567,0.0011734436721577708
999,8,3.4047232988518683,0.00020221577550087706,5.789634990008404e-05,9.061678345842634e-05
1000,5,2.1087060757444225,0.029592902872945175,0.002657914062318972,0.0022470520251088874
1001,15,3.6570968291538186,0.0002310782679428572,1.8144915302441246e-05,1.5945036699932217e-05
1002,11,1.679913412645213,0.07503427096060691,0.0018353274164965416,0.0023923412814089596
1003,5,3.1480065572235554,0.00021693869385384655,7.614544815290886e-05,5.919087924469681e-05
1004,11,3.8679527256360626,0.13560048125314472,0.04325363624765519,0.03620608116275766
1005,15,2.9534306607815983,0.16061960315051102,0.010758238986100756,0.008980981982820508
1006,5,3.7567997466019145,0.00022125077024272272,5.615822341945969e-05,4.951199840173012e-05
1007,5,1.7586102158760544,1.3482592733556377e-05,4.230154909952984e-06,4.317924367975228e-06
1008,5,2.1260563156995613,0.0003747854636671755,1.4458069728355008e-05,1.1761581344207882e-05
1009,11,1.5592220754965322,0.04611918498239073,0.009097917987196311,0.0072390625971728816
1010,5,3.7951746131196233,0.0010529484889949597,0.00027828073806055907,0.00024165818099630148
1011,11,3.4384632930230037,0.0009276800759580964,0.00011720703862977233,0.00013800339415242236
1012,15,1.6918267291686402,0.0001333197351078962,1.960882233591309e-05,1.8712034533939584e-05
1013,8,3.602012070103161,0.002856166902647162,0.0005190661286680096,0.0005071993717798649
1014,11,3.8916215838994286,1.2657528159917315e-05,3.816198032200029e-06,4.730160871655334e-06
1015,11,1.6835297172103676,1.713892884374529e-05,6.012515667518132e-07,5.608351902618905e-07
1016,15,3.1842410377907218,0.0005004936243557421,0.00010708424047507423,8.979636478951362e-05
1017,5,3.6922700105330097,0.02044522891567436,0.006469787207221134,0.005412402476107155
1018,8,2.9319119076839733,0.0065984161695538885,0.0002902105677017074,0.00029680846826014997
1019,11,2.790934054275083,0.0210579581621826,0.0022814952137243877,0.0019957085410562086
1020,5,2.854427990726798,0.026666332662685335,0.00403728399136437,0.0033587644181177845
1021,15,3.1212588279919524,0.05428907078929336,0.011094994352126058,0.008888377622173557
1022,15,1.8824066783297877,0.002370810852190535,0.0002754136198937293,0.0002297184679968115
1023,8,3.813095811247955,0.048965852501972815,0.004783555618431809,0.007034398723744159
1024,11,1.5442410129060902,0.02384998375770174,0.002923022409039121,0.0024775496840199135
1025,11,2.213333639873092,1.4809407529434173e-05,1.1559409150968295e-06,9.368493939872352e-07
1026,8,3.4065104457460973,3.9307727756117395e-05,1.2680532645754852e-05,3.036994715613204e-05
1027,15,3.755101612213733,0.004498103870096222,0.0010866128010237307,0.0009318253437043361
1028,5,3.070896444095811,0.003575403314147787,0.0014768824246244134,0.0011223435599749176
1029,5,2.8070755207608817,0.020048862785166148,0.0022165297802088906,0.0021298315368974523
1030,5,2.0764234570794597,0.001137618959583082,0.00022853632497265943,0.0002051968721487777
1031,11,1.8191561555938116,0.0004997803548554168,6.872000016233844e-05,6.75332870847785e-05
1032,8,3.0119675139720794,0.004285107131411899,0.0011869729888352699,0.0017266220198298354
1033,15,3.066956429180385,0.117358234143609,0.01038803852160168,0.009266696385824297
1034,11,2.931835306229436,0.004625207604932331,0.0005368471276717095,0.0005009348651486012
1035,5,3.818859874555808,2.902258762880948e-05,8.166013849012285e-06,1.3051177512135895e-05
1036,11,2.5927108031018307,0.0005293496159835193,6.295157341333053e-05,5.502393329936295e-05
1037,15,1.5392918713008636,0.23941665144657814,0.0029038961937794135,0.002948470857143197
1038,15,2.3516619961602836,0.12389208335548654,0.00723039444231118,0.007459739318539251
1039,8,2.339843416688994,0.035096074938767485,0.0016809708890395607,0.0014098601882478836
1040,5,2.019780812587489,0.024434533163555223,0.005611145116001442,0.004877602678319919
1041,5,2.3429385248882006,1.7365557932914733e-05,4.04156979632085e-06,3.6332344622306645e-06
1042,5,3.7055507911278545,1.03792499909879e-05,2.132207303567946e-06,1.6315580776658548e-06
1043,15,3.8497211989897266,0.004498484193196725,0.00039506065353038283,0.0005179014413677406
1044,5,3.6674009459811265,0.0009956360209273326,0.00031649579208533246,0.0002795698359946143
1045,15,2.437087548265712,0.10578083478003875,0.018738470167485078,0.018187085239102715
1046,15,2.4074164181416453,1.8964992061133763e-05,1.3517807889233668e-06,1.0994551887815826e-06
1047,11,2.4019509173475013,0.001986629036478188,0.0003110628623114322,0.00024259174942868101
1048,5,2.1261337545559114,0.17441544434161105,0.04725546834472096,0.05273020837809614
1049,11,2.2540109952175396,1.2405651329736021e-05,1.2027922950209317e-06,1.3494560345969646e-06
1050,8,2.334119548538805,0.022167529610439163,0.0026305468947574054,0.0023017577278191025
1051,8,2.291768335559752,9.929814245938333e-05,1.4730328186966679e-05,1.1641022975593458e-05
1052,5,1.6977173199771451,0.0002049715549488881,2.6463581429364223e-05,2.122995959065738e-05
1053,8,3.9741295165401205,0.20226023244299918,0.0364151662538556,0.02963340143120487
1054,8,3.6992257362269716,1.531365626358814e-05,4.476581668751064e-06,3.689479312941431e-06
1055,5,3.6632835894685574,0.00010447071831195176,4.0110274735530353e-05,3.417298416848907e-05
1056,15,2.3551547960668007,0.017714104224567578,0.001490635801829213,0.001273081794694036
1057,11,3.486281103956612,0.004480484319131486,0.001157269275247182,0.000969924374970991
1058,15,3.714489034083803,0.00019856496586717092,1.2847610840607619e-05,1.0931558546389566e-05
1059,8,3.7898305740751796,0.0007676269362770632,9.491822109283192e-05,8.492872191299925e-05
1060,11,3.7849063826632525,0.10997558866973318,0.028112308971649166,0.02551871661558529
1061,15,3.0672930473373587,0.028749525513146967,0.00579311040195944,0.004567794326110159
1062,11,3.884771831954019,0.15682729125764938,0.03303556913051639,0.02860723441829028
1063,11,3.952958226709951,0.06265137259618053,0.005313677050335761,0.0061506973390250295
1064,8,2.2560673288821556,0.008283685563103755,0.0004939954950451179,0.0005446861050932525
1065,15,3.737297085106736,0.0345763475418939,0.004487094620000671,0.0035487123268372707
1066,8,3.8449768099626613,0.019660705646850796,0.003638586652147011,0.002996250644505506
1067,8,3.374649359918062,0.023851246965187853,0.007206847830571619,0.005923980468149631
1068,5,2.9231184480432377,4.842699077590721e-05,9.95835851193774e-06,1.0588583110833511e-05
1069,11,3.1143793443920136,0.0003315044417898979,4.754408033746287e-05,4.004659014314363e-05
1070,5,3.6692229827617164,0.0033844067447621833,0.0005801052063163423,0.0007139106739554214
1071,11,3.181617976027974,1.3051452504740229e-05,2.426773485974479e-06,1.8668940553290609e-06
1072,15,2.9151827218120343,3.513689602719302e-05,6.548382609261907e-06,5.819256866727074e-06
1073,8,2.3925046638033036,0.0027433519281804906,0.00018900095930873882,0.00016092953117884522
1074,11,3.311287029993002,0.000319726332581723,3.402943092746787e-05,3.0162654939988815e-05
1075,5,3.6009240151007664,3.7300930638944575e-05,1.6288191392123572e-05,1.802931624344097e-05
1076,11,1.9726609341561552,0.0019348228844547656,0.00019966108877679447,0.00016882791703854295
1077,11,1.7204063249538568,0.00785060198766346,0.0010871803197505326,0.0009343664393353578
1078,5,3.60597382641213,0.005659809537989404,0.0018492060908535967,0.0017008202362030714
1079,5,2.0055890249203356,0.0034779224834011937,0.0007376847088356212,0.0006935294555037096
1080,15,2.5117733961112823,1.3221661596812031e-05,2.0388426447626295e-06,1.7022412567883974e-06
1081,11,3.3720205685378195,0.015505871949094032,0.004596676942079454,0.004438615755204483
1082,5,2.0671351647314666,0.11544811191826834,0.024810746745388933,0.021999457440461254
1083,11,1.9037845123591088,4.227555797710408e-05,2.898099303374586e-06,2.847688602966634e-06
1084,5,3.9737229904092715,0.21288748256083334,0.03619713350993456,0.03285766624025867
1085,5,2.240353915255007,1.7577051056083428e-05,3.6313043193503857e-06,4.225908412709751e-06
1086,5,2.2658574094085346,0.0004959199791828429,6.49791206474935e-05,5.528119804482708e-05
1087,11,1.9412878867923784,3.346922190540299e-05,4.971004091062215e-06,3.7689362236899683e-06
1088,15,1.6862339446403551,0.012997746134298127,0.000595148291768163,0.0004964324338299596
1089,5,3.5880564459279554,0.013070587358997021,0.003222853226034887,0.0185011606660562
1090,5,3.3045505207554413,7.118323235306977e-05,2.0350017093461436e-05,5.594372880563165e-05
1091,11,3.312562199482136,1.0212052596432062e-05,1.6858856947573093e-06,1.7980062038799405e-06
1092,11,2.303600307509253,1.675120339111199e-05,1.4597233053404267e-06,1.3454279198187279e-06
1093,8,1.616963473467927,1.7192752227112814e-05,1.221749572782317e-06,1.1033964836151142e-06
1094,15,3.947750286646657,0.056550058305253295,0.007688438331549885,0.007828356078711053
1095,8,1.7375018142338097,0.14029063904634523,0.01846942793246291,0.015301326501775117
1096,11,2.4338611589937793,0.06325338575733282,0.005547784507182612,0.005058521360829015
1097,11,3.865117648872334,0.0004465675574601163,9.051514340687787e-05,6.884066084608807e-05
1098,5,3.201772315059533,4.575076721772539e-05,1.0110845080593163e-05,1.4147993251900888e-05
1099,8,3.9765347382464413,0.021679615555954386,0.002299623909820124,0.00196754880777966
1100,11,2.9468872027201547,0.026885206197015357,0.0037149657132745048,0.0034300383809737775
1101,5,2.8320597346684417,2.91251605678539e-05,7.226778460480373e-06,5.923837556642246e-06
1102,5,1.9436378623701542,0.0007639940391850272,8.772813698823916e-05,8.65144136729107e-05
1103,11,2.7012969545268386,0.06467467330333107,0.009473199652082875,0.013424268924808537
1104,15,2.870983150343289,0.017562873557129866,0.002947600405805058,0.0022055526849177175
1105,15,3.272369698328118,0.007684304262690051,0.0015826295151017793,0.0014120007907137036
1106,5,2.07654328880084,0.0026071155443465506,0.0007216925422847811,0.0012214420249244274
1107,8,3.427825951816729,0.0037675582923044396,0.0005222387390683709,0.000542521885444912
1108,8,2.4885803200170047,0.34931447038013114,0.04853362751865951,0.03848041838608332
1109,15,2.5081660581412053,0.0023730504269779272,0.00034072168921290343,0.0003132707438453114
1110,11,2.3630055887363115,0.0032636325899972098,0.00022431585765678093,0.00021752190951258372
1111,8,3.257625781925415,0.020532448890948338,0.002086535969358444,0.0019728768337624937
1112,5,3.765321396388387,0.00011644092719704666,1.8363710914727948e-05,2.39260485819987e-05
1113,15,2.715633095174468,0.0012944308385048626,8.151196422597927e-05,7.970227524887247e-05
1114,5,3.7003143044246256,0.0010737414709146842,0.0002846856302629768,0.0002552788517827119
1115,15,1.58506728262634,0.00030084309590645077,2.2491060570162786e-05,1.726771539840928e-05
1116,5,2.3225115318187273,0.0001977107013147545,4.524697545063336e-06,3.916155611228148e-06
1117,11,3.5228245312240203,0.00028683347509456125,7.890187614844176e-05,7.236833122920878e-05
1118,11,3.942144375419318,0.00011839597271984064,3.644480482621577e-05,3.816835379107525e-05
1119,8,1.6051344958999676,3.189066571921599e-05,4.2023142477180104e-06,3.7191155824888914e-06
1120,8,1.5661943667813074,0.0007182874977886192,4.874893975621411e-05,4.055256042934932e-05
1121,15,3.2191394063131287,4.509622002433348e-05,4.821048109422584e-06,4.359521923800661e-06
1122,15,2.7011734424475757,0.015890075689925672,0.0033437387052969304,0.0028820529408688984
1123,8,3.4088080584841918,0.004378064381366384,0.0005893480350209088,0.00048684340671912175
1124,5,1.8064136659502377,0.29168297333337745,0.08777680985890611,0.07787604058166896
1125,5,3.3201656447947574,0.0012154023833090852,0.00015166996951112644,0.00015957698814439777
1126,11,2.9847876198278422,0.0006385248432645765,7.085559447487307e-05,6.409682712152567e-05
1127,15,2.496703814558759,0.050152246005179826,0.007512855283788877,0.00613385417220248
1128,15,2.7529449332351894,0.006484868643768145,0.0007639652689733224,0.0007089801397788716
1129,5,1.8555654808934179,0.1516204299361678,0.0063957677969143836,0.0053679675760628775
1130,8,3.6758511916245475,0.11670527487461085,0.013922163512647603,0.01248630269478293
1131,5,2.7623247225827257,1.0913484073192445e-05,1.3748014639723526e-06,1.0311356938310606e-06
1132,5,3.1428309417817344,0.012921852516984899,0.0030671013984133067,0.0027916093732189375
1133,11,2.5274491725734425,0.003917168212325184,0.0007902063817316194,0.0006549523673991773
1134,8,3.1354730035614002,2.0151954994250845e-05,2.174252310357479e-06,1.887699180338795e-06
1135,15,1.5520455139376903,0.027187181601799733,0.0023091654022767737,0.002319014446223417
1136,5,1.533061461505387,0.002481775886768781,0.00016569516465297863,0.0002069190692863749
1137,11,2.2292551086145944,2.0462099144029075e-05,3.18688195614837e-06,3.105519188236687e-06
1138,5,3.5303696471059647,0.004647605636572197,0.0014083834024116056,0.001224569499614764
1139,11,2.0311396698921502,0.0006453803726232197,3.624803523093264e-05,3.462490506981702e-05
1140,5,3.0014626041890073,0.00018856020399095913,6.413586557552604e-05,5.7417563484888825e-05
1141,8,2.6506106801125893,0.014527909036183081,0.0007395725116182586,0.0008143238679028024
1142,15,2.245246843607435,0.00010448179591162897,1.658547397182769e-05,1.4400893048149163e-05
1143,15,3.7144656173010544,0.0004779189692573573,0.00010503361719219313,0.00010525761762538675
1144,5,2.1367098266978424,0.22800185417124125,0.03336794416816427,0.038981511206330414
1145,11,3.3368412313149975,0.00619131857511015,0.0017740030977272739,0.0014183832871300767
1146,15,3.7846866188662087,0.000584382959393662,7.329995071046587e-05,6.0003777566729084e-05
1147,11,3.7105919762486934,0.004905103468246046,0.0020989896200760633,0.0015614334918852373
1148,5,2.492342796460062,0.003066802930412942,0.0007002025490203242,0.0010161355804508782
1149,5,1.8503540327818833,0.0004560483031855381,9.803290730969824e-05,9.691923356460164e-05
1150,11,2.4098276218945953,0.00037014285504426554,1.4201282259481577e-05,1.2648955384159508e-05
1151,8,3.7277966468032044,0.11701300616197807,0.016585364602889355,0.01528476965583804
1152,11,1.5815081518316667,0.02843375236840366,0.0035923625702158064,0.002959827390503512
1153,5,2.1052506905431163,0.00016582566235329987,6.739784666314871e-05,6.783663172214034e-05
1154,8,2.941286283794836,0.00016719732647409099,1.2234626728239503e-05,1.273614304497584e-05
1155,15,2.5957402311831697,0.32385617007299555,0.016698633898379854,0.01336792311861658
1156,11,1.5540754339012355,0.27016424533770084,0.0310922737443146,0.02717951655704764
1157,15,2.0836505091889737,0.04964221382735865,0.0026485426590926566,0.0027478668598881996
1158,15,3.1676110095028744,0.005426478343008241,0.0007447902440341095,0.0008597376943472532
1159,5,2.7281628786590577,2.2366886477760216e-05,2.814745321530621e-06,2.547857148497677e-06
1160,8,3.452343448187865,0.15841977244502164,0.03085388311091541,0.027127142415426485
1161,5,2.5269422012108853,3.768744746576802e-05,2.002079524835036e-06,2.623930945244756e-06
1162,11,2.6247279342346337,0.004827087941625592,0.0004391019666611565,0.00037263792971231206
1163,11,2.8300381885868227,5.772467399485534e-05,4.597332219351878e-06,5.701575012979023e-06
1164,15,2.846416993733828,0.054016299109581715,0.005885031205904162,0.008366329926849159
1165,15,1.516091539896964,0.002718033445160677,0.0001442886075231067,0.00012690052076233814
1166,8,3.5365792429731933,8.392478704309434e-05,1.818223617874246e-05,1.5697361488990453e-05
1167,5,1.7011006638342914,0.00014450424786485272,4.804515330078433e-05,4.9174910891649225e-05
1168,11,2.6354673875816794,1.9993658415771414e-05,1.302464662110869e-06,1.3127457422354104e-06
1169,11,3.2074460431240452,0.0009261743677594897,8.907006014076334e-05,7.817011606325007e-05
1170,11,2.4384115512536226,0.0018157902213960203,0.00018571775177703714,0.00017464242667442797
1171,11,3.2646392318445243,0.01121862627365843,0.0017369506747656038,0.001319252248495642
1172,15,2.4542349115403255,0.04055758937103652,0.0037496334805931933,0.002866785443801311
1173,8,3.347696422690354,0.08306914510773176,0.008955385879417743,0.008608091277400639
1174,11,3.704244337157828,0.0003601111352053135,6.63957776419157e-05,5.3035086771879344e-05
1175,5,3.384835939126724,2.0371895439686397e-05,7.753507942356526e-06,6.101651425967251e-06
1176,15,2.6023068175813107,0.0012498772367166373,5.878474167667973e-05,4.712935880111243e-05
1177,11,2.035935950749103,0.01536191191178914,0.0011937021748198925,0.0009281811806178231
1178,15,2.9487619129534943,0.0001759009092710302,1.2690254962920929e-05,1.063150389871886e-05
1179,8,3.076108824193476,0.27708186920184424,0.08284326049388913,0.06854372918390206
1180,8,1.8392061133690374,0.0015395988143958861,0.0003341873590112812,0.00028785224308200744
1181,5,1.939417893677515,0.0002725998944386758,4.884179673707169e-05,3.9329894013052704e-05
1182,15,1.8663062116096527,0.09089982880807834,0.005342180837496668,0.004511188600988746
1183,8,1.905127282656602,0.0069377961098651625,0.0015042071594318655,0.0013184486226500256
1184,8,3.0850986545769423,1.686402616387308e-05,2.725264560603748e-06,2.0986339018796574e-06
1185,5,1.5989428646491546,0.07718456539646172,0.017596858863548573,0.014590403768712613
1186,8,3.3750284065090135,0.00024592039009507907,6.871080135134936e-05,5.485043675337395e-05
1187,8,3.3748903122385316,0.00015437414357104333,4.104813613745515e-05,3.2437761801301106e-05
1188,11,3.017494937877544,0.00023809142896369473,4.125516579119455e-05,3.429472183203339e-05
1189,11,2.959301831486143,0.00026487965811575247,5.934871382892669e-05,5.17130220261476e-05
1190,11,2.7100880888830985,9.097056054924944e-05,3.857203014654999e-05,2.9702216230552782e-05
1191,8,2.783376377348602,0.00012976302105259047,1.8668530384183423e-05,1.6282152979333456e-05
1192,15,2.0748286653727614,0.0004030284519970234,4.131592165820044e-05,3.4107534430938533e-05
1193,15,3.0574908563417242,0.0384707454063562,0.0050286441398201005,0.005233094363256739
1194,11,2.6675310444980056,0.00045033222283550543,3.476468492527484e-05,3.648401036913185e-05
1195,5,3.067074687655401,0.0008894177817166046,0.00037536648857654437,0.00029654595979851763
1196,8,1.8964952524280296,0.00034400473467897507,8.144567572258908e-05,6.891658557392648e-05
1197,8,2.4154075566318873,0.00017384967920496919,3.5360406055030705e-05,2.94097708335588e-05
1198,8,1.5100147672703421,0.0010446614672754858,1.7898450304793037e-05,1.4601396288087785e-05
1199,8,3.0659279532158297,0.18737849963154618,0.026765152096978467,0.02250665265071578
1200,15,2.195597371191003,0.10452230130149714,0.013629392246364821,0.012195344227142484
1201,15,2.291472357846968,0.0059891241171427766,0.0006155957520989657,0.0005285226365584031
1202,11,2.818493098103908,1.0334273994087626e-05,2.579128395237838e-06,2.1691619006615833e-06
1203,15,3.2403063525335773,0.0007002665312483739,0.00011651674895765381,0.0001063960775885463
1204,15,3.5142259012353296,0.01430896043408227,0.0015447858656422347,0.001532632310303147
1205,5,2.225777757793877,0.0006689117394789446,0.0001668796462543307,0.00015762319368770787
1206,15,2.730419112446102,0.00010759700278269907,1.245874741652623e-05,1.2334941506987723e-05
1207,5,1.706273333914735,0.023021366621494885,0.0024763882444406335,0.0020681733606271024
1208,5,2.646777722620826,1.539038857104144e-05,1.6469327078800675e-07,1.6590812178285654e-07
1209,5,2.4603391370005228,0.0006616929507748996,0.00012259132468321892,0.00016772838994014142
1210,11,2.8595432408580423,0.004826669785944624,0.00021904922821075416,0.0002173297524755047
1211,5,1.9698541293549665,0.10990793544202357,0.033207395567533146,0.025345645242552325
1212,8,2.36372524248635,0.0033038148326625864,0.0004067198259192989,0.0004732692695632149
1213,15,3.088926169704574,0.013417728285188472,0.0013994959807500011,0.0012948137535067784
1214,11,3.118276014114726,0.0009337966019301997,7.772397509759912e-05,6.444314035855494e-05
1215,11,2.9427913544593904,0.0006890923619632855,8.65059473635177e-05,7.209325311937349e-05
1216,5,3.405290079790568,9.12028347291067e-05,1.9723291805131268e-05,1.4825985055959061e-05
1217,5,2.7401018102928316,8.94416954956424e-05,7.5863019012949705e-06,6.219924868346217e-06
1218,8,2.2328731989072255,0.04389644057814944,0.0036008847170011073,0.0031522637668691547
1219,11,2.984861300944325,0.058499716475701964,0.004793694640787589,0.005477085260260859
1220,11,3.6042237374403387,0.0006434863376165777,8.714959779462217e-05,8.515160875247845e-05
1221,5,2.0809093736148956,0.08981477168938057,0.017526410477043463,0.01419915973067414
1222,5,2.375908582032705,0.49600389322054783,0.026171792074439763,0.037759602177756625
1223,15,1.8798652222525796,2.169820398681402e-05,1.1553739469325305e-06,1.0180544525986505e-06
1224,15,3.4690357317884435,0.03953529117131824,0.006521917984612174,0.005439236297237909
1225,8,2.6773140553748305,0.11699359364563527,0.026208443054989716,0.01962087272522343
1226,15,2.5472017643889378,0.006202176483747239,0.00022930322575156293,0.00022788945146314738
1227,5,2.7128272819416726,0.00026121002348588603,2.950345463125416e-05,2.937976337596639e-05
1228,8,3.423444220432136,0.0024240216648694114,0.00027873747952518967,0.000223933741538928
1229,15,3.5129197639044487,0.000684591405343179,0.00010305748617495854,7.951865642438334e-05
1230,15,3.0775056727513608,5.305398866244025e-05,4.95413999606015e-06,5.5896427540305005e-06
1231,11,2.614221143015227,3.497006241356658e-05,1.1481483671203123e-05,9.10869569685117e-06
1232,15,2.2364180466100425,0.00024407263438416902,1.7174423675841604e-05,1.8092512056265833e-05
1233,5,3.266540447780321,0.0031378440498936342,0.0007403071362113094,0.0006059747192834672
1234,11,2.4412436948195584,0.009466061708188306,0.000821649122885796,0.0007700156554220484
1235,15,1.8179740483353641,0.0034896129284385973,0.0007837736462324987,0.000652847876390444
1236,11,3.979142073906334,0.0005156225626866012,6.373525403669196e-05,6.671030518658232e-05
1237,5,2.6023057279764896,0.012015309912224208,0.0050834793419566055,0.004925421117947488
1238,15,2.927288513774766,0.0028856790384524066,0.0004820637798525328,0.00036353027878859495
1239,8,2.532788509097852,0.058675635201103894,0.013299167632475156,0.01160552470666114
1240,8,3.645275908870199,0.22718558816608445,0.05680345619400617,0.04795169765254333
1241,15,3.571431092123447,0.0011448862866511107,0.00020985667090684418,0.0002128425804238519
1242,8,2.307040876472118,3.8543510504026544e-05,8.168427799595282e-06,6.431798231730184e-06
1243,8,1.6141704299768767,0.006035570330877691,0.0009751952413231713,0.0008496352708537112
1244,15,3.985600414676554,0.012232673418125672,0.0019478534135605693,0.0015665567651741814
1245,15,1.8614579002404974,0.0007375097074385137,1.0043638158791654e-05,9.047171205732959e-06
1246,8,2.1595292626873057,0.00727825646174816,0.001557248230765095,0.0015698036761464308
1247,15,2.298007466174466,2.152300551418759e-05,9.958017948589844e-07,1.0733331643793892e-06
1248,11,3.7158666457053773,0.08195482469801957,0.018338190550961687,0.016903112920833546
1249,11,3.0255110145808217,0.005031286036049978,0.0007320411846657925,0.0006733555838113881
1250,11,2.327511950811174,0.002574667680128669,0.00040547859332319713,0.0003415823700663208
1251,8,2.5048106841936795,0.18450002264962434,0.027772219242886524,0.039847291709351425
1252,15,2.341453941434717,0.22770909898219222,0.05809488046052948,0.05390428441602139
1253,11,2.165457133198123,0.1991471078516728,0.017355994253397553,0.025665149106094604
1254,11,2.640008273406201,0.029913911237765312,0.006341555068394655,0.006413842876074095
1255,5,2.932149950940569,1.765393880312481e-05,3.7770487029880252e-06,3.5787164227283427e-06
1256,15,2.2406012789711474,0.016624160140123478,0.0014775588447446576,0.0011435671484840172
1257,8,1.7010656760554606,0.051480406244330416,0.006547410251771816,0.005290865458346614
1258,5,3.3805083057136294,0.0009091457091115798,0.00040930547101814354,0.0004070497887090109
1259,5,3.256300289172564,0.0032844912053067252,0.0009435810307691559,0.0006938504919694741
1260,11,2.9894252737853675,0.05928329225033282,0.01258653821284521,0.010983639261255326
1261,5,2.2394674663720093,0.0011313091216783543,5.609029860705422e-05,5.7295983768495404e-05
1262,11,3.0354704254902876,3.8620084205463565e-05,5.707563647554509e-06,5.769310586789592e-06
1263,15,3.2707643904255415,0.0035785000053854417,0.0001178078109646311,0.00010992701209120786
1264,5,2.433329249100451,3.821329605718201e-05,3.968808233365046e-06,3.5127410446267977e-06
1265,11,3.7928551588632438,0.0017792013140568777,0.0002061354419845421,0.00019015843498009218
1266,8,3.193843518608208,0.00012761002898408063,2.2803457583364935e-05,2.124221569559819e-05
1267,11,3.0421753264187728,4.8652140721250985e-05,2.0080286878533205e-06,1.94529856870999e-06
1268,5,3.6021879107582513,0.0006339615668590415,0.0001028081434379101,9.194413254469245e-05
1269,8,2.1413847127892525,1.1526427728639909e-05,3.43837387914762e-06,2.905979385249885e-06
1270,8,2.815115365649153,0.005576154695721398,0.0010322017419238268,0.0008499771715780255
1271,5,2.154447751489013,0.04503316197398093,0.016332254267176074,0.012853131922490447
1272,11,1.8633079129936398,0.010210838470386474,0.000965350384221183,0.0010011918866643448
1273,8,3.8205365154978033,0.006361973517013598,0.0009723632639288221,0.0009446169907883414
1274,15,3.7830225357474125,0.021684866957738153,0.004411619591995414,0.0037255494977671026
1275,8,2.894407317697181,5.8588879797276524e-05,1.0642044481388073e-05,8.489969785299865e-06
1276,5,2.716753838470625,0.21315226130808715,0.025434771703007397,0.02410290441667123
1277,8,2.1740946047307097,1.2794100757874054e-05,2.0110827069525994e-06,1.6442446295041062e-06
1278,8,1.9153245223481123,0.14516830248611112,0.02344711275715047,0.020512105581791475
1279,15,3.6044566875563913,0.012008869719539364,0.001333078697956548,0.0010579009926632399
1280,5,3.812407882901853,0.00031963063548924803,0.00011557375845231636,0.00014235979747535124
1281,15,2.849442912988568,0.010520973315531717,0.0015035408946311004,0.001336477224848789
1282,15,1.5780124865823582,0.0025515938077248024,0.00019326073493738138,0.00018199780671869368
1283,11,3.0203040982409846,1.785906926537955e-05,2.0871610336815554e-06,1.8081477604337352e-06
1284,15,1.6147493668677244,0.00012608061125600416,1.222654434503061e-05,1.3863000069353209e-05
1285,8,2.01811931003687,0.0004357341042206443,8.05896864128043e-05,7.778498899335657e-05
1286,11,2.7547559776092103,0.05429664149374993,0.006510039851232027,0.005969573217615484
1287,11,3.0463157042707447,0.007180871571275806,0.001384121312463761,0.0013870559287202694
1288,15,1.6406384510753553,0.00018214900447765603,1.3195710354241314e-05,1.320093144544914e-05
1289,11,3.7012317924058187,0.03614405617284916,0.009443455176052228,0.007447312791972873
1290,5,2.025897378152792,0.00010290105783922085,5.230584513767751e-06,4.450552210028107e-06
1291,11,2.778197511128078,2.0471660909333782e-05,6.277731341626003e-06,5.377381092990698e-06
1292,11,3.839657766552407,0.0023831850628942483,0.0005027254491310045,0.0004087618242150302
1293,15,3.8051139243708594,0.1255438284354326,0.01922550273220012,0.01621563056691192
1294,15,3.778613590557172,7.360817162298224e-05,6.9828450466320285e-06,6.784459786402112e-06
1295,8,3.4389595881381525,1.4849652851937029e-05,2.802683880690267e-06,2.2448851358008212e-06
1296,11,2.633190342192505,0.2517211586660795,0.029109865233957886,0.026863876252977717
1297,8,1.5054020237560657,8.512886445313603e-05,2.0504404579869097e-05,1.647991379246614e-05
1298,8,3.985783307747128,1.5665301568307652e-05,5.021846511642651e-06,4.148702357355711e-06
1299,8,2.965722539068484,0.03488376237049972,0.00925666072948266,0.008148616512505279
1300,5,3.3710032768705327,1.1631631852213354e-05,3.5237106198107557e-06,3.650208447461123e-06
1301,8,3.078278817875834,0.010497892781490534,0.002414948022906683,0.001881318159262984
1302,11,2.9147736457324775,0.00671502293773499,0.0008291503832565692,0.0008503511236960906
1303,5,2.25253738347803,0.11456153988232465,0.03261242295481283,0.025265982523361548
1304,11,3.9321204752282153,3.685451695641301e-05,3.6072524549962495e-06,3.495173469309423e-06
1305,5,3.1910133000699785,0.021143574158988026,0.008295608552172686,0.007100954180324125
1306,5,3.542274523908985,0.10762949624702693,0.01633476050867493,0.013535799963067882
1307,15,1.9277632148506652,0.0015632600383968943,0.0001703860744012815,0.00018484133575665142
1308,8,2.709313645722019,0.023284331980143538,0.004099655677815605,0.003250395969055871
1309,5,3.3869677519909347,0.0018392750694376215,0.0008348562610621195,0.0006056285169866527
1310,5,2.164990486425135,0.37256971036573516,0.10287049524869496,0.08433899786338614
1311,8,3.175362183702769,0.024443624554365374,0.006508473750008585,0.007894418563329177
1312,8,1.9159299814472592,0.20626863971285012,0.02238188879322693,0.01861634323906982
1313,11,1.580134788460132,0.00022769624262646584,1.6191529243950322e-05,1.5395467169048865e-05
1314,11,2.3916365477533748,2.1962835267913118e-05,4.570564623243209e-06,3.8147027575031814e-06
1315,5,3.189490680805173,0.027279906132644676,0.0077273591936866505,0.006180113373786002
1316,15,3.6972439292272146,0.05187915212609298,0.005196125548685832,0.004784051136979428
1317,5,3.0119685075116576,0.0011923664959910206,0.0003111071170829029,0.0003012746426314512
1318,11,1.8909539037141443,0.00098417412125488,8.684913243308726e-05,8.55954558362792e-05
1319,5,2.006801020732796,0.0006371739247361533,9.327313874090556e-05,7.495466499814017e-05
1320,5,1.8471461675734064,0.061809365442158135,0.00879448675253827,0.009148672089887034
1321,8,1.6851997067127042,0.06943856295842359,0.002416166192831173,0.0021451640693357396
1322,8,1.6363014473916784,0.00011956536409157786,1.3026334410949351e-05,1.2897935367541638e-05
1323,5,3.2621662583916886,0.025682208406311063,0.006006820968585269,0.004520664481478457
1324,5,1.6043846965728559,1.5377385760619434e-05,1.7879303047484278e-06,1.526659803628173e-06
1325,5,3.47675215062486,0.00373771830123019,0.0012177417231020032,0.001167748600553243
1326,8,2.2539953204702927,0.0013886326620268276,0.00012661475159439435,0.0001485250468039317
1327,15,2.7822169518889,0.0048526370893809765,0.0006656489006249811,0.0005511278933061803
1328,8,3.913782867408783,0.013676894498205161,0.0009947600979526216,0.0008201002995420137
1329,15,3.4822545989960467,0.00019760950854584005,7.875924846207814e-05,7.70325641547137e-05
1330,5,2.6316748408469306,0.13890668050236585,0.033793767464849425,0.026336498037615893
1331,8,3.9785258640256,0.00016591102700003174,4.252701466426757e-05,3.401166632524427e-05
1332,5,1.8805974815348347,0.11710185579923318,0.034178529979138096,0.03883233401554312
1333,11,3.8484614015519742,0.002919367576956024,0.000467942474374476,0.0004966947721563085
1334,5,2.062419159676299,2.800330613735397e-05,2.5773470831986763e-06,3.223760080919064e-06
1335,5,1.995180314031942,0.06475047659965043,0.012775786740348447,0.010394662939529498
1336,11,3.2178737521389693,0.35483529531624597,0.029212538304486745,0.024732774717599323
1337,15,2.1693182882603783,0.0004896999604317563,2.4784509025625997e-05,2.125860642633989e-05
1338,15,2.582655005050768,0.014157661356719118,0.0007243375407160604,0.0005926211336887895
1339,5,3.6953391165924714,2.8155360157924708e-05,9.060364677454036e-06,1.067564089700389e-05
1340,5,3.700774553356139,1.6009840865373596e-05,4.1506714825827345e-06,6.111460821321916e-06
1341,5,3.0527283319989733,0.0003202699802414428,9.080327781726446e-05,7.399612354059091e-05
1342,5,1.7515467831861342,0.0043700901517435,0.0005614701300764315,0.0004897740855610241
1343,8,1.5331156250039764,0.0001617531086613838,1.754160070431296e-05,1.457932168721789e-05
1344,5,2.0753701999869727,0.015109206094555993,0.0011672145114433638,0.0010020826372308938
1345,15,3.8290567948810565,0.008819634813523018,0.0016041035018900848,0.0013401493154998028
1346,11,3.4311627704212966,8.999483724321079e-05,1.1889496806087182e-05,9.713526506222706e-06
1347,5,3.9943327037522804,0.0010331598830629022,0.00017891409198136536,0.00016993502228522495
1348,15,2.674516210143178,0.01891283341611407,0.0028079066875565566,0.0024749359156547484
1349,8,3.071348383724713,0.01913036786817829,0.004409134664763366,0.0039169106637367114
1350,5,1.7750780641511608,0.0022923540400648615,0.00042475031775690385,0.0003463812038007193
1351,15,1.822652535767392,0.007437652168391198,0.0003955136043730479,0.00044602287417469684
1352,11,3.470732479109442,0.005911025917990931,0.0013111546674478634,0.001459121202983028
1353,11,3.963705524396159,0.0021440770703113413,0.0001290213353091489,0.00011633001714842205
1354,5,3.0901485513300138,0.00044840302702898847,8.37325091784736e-05,7.710729400150369e-05
1355,15,2.0568539808113466,0.0002263683265758581,2.118568958166091e-05,1.6770728269401616e-05
1356,11,2.987039141218665,0.13567042187286618,0.01713465152703561,0.015220057737564416
1357,5,1.9803670881942779,0.0001676676923674905,5.7044285778522555e-05,5.802734258435094e-05
1358,5,1.8145519340952132,0.043959443750979633,0.0026273497983288125,0.002232157150651549
1359,8,2.1161276009339884,0.00266527222412052,0.00021989825248043988,0.0001753415577849686
1360,11,1.6057667177212032,0.07077158038106017,0.004496230983346085,0.004031231724959181
1361,5,2.816617980758632,3.601775746631434e-05,6.863463090421732e-06,6.879692790797536e-06
1362,11,3.9530933774622636,0.00045972659590985443,5.9456408029004276e-05,5.126385484555871e-05
1363,11,1.5094424756986928,0.00032442925410629974,7.340672110430424e-06,6.317633481850405e-06
1364,15,2.536252715078008,0.14877439255613112,0.006883274179601856,0.006517697575137591
1365,5,3.3813721290834353,0.12926182274020198,0.008197240528535352,0.007809685673214732
1366,15,2.472332657452766,0.07978910068736944,0.02352906176733187,0.021820838999796047
1367,5,3.082761739246946,0.00010963436252166009,4.119736348533354e-05,5.633776641599438e-05
1368,15,2.2642010791314777,1.18037154850496e-05,1.7933881901562752e-06,1.6185821432626954e-06
1369,8,3.1527218201781375,0.15488695843668338,0.03099877373657783,0.053217055770670686
1370,11,2.3640997860977766,0.0016426857345217788,0.000506973165111621,0.0004157851013175762
1371,11,2.672134412351258,0.0013164594440063136,0.00016019686823702642,0.00013443030027094556
1372,5,2.9042906732624205,0.020443407907542763,0.002677528137603544,0.002359238622940057
1373,11,3.5011583301191664,0.00031720911981128615,7.346700917803257e-05,6.53069671604568e-05
1374,5,2.1873077064348814,0.13182196639455168,0.006949161694018179,0.0063094520575894516
1375,8,3.813904562734023,0.13371360694243492,0.010587107027464366,0.013218840330781884
1376,8,2.5534454238011923,0.047335600430184054,0.006913253632634233,0.005457002949836206
1377,5,2.501036844270483,0.044958890947037596,0.009341161714497174,0.012052631908081167
1378,8,3.427688031108164,0.10079098647096492,0.017524619161391905,0.01566128347189614
1379,8,2.137667316493825,0.0783999980169044,0.017471057864642044,0.018197314196764836
1380,8,2.685814411030235,0.0014221384130667953,0.0004902633652962004,0.00037726508308663366
1381,15,1.855716982313175,1.4558161292262746e-05,1.4903033787687433e-06,1.297818166027462e-06
1382,8,2.932598556823277,0.056956488722555036,0.008790353376522796,0.008176721627853965
1383,8,2.8596805090336406,0.010676143111890225,0.0011173957264573949,0.0011701289799308438
1384,15,3.915575531646,0.08858015011487964,0.01329485842825403,0.014595070857264044
1385,5,2.6005483548787094,2.977165113242633e-05,9.41955725728146e-06,8.085806577931254e-06
1386,8,3.31319941905354,0.011467946243253155,0.0016703907150284803,0.0018131243844445564
1387,5,1.7968997791500352,0.01805588912996656,0.0018806069321505624,0.001646501616893306
1388,5,3.5140205516767815,2.814911018981164e-05,7.113271685230766e-06,6.9564244750086465e-06
1389,15,3.424217886320834,0.01144455484693104,0.0030248606877101994,0.002224152962508379
1390,5,2.826854201786027,0.15470918293162877,0.04103352681832728,0.03959386697231448
1391,5,2.3698030469254343,0.013088917761190245,0.0047080133938398935,0.004159798136674551
1392,15,1.7626926898121515,0.00033878522124642247,4.030056442564397e-05,4.5627744881909194e-05
1393,5,2.226161332480836,0.03134803993638631,0.010585666730839539,0.01663904208254302
1394,11,2.132505516308796,0.014239029819070685,0.000735737826232247,0.000779253941851355
1395,15,1.5613182347535752,0.003015018500876405,0.00018006053418740867,0.00014635844686306415
1396,15,3.903857860016951,0.0059298175560616746,0.000988524437965823,0.0009556374393921039
1397,8,3.1251736426201124,0.0002051131901039929,6.91701230289526e-05,5.717106339895814e-05
1398,5,3.890525569218969,0.0004968493057652173,0.00021811964245051072,0.00020822421701316923
1399,15,1.7503913814521592,0.013267997859130536,0.0013812901811203837,0.0011114796588026228
1400,15,2.9252223570136904,0.0019053691195353832,0.000249791274153716,0.00026646445697254395
1401,5,1.7887584280812687,8.156656805213907e-05,5.653463558614857e-06,4.628498807313136e-06
1402,8,2.4448889659939685,1.2332506329373433e-05,1.4192505901587706e-06,1.1320800570588346e-06
1403,5,2.7294091962857077,0.04163277075766869,0.006511598581687282,0.005159993156703046
1404,8,3.85522559416212,1.0459250061386922e-05,3.635179830346411e-06,2.7856908386261503e-06
1405,8,3.4111781989854197,0.0003193185157871741,3.0329283534239145e-05,6.346855993308583e-05
1406,11,2.5121859166245297,0.006354653224356847,0.00029280720678422404,0.0002655757136689126
1407,8,1.8449696193544662,0.013512979776443047,0.002452961510341998,0.0019303397794915294
1408,8,2.316936958174997,0.09674427887921319,0.0201540262978721,0.01845511922084835
1409,11,3.3356110531996332,0.0077282842614081046,0.0019648702988309054,0.0015587524584407119
1410,5,3.2404712285099535,0.015693371618135107,0.0030207887676684366,0.005716307244803259
1411,5,2.817377737965705,0.031196881417881045,0.002568749956008787,0.0021305947349541062
1412,15,1.5542788527322744,0.0007251825323274129,0.00017206987315406897,0.0001436263782852871
1413,8,2.3812233967945273,0.00022635643046834853,6.681060798164203e-05,8.286358451013564e-05
1414,11,3.7291004365239147,0.14050235515534426,0.03367366778205659,0.032247855911191184
1415,8,1.7904804190189085,0.001102063786089932,0.0001485292411384609,0.00015101512426579945
1416,8,3.8767329911948605,3.842314530393657e-05,4.400175238717556e-06,4.343286068575223e-06
1417,5,2.5461148039075674,0.14364081723087452,0.04995757542799668,0.04128344628172377
1418,11,2.304004492757689,8.226347023283941e-05,6.056317575917629e-06,4.971888484711733e-06
1419,15,3.1526763675018135,0.00010682385852350851,1.1279551755926802e-05,1.1923152004980062e-05
1420,8,3.4598128993577775,1.5629557839972734e-05,4.742639449461663e-06,3.6001824710652612e-06
1421,5,2.4690878223085893,4.738732673554534e-05,7.242284599028097e-06,6.438010315897617e-06
1422,15,3.62507254494884,0.1526224624613388,0.020540486496562017,0.020047241693348164
1423,8,3.202488663912157,0.0003986823232231396,7.580317446674012e-05,0.00010979929814578485
1424,15,2.05496709686363,0.000324488459379285,5.559522557590921e-05,4.4739001886171056e-05
1425,11,2.570147678012615,0.0002561707284419073,3.1476490127128785e-05,4.141147926029457e-05
1426,11,2.579284430244641,1.5732117264302067e-05,1.6358431704781213e-06,1.2405866650841833e-06
1427,15,3.2006796719222064,0.1282222683515809,0.03941731560847815,0.02993186267108324
1428,5,1.7708405900455337,0.03002417159515444,0.006871985337175897,0.005447150093446097
1429,11,2.7962598269286287,0.0199274483730097,0.003749033512105358,0.003724069098490637
1430,5,3.006451769434997,0.00023271394153437472,8.014397161922111e-05,8.275697259425357e-05
1431,11,2.137451335993709,0.002872238743307447,3.978800692197018e-05,4.87322459471081e-05
1432,8,3.672606151618042,0.0001265863670214506,1.2155459698248846e-05,1.4526773977476676e-05
1433,8,2.364772429426553,0.0029330267047233457,0.0004186584637468479,0.00044957795789058277
1434,5,2.6058412126154495,0.020482906146501532,0.004138486058633829,0.004318314319707237
1435,11,3.922201807147228,2.5770595374437545e-05,2.9909587378787403e-06,2.691502686804516e-06
1436,5,1.5936736267265443,3.1604054547913845e-05,1.0731623892812532e-05,9.498279987611298e-06
1437,5,3.128039003479738,3.652151515325216e-05,1.3730085916371325e-05,1.3693071189506337e-05
1438,11,3.555613586632573,1.5823678954083687e-05,1.7133389934300251e-06,1.672745101046777e-06
1439,5,3.6534360008662374,0.05957727833239109,0.012653412533987413,0.017495463517762544
1440,8,2.1945958656913716,0.0043957604938296875,0.0011743959617033259,0.0009800662038207065
1441,15,2.5272348511787825,0.022842726403202257,0.004190233818245631,0.003262901253745563
1442,5,3.9660047025618854,0.0036517456024266664,0.0014704593222998872,0.00140944810412257
1443,8,3.3322666372699286,0.005835345279676256,0.001184957242951203,0.0009744005799982551
1444,15,2.224454590608971,0.037638086575866,0.002475650396279666,0.002053998663328089
1445,5,3.259226518243872,8.738080391367896e-05,2.2394791193303294e-06,2.2819437827381552e-06
1446,15,2.9701280122442713,0.0005756122496774062,2.728392375561161e-05,2.6085474023203968e-05
1447,15,2.499922890713451,5.106485908458618e-05,4.3935281828846195e-06,3.6135016675464205e-06
1448,15,1.5575407929296219,5.5742951189972594e-05,2.774252382814735e-06,2.546704393015771e-06
1449,5,1.5511648158665243,0.00012266325669149972,1.9281412005744338e-05,1.706302033058572e-05
1450,5,1.8397485242953666,0.000579839530086051,0.00012457342937140725,0.00015881168649815045
1451,15,1.9401210637068425,2.0072398658151504e-05,1.4708503478543538e-06,1.281187585217218e-06
1452,15,3.22495904777291,2.4284229941172172e-05,3.0289116060389583e-06,3.0570530755133994e-06
1453,5,3.616506196552734,0.004475253245884752,0.0014931376750043756,0.001238608831716773
1454,11,3.4129308392102558,5.033307016652833e-05,1.1120105126514033e-05,1.704055542069504e-05
1455,15,2.2340915597955093,9.586835937388963e-05,5.549069917074282e-06,7.447331043826386e-06
1456,11,2.3239077261012437,0.00011032893894593904,1.0287067188015776e-05,9.124701757421082e-06
1457,5,2.5821268465664926,0.016318813555666764,0.00514669244358628,0.003984953529159242
1458,5,2.369806725954399,0.0009818214329335242,0.0001629417578282748,0.00015037790984252986
1459,8,2.1531910548230617,2.0008646338976944e-05,2.067449662793918e-06,1.706380740609364e-06
1460,11,2.4463221684782623,0.020883074802805726,0.003925288275711518,0.0031976646862099077
1461,15,2.1859043685480843,1.352019793548926e-05,2.224486628022435e-06,1.7888052973002903e-06
1462,5,2.427149744099614,0.001903807040108584,0.00019211453046768184,0.00016274842447585322
1463,11,1.965821780807,0.010079944919250317,0.0033687580574731334,0.0030399020514096423
1464,8,3.8953807103089266,0.0030399289963442392,0.0007723715927271086,0.0014349849226551856
1465,8,3.3135826555629464,0.010848882280937314,0.002708620421801294,0.0021593459876030697
1466,11,2.2676616428568033,3.256668880191587e-05,3.918660063349615e-06,4.949986224158101e-06
1467,5,3.407534034553007,0.00018126997466945592,5.6900408581513004e-05,5.5181253635965575e-05
1468,15,3.3548521883531146,0.058271376440578865,0.009210561933849124,0.008220293173271869
1469,11,1.7243324561715443,3.712525715976679e-05,4.319579676172129e-06,4.104512610753536e-06
1470,8,3.523429848201456,0.00453324959843227,0.0004027002941349118,0.0004681830894370022
1471,8,2.647711063375429,0.00022429066406396187,5.2339871353284775e-05,4.848336639146292e-05
1472,5,2.8150185502351555,0.20072833188452807,0.06442918903988293,0.06518694843156568
1473,15,3.4008473568128474,5.423831232845549e-05,6.813917150978944e-06,8.259663828933134e-06
1474,11,1.8985242493325647,0.08630775090223941,0.012349759123521115,0.00985614502856011
1475,11,3.1172751127638842,0.0013090010795027782,0.00012376211264963043,0.00013517124283713263
1476,8,2.954436859481167,0.011652756636062507,0.002031206901163269,0.0018141968118472415
1477,8,2.6742878136151065,0.00024554242931890114,6.69361017749203e-05,5.856897834809078e-05
1478,11,3.4564187753592996,0.29910182707944005,0.05121574916771965,0.0422766907973694
1479,15,2.7502740110722073,0.4139147837963333,0.023169433967859466,0.01919524177033502
1480,5,2.347890654379114,0.0001683516639311703,1.8070927941992792e-05,1.576004464722614e-05
1481,5,3.1288618335611567,0.01639204930139489,0.003598433618984335,0.0036179872424069157
1482,15,3.636220204687321,0.0034131089124590634,0.0002038440733934478,0.0002806927820706897
1483,11,2.123259331924222,1.210728127732399e-05,2.5388424302062476e-06,2.164259227486561e-06
1484,5,3.396000254148173,2.6752953070977445e-05,3.829368743819678e-06,4.070335576212189e-06
1485,15,2.4255509269335547,0.0004909037132071174,6.445514820592059e-05,0.00010379533263125099
1486,5,2.2635330099982167,0.0028505326273911965,0.0005870121838302078,0.00044284274426979113
1487,11,2.421682068716014,0.005207803807745408,0.0006734993000623625,0.0005396443494127874
1488,8,2.1820819104290625,7.253512608745091e-05,1.4634019093665621e-05,1.297769488484377e-05
1489,15,3.513684823342523,0.0025952938995979246,0.00030408009721598155,0.0006348924215593933
1490,15,2.1604099274707353,0.036357077621617905,0.0035668475246821425,0.002668422447668272
1491,15,2.2738058663892415,0.021468857859086893,0.0011438575192173374,0.0008669694494172903
1492,5,2.321114467115712,1.467625544159269e-05,4.730067721146748e-06,3.8544498529571395e-06
1493,11,3.5829685912509612,1.0665998653010425e-05,4.999846005000281e-07,4.2968626310028386e-07
1494,8,3.019946264186671,0.0120734248014925,0.002393150676180918,0.0022112539730851297
1495,8,3.3781879858081747,0.012877317951301375,0.0032232868824913536,0.0023878074366355155
1496,5,3.175493084420854,3.1666760556077994e-05,1.0905455378057648e-05,2.357451288514972e-05
1497,8,3.1706624161148955,0.0019106872036118551,0.0007810107303678549,0.0005721671454781929
1498,5,2.167771930851954,0.0033745971059301306,0.0010257218735754312,0.0009040835463148884
1499,5,2.6934401782358095,0.0020557853428934464,0.00011366638124569767,8.995824520042047e-05
1500,8,3.393023743369673,0.0011499685043815263,0.00011345017737507893,8.762942727656296e-05
1501,11,1.8302815508497252,2.0445730321999106e-05,4.0474930341526384e-06,3.7070170799511736e-06
1502,5,3.8200606810286644,0.04152318655321756,0.0118963472448169,0.01596263165445442
1503,8,2.913276273300343,0.018658740645586896,0.004007993033981739,0.0035777861838611645
1504,15,3.6923294996571983,0.0008902215118670216,0.00011626814820567553,9.844479376991761e-05
1505,11,3.747318053057257,0.006409570383670499,0.0013023761221342656,0.0010550406758909926
1506,5,2.166807186241214,0.007366122243307313,0.0019706675047914306,0.001564324522557699
1507,11,3.8623197286666278,1.5443594563571067e-05,1.0837148706108315e-06,1.1653603975974847e-06
1508,5,2.8007995521058326,0.00046767780240591716,4.041107726518468e-05,6.502884213486285e-05
1509,5,3.792704885636332,0.00019619911223629034,5.978938734546056e-05,5.389517589107423e-05
1510,5,1.758592677642244,0.00016196307045423795,4.12293995967007e-05,5.010339466705724e-05
1511,15,2.8863187675038686,2.1271280920549596e-05,1.958777193863041e-06,1.592651828854514e-06
1512,5,2.9894298115606297,0.001010694149373042,8.09839112159056e-05,8.873947582410479e-05
1513,5,2.2827688942637763,0.0001775871585558787,4.995866762645546e-05,3.943523751558276e-05
1514,5,3.667627108380544,0.18920460011551038,0.06928858303142929,0.05225761124342365
1515,5,3.4068903720235286,0.0002974338354580976,5.868791045016693e-05,6.320899469030481e-05
1516,15,2.84708425252397,0.15607889848244955,0.009799626492807759,0.009608609783033996
1517,15,3.6021234119307306,0.09917735995638,0.017330244721555775,0.01675450474548445
1518,15,3.035776026780824,0.0032091562176743823,0.0006037250285051443,0.0006529963213045194
1519,8,2.2335319100185327,0.002830045935295406,0.0005741698352332021,0.0007440553894963315
1520,8,1.7215346351538627,0.00035492929579962495,3.625370122208664e-05,3.932473271197209e-05
1521,8,3.509794574610571,0.11621029875869222,0.014789886594106596,0.013038366825653236
1522,11,3.161663036324469,0.02419941422040963,0.00572735884439524,0.004927904164974821
1523,5,3.8877348945804417,1.3660153675287808e-05,2.824371127415072e-06,3.2911562292891316e-06
1524,5,1.9728039131306703,6.893813932785071e-05,2.4938146325538082e-05,2.235955742512492e-05
1525,15,3.448658018370247,0.007665430643254196,0.0014010065124699816,0.0013632849333738643
1526,8,1.8770596964271367,0.0399794801241221,0.005257540958975564,0.0047122536067736405
1527,15,1.7729209800096954,1.9294678923177946e-05,1.7735075778016035e-06,1.4087415883666897e-06
1528,15,2.390966082069512,2.104101181702831e-05,1.977596568697754e-06,2.051531127210493e-06
1529,5,3.6962914725661484,0.01521298195450338,0.0038558211539381584,0.008669414492031244
1530,5,3.7004964661875257,0.09447336888363916,0.018233944479866836,0.0196470439628064
1531,15,2.545276921810601,3.5642888891065905e-05,4.414186192096304e-06,4.669087019425688e-06
1532,15,2.440246892032306,0.0007661839857281883,5.827344224121015e-05,5.618588154120094e-05
1533,8,3.2549303319179215,2.9417051971593055e-05,1.2222558898619326e-05,1.0116755821872873e-05
1534,15,2.234296972114519,0.0007940443949654152,8.308047068798831e-05,7.84863833141509e-05
1535,11,2.790346395472489,0.01057500595848718,0.0019195617015598178,0.001714655973387849
1536,11,2.324183772274052,0.0001240668881768579,1.0397823045531064e-05,9.372728605964507e-06
1537,15,3.931148675148405,0.011308528817957526,0.0020801767132274237,0.0019217304979027247
1538,8,3.964546894289686,0.14240391338863087,0.03876785350808659,0.032594325789044226
1539,8,1.7680316271777914,0.04070984303041161,0.0010257858937291553,0.000862966113223063
1540,15,3.688698570892073,0.0006573977006762735,0.00012011749849018915,9.575755049272913e-05
1541,5,2.9934660850134804,0.005064478096490927,0.0005407232192265513,0.0004997588050587165
1542,15,1.872061613711797,0.11264845668708756,0.006370850677897564,0.004952341596532996
1543,5,1.977669650150741,0.0013790683063924882,0.0004136905143293219,0.00035193077317600523
1544,11,3.0213081535045583,0.08738761908554768,0.006230860651679871,0.00646513325616276
1545,11,2.111700024481869,2.0955432119074753e-05,3.178093842992892e-06,2.5216036517997316e-06
1546,5,1.6602208622728296,1.8114583698352005e-05,2.419240694247134e-06,2.319762736190855e-06
1547,11,2.5523764888631453,0.15689617515112475,0.0134211788980532,0.013327185375272799
1548,5,3.9620359319201985,0.07334388029536132,0.027567533946381537,0.022726043474815712
1549,15,2.458139709454284,0.00022412829356662466,1.886683897642039e-05,1.5111982318673954e-05
1550,11,2.672572921591654,0.012380867468184098,0.0019402637140030182,0.0017869238787372867
1551,5,3.304181737720246,4.8012493997528004e-05,1.191766750040205e-05,1.0175100765497842e-05
1552,8,1.5831102155686412,0.007609231888522808,0.002199645863439922,0.001922669153144666
1553,5,1.864716324202114,0.0002447830942871948,1.4789764218124432e-05,1.3160399949353703e-05
1554,5,3.9539343872412585,1.9617499073893234e-05,3.7195161115920458e-06,4.156254218544292e-06
1555,15,2.2083106927122946,0.006215513006267227,0.0009068224872706384,0.00071500996252884
1556,15,3.9058002447546127,0.16091216248210888,0.033111149565375086,0.03764855066088497
1557,8,2.20050905030124,2.7772757150498858e-05,5.850250778480079e-06,6.483832301814957e-06
1558,11,2.9955863918119596,4.803557591846844e-05,1.094447795624199e-05,1.2696216471616457e-05
1559,5,3.2741317758215924,0.07233199972924864,0.005077204651357208,0.007401697334075557
1560,5,3.0275865975836784,0.14173566006415755,0.04981805878683539,0.04547647694904834
1561,5,1.5001037157654573,0.2830770060219385,0.028969395548941193,0.02325983478178253
1562,8,3.7226636420355206,0.0010544184867592242,0.00030475848082313567,0.00039554727429190614
1563,11,3.9772349883171407,0.0095113547834909,0.002301383470907902,0.0018299494672702054
1564,11,3.4728222504672157,0.0015371078562593375,0.00017364268454806868,0.00014600792504565355
1565,5,3.3359593743398945,0.00020293554982964534,3.740381178194506e-05,4.041000509298864e-05
1566,8,2.953528299624423,0.00020240222055117868,2.862036715419443e-05,2.2049929853046315e-05
1567,11,2.775741763489479,0.04183449946981397,0.004720896903161104,0.004605274609367808
1568,11,3.5642695219404277,0.011517010299448616,0.001952581614553618,0.0015894998887800173
1569,15,2.2972240407489384,0.1269941075055248,0.01724441263344747,0.018423300337578382
1570,5,1.521780103126046,3.0852143401182336e-05,8.301868072269337e-06,7.0687305069005765e-06
1571,15,1.6022557678366849,0.00013842304973657528,1.0696650284632735e-05,9.805623956892888e-06
1572,11,2.4893734019028035,0.01630591738516607,0.0020981111632066146,0.0021388831489277285
1573,8,2.2904029400346855,0.11911106555957758,0.019122298020424314,0.020485858116567553
1574,11,2.4176213721536857,0.024157199791648053,0.003491530002688561,0.0028406266228236964
1575,8,2.614466012584547,0.05303995031817175,0.014552945705603532,0.01197844976880614
1576,15,3.1034045900299496,0.0006201678725267567,9.279122976098116e-05,9.658008398254816e-05
1577,8,3.7293951919905535,0.0010835780922158356,0.00025656770429575136,0.00026305550233520213
1578,8,2.104722794350116,2.251902690918621e-05,4.232973990019953e-06,3.613330680968403e-06
1579,8,3.4666036768071953,0.0019448233622688085,0.0005969937566577168,0.001496055820766937
1580,15,2.491934127551433,0.03788253318102949,0.0023356220171662566,0.0020346722128972436
1581,15,1.6409745175727328,2.787093162268136e-05,5.0982865500091535e-06,4.033989783279199e-06
1582,5,3.6726556518014424,0.0011847437057114253,0.00038735040235321044,0.0003235056874247803
1583,5,2.024158990384166,0.0189731913859388,0.003891773176581202,0.0033959539616697262
1584,8,3.5007601701231477,6.828116909996247e-05,2.530913868718176e-05,2.54569357196486e-05
1585,5,3.622261513473353,0.02492385691155703,0.011649604389010937,0.009400712839485747
1586,5,3.4350930253394565,0.00015446285347594488,5.928301550258438e-05,4.5132880474271394e-05
1587,8,3.0255009299324467,0.0004144915654557494,0.0001184931580260535,9.35833761464656e-05
1588,11,2.443532451327167,0.001023133014596315,0.00013983432424565987,0.00013073821947044963
1589,5,2.850433006925042,0.006640718714369892,0.00021040131781380585,0.00016989573010773115
1590,11,3.687617004314592,0.0009537888910015819,0.0001671182074088285,0.00013459068432093086
1591,15,3.8385271952702356,0.0003097624736800511,5.1412180486632565e-05,4.4711718921153436e-05
1592,5,2.17545530288722,0.11795379100454513,0.006295176404775192,0.005827261636739996
1593,5,2.219645623873541,1.50288184872136e-05,9.176436277775017e-07,8.970502995405996e-07
1594,15,1.898430447491997,0.0008102218599950785,3.803768783839906e-05,3.038744430935005e-05
1595,5,2.1568766713713203,0.00032248760258650277,2.1652379422375082e-05,2.1459327689822525e-05
1596,5,1.7239943141081282,0.04114470591975661,0.0012308949858287552,0.001708178619432402
1597,5,3.690090496743714,2.3232549833425677e-05,3.844567576429265e-06,3.7647744808358014e-06
1598,15,1.8285139265466916,0.007258809773780358,0.0007407160359183726,0.0006364291255216798
1599,5,3.655398129069563,0.008191780138021371,0.0037249478957199736,0.0027008211268362624
1600,8,2.6778924673286477,0.06945706858335722,0.01258111762559408,0.011846930374607705
1601,8,2.7889029398611944,0.0001199420481688278,3.668402923582556e-05,2.8558247403135017e-05
1602,15,3.03196654547235,0.0015105220455239596,0.0002518246663280666,0.00021260654883212084
1603,8,2.168017029908563,0.007810819267693595,0.001683832337207607,0.0012766863445643258
1604,8,3.441198749890834,0.0003867764209923443,0.00011947519128348106,9.97232332323191e-05
1605,5,3.2205462567473626,3.264234101033328e-05,9.048093681435688e-06,8.045329306349284e-06
1606,8,2.114334184119545,0.00010187989713519383,8.611112427947599e-06,7.318254184766563e-06
1607,11,3.4780352645678874,0.029794315720207895,0.0068809540753061345,0.005679099329324184
1608,5,2.8469552145077537,0.002619576219490328,0.0002303656308983389,0.00022321130077274912
1609,8,2.098806978061171,0.002539918925111291,0.00047958081729306164,0.0003746915891406585
1610,15,2.811496635835508,0.00046046327614870464,4.2951487860015775e-05,3.510091948267571e-05
1611,11,1.7528506661710208,1.0144794187836929e-05,1.844111583723267e-06,1.4603617952713119e-06
1612,5,2.545158554152734,0.03914454198208765,0.008406128129676047,0.012233833396837186
1613,5,2.1119215301473515,0.006208593135775844,0.0012715297878778359,0.0009900825533127775
1614,11,1.7574472962933994,0.056363660441616406,0.004135850668802937,0.003892203003610774
1615,11,3.218115153135114,0.006244729502327395,0.0026204206735732575,0.0029965999847217355
1616,11,2.1411024909483984,0.0017427115855876702,0.0002794865781984875,0.00022858043426361154
1617,8,2.9794962995537477,0.00136441882001972,0.00021193279869210325,0.0001781296607682286
1618,15,3.200801127269485,0.0021986159843779716,0.00034893791598147015,0.00029719035911928104
1619,15,2.862364546372137,0.005570048117704376,0.0004693034493739653,0.0004604401173312826
1620,5,1.5638254196124157,0.0005511496344725292,1.2367836584441138e-05,1.2930976624130105e-05
1621,15,2.245135208746852,4.007371175256671e-05,1.5782196622682227e-06,1.6899672827842191e-06
1622,5,2.2868380924914615,0.0020550914308077586,0.0006996351106021825,0.0011893659279497621
1623,11,2.3510132731435114,2.4026488700301726e-05,2.451933146030447e-06,2.0456601056524904e-06
1624,15,1.5621432604301322,0.010988432508972388,0.0018206504538510735,0.00138026996026729
1625,15,1.8374693821686578,0.1324614670852892,0.010190856784064868,0.008913234654876633
1626,8,2.0535573467804364,0.048874332667838166,0.0029920317319618124,0.006023984061925425
1627,5,3.986969930355868,0.004159473069821307,0.0010083850611796097,0.0018154492791920616
1628,5,3.2191627826998097,0.05564576331395692,0.006609422951804724,0.005311891514498889
1629,11,1.8186317098582068,0.019833780497615767,0.0026388091435182986,0.0020944942298128325
1630,8,2.218014542101158,0.0001282939300054128,8.79579490232193e-06,9.077565009873108e-06
1631,8,2.496532903084861,0.009429905058858637,0.0024296655617560333,0.0019341807234700373
1632,8,1.9980093627943587,0.0402642519535388,0.00509993919872925,0.004779932782310528
1633,5,3.412805136817852,0.0505832492684701,0.006710940390866034,0.00717888836625241
1634,11,2.320394415891969,3.838228804202852e-05,3.993491145724231e-06,3.1504514482500753e-06
1635,5,1.931180114744825,4.9627653454411205e-05,1.8063269933593994e-05,1.7858748740374552e-05
1636,11,2.4771420349607105,0.001591692763733109,0.00029940231711122426,0.0002551246103855019
1637,15,3.120752641034965,0.00011805048132873086,1.9878190486089845e-05,1.700367988532037e-05
1638,8,1.6346907594021507,0.00020882081191419703,3.736295446121758e-05,3.216304338586427e-05
1639,8,1.9799267516453716,0.0008297074773847112,6.845213258422129e-05,9.335062332635159e-05
1640,15,3.4664969285533744,6.58990108017966e-05,1.3986209017379838e-05,1.232140891519941e-05
1641,5,3.481218418153548,0.1213655764290311,0.03582196470303591,0.029915811668560197
1642,5,3.357428532086031,5.5996908081011526e-05,1.7658079386746118e-05,1.4471910291278381e-05
1643,15,3.1960011559018633,0.00012786287123293344,6.097185238835331e-06,5.094759719410548e-06
1644,11,3.822195062224871,0.01437437568002047,0.0018835327150929168,0.0016473731909377293
1645,5,2.3079575037252034,0.00033953139787311267,1.3201329716086105e-05,1.3645791587379459e-05
1646,5,3.045628816395169,9.254259296898019e-05,3.123608204033301e-05,5.280415843885685e-05
1647,11,1.7553111541105668,3.627853805614751e-05,4.781973280623543e-06,4.422430458894407e-06
1648,15,3.865968992320754,2.7733379815507615e-05,5.3176602571284365e-06,5.135791777795228e-06
1649,15,1.7501433645429443,3.731729842007199e-05,4.284497777877865e-06,3.439339469962121e-06
1650,11,2.966323984749639,0.0008019158137099585,8.611366193469111e-05,7.762516242095112e-05
1651,5,3.103603528990234,0.0007381802096199794,9.423165253348878e-05,7.326996360481047e-05
1652,5,1.824833316593915,0.011302286151938502,0.0015823619863388795,0.0014947352238477468
1653,5,3.398325867574762,1.8888199959105676e-05,6.985485132540848e-06,6.5824920106171386e-06
1654,8,3.071854935087585,0.000291096820439865,1.6582842491926003e-05,2.098877270401052e-05
1655,5,3.4453374292212806,2.7934806735101787e-05,4.339639421507745e-06,5.440696636020374e-06
1656,15,1.5376218874329206,0.020400715671501757,0.0011027883021427793,0.0012068726426492388
1657,8,2.5724473040098497,0.000633776765368795,6.557397180685003e-05,5.5536692928488234e-05
1658,5,1.6203362470651002,0.015195965900169663,0.0012967763377571284,0.0013382026167346381
1659,5,2.3920401011734125,0.02120763974506332,0.005487399284532937,0.004224815759761882
1660,8,1.6814550082440627,0.01731177246032751,0.002197132513806117,0.0032754619843182293
1661,15,1.5878158530101405,0.0001934127185110676,1.0455225146870937e-05,8.927872703088151e-06
1662,5,3.780522954693228,0.0020351257251276823,0.0006027479908562207,0.0007043965303502099
1663,11,3.9465781316359436,0.00023691794415562573,2.6011043261459348e-05,3.0459705176113728e-05
1664,11,3.1524906253172995,0.015181364056588657,0.0025837420613873726,0.0023523960951047254
1665,15,2.996446038987644,0.004180210688305966,0.0006681241390089872,0.0005123483351771155
1666,8,2.7113610201195506,0.0067435587134828095,0.0006096006092454438,0.0013307633449506908
1667,11,2.7172424987819856,0.00523574750060535,0.0008441693664499231,0.0007314978815445846
1668,8,2.3250988322096893,0.027386184768331982,0.004390505782285902,0.003554265167843892
1669,11,2.5613095312086402,0.023768387773173624,0.0012031157863641446,0.001476231722182363
1670,8,2.6829463333495034,9.283895084789778e-05,1.2548811065311932e-05,1.1271044383985053e-05
1671,11,3.245225542565587,0.0025457983810312805,0.00021964298342164447,0.00025064429510305165
1672,11,1.662262397898224,0.1815702174466202,0.03447966209505802,0.03568585325016803
1673,15,1.765723115972607,0.002875276165626152,0.00039773578262351013,0.00032250271544169803
1674,5,1.5263035372171911,0.2319953531670983,0.03424248497368908,0.03648609039626848
1675,5,2.4154056240568407,0.00013131334999042445,3.235023863680744e-05,2.8726180750669094e-05
1676,5,2.3779204049424636,0.00036995132939087133,3.787905038999401e-05,4.525436462298362e-05
1677,15,2.9808114747359173,0.0009828658327739328,0.00013972352890775387,0.00012661896803031728
1678,15,2.683579198090664,0.0006668910130164639,3.0993196718769664e-05,3.490904075362432e-05
1679,11,1.7156414446661505,0.0006199250591168815,6.684308229526323e-05,6.121470840135277e-05
1680,5,2.103215277250495,0.38112663410348085,0.02486545621581006,0.023550203386235882
1681,11,3.6111154201547286,0.06326710300355551,0.018013908620653617,0.015149546055844223
1682,8,1.689126629439684,7.829584106150193e-05,1.9398275654440583e-06,2.5355362868589603e-06
1683,15,3.570623280747703,2.503272899608904e-05,5.606491659490212e-06,4.916625727134333e-06
1684,8,3.7317268632948246,0.04345686460118158,0.013148368360379456,0.01039010055809116
1685,5,2.542040893494579,0.015313580783797175,0.004085822545771249,0.003679899215371358
1686,8,2.555871355769338,2.84221806556754e-05,3.5454175798566128e-06,3.564330755434768e-06
1687,5,3.1228812904659993,3.217199454586166e-05,6.473271591434882e-06,8.904456520849842e-06
1688,15,1.6824257796409365,0.00037226642375056703,4.635760381067466e-05,3.749296863393731e-05
1689,11,2.565727363419903,0.00015505398573436224,3.910541916971792e-05,3.0462866512529583e-05
1690,8,1.6916261511247743,0.0006380015504203731,5.0613848658905775e-05,5.010680321245654e-05
1691,8,2.084712345171819,0.0011679463863442587,0.0001000139139441786,0.00013777760679270281
1692,5,2.9880408069746593,0.02339918848323898,0.0035323784820102434,0.0028474157062120813
1693,11,1.5657349717490816,0.005010010373351689,0.00015063262247767877,0.00022790016550042067
1694,5,1.7711265308424164,0.003319426405878297,0.0012485385574981655,0.0010529523989116388
1695,15,2.3841269328943273,1.9334289690058744e-05,8.525445191591282e-07,7.151952349222601e-07
1696,15,1.9189843108098734,1.0064397319717983e-05,7.471643777135265e-07,7.267450030990266e-07
1697,5,3.469214221523651,0.02898334864344042,0.011859868585645333,0.011772896597393221
1698,8,1.7224653327617383,0.0016311342600401804,0.00016478834545642868,0.000139623389935293
1699,15,3.7036927632188203,2.3430396375241638e-05,2.9952415453565348e-06,2.6168370983710646e-06
1700,8,3.2721799293560867,3.485784030191405e-05,6.923130660968095e-06,5.711799967056571e-06
1701,8,3.7256949803631305,4.0591198385522126e-05,8.901175576876383e-06,1.1681043444613218e-05
1702,5,2.934102309713963,0.0036311995497151023,0.0006402782318287127,0.0004900660071004128
1703,15,1.6931757301003458,0.040262197669029304,0.006564347772799408,0.005056148162070338
1704,8,2.347080796445994,0.0001528452070532048,1.1374811662728944e-05,1.0194555567942102e-05
1705,15,3.4665021479036886,0.029541741888439804,0.006193891740542055,0.00667359870373703
1706,5,3.9086783964031193,0.000678627883897816,0.00011944016966947898,0.0001059866373334071
1707,8,3.7379174309916023,0.05002743669822787,0.007727932697514484,0.009666074400865194
1708,11,2.1460841796668273,0.0031890678924452256,0.00040936591123128397,0.00033332326051375034
1709,8,3.1083219299967864,0.13033258835038405,0.0417041173363221,0.038922681081898114
1710,15,1.643572053511164,0.01727064940325491,0.0016680097633690366,0.0017715197737410472
1711,8,2.6501117741010445,0.006831679163911737,0.0011633099534850118,0.0011988578540219274
1712,5,2.673022640063877,0.047458925766148644,0.01289435946675541,0.012165848449740668
1713,8,2.212425837117338,0.15583339039223365,0.007369582943622454,0.008832016171929996
1714,15,3.30814090934172,0.003873275297070907,0.0010008429882721616,0.0009117175868575266
1715,15,3.7185151039409323,0.012749195689616057,0.0014803353831023959,0.002797226143522182
1716,8,2.9605211621642797,0.0006301350870840152,0.00013708582916271536,0.00011494846133293908
1717,5,1.8398559928301002,0.04663440807165844,0.006714748975119618,0.006119854815269592
1718,8,3.467466868431304,0.04104707910621152,0.002671319462775288,0.0020841390333053177
1719,15,3.5418506397768375,0.016325181397449613,0.0036250178934348837,0.0027969403250344754
1720,8,1.635014294785518,0.013470631622483029,0.003205400484448724,0.0028298808518152033
1721,15,3.811445792437516,0.005758165028241476,0.0015038329632354273,0.0011541328668963746
1722,15,1.9240706608929015,1.0383418794796622e-05,2.5941528556356085e-07,3.0377677858342925e-07
1723,8,2.1925924932274867,0.002135740740066108,0.0004232478967483263,0.00041499398017036306
1724,5,2.164264574725743,0.06422533259554125,0.006413239292305795,0.005712767422259335
1725,11,2.410268024682738,1.045979656596415e-05,1.0745461549982412e-06,1.066400456209973e-06
1726,8,2.233160297285336,4.0566751503755714e-05,6.71228596396503e-06,1.4722621910280685e-05
1727,11,2.9983738663716553,4.012231989153618e-05,7.276347080383327e-06,6.572428104139396e-06
1728,8,2.543514951329195,5.219412453506052e-05,7.435345929083829e-06,9.777333511814363e-06
1729,8,2.8219225841718556,0.029897698735497597,0.0035022813320403938,0.003118020166225935
1730,8,3.6390694698260155,0.0010692457910366293,0.0001505678126492484,0.00012133483563608075
1731,15,1.7454350569214436,5.7692151817951734e-05,2.933819719701244e-06,2.3985798354101228e-06
1732,8,1.8114341516788461,2.8733697203008438e-05,2.3035883702967616e-06,1.8575732263127657e-06
1733,5,3.481439153189861,0.009291065738168802,0.004144521483190911,0.0033801880627731063
1734,11,3.1658455226531124,0.0015855611591789334,0.00025650330226967467,0.00025427839597297547
1735,15,2.634336292529689,0.006690054519949352,0.001299451068876961,0.0010170507214002193
1736,11,1.7132759290093234,0.013424621982656001,0.001258974398112424,0.0010110216538417331
1737,5,2.103578669866016,0.0032709518162812737,0.0003389244937511421,0.0003454289372011373
1738,5,2.313961358071374,0.0030944417104620163,0.00045425913205498234,0.0005848281335688627
1739,15,2.288453902141897,5.035778516310226e-05,4.286060944302176e-06,4.488310348344614e-06
1740,8,2.333205318931707,0.0004007607063202107,9.603056179978688e-05,7.580111857790576e-05
1741,5,1.6763819911787796,0.020548189440832542,0.0021588326078161788,0.0018547773794665766
1742,15,3.353473392700607,0.01984585030474252,0.004429100775287718,0.004307038471558223
1743,15,2.2714062729868836,0.014143064561485123,0.001278622934962974,0.0010505587001353473
1744,15,2.996226342422096,0.00044837178517364846,7.704720254609988e-05,6.308168497939833e-05
1745,8,2.5730122908808832,0.0925525186541008,0.02137408483782804,0.023641117090473045
1746,5,1.9458061075613946,2.948804127573291e-05,3.921504891825012e-06,3.607484212736255e-06
1747,8,1.8323697497010072,8.575162690856977e-05,5.4943456982271095e-06,4.408821098981326e-06
1748,11,3.3897947122124794,0.001194523778867446,0.00013222414263409926,0.00013259802589577917
1749,8,3.1615050324908225,0.0016054999152410859,0.000264102368887622,0.00022790756444726935
1750,8,3.201022861089237,1.3477548277052765e-05,2.400164249680455e-06,2.1312715959186257e-06
1751,8,1.5660464698152103,0.00011378289545368542,1.2086658065817068e-05,1.0500611764649961e-05
1752,8,2.687293160812802,0.003555619160496164,0.0005001612987738872,0.0007917594767230433
1753,5,1.5751216482560235,0.09404665640225354,0.013673822035371493,0.010845693983666159
1754,11,2.392872130327228,0.00018912137506832188,3.1184685411302915e-05,2.519108887697295e-05
1755,5,3.0401167014391657,0.006187124936157814,0.0008481008467694111,0.0015652694005673983
1756,8,1.9848138506653477,0.33253949442874814,0.021277786593018412,0.019133709288662173
1757,5,2.581834815873776,0.04685189630739333,0.005670761249738122,0.004857474904338658
1758,8,2.7905520312102876,0.0008119758557663924,0.00018029916301148105,0.00026928118440166095
1759,11,2.156800877457645,0.0008428219148284451,0.00012596520454211924,0.00010377030470600396
1760,5,2.991474967942795,1.4301120451485575e-05,4.990100777268619e-06,3.993195135673941e-06
1761,8,3.951799845784098,0.0026105500322998795,0.0005449914859452069,0.0004190652953961472
1762,5,2.214560313664486,0.0032090177530495812,0.0006003829835944024,0.0008853809999127049
1763,15,1.6156557238771019,0.15377166733077405,0.0055802055185394505,0.004849524889684231
1764,5,2.306073926602186,0.12447816014067273,0.01120618390263138,0.010614291090460307
1765,15,2.561321439177668,0.059006791685295136,0.0045202997302428854,0.00453322914283787
1766,8,3.7597528013093364,4.372931174226312e-05,1.28578460176862e-05,1.1600892987577964e-05
1767,11,2.745688621453524,0.001085128165719159,0.00027476712809509565,0.0002891814118012486
1768,11,3.693811176620058,2.5792332630262736e-05,6.458162383723763e-06,1.0329640798886928e-05
1769,8,1.6974654924100425,1.367765478318824e-05,1.5352312816098851e-06,1.2271654035147526e-06
1770,8,3.0851828980823597,0.00399800728684743,0.0009491908423761963,0.0010311720489421597
1771,5,2.5024382626091985,0.08263150823459336,0.004766879404960837,0.004551012171675189
1772,11,2.6669967737596862,0.0012574863247733793,8.078352345018085e-05,7.548837960929381e-05
1773,15,2.262491286588052,0.0013749889332156774,4.292530824375814e-05,3.7705696918128085e-05
1774,11,3.586141508351054,0.026227568379587958,0.0027780026110240134,0.0024509577840617813
1775,8,3.523307824871741,0.00019025677982297594,3.509790523128864e-05,2.9193374686106573e-05
1776,15,1.8286696526401736,0.006968824720897105,0.00104697138730858,0.0009026787169293157
1777,5,2.164356976913545,2.2251435620705995e-05,6.706511290957992e-06,6.159434996101001e-06
1778,11,3.9716256778073005,0.004807838070077728,0.0013417660237478534,0.0013779782509310797
1779,5,1.6658750774787145,0.011599621948303952,0.0007074518053667626,0.0005316921309315728
1780,15,2.73947979404567,0.023043027398803845,0.005375471193946356,0.00415678701019883
1781,5,2.536700351948312,0.00047967453286519156,3.663466146609796e-05,3.577138025891658e-05
1782,15,3.1359398858644343,0.20602560024397468,0.020208719213270665,0.016357439870946244
1783,5,3.1038024703244242,0.03787925008520742,0.012100252763200918,0.010909862614315908
1784,11,3.9573799895200925,9.343016128314854e-05,2.4046370370976882e-05,2.2068390501448604e-05
1785,8,2.5188071290814644,0.25351878836907177,0.05289622674366931,0.041281456728077634
1786,8,3.7183056968395864,0.005463189130864923,0.0007171904139325764,0.0008854396745568491
1787,11,1.9826100967777027,3.7259973489367416e-05,8.457437483059758e-06,6.678418294295747e-06
1788,11,1.831147260856528,0.052749869132826865,0.0026361677045142395,0.002181084925045753
1789,8,2.7696511818342615,0.00032992061768543805,2.898229316806896e-05,2.489021577392506e-05
1790,8,3.1122858924461934,0.017736430114644795,0.00560660441220712,0.005438126513342698
1791,15,2.0792798555433434,0.0061530166726268916,0.0007680448344626314,0.0008140213838665954
1792,5,2.8168570744027273,0.0017701303593316026,0.0005019707859394789,0.0006780391022855437
1793,15,3.027445836708535,0.0010460077844891814,0.0002538951182590702,0.0002086011218405632
1794,15,2.1318982128188098,0.0004116757409339477,6.013466834770232e-05,4.539600243131028e-05
1795,15,3.5775482182531384,0.058026732109863643,0.006069190977297002,0.005194075966065895
1796,15,2.1934255128480777,0.014945939930737125,0.0031834236418508575,0.0027182340609220937
1797,15,2.5531485442843724,0.012990123182473725,0.0012962414068812518,0.0014049109146862563
1798,8,1.9788279926458237,0.01836630480565464,0.002139367250329031,0.0019516120871984253
1799,5,2.069433250518752,1.1253836974982074e-05,2.9520556924894324e-06,2.6303968052776498e-06
1800,8,3.5603578860671474,0.016800256466497566,0.004747306200190225,0.005046656814599361
1801,5,3.5850287329755663,0.012596372403759172,0.0021489714218510527,0.00176035408381943
1802,15,1.5282508712353273,0.002733003526782986,0.0001829572786260082,0.0001621058805682626
1803,5,3.2024320570913916,0.0022528535136835943,0.0005358290118662362,0.00045787129263231524
1804,11,2.2247148736466054,0.0005341929855989956,0.00015241037303986637,0.00013070683373604184
1805,15,3.6393483916751572,1.957142559489176e-05,2.363898651966405e-06,2.5209936592187506e-06
1806,5,3.7561496528403473,0.022464696311083325,0.002321152303015155,0.0024772380876008394
1807,11,2.5072908099878015,0.014704665500562422,0.001122127379614847,0.000977456048508478
1808,11,1.5945741650897058,0.00012244755589730532,1.482525867675448e-05,1.3529284412919726e-05
1809,5,2.3746774069300307,0.20696248792794184,0.08731983304485953,0.11784602011059715
1810,8,3.8368976515264,8.371381421395585e-05,3.630662320228431e-05,2.9786557478932147e-05
1811,8,2.9655222467841873,0.0038522323361782286,0.0008115352690084036,0.0008490158785409924
1812,15,3.6841847921328865,0.0030078068647503607,8.94944519027661e-05,8.178818400425046e-05
1813,8,3.7074919835018827,6.936881686206373e-05,2.0670566736201632e-05,2.8009797711254602e-05
1814,15,2.240339935110991,0.0018096947698923776,0.00028056473827157573,0.00024428580248576036
1815,5,2.3182361433066236,0.00011272765428491879,1.4452175684099779e-05,1.416670853157993e-05
1816,15,1.8609243380989082,6.291652169075556e-05,4.471552528892777e-06,3.6015002424808547e-06
1817,5,3.6603439778279503,0.035442171826857494,0.01046585739419942,0.008833686566160648
1818,15,2.9562699058855157,0.015038224332082017,0.004017773468728308,0.0036659161553079583
1819,15,3.7502810363823404,1.4911665854750994e-05,2.2394184231321724e-06,1.992606117587843e-06
1820,15,3.3388122636548516,5.416609763812618e-05,9.593823937436287e-06,9.089775547772447e-06
1821,5,2.6282641170758763,0.04366586602524225,0.013429316573344677,0.013407239059745649
1822,11,1.6689997093690407,1.0381526936029459e-05,5.1935977497396e-07,4.923125463349762e-07
1823,15,1.9269971193420585,9.196475798412501e-05,7.962269009595632e-06,7.677863555499098e-06
1824,11,1.7316077178411102,0.0007314417658084122,2.3480371878867095e-05,2.926668773477507e-05
1825,8,3.2834731774363135,0.004352885913224471,0.0018575690406478153,0.0019494460416700225
1826,11,2.722744754845186,7.847316424309566e-05,2.13302650973556e-05,1.9032269820440574e-05
1827,5,3.9065377483025725,0.0020341589400130963,0.0005220752348787118,0.00047098870654631607
1828,15,3.3035831655543966,0.004667156579126524,0.0005147852210631733,0.00044612949181286823
1829,15,2.653823847503982,0.07696324266773266,0.003359465447561043,0.0035051876129505704
1830,5,2.293220446757314,0.0015927644621290312,0.0001659257135666862,0.00022832013647039364
1831,8,3.3957037768077227,0.011184103435123905,0.002574762220826213,0.0021668276969659733
1832,5,3.3453437665206525,0.0008074050884690626,8.6131723476315e-05,9.093715595394485e-05
1833,11,3.5793018950780695,0.0009539841119724814,0.00016579145104770972,0.00012698236954194952
1834,5,1.9775706123566388,0.00860722725503447,0.0034331741781226497,0.002538067311075245
1835,8,3.2190044994936895,9.058876874205917e-05,2.5038386677172578e-05,2.238565478244101e-05
1836,15,3.10262935126078,0.0030796110597175463,0.000595826532535076,0.0004531188687902846
1837,11,2.5273355001313704,0.0001859015990853192,2.3642677559553946e-05,2.2275657849554866e-05
1838,15,3.4007720110521396,0.0016873119294653954,0.00023001528849818994,0.00020238961472753735
1839,5,2.1608399169392962,1.1365715867074926e-05,2.8375458945104337e-06,3.0704178330749002e-06
1840,11,1.5173154451342261,0.00778582670935871,0.0009496445307968593,0.0007630870853748537
1841,11,2.85885975687321,0.00037756581062286994,5.990628656714187e-05,5.974904416894459e-05
1842,8,2.9956216167283105,3.056778422090844e-05,2.786812161410091e-06,2.4912518041711407e-06
1843,15,2.559525524964292,0.001557748768605669,0.00010709711062451678,0.0001058241397538441
1844,11,2.7029464705466637,5.10744942007783e-05,6.930643975426516e-07,6.033813323703416e-07
1845,5,3.269634528714916,0.00021808732634032667,3.552199883000479e-05,3.3293964047395774e-05
1846,5,2.1183090984044783,0.0003752819022741993,2.0268293566971706e-05,1.681342915392397e-05
1847,15,3.1446475034922514,0.0001317702543458166,8.822370378150458e-06,7.128366312803629e-06
1848,11,2.819666698889711,0.00018883393675362775,2.6501035104377063e-05,2.551394706925061e-05
1849,15,2.8005559470439483,0.0060265897497606795,0.0006091990811210179,0.0005758639607959653
1850,11,3.0926535226987113,0.008348213885059888,0.0005803375034074063,0.0004978299267977682
1851,8,1.681762412859534,0.00012740377475337276,8.322229784625243e-06,6.960414855831617e-06
1852,5,2.276576330525428,1.0460221048395032e-05,6.403737913000669e-07,6.04520843761735e-07
1853,5,2.0372928804142574,2.4681198886685857e-05,4.763166537745881e-06,3.926047174198074e-06
1854,5,2.293576149561801,0.003548418412417057,0.0006300987141342445,0.0008709842696504016
1855,5,3.13363926900447,0.053438645581551564,0.01394018772918551,0.010703520312584534
1856,11,3.45623006261787,0.003014227870172658,0.0006217308977018738,0.0005436516016651262
1857,15,3.93143972642278,0.010340485606881136,0.001587869497993541,0.0016096718986884269
1858,5,1.8204915793362293,0.0003124709996759677,1.4808229788443222e-05,1.5074409182481628e-05
1859,5,2.476435031083537,0.00015034082061225653,1.4345167153651935e-05,1.3399283524904284e-05
1860,8,1.632215916517299,0.0002680898854604384,3.773993112217975e-05,3.174845567667854e-05
1861,8,3.084429283388501,0.00014344004020459212,2.6467997046640334e-05,2.0752332589411738e-05
1862,8,1.6166611627403804,1.0874542286995878e-05,1.3099143735027777e-06,1.144056446587502e-06
1863,5,3.6355269864202637,0.001906110564384025,0.00018671873844193357,0.00017535768270086555
1864,8,3.6414245618851075,5.655855513603595e-05,1.714574648919879e-05,2.9091825384537955e-05
1865,8,3.081807567877174,0.14681620145875834,0.0343752834502725,0.045458238692780185
1866,15,2.4137730986565944,0.0001843620923195129,3.081520809514414e-05,3.094784573886542e-05
1867,11,2.6246653962783997,7.167836425291489e-05,2.158605369870048e-05,2.122625264101327e-05
1868,15,3.800822660641092,0.03205178717440375,0.004502115054640274,0.003674383780919628
1869,5,2.262056391514652,0.00015365174870069496,4.165636298158172e-05,3.328670380225809e-05
1870,11,3.0482240148685342,0.0005996553172136838,0.00010177688581909728,0.0001022472102685961
1871,11,1.509506396811706,0.0008143580244818556,0.00012641157900038862,0.00011139343495735618
1872,15,3.2169957438691448,0.00023758526555746752,1.9482318203053026e-05,1.5980203676082208e-05
1873,15,1.8747481602090688,0.05595445395680872,0.005339563321794862,0.0051705818330468655
1874,5,2.879960314266067,2.0026393474707028e-05,5.532852892902134e-06,6.220695488302812e-06
1875,8,2.8231176793723924,0.00013821480596625844,2.856227279154786e-06,2.286767033949983e-06
1876,11,2.454243445104173,0.001593961885094643,0.0006634155607722404,0.0006422443092439369
1877,11,3.901000779246624,0.002799899714210009,0.0003761858515675007,0.00042251924065233367
1878,5,3.139886775346892,0.0036299375952139616,0.0014733538941602941,0.002089736651042236
1879,15,3.1231607828895718,0.0025249510062914414,0.0005001946949626699,0.00044073384230133763
1880,5,2.0784063456200954,0.00025153969697581274,8.027512639622656e-05,7.688644479124121e-05
1881,8,1.7521312995330385,0.02814395394034595,0.0021160305480206337,0.00167459644125452
1882,8,1.9604381617639675,0.0009213090838835195,0.00018149682324453137,0.00014770063898947473
1883,11,3.0104024630846373,0.004267854188057133,0.0008738093498280295,0.0012237397732953478
1884,5,1.6104526702477706,0.10390704194051964,0.02811591150341489,0.022216232610915283
1885,15,2.425417739389676,1.1267119551607818e-05,1.318867715258327e-06,1.1632115529642368e-06
1886,11,2.919404716148988,2.0367387843242606e-05,1.8937438612830648e-06,1.548058693694494e-06
1887,8,2.981952236308274,0.00011331785608520935,4.9434939564754986e-05,4.729364877373388e-05
1888,11,1.8491909326392673,0.003004333531415063,0.0002517211537790158,0.00023253306657623245
1889,15,3.821624931382337,5.542046192499646e-05,1.0047737471147047e-05,9.359062618198466e-06
1890,15,2.549231728092472,7.096563439507955e-05,4.613573420666871e-06,4.537574793451636e-06
1891,11,3.9659744118520033,0.0046755359148692366,0.0013679454331221989,0.0011070359311448506
1892,11,1.566635363614779,0.01967307230255874,0.0006410599100048892,0.0005054851044447035
1893,15,3.482747348364767,0.024302134316485452,0.005061797684957573,0.0050196007967270055
1894,8,2.012108717896534,0.06318236697274643,0.0054710172232336545,0.00471694946989525
1895,8,1.574535733029164,0.34969138323296356,0.0704547239001115,0.05674547810218177
1896,15,3.7157388472744173,0.0209359237040449,0.002377920145038243,0.0020491986219232936
1897,15,2.415710588301389,2.072671683648142e-05,5.025179582735681e-06,3.919061209156247e-06
1898,5,3.142373974705113,0.006745670412983919,0.0008889864862833567,0.0007161127485492787
1899,5,2.321381578382398,1.2251691474206024e-05,2.2728353775188458e-06,2.030618175300117e-06
1900,15,1.616686197255404,5.0167549175532106e-05,2.110570689282616e-06,2.3641420100719047e-06
1901,11,2.8372191575861487,0.007355679734575672,0.0010801309910556285,0.0009206467497752752
1902,11,2.7100852211522724,0.003611842006670172,0.0009130532480938899,0.0006964927261485687
1903,5,2.0155070345271477,5.314570135024844e-05,1.759533803571591e-05,1.3166217230246655e-05
1904,5,3.0811349050244887,0.0069701611498470244,0.0023398659729690096,0.0020418945834388834
1905,11,2.7719880376891686,0.0034090153814278377,0.00010589888269797265,9.083847883646737e-05
1906,11,3.420634450474866,0.12234216441091782,0.018108132107929588,0.016118904225269876
1907,15,2.350954577391323,0.0019438023632508909,0.00017427489767871422,0.0001572129922895062
1908,15,3.8001333056607725,0.006689203232633247,0.0011443155684208528,0.0011235272832900384
1909,8,2.5997316456991673,0.00017935521318276177,3.0062746894793007e-05,4.812553230715563e-05
1910,11,1.6519072950981393,0.0011603862137606505,9.371145342230725e-05,7.438831715147736e-05
1911,11,3.175790376937913,0.0025974344005474923,0.0010867513806583884,0.0013842767976791005
1912,5,3.0441140052005964,6.545079994242128e-05,1.3967798145991795e-05,1.4254258204574845e-05
1913,8,3.2385380163410837,0.0012236326736200244,0.00023351655062192955,0.0001945007333498187
1914,15,2.1931821452867752,0.00026221026662230195,3.6772359836494775e-05,2.750632899763174e-05
1915,5,2.1532550851473298,0.007002841667193188,0.0017031080004031728,0.0016098932283045053
1916,11,3.8616089481097395,0.0004410942719733844,2.217820776522308e-05,2.2418144094118332e-05
1917,11,1.9812549234068364,0.13423736790829108,0.027161878929138666,0.03424437973134504
1918,11,2.685023953627611,0.0003208391058862403,3.1853781350875624e-05,2.6090334634345373e-05
1919,5,3.8077833937396437,0.29008014192249715,0.08266838929594653,0.10712376217509385
1920,15,1.5158541580325933,0.0011698584069294521,4.7117630972622895e-05,4.784041735269915e-05
1921,8,2.3515349844655455,1.1037487765081812e-05,1.829616949317552e-06,1.8502948391203442e-06
1922,15,2.7666104425665083,0.0017832121888237483,0.00014486830324060367,0.00013776093721669253
1923,5,1.9026572127992307,3.092883683441262e-05,7.3008920970619015e-06,7.540025733641509e-06
1924,5,2.8029242878048977,0.02570241521636759,0.006570105288206522,0.005647582998599601
1925,8,1.9242882526991885,0.08868210692011233,0.010512286403156072,0.012208364059042895
1926,5,1.7999034145251291,5.967576918354616e-05,7.445776941526183e-06,6.5052495897620605e-06
1927,15,1.7869075731504223,0.015537029587609195,0.0016028114646642038,0.0012969302289217758
1928,8,3.8325452107925964,0.047337967913223394,0.0050386162351038575,0.003993650710791978
1929,15,2.731262695148508,1.1241285781031512e-05,1.6749936104164086e-06,1.4869423377853063e-06
1930,5,1.720145649836385,0.0015796467823601668,0.00030887764756185645,0.0002495073891817825
1931,11,2.560120325017832,0.001250529922095861,0.0001430997409720636,0.00012432284020277954
1932,15,1.5054956679659277,0.006422221712907208,0.0005681357321815751,0.0004982777136889344
1933,11,1.9521483398293311,0.002305686935174654,0.00024507051791168024,0.00019800295506488551
1934,11,3.646855858441912,0.0003142050337231518,4.0646982070331e-05,4.204099153356279e-05
1935,15,2.8042479516636223,0.08609855406486505,0.01719377221024074,0.016377094540764015
1936,5,3.467564418492196,0.023363832254882297,0.005768736606260816,0.013087637934591168
1937,5,1.604168124384725,0.0017659575684269412,0.0002787198805625829,0.0002847105392921032
1938,8,2.289132493042465,0.0024748389408206116,0.0004547400347574836,0.0003678374515555624
1939,5,2.81551934785819,2.9448085126558553e-05,1.026443518909818e-05,8.401635607878853e-06
1940,5,3.513447821580699,0.00606093765714029,0.002069167794461608,0.001715344666771096
1941,15,2.106769762953852,0.07889404926501314,0.0148371923388174,0.012000450986944959
1942,5,3.3661982560309562,0.005138871751270072,0.0005458531750655943,0.0004912212852923566
1943,8,2.6302834150575634,2.220921971746788e-05,4.380648995416314e-06,3.4780760415643505e-06
1944,15,2.5708483894459118,0.004493813354322934,0.00028511377300757855,0.0002502047125646212
1945,15,1.7711160398366368,0.19917593528997427,0.026570552972556265,0.020848969966134702
1946,8,3.7943189271256226,1.1365519054264853e-05,1.685478593671297e-06,2.2676195279762973e-06
1947,8,3.322283380976356,1.7758611021605008e-05,4.063805415561581e-06,3.3367704954514213e-06
1948,8,2.218936338494467,0.011980471606821827,0.003075711943671634,0.002392155639347448
1949,15,3.859286937838955,0.0018096025476539725,0.00030442463788014993,0.0002485878509835065
1950,15,3.071727818633499,0.025772694221204713,0.0019773388069338213,0.0018372385386645708
1951,15,2.2735413999362395,0.06563062447074086,0.007310595327448979,0.005693899596130123
1952,15,3.080372078220664,0.005353687616980397,0.0013335104578272314,0.001057023088606193
1953,8,3.658277197912382,0.00021452285857689814,7.368397318998484e-05,5.971521566392609e-05
1954,15,2.5250364206036306,0.015457051847914408,0.0034056309054490497,0.0027775259274513747
1955,8,2.079344999854136,0.00018752560179547252,3.415469872222273e-05,2.6909110205564556e-05
1956,15,2.783752063366564,0.07037707217649168,0.0035154897739503484,0.0034828126502521426
1957,11,3.182010911433704,0.013895866822901563,0.0008436202309471399,0.0007500608751779761
1958,11,1.7032271589889119,0.09203386053720602,0.005762590370193647,0.004888484021800034
1959,5,2.6217215973356085,0.0023662124451311255,0.00044481620845860417,0.0003540117729430504
1960,8,3.567629219864157,0.14652504456498672,0.06442776442861618,0.05136825058843636
1961,8,1.7795457426891343,0.00015768311647191633,1.6487005436299333e-05,1.4632590717084937e-05
1962,8,2.2550934966552205,0.0010008185088522866,0.00015989505655489584,0.0001252209920258722
1963,11,3.142303017346623,6.298662225706691e-05,9.513402516182181e-06,8.339612440099878e-06
1964,11,1.6149225344828997,0.15179972509794593,0.015896144199846148,0.016254770296745828
1965,11,2.710940405078778,0.014939805842507828,0.001368069983261569,0.0012146607166896644
1966,8,2.3860319779336874,5.724628375986352e-05,1.0419869069135187e-05,9.690331856551696e-06
1967,8,3.5305946614656802,0.009473523491206871,0.0020639643706650305,0.0035903750966535153
1968,11,3.1393371080109422,9.34038493952688e-05,7.812030652161138e-06,6.657205637115745e-06
1969,15,2.5895435890015936,1.0747813017102549e-05,1.167451356528903e-06,1.1282413043513467e-06
1970,5,2.471643081182874,2.0684454297708065e-05,8.098613872425626e-06,7.314672080071205e-06
1971,8,3.886700016412085,1.2600310562089784e-05,1.212517094674368e-06,1.4529310732972923e-06
1972,5,2.7046331441638123,0.0010406779827581627,6.645801753497379e-05,5.390169562065526e-05
1973,11,2.788453051687018,1.1462697040717273e-05,1.320429671811352e-06,1.3548766003396437e-06
1974,8,1.9524073982422214,0.053902145262800266,0.008446758378864806,0.010556514877465666
1975,8,2.2191012871217217,0.014722012239802343,0.0022131181319902465,0.003635026414696848
1976,5,2.1295376739474117,0.08996984113044437,0.031477811988345775,0.023973731712360256
1977,5,2.620071926084199,0.0797540263477397,0.013497474313847402,0.011061242374613475
1978,15,3.645784625224705,0.00016167062147360683,3.484144290190758e-05,2.855394301230542e-05
1979,15,2.6811622275573628,1.4417248562758573e-05,3.067193873624896e-06,2.2752486214359788e-06
1980,11,1.98321283626027,0.0026338385365684055,0.0005405866561866595,0.0004170775663684011
1981,15,2.6760948876452697,0.07822469990464327,0.007211581203560559,0.007266158747929628
1982,15,2.2283209312906918,0.000794927851011377,4.1387479194984896e-05,3.505008053004459e-05
1983,5,3.029104813604384,1.78279302003971e-05,3.6005063874557076e-06,3.058776022026637e-06
1984,8,3.778923576681404,0.007778060726533586,0.001171332182896284,0.0009487644263238369
1985,8,2.9952520740141724,1.823978003869136e-05,4.1707005966908805e-06,3.7402624233407797e-06
1986,15,1.6066670273952708,0.0001918005511290709,2.8655822390430348e-05,2.357224526728575e-05
1987,15,3.5990341987840138,0.0005197529047478399,6.123902648492244e-05,5.212851386846339e-05
1988,8,3.485013664224918,0.3531877886248667,0.11268657645836228,0.10708664321626382
1989,5,2.2581109733058033,0.0019223789057177696,0.0004286027189293772,0.0003656128168276862
1990,8,3.3409704031199903,0.022613463677973282,0.005125473461235317,0.004490320098465364
1991,5,3.996821101174418,0.010714624659758028,0.0042700727823155385,0.0034849441053505423
1992,8,2.3717145213298356,0.0003763217887688425,5.2139160256969394e-05,4.168580463159525e-05
1993,15,3.0792880691199427,0.01438881299451072,0.0031182684986477346,0.0032248940702863937
1994,5,3.413950635027066,1.9439847654269894e-05,3.8002151667977642e-06,5.715385207014531e-06
1995,8,2.058908213194896,0.0005651518846823741,0.00015383536920643022,0.00011767102389404223
1996,11,3.2892811824406705,1.2421314751832752e-05,2.2944742339941285e-06,1.9291257172143924e-06
1997,15,3.48493665978472,0.02024779103369628,0.0034144542897146203,0.0031008625365959446
1998,11,2.9590169474085535,0.0001579630829843038,6.512634808572451e-05,5.3321478349399926e-05
1999,15,2.3721298417170393,1.653566149022473e-05,1.075326971345816e-06,9.750648716833973e-07
2000,15,2.64643987988372,0.08086295572418672,0.010898953120996526,0.00955488087502156
2001,11,3.570286866112186,0.045484213854712525,0.014409790226985969,0.017638306144895664
2002,8,1.7003619404936077,0.0004630085391792304,6.889166801771088e-05,5.668911657951731e-05
2003,5,2.583888721374752,0.07496420820315765,0.023162991258093717,0.03397416361521445
2004,5,1.6685094079446026,0.0004958435134311866,9.717188364587813e-05,7.922568100864068e-05
2005,8,1.8316359212456694,0.18571325736787728,0.022629427007234276,0.018321718116613567
2006,8,2.694999242369187,1.781553821782804e-05,3.949506971712763e-06,3.7268586570044945e-06
2007,5,3.2155097664525476,0.00655415561235655,0.0020186488951063116,0.00239320245922959
2008,5,2.9449616815311277,3.569325073016748e-05,9.226317751681291e-06,1.1924734531563035e-05
2009,8,2.4598886144312235,0.00010878624585105526,1.778248763009023e-05,1.5900130575897415e-05
2010,15,2.245637004384686,0.0004683246029706033,7.408703261640557e-05,8.162176736854347e-05
2011,15,2.2846402102710175,0.0009300318581176727,0.000104803466872677,9.853974709992756e-05
2012,11,1.6644613066756402,0.024776221377885436,0.0019989666736844186,0.0021020791089013074
2013,11,1.7966518859138136,0.015175762200989333,0.004212921580687742,0.003224814419435633
2014,5,3.7154044469808425,1.902858916786118e-05,5.025604754208112e-06,4.690223490122043e-06
2015,8,1.848327717271617,0.1843619900357153,0.021331579550255653,0.02221999730739109
2016,15,2.9763154801590845,0.09496012508468801,0.014275513957702171,0.011087812352401808
2017,15,1.5628239039122345,0.007710740466075748,0.0009567392076063144,0.0008166904411923792
2018,15,2.280496366836687,0.1289840631415052,0.032554922227816314,0.02545481193471205
2019,5,1.570087593869679,0.0001936887243111295,2.8340073422729867e-05,2.5766329845516403e-05
2020,15,1.6111239542315694,0.0014556508383459844,0.0002585742472549937,0.00020252721499344713
2021,11,2.910671649736323,0.287593250294111,0.06142469266986049,0.050040996666815676
2022,5,2.375722891107239,0.03278998358159637,0.002656406324736747,0.0022515469066927076
2023,5,2.4804698036100414,0.026051143537388365,0.008258405738402148,0.006985904660327293
2024,8,3.4329356345572073,0.00020168886031439193,3.9345724601476345e-05,4.118809749794356e-05
2025,15,2.1444956840545246,0.00010144295616480973,1.6668338294010382e-05,1.3162666631978721e-05
2026,11,3.673518791776362,2.5903377254353322e-05,4.519359597754425e-06,3.3093550237359285e-06
2027,8,3.962949999720986,0.07453136499315142,0.008286479749168076,0.02103739856184058
2028,11,2.362740350769944,4.5272841902854746e-05,5.157719353366995e-06,4.163385879855767e-06
2029,11,2.271138937265489,0.0015885264416040958,0.00021552592041892418,0.0001619322424977219
2030,15,3.348672458473907,4.4117825604690534e-05,8.234540738210613e-06,6.617136148746703e-06
2031,15,2.8115967467660155,0.0014516421926852017,0.00012066443345024618,9.630173025809824e-05
2032,5,3.748258620801136,3.351503168477971e-05,1.4099705352579521e-05,1.719021508078332e-05
2033,5,3.3322119529825116,0.000967050188916502,0.00024001321033203225,0.00020931527012338022
2034,8,3.1833939939022455,0.00042528738070502674,0.00013557158335212607,0.00013437526330429745
2035,5,2.197143146153528,6.076207539074798e-05,9.480605377101363e-06,8.506848738831204e-06
2036,5,1.9793373747149237,0.34548614994056237,0.034524410508919315,0.026964193326351256
2037,5,2.728803112986062,0.004647785231282471,0.0017240362201772785,0.001818362776794936
2038,8,2.1669760787325587,0.024995765931784646,0.0023355610939154196,0.0027055680925618187
2039,11,2.0693000036985967,0.00994556187837499,0.00039242894171513567,0.000323313540079492
2040,8,3.447646174457483,0.00014451877178390092,3.233020528668244e-05,2.6335909559636123e-05
2041,11,3.145004593566262,1.3362569833524505e-05,2.3062604460124744e-06,1.8798423062482951e-06
2042,8,2.8299145539823285,8.384690954045933e-05,1.0646215432268808e-05,1.0261376916074551e-05
2043,11,3.707481134794297,0.00013751662585654404,2.9717301936339602e-05,2.4444349131969474e-05
2044,11,2.707642350076274,0.0001907934800503916,1.601482373328961e-05,1.2956063296977403e-05
2045,8,3.8815212822900698,0.02947748981868442,0.005506375678961175,0.00494508994130767
2046,11,3.73685378654642,2.3405658624317672e-05,3.0098173494517715e-06,2.3186832153007815e-06
2047,8,2.2395636358583757,1.9058459912679104e-05,1.5415664911336325e-06,1.9946835031254237e-06
2048,11,3.9067800692712598,1.3522979435837478e-05,3.609907868087349e-06,3.3290629671518176e-06
2049,8,3.1107484012550213,0.012939111665656592,0.004609218629725988,0.0038352827505545137
2050,8,1.6946642491440116,0.01587726983841844,0.0004320561552357082,0.0005521852776698792
2051,5,3.5871550735627,9.700273911468138e-05,3.815479176982561e-05,3.405456173346214e-05
2052,5,3.9860120311281277,0.16271107603128981,0.015791171158550263,0.017857167502486247
2053,11,3.5178860770747495,0.0009278409829866894,0.00026249630746462595,0.00021270333195257368
2054,15,2.610882136542441,0.0016103665606758291,0.00018694073524818178,0.00015605144803820356
2055,8,2.5506390463070883,4.075060239186861e-05,5.088772050685929e-06,3.976905982638876e-06
2056,5,1.6985469935625306,4.166516581429889e-05,1.1299180604880479e-05,1.0042602276137518e-05
2057,5,2.8549994845666777,0.00012226390950157497,8.565058433223783e-06,8.214541972563734e-06
2058,11,3.6949045277243644,0.0002470566279482953,5.571427165642007e-05,5.73273476382278e-05
2059,5,3.8168111202034907,0.10890234941229888,0.01963639235393666,0.017294374511526656
2060,11,3.3924684041577047,3.116786378326496e-05,3.2827519133939433e-06,2.786647442171725e-06
2061,15,2.8361475779620053,0.026309771815872636,0.001737613522011741,0.0014846473847238352
2062,11,2.9543775003269674,7.084191133474586e-05,5.20960837120207e-06,4.739836566254834e-06
2063,8,2.373234944304933,0.12785838434075475,0.019839361728910477,0.019125198087341134
2064,11,2.090364421279847,0.0006954485969720833,5.61510406085887e-05,6.705818450057505e-05
2065,11,1.7844774674330297,9.538694915930337e-05,3.3407104875773085e-06,2.940475973294808e-06
2066,11,2.9544409872443635,0.09765323000438189,0.03877259336034243,0.029122240233810617
2067,5,3.735862165182454,0.09800170368134575,0.030543797842553892,0.02558370839704506
2068,11,3.1357365851859784,0.0005176075122688255,0.0001222403376067161,0.0001470432573824027
2069,8,2.186143119007403,0.0030092376789444732,0.0008017018868404881,0.0006608453231484638
2070,5,3.3298216477338687,0.014527504840076587,0.0026229126724294704,0.0023099797902106163
2071,15,2.719307768331764,5.182195333634035e-05,1.1593155730088158e-05,8.969873767344687e-06
2072,8,1.9629232731465116,0.0026343610909120123,0.00017592242218452927,0.00015813009164501957
2073,15,3.331134886508695,0.0003884389378371216,4.989105261848834e-05,4.888967605487096e-05
2074,11,3.2833566413790956,0.02091610982453856,0.004487552199349085,0.0034812566743526578
2075,15,3.1932553676214073,0.02959508459192858,0.0042002246637154305,0.00372972567006364
2076,11,1.8042670993530616,0.005032830236254985,0.0002324294595791184,0.0002660494755604889
2077,8,2.29791724421265,2.1085244781412956e-05,3.6127607012208486e-06,3.219444686300834e-06
2078,5,2.6883332392172092,4.140665747184057e-05,1.0515609369148759e-05,8.160029069825179e-06
2079,8,1.7053145769567104,0.002474412112543834,0.00027991333824728935,0.0002160329793889907
2080,15,3.593441017396798,0.013598886513022808,0.0014771959646243242,0.0012237454259570696
2081,11,2.9774994089194156,0.00011150756964113548,1.6529121223460286e-05,1.3934476854290544e-05
2082,5,3.3972389770550384,3.0405711736488195e-05,1.2225978964643124e-05,1.4737042967762826e-05
2083,11,3.757895168762473,0.00012689733515117434,3.596614609570654e-05,3.116207031857632e-05
2084,5,2.006525185573973,2.1846247016814088e-05,1.2834570985355536e-06,1.2189078253861333e-06
2085,8,2.610142801147779,1.3515723632886545e-05,2.3841366220235194e-06,1.9813092494084456e-06
2086,11,2.1534548223671717,0.007444794536731474,0.0013038440338333113,0.0011765503030973738
2087,8,3.550269753703531,4.081797058282759e-05,2.419737168042002e-06,2.835855003603436e-06
2088,15,1.7671044099158872,0.06488893188926713,0.006433984828291147,0.005460837564788926
2089,15,2.958004652270166,1.4216795507339898e-05,1.3108085290674915e-06,1.0463261048493456e-06
2090,11,2.7795356534582436,0.0003509624510605211,8.584451261813781e-05,6.638434036112247e-05
2091,8,2.859255724143514,2.075222677214378e-05,4.289306546048668e-06,4.339873066921846e-06
2092,15,1.8365582110566216,0.002277236261991258,8.222898633673119e-05,7.810334625181432e-05
2093,5,3.64287932690174,2.28105256212905e-05,5.177271882638295e-06,4.717002492779567e-06
2094,11,3.267602067319006,0.16674981890412235,0.03976719015933776,0.03521858936091763
2095,5,1.8845687458329166,1.3083649461989014e-05,3.703542348563913e-06,3.2357219307540935e-06
2096,15,2.8213003311622447,0.0018179271733015693,0.00020243765661359832,0.00022340580426503704
2097,11,2.188980128276397,2.457041880187062e-05,1.714203152062171e-06,1.9901557359103623e-06
2098,5,1.9458620127255015,0.00012680286619402454,2.655496637767694e-05,2.3354343345630546e-05
2099,8,1.9320918832948188,0.04620882965389071,0.011841564753346651,0.010407380587171515
2100,8,2.061097506827706,0.050566270171920204,0.0017524443074174508,0.0025212889719686475
2101,15,3.295670117459351,6.899694287385193e-05,1.3971701575228663e-05,1.0391667682408991e-05
2102,11,1.505118122627711,0.0017957185931599244,0.00016971772083872584,0.00014553681580696686
2103,15,2.438348473736691,2.8599418751689772e-05,1.0828692865475568e-06,1.422169408404111e-06
2104,15,2.911138980258168,0.0002395675950123186,4.4473855654268745e-05,3.949112054989698e-05
2105,15,2.125452342413029,0.006742953991721236,0.00036628731022578427,0.00029305328181076536
2106,15,3.9398693753412255,0.07769850192948544,0.00921398061906531,0.010213932914916853
2107,15,3.3126234646310344,9.785008030126681e-05,1.160599435614613e-05,1.096756872322649e-05
2108,15,2.573260993999427,8.84309576925161e-05,2.256701793705973e-05,1.8614095335294504e-05
2109,11,2.7806728141270134,7.050468528557972e-05,1.8763357237794403e-05,1.5089625090042682e-05
2110,8,2.986856080928961,0.005510518449077846,0.0019021824886825559,0.0026194381176757905
2111,8,3.87165627585203,4.2193025516969594e-05,1.026220716172631e-05,1.0059395063910044e-05
2112,5,3.7929987932248546,5.403096357183243e-05,3.8938153768708115e-06,3.6572980575197553e-06
2113,8,2.9962055283025175,0.0016111810393385471,0.0004532646728536189,0.000347073599896552
2114,11,3.1729961216837017,2.740813303156379e-05,6.199839441207356e-06,5.4078388563788055e-06
2115,11,1.6563206257505865,0.04714767730568875,0.002467397919415768,0.002700335267725988
2116,15,2.865193387815751,0.002350090991418921,0.00035228995426049754,0.00028841123996101056
2117,5,2.1019561482113973,0.13449655103851316,0.02161318357687383,0.023012510498379293
2118,11,2.0782296174578785,0.014895310202496147,0.0006715837364024475,0.0007549358048762071
2119,8,1.7622719213293967,0.00224620572760058,0.0006840709360439203,0.0005357374470443943
2120,5,2.391569956295009,0.009234130135537854,0.0019053797535933145,0.002083482174575611
2121,11,1.9475269785707525,0.14509714326553844,0.027867189690385662,0.028989671800850592
2122,8,2.21381301473118,0.00012135862042246607,4.1130517258823984e-05,3.540926385507292e-05
2123,5,3.814622221358553,2.9843910369246474e-05,1.315908444071229e-05,1.0253037197865742e-05
2124,5,3.3978546648101906,0.01023037845709434,0.003220523074276812,0.0036751688954782774
2125,5,3.9215734143289103,4.949475864207287e-05,1.191220192367206e-05,9.94065615875207e-06
2126,15,3.7568333105437093,0.00015188148961415066,1.1623691171326966e-05,1.2334376518017233e-05
2127,15,2.164764941627361,0.02202955620314926,0.0037877276372180347,0.003626698060409712
2128,5,3.5123867341329498,0.001660920743378679,0.00010689784627381619,9.727686311361675e-05
2129,11,1.7155327267096112,1.955471680208424e-05,2.44446014840388e-06,2.057270250580282e-06
2130,5,2.156246986185002,0.0073150990574905855,0.0014173809574633419,0.0012446171072767666
2131,11,2.8080944054174353,0.00017128622642694248,1.6749050249220683e-05,2.093211759445507e-05
2132,11,3.0924107982881495,0.00024056337342172587,2.871354668288042e-05,2.3247794550267793e-05
2133,5,2.6325604784290677,1.2709259962414154e-05,2.41703310752612e-06,2.1700116471186223e-06
2134,15,2.0960533378608464,0.001522491800232064,0.00012841073792220313,9.857084509498225e-05
2135,8,3.875086208035951,0.004142818251368355,0.0008988894059187996,0.0008315815735911111
2136,11,2.7910371758284858,0.06307227102056943,0.002874540933350191,0.003378361769193485
2137,5,1.7361540066185863,9.243061588891914e-05,3.560413247542435e-06,3.7257763749756642e-06
2138,5,2.5244701754551673,0.0016311391615427728,8.391022643681705e-05,7.140201002945421e-05
2139,5,2.7077359962728758,0.014785547899461944,0.0037622722470690827,0.0034469177674315414
2140,11,2.7996935517061403,2.7896311370637663e-05,4.534508037817132e-06,4.181984154554254e-06
2141,11,3.0855413445098674,0.0001812159267355772,2.0912805363996784e-05,2.1204259469889424e-05
2142,5,2.6816842248837682,4.3602693407505324e-05,6.934381165081479e-06,5.636527180753286e-06
2143,11,3.0955849250557215,4.332179563663632e-05,6.249242625795837e-06,7.6112342188507585e-06
2144,15,3.5675478155652938,0.0800878658770466,0.014507685608396458,0.011002488162579769
2145,5,2.7438902328993238,0.00013523357581632681,2.8332340543404805e-06,2.6803499443764815e-06
2146,5,1.545138605127735,2.6978108620659737e-05,1.6341801946122307e-06,1.3918550951941122e-06
2147,15,1.9689380355639026,0.003700174543454103,0.00024155744982442797,0.00023374417931750649
2148,8,3.701715128500769,0.0003352434884465072,9.54804567663394e-05,0.00014535041236992814
2149,11,3.5311529173629914,0.0011414848230210434,0.00023272139202393875,0.00017783374175818283
2150,8,3.4324432604646486,0.0007250058207149058,0.0001517369653743059,0.00016251417902782322
2151,11,1.9463908715390232,0.001151128704484349,0.00013270090349541127,0.0001449423794040358
2152,11,3.721484653262885,0.0009787563493675753,8.979367062737962e-05,8.742237633503786e-05
2153,11,2.97179733854137,0.052361076824193796,0.004377234946554821,0.003536501692651954
2154,11,1.7977530218691837,0.2347231709033466,0.00982866430714439,0.010246630211403174
2155,11,3.1221851310445983,0.0013011577110702615,0.00032741920277564276,0.0002742391618840569
2156,5,2.5111072795330807,0.00012557226271453295,1.2965013961902002e-05,1.1320678435118844e-05
2157,11,2.079837488674298,0.00841122928885479,0.0005693394623067221,0.00046397900788584345
2158,15,2.009882414812786,0.033210707889094714,0.006103800943649983,0.005149810798564888
2159,5,3.291323278460222,1.0881686944414058e-05,1.4015841740498003e-06,1.3597318731739418e-06
2160,5,3.1883693184956163,0.17203908662554537,0.06823479005669597,0.05037122275442857
2161,11,3.760466608891257,2.5161990337766026e-05,5.055979318577125e-06,6.967195829061991e-06
2162,15,3.4641828206297185,0.00015354782247777046,1.619641222844351e-05,1.6385481463117956e-05
2163,11,1.9091972584959513,0.016199484373518522,0.0019171757019088608,0.0020314256792932097
2164,11,2.2513029543755585,1.799610185684096e-05,2.942610687058927e-06,2.7496058276721774e-06
2165,15,3.5459116649518285,0.0025368605662044186,0.00039699098479661866,0.00030952417509573965
2166,15,2.135631075447317,0.0008932202075063803,0.00010186574900812934,8.67674413066919e-05
2167,5,3.1140486165308907,0.0007128830819438934,4.913563520330716e-05,6.119374441853218e-05
2168,5,2.2616797934856905,0.0003648710765232533,3.708632543564462e-05,3.1489451585041465e-05
2169,8,3.039649341270267,0.0011768700791674072,8.437543249124429e-05,8.349515600223458e-05
2170,8,3.478395911239504,0.0003101154258696058,2.7002802447565918e-05,2.6965820207729538e-05
2171,15,2.0988750960647233,3.909783743838104e-05,6.980690334227535e-06,6.292298913826982e-06
2172,5,2.71103601188762,0.006283178754502956,0.0006074960247659081,0.000547389741721583
2173,15,3.137715188237939,0.1935898608294337,0.027255484739368334,0.029585920618070586
2174,8,3.450046171690662,0.29375145947887893,0.03668125124592188,0.030781167268940486
2175,8,3.693312624802308,0.0023036560484992175,0.0005797038529560834,0.0004823350150138365
2176,5,2.2323883131361946,0.00017349274993753115,1.2559149706153974e-05,1.3685401149653761e-05
2177,8,3.8705743685870155,0.16386458035977958,0.025877779122599164,0.020623577652019
2178,11,3.629567644088551,1.7982770731364996e-05,3.1260020081650112e-06,2.894159839308735e-06
2179,15,3.10825502473334,0.0029144370269662966,0.00042517001146094086,0.0004240398957271904
2180,5,2.6040810376615164,1.569136788960463e-05,1.0568014073038952e-06,9.018536227097581e-07
2181,8,2.498741632306285,0.016662902164351113,0.003667339647334065,0.0029675187705133837
2182,15,1.976963947526121,9.160113160888241e-05,5.043553825645765e-06,4.250431820789718e-06
2183,15,3.5062956427780247,1.7981540045963233e-05,2.838818247514798e-06,2.5093719613728574e-06
2184,5,2.8489202181975366,0.00032757319398882495,4.591588894548835e-05,7.28576667457748e-05
2185,5,1.5662401022925647,1.2464376184924516e-05,1.6990229207858101e-06,1.7941061854764791e-06
2186,5,2.7784356054705164,0.3207621167463005,0.04283088209820607,0.03563164134534108
2187,5,3.3981781721005664,9.776499460138023e-05,8.516891468644964e-06,9.28047553933122e-06
2188,11,2.5770866383399422,0.0005121324651598228,7.116604472107472e-05,7.25987829246913e-05
2189,8,3.642228206625063,0.0018625020522988487,0.0007566762391549523,0.0009661603995702196
2190,11,3.5457510990452743,0.04223683308778753,0.008554029409339827,0.010000031168362499
2191,15,1.6891280705065592,0.009527780124566416,0.000836758528679615,0.0007499671716117858
2192,11,3.634916586832827,2.3605817177024553e-05,3.96748254853681e-06,3.447562610620069e-06
2193,11,3.381851125315526,0.0008296718074707496,0.0002142143320117405,0.0002874280675301856
2194,8,3.9096521154524386,2.1375045758767334e-05,5.608734468722567e-06,1.2017027625783082e-05
2195,15,2.336734650452083,0.007883362435833256,0.0011285317651246235,0.0009141115965634045
2196,11,3.5889529484619884,0.00023378793208676322,3.648204917795407e-05,2.8260719665156766e-05
2197,11,1.556893232110139,0.00020896626583308557,7.243874928973065e-06,7.339758570655695e-06
2198,8,2.13705850724126,0.0011525978723511225,2.1690263267964053e-05,2.9900079157594703e-05
2199,11,2.3066192025020023,1.0815678765172604e-05,1.4081807895714097e-06,1.1916704677786785e-06
2200,5,1.7487587485675349,8.166734797718266e-05,2.0708291200236595e-05,1.6735678794931527e-05
2201,11,3.1608100904308505,0.00309078337280281,0.0006372856016063492,0.0005491101489891185
2202,11,2.52191893389577,3.900568644229836e-05,5.192322164375587e-06,3.979060234304539e-06
2203,15,3.624245959538585,1.4143040289706528e-05,4.199279918629628e-06,3.1785475380412658e-06
2204,11,1.9410157882941883,2.504990697841543e-05,4.6357469079468765e-06,3.919826141811838e-06
2205,11,3.1995501555488652,0.05122287518505813,0.01298105836276199,0.010552836144505093
2206,5,1.571378000571329,3.54447898040899e-05,8.83959651960908e-06,7.782785720740736e-06
2207,8,2.2613286098723315,0.0001709637876928879,2.632824220971411e-05,2.680160782191298e-05
2208,5,1.6977525701915537,0.00014809690888804982,3.486696253859104e-05,3.066975122251913e-05
2209,11,3.235579782757454,0.03134705320170315,0.005180371324411367,0.0045271620922872026
2210,5,3.7273457789618143,0.0032025634724183807,0.0007669657198504503,0.0006363684895028251
2211,11,3.267380399581619,0.10065465072638134,0.02293709768379598,0.018781754886732477
2212,8,2.6126371730573332,0.32859871360492376,0.052642129905415724,0.0601089381122724
2213,5,3.612963477075987,0.007635570249665002,0.0014370774986870024,0.002313329176000106
2214,8,3.1432248130247253,0.10406078092124187,0.015158037013496887,0.01706450487986197
2215,8,3.3411312450909447,2.1768488608638083e-05,3.6968890632838e-06,3.847329046627458e-06
2216,15,3.443283294799332,0.2028164439774831,0.0217914357286586,0.020249623830367013
2217,5,2.6883310945818018,0.048961858807883556,0.01975121517264766,0.019604836878460437
2218,5,3.9011630760162714,0.039682307079099616,0.014183334963508012,0.016642046418151358
2219,15,1.8425105342951287,0.0324245657355483,0.004241201526173484,0.00455394528819768
2220,11,2.361406740657777,2.4993695834810073e-05,1.2376770015811327e-06,9.876533117133381e-07
2221,8,3.143139259716277,0.01687367895481328,0.005783217951232238,0.005210866704383055
2222,5,1.804855480540212,0.00030849249500446775,4.408057837570383e-05,3.871232919823108e-05
2223,11,3.2449459623504344,0.0007245226974517408,5.396012839388467e-05,5.285227842967864e-05
2224,8,2.31238003951332,0.002546504407449436,0.0003796653411956645,0.0003038908681751312
2225,5,1.662689038292654,0.005952054963741856,0.0007704106273797463,0.0006320408157518819
2226,15,3.0696812212136066,4.649507457501214e-05,5.710729157941482e-06,5.49750551546459e-06
2227,8,2.6847258149848097,0.05805990561678115,0.017473215996753083,0.014752282087759324
2228,11,3.064807352253187,0.03358774398062284,0.0023753181601565273,0.002368510154751371
2229,5,3.3775418978906657,0.0004403641125459985,0.00014148411351800727,0.00011971900827041529
2230,15,2.4984291496928037,0.009241891394284277,0.0020021896668597095,0.00210976956366627
2231,11,2.9315346226489387,0.0004228996215108976,1.642883988145937e-05,1.4364555265560907e-05
2232,5,3.2611078704121086,0.09025179444559725,0.03772015630703421,0.049953365503604234
2233,5,3.8407519825396426,0.00024318890574627182,0.0001042058693137122,7.885722314848712e-05
2234,11,3.997577784880583,1.738163469853712e-05,3.850684123754633e-06,3.818160928677635e-06
2235,11,2.282102796457978,1.2399278914201928e-05,3.5104895412412347e-06,2.6091342745220693e-06
2236,5,2.7330923518093466,0.0007426631712443045,0.0001547148307712477,0.00014358301758095877
2237,5,3.172094366404593,0.12126721744267642,0.012885830040862929,0.010424782770953597
2238,8,1.9905014807494834,0.3580010118313199,0.1271520106041032,0.12494397198855306
2239,11,2.007497172232606,0.06550720255531114,0.005388911494890384,0.007183184565946115
2240,11,3.1137182773990753,0.0004390788745611118,0.0001651095023894876,0.0001326550656212767
2241,8,3.9763625084814382,0.1926624376894881,0.07161821903529583,0.05826830679953176
2242,8,1.5603368714934884,0.00017770870176787653,1.1900731289653244e-05,1.0136531087628525e-05
2243,5,1.6137977092394848,0.0003391039365343683,8.071165784838668e-05,6.394192982330275e-05
2244,5,3.4985832421028555,1.4642679936123675e-05,2.344757198440015e-06,1.849502570957119e-06
2245,15,3.5680157724901567,1.4457969382356601e-05,1.954612761442942e-06,1.6078597071945513e-06
2246,8,1.9490209140845594,0.009758803920704592,0.0008041389784803814,0.0007546005997781578
2247,5,1.8098326913789642,0.002995602281202253,0.0004003925920307131,0.00043394926907386745
2248,5,3.6461365127558234,0.0823077931050299,0.031128287312849705,0.026222739020864756
2249,15,2.0284091678128977,0.0005000556935142336,3.226690750821379e-05,3.383833040575325e-05
2250,5,3.7901692011862913,1.2639141489577426e-05,2.8579580544327323e-06,2.5483904089503815e-06
2251,11,2.2237531632517467,0.00021139997649105753,3.1817471894020696e-05,2.9137320904526424e-05
2252,5,3.312161237550785,2.6196674215353056e-05,6.501083233174837e-06,5.8033299125339595e-06
2253,5,3.155143733488603,0.00026915320109392987,5.818355027308531e-05,4.6710628702731706e-05
2254,8,1.6334107883815632,0.006553967440211516,0.0007293404722638237,0.0007021270752959723
2255,15,1.9864385997444565,0.00034425554700608405,3.6226781076966345e-05,2.8460191076793567e-05
2256,5,2.0861999724941587,1.0330515521339423e-05,1.5706648778510841e-06,1.3175604062613086e-06
2257,5,3.4632986976571782,0.15438919738484713,0.03076796646799629,0.04492529977720192
2258,5,2.800927172816963,0.04636198868003967,0.008734831381838969,0.007372696713250692
2259,5,1.9064205651911545,0.014227717136301587,0.00203204912864756,0.002005850189451905
2260,8,2.987803701328528,3.1566760487241095e-05,1.3116345545269028e-05,1.2972108840859335e-05
2261,11,3.539897423462397,0.0577537530392331,0.012909512130143398,0.01056719444036489
2262,8,1.6433042748181013,0.002083789519259627,0.0001797534712461147,0.00021725988801059255
2263,11,2.328806100252226,0.0004071685448944149,7.227480790713834e-05,6.809493005623702e-05
2264,11,1.8894781027827032,0.009929886900884583,0.003313157800960617,0.0025653206777472852
2265,8,2.097619442051302,0.023906443257530347,0.004181449022756821,0.003980115945117537
2266,15,2.0349190498697443,0.0074444332959616045,0.0008469866093854094,0.0006867992612483443
2267,8,2.801816357012466,0.0034041708017426755,0.0010377447740348375,0.000831290776280174
2268,15,1.87379223897327,0.00043774546822656653,5.6601623930355775e-05,5.137787965841952e-05
2269,11,2.463936176547853,0.00019581648818947688,2.6961504057849528e-05,3.505979759646329e-05
2270,15,2.883741678997223,0.005425745102475306,0.001146180939215622,0.0008567072955209611
2271,15,2.4740803343134994,1.5643375140322393e-05,5.119115124433176e-06,4.400388875479548e-06
2272,15,3.649335903527076,0.05790096428983234,0.011277047945417193,0.010084541754715024
2273,11,3.6298004039577503,0.002700245666332502,0.0004528245297879145,0.00039524863629295453
2274,15,3.4075649035215507,0.0011392600622882171,0.00013533584785567222,0.00010871174395032235
2275,8,2.4883981192613605,0.053546909577247594,0.014927730530382594,0.02370700916403916
2276,15,2.931951198812676,0.10826112873437681,0.03659135257382362,0.029627614462111523
2277,11,3.8476520077627883,0.0001454741401943491,2.0005786900148194e-05,2.450157560381734e-05
2278,5,1.6190581871465848,0.00017743427607737905,2.566544508002169e-05,2.4957025239864034e-05
2279,15,3.272858415855554,4.0573648712688154e-05,8.052915133065252e-06,7.75245635726427e-06
2280,8,3.8440063375319373,0.002709763499573975,0.00034496829530913963,0.00032930857349220983
2281,15,2.530337716248902,0.06677201037585365,0.006671827477564348,0.007991683244829944
2282,8,2.1011106623341043,0.008305619016690365,0.0003936077275863718,0.00031870259180893397
2283,15,2.406945812656579,0.0043145826007426795,0.00042974162090026954,0.00036557156679763967
2284,11,2.225227960178757,0.00014001013800619632,7.791279042043472e-06,6.877882699518381e-06
2285,8,2.863937713306103,6.395907155119702e-05,6.729931669665056e-06,7.056687401946567e-06
2286,15,2.3284478459721147,1.2564055631516743e-05,1.6827619477037312e-06,1.6809111266882454e-06
2287,5,3.1266257050847175,0.00019428656167959298,8.644799261671974e-06,9.43788025107686e-06
2288,15,2.413572363727393,0.2621604112710863,0.05766925917041871,0.05189123696236035
2289,8,3.508068752914011,0.00047107999641078825,9.029543733650943e-05,0.00011361916651339012
2290,15,2.728938118075529,6.113339496132329e-05,8.643395703256554e-06,7.4847752086189225e-06
2291,11,2.509772730483531,0.01134531620112709,0.0011818846617456633,0.0011193960100205531
2292,5,1.5666810062872991,0.0002993835447784999,4.041946722755569e-06,4.169660501420068e-06
2293,11,3.666224761791554,0.14466820226013266,0.01630963684370587,0.014387583579707834
2294,11,2.5857040877991957,0.00549257873822777,0.0010555272031795367,0.0008119764375993143
2295,8,3.02768041718514,0.0013382670149556441,0.0003114828071536203,0.00027091572913601815
2296,11,2.070905577773409,1.4187284800478072e-05,1.5963033858672543e-06,1.3537468192315114e-06
2297,5,2.6333219800864094,0.0018578044874471024,0.0003095165827481708,0.0002684053363557703
2298,5,2.6714851819119163,0.00027632118651150535,0.00010092679065506906,8.406881243631394e-05
2299,8,2.6610818658128492,6.17673558446958e-05,6.005117922500978e-06,5.2864925727563274e-06
2300,8,3.1603613512247257,0.005044112736206259,0.0010617424851754992,0.000952181451027623
2301,11,3.939633631178652,9.855802397362666e-05,1.1927964948464194e-05,1.2105484710246316e-05
2302,8,2.1165229687764815,8.46775945226982e-05,4.91309503160139e-06,5.487277388576018e-06
2303,11,3.12804017749773,0.000925094136667615,0.00016920142238846406,0.000144289450224413
2304,11,3.0270537005554514,0.010403308534329815,0.0007249555527616932,0.0009277551547599633
2305,5,2.817764764894035,0.11992148480511973,0.027549123975053075,0.024147048762977904
2306,15,2.941278776822928,0.002172301121220392,0.0003149646434670417,0.000283313887202063
2307,15,3.8094823881741404,0.000514419476393736,6.381554759510869e-05,5.477463984575515e-05
2308,8,1.8022186405369829,0.33342293303941084,0.06755508956961868,0.06793853192011184
2309,15,2.088994274426507,0.00032788275135207164,4.2677182886946945e-05,4.511342831545822e-05
2310,15,2.7561600178321006,0.0010544462949607907,0.00013197632643113002,0.00014452963297175082
2311,11,3.4849582187236554,0.00039571049153009063,0.00011401491006548579,0.00013339890866102952
2312,5,2.451746955569446,0.0004989707815070304,0.00017566401847876248,0.0004096007747995394
2313,11,3.6853984926789782,1.769035273440724e-05,3.115384329513658e-06,2.9826730174556395e-06
2314,11,1.8406627352979554,0.012019711747232587,0.00048069482730670057,0.0006055370556928154
2315,8,1.826847617498257,0.0034840769424874505,0.0003473163001545491,0.00036427615694740843
2316,11,2.0109785966658276,0.07237174628821415,0.01034045796501443,0.010564828042823379
2317,5,1.759261803049656,1.172805187497264e-05,3.3732938685585837e-06,3.440938874402125e-06
2318,5,1.7502663973762242,0.0008753103968612466,0.00012857603936171187,0.00010839079482780566
2319,11,2.257219312950117,0.08911601671822755,0.003302430418929694,0.0035029612603091546
2320,8,3.9860773658216413,0.11520621412217054,0.04476647656885248,0.03874922279705146
2321,15,1.5096563597180157,0.08151288319515726,0.004423605868954404,0.004367104632279243
2322,8,3.692972140905491,0.0036776601190887524,0.00023645937984611074,0.00023973218953334848
2323,11,2.5130687356940142,0.052115738302364024,0.0056629865561919086,0.00524239788663565
2324,11,1.9064767307232175,0.009462089510840812,0.00030998135031850866,0.0002907086267576133
2325,15,1.8067484344114544,0.0005728889831541366,2.3649661841345492e-05,2.378397630200023e-05
2326,5,1.9609734366095362,2.2165418878929242e-05,4.2210539450450565e-06,4.080115263489395e-06
2327,5,3.640024668513613,0.0032507465687173394,0.0009659613350238129,0.0013036568432692925
2328,8,3.8151675088681496,0.006041789744830576,0.0014634101950808664,0.001245546557316207
2329,5,3.275489497277997,0.0002503668143377986,3.4189223091811294e-05,3.290460745540593e-05
2330,15,3.1687164726945225,0.00023102263856286683,3.9934379193141866e-05,4.015991416878846e-05
2331,8,3.2029136980160824,0.0014825518791083815,0.00037733467324569064,0.0003973260761884365
2332,8,1.5459848440978508,4.2404181883600794e-05,1.088461947889404e-05,1.033550571235643e-05
2333,5,1.6200460861364825,0.001193657438640694,0.00012897349671337497,0.000139648028925698
2334,5,2.205660064889237,0.006270683389900336,0.001139177905672931,0.0009922545153288425
2335,8,3.9125499641972956,1.0234014461698742e-05,1.926756036803407e-06,1.585085075663495e-06
2336,11,2.214516312380415,1.4486982883297942e-05,3.217698683176797e-06,2.69054211975469e-06
2337,5,3.082715847818215,0.005049075586419598,0.001238163536550924,0.0027642601671017653
2338,11,3.6168093023454255,0.20288871102306044,0.03815849187249073,0.04188526835819907
2339,15,2.2536468264916687,0.03263064065793101,0.0033489220125071844,0.00313561289271979
2340,11,2.883802304992572,0.00013825643794807785,1.9930761679603047e-05,2.0434845646889663e-05
2341,15,2.89573436200229,0.012809267130934823,0.001381480608989141,0.0013082927836407198
2342,8,2.1459439952373547,0.05909543644219193,0.004688339809538628,0.004037110685023702
2343,5,2.6075873207667426,2.956447659721175e-05,1.0971934922096301e-05,1.0014392723963307e-05
2344,5,2.240526995716747,0.00044188390719604166,0.00012333085871369856,9.43508423418438e-05
2345,15,3.6050067091876543,0.0004425201788258679,6.112483810868955e-05,4.877529735605217e-05
2346,15,2.231432819350109,0.0005868462807573586,4.5208588290147165e-05,3.5431540875528956e-05
2347,11,3.961540102280025,0.0011948408272227902,0.0004006641590380915,0.0003426679534826912
2348,11,3.5255556374841097,0.16111876308141573,0.040429093651406116,0.039830987064944104
2349,15,2.0298127203104013,0.14596442490985212,0.01585958258525534,0.013891695109478984
2350,11,2.4282952294334885,0.00013285294789973446,7.1519995925928296e-06,6.227229626424747e-06
2351,8,1.9635768560983502,0.016412698445730744,0.0018849035444533121,0.0015942105142878326
2352,8,1.5877381783389832,3.8520354235958624e-05,2.383183345425797e-06,1.996181982464649e-06
2353,11,2.87894731726541,0.0017668845133915502,0.000211757992890453,0.000249783208501155
2354,15,2.976440020162608,6.763916878056653e-05,5.20842849751072e-06,4.209075079959345e-06
2355,5,2.2913689447119485,0.00011526430735551109,9.816911029992663e-06,8.202267879141653e-06
2356,11,3.5893549549011214,0.00010877236688749771,1.1990770862028197e-05,9.319335273084764e-06
2357,15,1.5744745711580381,0.19063350001924873,0.004940182312528451,0.0070488240122086815
2358,8,1.6840440722884495,0.030130250332687236,0.0021517393496211677,0.0020295034135123617
2359,11,1.7742905110607494,0.04454524104932955,0.009094979770939586,0.006770031212962012
2360,5,2.4513752932215387,1.6888641975350455e-05,4.234593191226776e-06,4.13680131208478e-06
2361,5,1.860378697389954,0.004859225759986925,0.0003504510573086896,0.00030596499637571586
2362,15,1.5623305991599206,0.000920806487296394,4.554619744997231e-05,4.5602144649829354e-05
2363,5,2.900919742266219,0.046463505604097025,0.01629436792716747,0.014602961314934298
2364,15,2.651327603501275,9.830717837096237e-05,9.552684998652313e-06,1.1891705861210563e-05
2365,15,2.7785234679258735,0.00027661995869575324,3.1229884803812813e-05,2.5265904557563685e-05
2366,15,1.6413191030454162,0.012416909373841946,0.0009994271448816295,0.0008815346739992773
2367,5,3.870027445545613,0.040226436290585824,0.01406239498112971,0.010305950024826989
2368,11,2.471314588291908,0.0005949149639529113,0.00012054815829861258,9.771593579174666e-05
2369,8,3.490446453833729,0.018490823523903157,0.004888516503306772,0.0037473095773379594
2370,11,2.38925640567773,1.3229048117574327e-05,1.1966713423130468e-06,9.989206481752168e-07
2371,8,3.9835693316333236,3.349825603433973e-05,1.3364769551217454e-05,1.1101144233671696e-05
2372,5,1.9977193390518033,0.14742879694411615,0.03578721034788823,0.03119680349003327
2373,15,2.010231485050063,0.00013669217689470453,1.6734331864382784e-06,2.028105715869908e-06
2374,15,1.7274903533634354,7.52559402484661e-05,1.2043533553659876e-06,1.5584371467902178e-06
2375,15,2.960362142040025,0.0014998981928652081,0.00012486477311043068,0.00014435981798843604
2376,8,3.3510555696548874,0.0012248552568076027,0.0002861191476909579,0.00022983613433447472
2377,8,1.6481315262933807,0.006157485241537106,0.0013637066122162307,0.0011949298060926917
2378,11,2.361795547657197,0.022918492537625117,0.0014223530076571873,0.001175417476792961
2379,8,3.900547327375052,0.04558567277289715,0.002529258823776216,0.0027034648087292073
2380,5,2.870414578804848,0.0002784593094268436,0.00010604890522057952,9.069617850949531e-05
2381,5,1.648856043300942,0.002985717827092287,0.0002192397008028334,0.00018159593632791082
2382,15,1.6508305424097491,0.00047031891314751757,3.477112139654573e-05,2.7699367917740684e-05
2383,15,3.172210330606367,2.5143317763697835e-05,2.705625362893726e-06,2.200790349319236e-06
2384,5,3.7520772714853967,0.33862794395235873,0.07400889007102641,0.06256880018509246
2385,11,2.0082162365190652,0.10409968022003456,0.005372508858149391,0.004226096101637614
2386,8,3.1597330154707497,0.00013617865647884452,1.4228158761390482e-05,1.325098991865644e-05
2387,11,2.2749759054713534,0.08962991924136163,0.029133806975646007,0.022795862997781677
2388,15,1.5472743948078636,0.0009521025359300823,0.00016958440052330974,0.00014647771773858962
2389,5,2.17188410721656,0.013497912746340823,0.001802789051022741,0.0015620039164631432
2390,11,2.1772254689818427,0.0015735099362237169,0.00015184369916092236,0.0001421302782310155
2391,15,1.7002347768468211,0.009793918622618155,0.0008493623969259722,0.000644758071098212
2392,5,2.3457388163235446,0.0005849076814306839,0.0001572578311467145,0.000124046837235311
2393,11,3.519382084414189,0.013103457093683688,0.0009885594094609937,0.0014236889045770253
2394,11,3.586585877910917,0.16909610392510957,0.006157332121795433,0.005963176783826826
2395,5,2.2185191289350494,0.00012732458033069266,1.1352777300908119e-05,9.952742757102951e-06
2396,11,3.130950929697873,0.1275162759961856,0.014210028026528997,0.012679658763634437
2397,5,2.066851144983854,5.7326856000599064e-05,1.8058303557497222e-05,1.7931382426381542e-05
2398,15,1.8057648522607073,0.010193673375196714,0.0002783526986391091,0.00029533600970998525
2399,15,3.0448228668982105,0.12465122417931922,0.017575898624076186,0.01529422961111719
2400,8,2.693264934257129,0.06702754510846655,0.013095649418298744,0.010605479630571228
2401,5,2.0983385451818224,0.00717761895949349,0.0009931909558444731,0.0008884970282044655
2402,15,2.3545804531231957,0.03758219635513467,0.005130971210334902,0.004149129415477371
2403,15,3.6763893359998323,7.502763018700056e-05,9.442360062477364e-06,8.001614676429405e-06
2404,15,1.944024009070421,3.00333080815508e-05,5.496856236968876e-06,5.400332949098477e-06
2405,8,3.7778747999385356,0.01714795345394379,0.0034498669955042418,0.003060887145394566
2406,15,3.7343247769776804,0.1020776487150999,0.022278214267484796,0.01992236679503719
2407,8,3.5629117403397825,0.008010842735451626,0.002819337666323003,0.0021412441178185653
2408,11,2.7339998493522213,0.00015629851861464198,3.537840372678956e-05,4.915832179000721e-05
2409,5,1.5239029012409897,1.728498880392924e-05,9.565963029609286e-07,7.80018782184936e-07
2410,15,3.817111201524325,0.09280824671689075,0.009172924598248854,0.008929061674674025
2411,5,3.9498022009363836,0.08600500747833707,0.029180665873801276,0.02292894264979073
2412,5,1.6602299401251617,0.0021324296622594425,0.0001952538249673261,0.00017226044896762998
2413,8,3.987569630380583,0.0002469081479537257,6.433752291285736e-05,7.092115984715965e-05
2414,11,3.7662307789282456,0.00031141038665631696,2.8054602056293623e-05,2.581217422656426e-05
2415,8,2.4640477018175866,0.16117516934031234,0.015088173228629442,0.012645678314106071
2416,5,2.299348793878006,2.610202933245502e-05,8.961012236078939e-06,1.2180772258312962e-05
2417,15,1.9760563484802882,0.0005839850039373438,2.3637549046915965e-05,2.8692374091140873e-05
2418,11,1.7550714919012553,0.00046488771980479745,6.937961146448159e-05,6.679632206918433e-05
2419,11,2.510190181910005,0.00013700187923461655,2.114733967526902e-05,2.2235153529279476e-05
2420,15,2.6896009195621087,0.00042481750167630176,4.194429809386665e-05,3.365877544407824e-05
2421,8,2.6573476624671275,0.006061379946893837,0.0004611751393219833,0.00043451360976577225
2422,15,2.0599852062263126,4.069878669697029e-05,5.5293134076912e-06,4.359102785402818e-06
2423,8,3.0928464157978164,0.012429825625947664,0.001379212120380382,0.0017177847795144725
2424,5,3.6344372474923032,0.11261742023686278,0.005975634647045006,0.005098351000486849
2425,15,2.6044365840743886,0.005873003340738515,0.0007938081809851276,0.0008051423473475137
2426,11,3.924930869418038,0.2208082138395786,0.045693769759993744,0.040172059483134695
2427,11,3.494281684694471,0.058229798743570184,0.013560176497834113,0.011598903911357332
2428,5,2.881960091039424,0.01409727613069064,0.00532358663669239,0.004142979406041509
2429,8,3.317794473720482,0.00018094057738278033,4.075178473954085e-05,4.0689483582217506e-05
2430,8,2.8350971692597273,2.128018497253518e-05,1.0262289022008625e-06,9.251588518426799e-07
2431,5,2.710140005808151,0.041252078300518795,0.00493938035579923,0.003942113717023299
2432,8,1.859107840269334,0.007962767065489998,0.0011503710647075551,0.0009802848757983049
2433,5,2.6641960109276286,0.003729060735920483,0.0006022025787417681,0.0005043227349324929
2434,15,3.74356071834898,0.0010757235000823512,0.00014114449903551853,0.00015512510451230725
2435,11,2.991591283033897,0.01186686640873301,0.0009763976102385283,0.0008263536689000226
2436,11,3.2599079178895796,0.0006225430042598525,0.00015241733735274103,0.000131270068419064
2437,8,1.8661628885570136,2.042879490717042e-05,1.6418924959432503e-07,2.567085276887108e-07
2438,11,2.52255484628686,0.00011461828409577707,1.5148421885012452e-05,1.3450902295591162e-05
2439,15,1.9068517734772832,0.016125258312565446,0.0015757729147454435,0.0013139894633165852
2440,5,3.3220072148642155,0.0005699003544461021,0.00017206249307964575,0.0001766128282976395
2441,5,3.720754001351063,0.12152095833446956,0.03374111679571074,0.02914280228884096
2442,11,2.4527118049784904,0.0630037352012111,0.0039857483444241774,0.004145895622035476
2443,8,3.3835281201980165,0.0001436398058447756,3.811321880486029e-05,4.433422646634774e-05
2444,8,2.015689384868099,0.0007517649943129445,3.284865976678808e-05,4.8396879525484367e-05
2445,11,3.096691683680719,2.9643062635500655e-05,7.270694499042071e-06,5.562103027046476e-06
2446,8,3.961790727488168,1.9412180831395027e-05,4.998482753889067e-06,4.099389494850158e-06
2447,5,2.440053605478522,0.02422372566219927,0.0022686357559177075,0.001979304769538597
2448,15,3.2067991425177658,5.2105275297711565e-05,4.272325785628891e-06,3.6483631314375106e-06
2449,11,1.5923601031586119,0.046296932860787836,0.005606009026642538,0.004552164151882845
2450,15,3.9865714678301845,0.00038528412097404985,3.3948226216454e-05,2.9126008086644773e-05
2451,8,3.5941306288289225,0.00018581539458942768,2.6887356139821486e-05,2.6778084015387102e-05
2452,8,3.0582635921708934,0.000649346546011757,9.070591215218623e-05,0.00010175669575295901
2453,5,2.6579163424569456,0.07065677525836433,0.006478341921894799,0.005793150564033516
2454,8,2.229604456670575,0.002532853774787955,0.00010542459760595322,0.00016700259305369006
2455,11,1.634983463382903,8.483368098908692e-05,1.6085592543793708e-05,1.8081710930822084e-05
2456,15,2.417813900938327,2.055563567196213e-05,3.5730969206224722e-06,2.8308343621106437e-06
2457,5,1.7545008666242043,7.792367382460223e-05,9.636463293609433e-06,7.712418312397255e-06
2458,11,2.6794583921690918,6.091833095668262e-05,1.1312272652024885e-05,8.831937882382623e-06
2459,15,1.7927940269879483,0.0007996926214491822,2.599425144620652e-05,3.177599881848827e-05
2460,11,3.5030351858787037,0.057159609621084996,0.012920260848469698,0.010641135646950762
2461,11,2.9517689613348415,0.0019168415260911666,0.00030120465834760247,0.00028953182060347497
2462,15,1.5231387290745053,2.4395881156490976e-05,6.41694281566893e-07,5.805926753494911e-07
2463,8,2.519585767163503,0.13169498867330176,0.0205885012135069,0.016082172855188336
2464,8,3.96286188539988,0.00020182079746841006,3.8629088858639616e-05,3.424727250604788e-05
2465,11,2.249958919239148,0.004521459500422684,0.0005984925778620774,0.0005242899670481397
2466,15,2.3629358751586143,1.8160248653195018e-05,2.7259729094382626e-06,2.362525618692271e-06
2467,11,2.0896452196624242,0.027273745807065167,0.0030916173296689233,0.002698885557420706
2468,15,2.421430031150025,0.0012997475019103078,9.519113575576185e-05,7.61912529730362e-05
2469,15,2.2763652256482296,7.562615061966722e-05,5.377670444757078e-06,5.2595876108098975e-06
2470,5,2.6880160103841555,0.00985654228984085,0.0004489876398974042,0.0003950293634602422
2471,5,3.3710630221883555,0.00012239854769948802,1.1228370991628067e-05,1.0467955492129656e-05
2472,15,2.701429315206077,0.00019493124702582717,2.1440148133242765e-05,1.863366885250507e-05
2473,11,3.005923991149689,0.03462456191358592,0.004450491496645594,0.003833270395959302
2474,8,2.953473647272752,0.06931383586320794,0.015176769153205986,0.01250892301285009
2475,11,3.776363248690692,0.14114747725284044,0.009936964352431516,0.012752929302680972
2476,5,3.135077984841606,0.0012812484296113756,0.00014123056298181026,0.00013207213890291045
2477,8,3.7878831905007,1.3933851728183142e-05,3.6502971623782037e-06,2.74925432533845e-06
2478,5,2.3663221729334527,2.1236040214736534e-05,1.7541546056073843e-06,3.2696699688668164e-06
2479,11,2.2925379762691533,0.007930568879882291,0.0009608901818729174,0.0010413531995484742
2480,5,2.7325612062220914,0.0023340828004442945,0.00019163831726440057,0.0001690128531379488
2481,15,2.216195902977088,0.005243466090455099,0.0004069946751340057,0.00037458648539896955
2482,11,2.602029441584257,0.010174792360644913,0.0016570702433881214,0.0013402760062760177
2483,8,1.5472471037247213,0.00016131446763128666,9.514225585225097e-06,8.318266520350752e-06
2484,15,3.04350228877113,0.0058543136149356205,0.0006805406908270526,0.0005901439965980002
2485,15,2.8187916497638206,2.2439587605350523e-05,1.333585330156299e-06,1.3169197996257013e-06
2486,11,1.608972162179274,9.828635872776788e-05,1.0254217485681601e-05,8.260276064411632e-06
2487,11,3.794615546706261,0.013868821649300922,0.004025617266090704,0.003922045026870614
2488,8,1.8928947281996824,0.04332745197792254,0.00044747509265079754,0.0003787420948052251
2489,5,2.600820411091518,0.0593568195515935,0.01039583549340518,0.008120111249664294
2490,5,3.416528326776958,0.0004487826541747741,9.736392212904445e-05,0.00013179411545433315
2491,11,1.5320514284077154,0.04611865194354971,0.009921580410218584,0.008733241812180149
2492,8,3.8532387453560526,0.31269408815898314,0.07237155092876858,0.06369841895804951
2493,5,2.0322442930673823,0.012735870244675776,0.004158075902554613,0.0034638093213455144
2494,15,3.0181107842218857,1.2272726410676096e-05,8.106396402257369e-07,7.836540540828976e-07
2495,5,3.5126504200466733,1.2031372759486534e-05,5.578069648147397e-06,4.073800865470602e-06
2496,8,2.312254963370555,2.4789329076820155e-05,4.478282943723754e-06,7.739864873298785e-06
2497,8,1.739132475187194,0.00016630444523883531,4.29279939829794e-05,3.413590659637957e-05
2498,15,2.865002880230856,0.0019308263873909443,0.0001422787325270766,0.0001639603928222119
2499,8,3.514364267789273,5.436157126175735e-05,1.3074009923451257e-05,1.0277671241206624e-05
2500,8,1.707316668025621,0.08658216179054397,0.017405864373578904,0.015076953213621527
2501,15,2.1652474696744513,0.009273292468721826,0.002446957699768787,0.0023911275087851506
2502,5,2.643059272503261,5.8050519981678105e-05,4.739891467742328e-06,5.7567735968614385e-06
2503,15,2.088918384347216,0.0014927033052849394,8.182026199031944e-05,7.304819318507289e-05
2504,15,2.721225591157291,0.0038507291338080963,0.0002164552545231673,0.00021415790710904912
2505,8,3.895718849735583,0.0825213807834864,0.012154393104863598,0.016845037460930384
2506,5,3.869462601972204,0.00010492693395309473,2.039432130953377e-05,2.3965469200802938e-05
2507,11,2.1027256696295553,0.0005855060059370668,8.135551452717157e-05,6.455743466578966e-05
2508,5,2.72835322464316,0.026692980432893733,0.003409709094098915,0.003179943802299798
2509,11,1.9611695018056516,0.015007664616067786,0.001411785106929492,0.0012550573092179932
2510,11,3.557338527759764,0.21592163596439864,0.029976734567283954,0.0263799377155611
2511,5,3.7743798473518515,0.0031324629306890136,0.0009494775647074856,0.0011085230325611445
2512,11,2.6755853555437543,5.401419117293676e-05,1.7269448724202103e-05,1.6087153389242697e-05
2513,15,3.752397734866495,0.0021847488441472593,0.000549904843083911,0.0005034972263300463
2514,11,3.9519908618594646,0.042057807260311206,0.0052518302692821355,0.004831671306275317
2515,11,2.0531179934826853,0.07467781164657457,0.0027607144728158217,0.0023337004166969627
2516,5,1.9190353873086199,0.08645899436325079,0.010949887743526125,0.009848369333522925
2517,15,2.8476638488182795,0.002381316591565986,0.00034830726700010135,0.0002849890098893343
2518,15,2.053408199360713,0.08022514476002994,0.009080660423350307,0.0072821913052684
2519,8,1.7064439681603374,0.053725282476435036,0.005918281924588089,0.005248305502185851
2520,11,2.1752063089867995,0.0003368495463244606,1.6414472971385685e-05,2.1956465892687627e-05
2521,8,2.8154143055412564,4.5795898051574346e-05,1.5487007486024224e-05,1.3200767769839174e-05
2522,8,2.983904767652714,0.27182460375501166,0.03274661638426516,0.028863793800578755
2523,8,2.966156600575374,3.8853238568040244e-05,6.196687175063191e-06,5.123170721210303e-06
2524,8,3.094880497439228,0.013562620655871016,0.0021878830139448664,0.0022570584671842606
2525,15,2.7656085389232494,0.004730300241790815,0.000400301302631545,0.0006338381796245141
2526,11,2.5598087654639983,1.1429990019680209e-05,2.163011265405871e-06,1.7519440681546033e-06
2527,5,2.117968605733649,0.08855606045273853,0.014067272629074106,0.011316137322711323
2528,5,2.046988779008902,0.0744848282866661,0.016595203554394457,0.013358963494549757
2529,8,3.6330239585343698,0.0718629850458322,0.007343864604450479,0.006118713554810465
2530,11,3.8096980197437356,0.0033168704349067902,0.0008774859648311177,0.0014510081971239837
2531,8,3.0381784969709815,0.0009930440857423063,5.046215913335453e-05,5.300988538867012e-05
2532,15,3.200956418157656,0.0005651162357961948,3.460284475176772e-05,2.6850117000813716e-05
2533,11,3.023406002870004,0.0006239022571924492,0.00018454172736886965,0.0001498778181183021
2534,15,3.6639716635956407,0.17876761253098472,0.022522915318959447,0.018275401755793435
2535,5,2.239368042537953,0.07220873893701418,0.013660036070100603,0.015424087263109698
2536,8,3.0036093135346604,4.427381666406395e-05,9.624404996204912e-06,8.369304721358732e-06
2537,11,3.493033555800943,0.00029771210232288665,1.4948037699319398e-05,1.32103829246467e-05
2538,11,2.193733718876507,0.0002482565591278775,1.5223769625109134e-05,1.5466539743891434e-05
2539,15,2.5682506864223984,0.026075467775751274,0.002961675651244473,0.0023587028692383973
2540,11,1.995723208856256,0.11014702695394583,0.029840429315263414,0.02455654158768569
2541,15,2.5517683684322723,0.155438788952953,0.026006279723166062,0.0212236757647316
2542,11,2.271580792039421,5.0867854621588856e-05,4.782161496537056e-06,4.000793079277223e-06
2543,5,3.9015813170973628,0.27769530659937997,0.015274872333542504,0.01612200313022374
2544,11,2.0674503490171743,0.0059255677649890605,0.0007677699585290874,0.0009391616995233366
2545,8,1.8265927973049096,0.008226924487820223,0.0008327714573776244,0.0008300329762468229
2546,5,3.5500582596310286,8.335731596439604e-05,1.819466389163851e-05,1.4526030406721177e-05
2547,5,2.910239993015629,4.947963330798753e-05,9.883825812316885e-06,1.0153316606712141e-05
2548,11,2.2134600310316808,0.16227034292775078,0.006192689700285414,0.004985400997611462
2549,11,2.4217403196115406,0.000634018276664155,0.00011052539170618736,9.342001323353177e-05
2550,11,2.4681747960630753,0.09911220320516219,0.003012435450479036,0.002871804870888808
2551,15,2.4646004474532597,0.05609102499910412,0.007342496069985904,0.006354903809188754
2552,5,2.463894276278098,0.07183699510477005,0.014663347332724588,0.016649477074630013
2553,8,1.667127812838733,0.001849763817330975,2.629578254567731e-05,2.284094308109137e-05
2554,8,1.7365240501969783,0.001992581157821234,0.00015915108783257483,0.00012677782182237007
2555,15,3.0277902847096163,0.003613820295069909,0.0009159785158348647,0.0006894521576014901
2556,11,1.931519459234523,0.0010387637499997952,0.00011402814339707302,0.00012415704781922187
2557,8,2.6543262782344272,0.00274892428396717,0.0007454789127382892,0.0015338989032813951
2558,5,2.9517058540176704,0.01868401945474579,0.005917247242290686,0.006421270833604194
2559,15,2.287486585531772,0.06665380056613006,0.007590545714109172,0.01173248004333202
2560,15,2.167105358439605,0.18887803108639342,0.025111493109556567,0.02060724301142377
2561,8,2.452088570508463,0.21815518738596723,0.03704890602783675,0.03024761828280083
2562,11,2.2611405738821495,0.0017140634573776952,0.0003021724646940433,0.0002582322097132314
2563,8,2.4187779489089425,1.7098152782969976e-05,1.2977802911590426e-06,9.963554355147764e-07
2564,5,3.036733029268175,0.00019484386446143737,3.1305617084026834e-05,3.301000782914602e-05
2565,5,3.7206594925435605,0.016537880172466372,0.005711834740854481,0.004906860724818629
2566,5,3.8596483325161572,0.0014456921289233856,0.0006199650869663726,0.0006485713384454715
2567,11,2.171940980498695,0.1106279516210092,0.01040645653557876,0.010428685261288729
2568,11,3.635445051255948,0.00015925752015039544,2.0212655930284618e-05,2.379366130411395e-05
2569,5,3.366498713804657,0.46411465800953,0.09192072232534321,0.07587921360523292
2570,8,3.8274306263941718,0.007868230190512776,0.0005333133912791351,0.000542177730400034
2571,11,3.672750960679774,0.03971385092131562,0.0012044281839287967,0.0012257022614109196
2572,8,3.1522922514822596,0.00010214277546099049,7.28404098701101e-06,9.264920809113608e-06
2573,11,3.1179965101339566,0.00702990115341607,0.0010404562404329,0.0008353228795298155
2574,8,3.7163443267563734,0.000526468272176002,8.157607305131214e-05,7.571607833748443e-05
2575,11,2.738165681238583,0.007200349572931041,0.0013826329896383027,0.0012235787006826028
2576,5,1.762020762220738,0.06823702042019861,0.002130843532956948,0.004207734605888357
2577,15,3.271074200447172,1.0975628441417184e-05,7.752767606516318e-07,1.3795509435979459e-06
2578,15,1.9095680545017468,0.011811964399501027,0.0002880794030513077,0.000254840790220515
2579,8,2.3093466207618336,0.05137000682125788,0.01660880273307952,0.013881353069032725
2580,15,3.603046417661639,5.281385850358533e-05,9.301341301495302e-06,7.234890164592446e-06
2581,8,3.7622883029411907,0.015407941734468812,0.00392746389026231,0.003822365025547294
2582,11,2.609556608209984,0.0004211038125966767,7.9820400151538e-05,6.725228273190291e-05
2583,8,3.319256477833116,0.007200572121778963,0.0021972596639865155,0.0017281568083257332
2584,15,2.054778006724033,0.02125267240809647,0.0020228780321540083,0.0016052316189717735
2585,15,2.1686313073990395,0.04485919427365622,0.004050488852951487,0.0031472659791125673
2586,8,1.7651160794328726,0.0016113609949273489,8.850560433810317e-05,8.324353199205069e-05
2587,5,3.2418908528124857,0.0070421796405163205,0.0004933404549962028,0.0004330673159890046
2588,5,3.579136183410549,0.01919231424969423,0.004394573751768322,0.00815181044785076
2589,8,3.9860889259078927,0.03022649257792942,0.01229304888736817,0.012720709638493102
2590,5,2.731207197439126,0.04316250469662165,0.008751810639872008,0.009105220029586934
2591,15,1.9431930143653149,4.0760716558244296e-05,6.176854632195203e-06,5.2277738668711615e-06
2592,15,3.847179067117224,0.03827929670510353,0.008054771022673457,0.006676499780496326
2593,8,2.8665354458538124,0.009344181055170219,0.0019503134346303818,0.0016646170095238398
2594,8,1.5714786677830392,0.00017983169387639607,4.279142034387608e-05,3.537636051211873e-05
2595,11,2.3421145490407893,0.033528038366814235,0.0060057385248270855,0.0047571446978186315
2596,11,3.8843419834749318,2.386596845656464e-05,5.074871898133076e-06,4.3632826439369845e-06
2597,11,3.767957899656334,0.032456259699994786,0.004039463647969125,0.007797302677662624
2598,8,3.8825255571240853,2.4539621797518388e-05,3.69866832318666e-06,3.486509766048493e-06
2599,11,3.7628668003999843,9.847774214877515e-05,1.448487446914685e-05,1.5027424894171542e-05
2600,11,2.7527382757379404,1.8943932987260882e-05,4.466665250165257e-06,4.392788229688516e-06
2601,8,2.147641282153269,0.002108444482976004,0.0002037015872248051,0.00019860768911545326
2602,8,2.3080359391096317,9.620078880399885e-05,1.39976586443166e-05,2.988826703751556e-05
2603,15,2.2056294321801264,0.0026340085010255103,0.00015813118738976722,0.00014745405836959165
2604,8,2.1695077446729156,0.0006472465934408896,0.0001264732133350458,9.549058558546503e-05
2605,8,2.14663021902526,0.008218969427248394,0.001187130049445186,0.0009555626241505226
2606,8,3.376415397992924,0.00014866763356823423,2.3318383225654805e-05,2.254674653105483e-05
2607,11,2.6797223113776365,0.2771145236820499,0.04449538380703172,0.03843395065701369
2608,15,3.376751802324667,0.007039376668503267,0.0006776178916012283,0.0005956950471523541
2609,15,3.7241382858606302,6.999140499797366e-05,1.4916639257633327e-05,1.1916211003577182e-05
2610,15,2.401612017573248,2.891904365354135e-05,8.417425797727024e-06,6.7433336241697855e-06
2611,15,2.184053558054242,0.0057788233632993435,0.0004999346485067477,0.0004522155085888383
2612,8,2.519307763496237,0.08370030472835555,0.025751383830638637,0.02693058931977833
2613,8,3.8817139015184083,0.0005642769669536265,0.00013136261354306303,0.00012942199752131645
2614,5,1.7391513698155558,0.018326472441042994,0.0007529574778383856,0.0009488392095910569
2615,11,2.9631966345886656,1.2743348267713194e-05,3.826500380585323e-06,9.90792162153297e-06
2616,15,1.9226911553249901,0.013738539444227135,0.0008780320395372163,0.0007995595384814138
2617,5,2.034438859459305,0.0018198830648944423,0.00029811547050374973,0.0003465988182311924
2618,15,3.3666672603537964,0.038839232816502846,0.006955473667400081,0.00706677473218373
2619,8,2.3039911869937897,0.0001795378606347081,2.42906921160146e-05,2.0121666223489597e-05
2620,11,3.302438740026426,0.00016797374798247704,2.6196510848671027e-05,2.423750013204497e-05
2621,8,2.302141501421974,0.05259436184991556,0.010672001694819019,0.010342131459317262
2622,15,3.146563931575851,5.521971821073638e-05,8.267402524026522e-06,6.894621503930312e-06
2623,8,2.983927477795943,1.1681161839121262e-05,3.238422595509652e-06,2.4871592615599015e-06
2624,15,2.1419753386967866,0.00015605075310573684,2.344787139728611e-05,2.0671002371474134e-05
2625,8,2.2837081893659423,0.005649682165388589,0.00034070274697291,0.00029768707235877575
2626,5,3.4048209919763774,0.0013417487459630314,0.0001954346411811952,0.0002196191710133597
2627,8,2.877582571973522,6.167863222150402e-05,3.3004617260262935e-06,3.908907967633238e-06
2628,11,2.336348084663848,0.08549038479478444,0.0032119340869522454,0.0027919234325102424
2629,11,1.815793764242624,0.0001522739530466834,2.088571072905434e-05,1.726774263011662e-05
2630,8,2.9379962789301564,0.0003151595357679054,5.9332887609891e-05,4.640859895408044e-05
2631,8,3.1592122820851554,0.02037635965732215,0.002345727946952832,0.0025423689641935693
2632,11,2.4642922541222947,0.01124899043566939,0.00027062139545633155,0.0002865140125729867
2633,8,3.4502449620453923,2.7008849039371062e-05,2.7579121812525885e-06,2.5353587748263243e-06
2634,5,3.2523636024328324,0.16063108371876153,0.01786842071438416,0.014571075679738135
2635,5,3.17539910934078,0.3296293526727535,0.08724935056138677,0.09698286265094694
2636,8,2.3216718531928144,0.10010205773727061,0.006463878445348414,0.0067635636642313845
2637,15,2.454231790906964,0.0002649302689183819,3.2644671573102265e-05,4.412535725813475e-05
2638,8,1.6889322105589843,0.1746374698417961,0.022348444216726444,0.019775748770317556
2639,11,3.003246563818194,8.20282272899993e-05,1.3424764543621726e-05,1.220588817160166e-05
2640,11,2.0449527276151938,0.00122154405894514,0.0003154933874744217,0.0002609392302879993
2641,11,2.633076444762001,1.1175930173015061e-05,3.0079441091608116e-06,2.97407550371352e-06
2642,8,3.5580048122696275,0.0007859689217532732,0.00010181708704180953,8.746760949534156e-05
2643,8,3.7787703663431276,0.27233866234760196,0.05517649360823501,0.047886162352245985
2644,5,1.8498006165164291,0.16302393518331496,0.03302069634511913,0.029761740391338703
2645,11,2.049179189120312,0.037886759825215215,0.004725321188641451,0.004490910200637026
2646,11,1.8899482970424497,0.00020306030104130302,1.55804720890796e-05,1.6746390265251338e-05
2647,5,3.5295890516436734,0.004525718442689269,0.0010212844017949588,0.0010624074103861465
2648,5,3.9436147730703253,0.07352252380506169,0.010704688339744133,0.010788025380720842
2649,8,2.092128644932232,0.0011120571146451968,4.9928232807790604e-05,9.419842843272531e-05
2650,8,2.0558064160633407,0.1085125874949924,0.013731555103688493,0.01418152547438174
2651,8,1.8945980145780998,0.000293739008326147,7.824824526232826e-05,6.0403043254676876e-05
2652,15,2.5353659993459625,0.06887321015702647,0.004161431419981857,0.004523084804808769
2653,5,3.448161411710359,0.0005168962462112459,4.774383857380506e-05,3.767711277169867e-05
2654,8,2.6551873115721936,0.0001543683429116218,1.2217626777256763e-05,1.3836381474547632e-05
2655,15,3.6723898119958074,0.03892125832728228,0.004385530777381788,0.004067677173953397
2656,5,2.3730815318993117,0.0017409105136939602,0.0002578462572359773,0.00022581189413105308
2657,15,3.183538922938929,0.09763465435219214,0.013211887263742481,0.011569457642259822
2658,5,3.486099684218491,0.00015735348133065748,3.959165087842946e-05,3.753269317772366e-05
2659,8,2.851856241804847,0.09729848634241742,0.020800452239715116,0.01681977073681169
2660,5,3.836054889835479,2.0683170316677833e-05,8.180516522008138e-06,6.9504267536983375e-06
2661,8,3.116627476461981,1.9026604127967863e-05,3.6227326921890053e-06,4.3789665814844306e-06
2662,11,1.8239134619298147,0.001237083440181153,5.31195873091185e-05,5.21933716022284e-05
2663,11,3.594613383368537,0.00016410153094881575,5.964536832792969e-05,6.914646390769982e-05
2664,8,2.8380105316739517,0.11234974854584166,0.019997529735186002,0.03794733192015487
2665,11,3.2978686186742086,0.022162524239166623,0.005182110898943592,0.0056061525141676465
2666,8,2.7442384128411916,0.007374395974634914,0.0015987429855015434,0.0016861237226066094
2667,15,2.0027086096320597,0.05055052917098228,0.0067300125801202,0.005653398872979066
2668,5,3.4684358365383736,0.08366076635512373,0.016845687520903745,0.01582236889968835
2669,8,3.79030177432108,0.02584873074841208,0.007928136782946694,0.0060636174674186015
2670,5,3.432403880495404,0.0017830606762710413,0.00039214936087031557,0.00041944557656744337
2671,5,3.440209821055248,0.00026806797371614724,6.638345012463908e-05,5.242549457168141e-05
2672,8,3.992631748703446,0.0005657995648267333,7.03883961147319e-05,6.285231898434262e-05
2673,8,3.5132862508287444,0.001294233929491746,0.00017365930638089797,0.00015856392273751703
2674,5,3.8390170408756257,0.0005959004866870413,0.0001567520879991559,0.0007386789586169384
2675,5,3.504202478808737,0.009170781200882052,0.0021543840299587365,0.0017155610480163249
2676,11,3.615808286401056,0.005973657537259519,0.0003071822819494315,0.00036008138878978427
2677,5,3.924216117956239,0.023113095399238736,0.01050477346099411,0.009608725891634135
2678,8,3.1634202947551535,0.0012814086824132552,0.00032269657565413333,0.0004112675108973218
2679,8,3.9983758036651222,0.023379394212384948,0.0036999678467559325,0.002970530471268877
2680,8,3.4883410536642296,0.0001977321101327474,3.8640254738720836e-05,3.235156833744473e-05
2681,15,3.9701285561199597,0.007573294915783395,0.0011131363142741519,0.0009775271588528033
2682,5,1.6533263221354375,0.013938762306722937,0.0007618080934643763,0.0007480280887042586
2683,15,1.758428721961244,0.00024711010506803623,3.916646254895861e-06,3.525272152224095e-06
2684,15,1.558513191694777,0.005049891461375882,0.0009547053140380043,0.0008148840094186801
2685,5,2.6951659621235557,0.0004361634569486309,4.5778765149766356e-05,4.1469133076357224e-05
2686,8,1.9836069834276007,0.0042308248571916885,0.00011758609121740216,0.0001042725889988677
2687,8,3.8622253528464716,0.033650769152752384,0.006436912167508762,0.005583922465418729
2688,8,2.2582887972052914,0.01335737188947982,0.0013246234959810748,0.001735143688341886
2689,8,3.986895386629751,7.02542842500581e-05,1.418048778541306e-05,1.1727075829013793e-05
2690,11,3.641560174364758,0.05651133543611289,0.008266920410569072,0.008562142521158535
2691,15,2.147304409803682,0.03084528388380793,0.0064442341638518,0.0055296490606839615
2692,15,2.150509216747184,3.6599818466565355e-05,5.08859803920583e-06,4.2462740923521175e-06
2693,8,2.355208088368446,1.1962438863978666e-05,6.572175638021011e-07,6.012494007118431e-07
2694,5,1.9905065691055401,0.0004283964297468387,4.4072755915023455e-05,5.45460075211748e-05
2695,15,2.215659738328802,2.2307653916937866e-05,1.9579381859605056e-06,1.9991076537118488e-06
2696,5,1.7195307757155116,0.0004952743128423997,0.00013039384846169887,0.00011140201714541026
2697,11,2.2631735687086754,1.2763476630179906e-05,8.891646707351558e-07,7.138431233237517e-07
2698,5,3.2950651923847176,0.002923748381428137,0.0003631281587463204,0.0002886508013347447
2699,11,2.3042080076069182,0.021198182368094818,0.0008298217203892949,0.0007984913865577603
2700,5,1.5517489751447242,0.20007326191326613,0.0542830269446289,0.043086960471982114
2701,5,3.317315597915072,0.28954410130965735,0.02288877063672283,0.027553141810922697
2702,8,1.5096848889098378,3.0258642382820894e-05,3.73966434226957e-06,3.610337329653036e-06
2703,8,2.2086565100390994,0.01499060799414095,0.0029065441258022775,0.0026206400237711535
2704,15,3.726395081602309,0.0178512102284622,0.0027937041304052284,0.0022763320605364776
2705,5,3.5388427671625156,2.6301474442981763e-05,5.55828982733604e-06,4.7879937895559695e-06
2706,11,2.653267427861329,0.023456247274931452,0.0008223120356693817,0.0009005085591761795
2707,5,2.4019995463301456,0.022499499378005012,0.001156578407485511,0.001034491113127929
2708,8,3.494929418781789,0.016066685091149904,0.002952084201191324,0.0031556617532820007
2709,8,2.5054464740511024,0.0974318097313379,0.009408372661882172,0.009780906156014865
2710,11,1.6205229684508549,0.0008245828801525511,8.422434714708672e-05,9.850431349854486e-05
2711,5,2.8929374084179007,1.7066405843986953e-05,5.404720696710375e-06,4.606065747537879e-06
2712,15,2.9990251133524866,0.0599604931698067,0.012980772501918009,0.01060304405367304
2713,8,3.772616179899403,0.02505482907419699,0.003053841367127423,0.002501346565268096
2714,5,3.4006459165051384,0.015210607350102372,0.0035032242586978918,0.002726342886957249
2715,5,1.574971322896202,0.05871369287706496,0.00903562493732895,0.007476891016437564
2716,11,3.4964527311646405,0.001991375949273926,0.00038882469277193933,0.00036862636385666186
2717,5,2.2924276483947694,2.5408762037339177e-05,6.102920812140647e-06,5.545734563274724e-06
2718,11,3.48642686199732,0.291317104330914,0.02134863707239299,0.02456243384477715
2719,15,3.995947415074526,0.011025912857687187,0.0009128871642846898,0.001054477702712434
2720,15,1.9458655299065264,0.006165863814253873,0.00010579814914116599,0.00011301746868334266
2721,5,3.633612241351174,0.006864766823259024,0.0009941576982623614,0.0009551305137614522
2722,11,1.6100185960842406,0.17556225929490998,0.04145463160010922,0.03465600022269187
2723,11,3.7617005084209723,0.0026980429613063985,0.00024527301517918013,0.0003563399898526331
2724,5,3.640365652583946,0.0034032805784931773,0.0010337489372902761,0.0011062056678132158
2725,11,2.7228933477431947,0.00041340541320329254,0.00010294364134760838,8.6795978830967e-05
2726,15,2.123042542526247,0.004634326269484162,0.0005442828489368077,0.00045990639095094815
2727,11,2.284958371376608,4.439078384151005e-05,7.364244209071258e-06,6.530634764984228e-06
2728,8,2.398502830170882,1.1687556629712936e-05,2.1168844548505644e-06,1.7518882850024793e-06
2729,8,2.5696105210194813,0.0010986260467607883,8.78160455101688e-05,7.18713207121944e-05
2730,15,2.348582495917714,0.000203938702817688,1.535260619859587e-05,1.4389167176382452e-05
2731,15,2.317469066327807,0.03193005580064616,0.0045007897909288795,0.0036888564401399452
2732,8,2.2056979848835394,0.11646081336363277,0.006164433711538706,0.006442054428257562
2733,11,2.1656661873821164,0.005977467499315726,0.0004450391868170834,0.0003578983905468705
2734,8,3.4207653486243554,0.0004311991932560298,0.00011615627407567567,8.986495368949179e-05
2735,5,3.001340879617425,4.0132179004256115e-05,7.860103398075908e-06,1.4519455660694624e-05
2736,15,2.9310459450968707,0.0001391116506205595,2.9206493928745355e-05,2.8277195835749795e-05
2737,11,2.2166612603445452,8.744687248997178e-05,7.441056040651602e-06,6.3896629448000085e-06
2738,5,2.127573455847499,0.00010148981754130481,3.558981701342218e-05,3.121359869559994e-05
2739,8,3.686034654042564,1.5929270413386395e-05,3.635420848751588e-06,3.4873871558314073e-06
2740,8,2.938847109439993,0.0004020201150987587,3.827073789752202e-05,6.76035226490255e-05
2741,5,1.615474060501273,1.1268510604771297e-05,2.0925519569242841e-07,2.1747017728886942e-07
2742,8,1.992643250838682,2.5148908664755016e-05,1.7375495230294345e-06,1.5242183087009616e-06
2743,11,2.7297694358621722,0.000351209769342793,5.832440431906359e-05,4.918286164976411e-05
2744,5,2.3689082748894776,1.280955672305764e-05,3.933148389300223e-06,3.0114947084985197e-06
2745,15,2.5849662347041225,2.8566749623355462e-05,2.386474514393591e-06,1.8954575554267367e-06
2746,8,3.7173546814510043,6.702704693748888e-05,7.791626631443256e-06,9.376347975876735e-06
2747,5,2.9597074841134132,0.016712271870103025,0.0032308216971469383,0.002707200627734535
2748,8,3.9898207533893966,1.7082956997653717e-05,4.27773082208566e-06,3.711811451119193e-06
2749,15,3.1092146842159476,0.0022381533809008366,0.0005237801506704996,0.0003983226642816282
2750,11,3.8951343444984667,0.004986414110585808,0.0007106706130745359,0.0007644949327321619
2751,15,3.703613591773587,6.8808955758978e-05,1.0995875204388018e-05,8.3514103096378e-06
2752,11,2.264613783694413,0.00020024047152992122,3.510969405587511e-05,3.15870485380447e-05
2753,15,3.54352930237809,0.00011841864652545081,1.505958133354222e-05,1.5434248780182356e-05
2754,8,2.5489939632129857,0.008850065475455735,0.0008411313071497751,0.0018405959307319778
2755,11,1.9563718736687794,0.0019580238716110023,0.00032337997518371193,0.0002528700661779462
2756,11,2.0811645523826074,6.777028322534113e-05,1.779163027638692e-05,1.7009245641340872e-05
2757,15,3.9364244053368034,0.0030363113251706524,0.0007939799375356836,0.0007117235689206141
2758,8,2.4446849128955317,0.03356406440620622,0.0034183734714856285,0.003539109901080817
2759,11,3.4986520591668677,0.029249018386872824,0.009524589274600346,0.008202624892145908
2760,15,3.4093990620907175,5.846805384894945e-05,4.133703598645329e-06,4.4919968128933904e-06
2761,5,2.8224818546939248,0.08877981809712518,0.012667728193313833,0.010720342751563703
2762,15,3.6916519256665428,0.0233437858101459,0.0026744971884903436,0.004746841029356741
2763,11,3.825270790919714,0.024242630402892915,0.00893283046260827,0.006653284418805787
2764,5,3.642718369305407,4.349946734152502e-05,1.6757844596044425e-05,1.3579086117082037e-05
2765,8,1.5398771735656385,1.53455123557415e-05,2.5873654084536953e-06,2.1570743507119667e-06
2766,15,3.890028040865127,0.00019066812257143912,2.208317087039265e-05,2.203603530713806e-05
2767,15,3.931490426469279,0.0006992318962440186,0.00015830901059196703,0.0001300074933548516
2768,8,2.9094613539159626,2.1913083165461488e-05,1.4635194094411058e-06,2.3731813069133782e-06
2769,15,2.919147650992997,0.09411471781434187,0.03444571707697938,0.027040512756860743
2770,5,2.150779243295282,0.0576921055335586,0.012144001286104551,0.010394125623528403
2771,5,2.23737204641626,0.012210472614590998,0.0010087172096655606,0.001270869064687074
2772,8,1.8194308842407576,0.0006182284293554589,0.00013190190831894417,0.00011188228632121652
2773,15,2.2918958242526926,0.13666780287693966,0.0048299084554158265,0.0038585342659441645
2774,15,3.8164659225208113,0.011398149208116255,0.0017491452417685558,0.0015079297610693168
2775,5,2.2139334605476533,0.05968762422027654,0.019103894926780475,0.014139562936405392
2776,8,3.968894945908774,6.106933878669287e-05,2.0473692871173506e-05,1.5842829461212224e-05
2777,5,3.9740235161555666,0.0009922631024807,0.00035059585421068085,0.0004496976883055931
2778,8,2.5183706279955933,0.03480148781133421,0.00948425302929079,0.007698142714306337
2779,15,3.3913391630262413,0.00031895939935774377,4.404564063901547e-05,3.6022839647880726e-05
2780,15,2.7476984718030577,0.001207633654704767,0.00013104319942520645,0.0001303694020970152
2781,8,2.9532175912471406,0.005004629359449581,0.0008050868840723376,0.0011207849547982308
2782,8,3.004760385183671,4.3259344064571566e-05,9.88978953595547e-06,8.464777415987199e-06
2783,8,3.255358000804486,4.165275741949762e-05,9.231022332784893e-06,1.723872418212078e-05
2784,8,3.6175225222947924,0.09887271528566607,0.028507498236571407,0.022802751172772008
2785,11,2.301513842582275,3.3657254326504294e-05,4.264093178091577e-06,3.58955318547035e-06
2786,8,2.1492602533433858,0.00046865243513556583,0.0001415409230629304,0.00012807492192068974
2787,11,1.9666811298439848,1.0129693867296611e-05,1.1762702060446772e-06,9.067838249989573e-07
2788,8,3.338662555622954,0.05190356292342737,0.014959990016057953,0.013831614994653815
2789,11,3.562130143646316,0.12332582188645749,0.02662245566108834,0.02498731243799046
2790,11,1.6428720906624257,9.06439599589819e-05,1.7776085808703168e-05,1.5382406329570843e-05
2791,11,2.495765139044735,0.0001259147808216668,2.0378913760699403e-05,1.590824535673632e-05
2792,15,2.056902872036846,0.010714351482039565,0.00044232454987601637,0.0004657291006653903
2793,8,1.939869363761245,0.025669375450080936,0.004902112471815874,0.004885377191396199
2794,8,3.5990356089384434,2.014746512072589e-05,2.6774741997041524e-06,5.559401453345573e-06
2795,15,2.8597105666442197,0.06237857721742034,0.013525182342705996,0.013261221322747293
2796,5,2.2156536889824956,0.012429460182497503,0.0031139169008258904,0.002565795206517654
2797,15,1.8567928406511083,0.04719753778261122,0.002442128036535188,0.004420918181466921
2798,5,2.5452943146671614,0.0001570329452777157,1.8911808585105287e-05,1.546610950768741e-05
2799,8,2.836863043399194,0.00014503042562949152,2.6785439856303224e-05,2.704790805490315e-05
2800,11,2.8962375861725533,0.012031874756137857,0.001439792162305966,0.001215906788475509
2801,5,2.079991729186697,0.012686608104722212,0.0034994475348480974,0.00304694435110505
2802,11,1.5427041401177886,0.00010243579858591654,1.0003545024974114e-05,8.293905433044502e-06
2803,5,3.124860419115877,0.0010429341904947289,6.331887217119185e-05,5.850961433236846e-05
2804,11,2.878695764738065,0.005528879767019499,0.0005225557120897401,0.0004399571974522553
2805,15,3.3668683884157597,9.432530355645972e-05,1.5353877858043657e-05,1.3117891087820317e-05
2806,8,2.00407426915231,0.0037741009568073437,0.00037329720833630895,0.00034589410656347746
2807,11,2.830880873188978,0.002208294597448142,0.00020030644325808592,0.00017272076225453365
2808,15,1.7170680426501872,0.00011031007544487423,9.772023466166221e-06,8.473034943320324e-06
2809,15,2.6532370427736556,0.020890127613819812,0.002043366450477256,0.002272995928935706
2810,15,2.121920066401076,0.0002171840242240552,3.186896901383856e-05,4.567264635045023e-05
2811,8,1.651641287597055,0.01738004172983076,0.0008833802319411041,0.0009534689969544724
2812,11,3.9990363406393232,0.003578434211062057,0.0005095581675197065,0.0006315350893092236
2813,11,3.1315519887575047,0.003638579195272615,0.0008285152703449946,0.0008772964963518963
2814,15,2.847895239198838,1.1690087565271562e-05,1.2490287810890839e-06,9.621827999887221e-07
2815,8,3.178718619786959,0.0001925073958933758,4.0710072700553526e-05,4.539176350640882e-05
2816,5,2.7899848832117478,0.018202319139018784,0.005936815428751645,0.004689911421065481
2817,5,2.734784031269966,3.056224119107911e-05,1.2794767320175885e-05,1.3148525643542543e-05
2818,5,1.5095475922077826,3.978025104736596e-05,8.026222697088913e-06,6.595914176001153e-06
2819,15,3.5412278550498693,1.9222818278304924e-05,3.5538766190343234e-06,3.1413569413943575e-06
2820,8,2.9843199941654284,1.0422735560661298e-05,2.786985705595684e-06,2.337997908600625e-06
2821,5,1.8966099969624728,0.00017007196795221135,1.4385797429668385e-05,1.164196483991435e-05
2822,5,2.3002606867259843,0.001992281656966847,0.00042934170527113183,0.00037298011673470905
2823,5,2.505003305666693,0.00014832788538730372,1.7433723664522723e-05,1.5416542671571657e-05
2824,15,3.8164461649616093,0.055197461754066264,0.009980742118952484,0.009406980418021205
2825,5,2.985808836105108,1.9400595222003776e-05,4.6947222850864935e-06,3.830354914241293e-06
2826,15,1.930186564189712,5.8483573611155356e-05,1.7297877773705337e-06,1.7991660028722807e-06
2827,15,2.811654938377343,5.564135205014148e-05,1.013036801870697e-05,8.8675663215518e-06
2828,5,2.024136861534585,2.0436429659169258e-05,3.2377946463118983e-06,2.870902704938952e-06
2829,8,2.0427464822974377,0.003584134255222635,0.00029357512729566014,0.0002483099328037164
2830,11,2.407705110592698,0.008319952169486342,0.000976101890936643,0.0010339941698630515
2831,15,2.3215012282559426,0.036531489710857644,0.0019450808755695288,0.0016767752483457952
2832,11,3.2736235476037017,0.0035603064311183295,0.0004236747491074859,0.0003883536073979213
2833,8,3.6885306126097466,0.011515104940791537,0.0019600077211116233,0.002722413350355867
2834,5,1.8011833079094544,0.11614681287339193,0.019506962624331187,0.015916961761241015
2835,8,2.843545514400903,0.0014629234638337653,0.00021719397994107164,0.00017343357855827108
2836,11,3.6184329514145426,2.10279447346551e-05,3.1004099703578125e-06,2.4565485355713543e-06
2837,15,2.239352525959402,0.007797501807011659,0.0007428113683172516,0.0007147962338397471
2838,5,3.399800187124387,3.53860455175946e-05,1.141221372184499e-05,1.1774573050327733e-05
2839,5,2.61284962246863,0.0031639506745944398,0.0004945978131294152,0.0005563389029321512
2840,11,2.3181981269865366,0.00017014739632097137,1.4361225126101714e-05,1.189064835732592e-05
2841,8,2.077011928759169,0.023056217334194256,0.0031596056818139293,0.002770153364000558
2842,11,1.6851888509062392,0.00094090110357551,1.3009732875098421e-05,2.147181496581985e-05
2843,15,2.202303148867685,0.005801147918474512,0.0006400315636699691,0.0006038674868856042
2844,8,2.8622207546317244,2.323776196328285e-05,7.205039411979974e-06,5.656172029725154e-06
2845,5,1.8082747304146063,2.09465149877468e-05,1.3965548054702453e-06,1.146838624714207e-06
2846,5,2.297766656198243,0.23768623211123752,0.06598190640226052,0.0509339643653059
2847,5,3.0486301228123134,0.03903091482982866,0.01082408678560793,0.018212978259972767
2848,11,3.32248852024045,0.08886032915571523,0.013121330126295228,0.020892915805888822
2849,15,1.9882994546858435,0.038867692712781114,0.004000784207001765,0.003286972226604138
2850,5,2.607908718344051,0.06154763768100924,0.020336218076739597,0.03405820846019168
2851,8,3.1125334702651273,0.00045217749914008696,0.00016491448882155441,0.00013897231522487638
2852,8,2.525623110419947,0.013665619738138735,0.002169461006677309,0.0019326789535498267
2853,15,2.302530102143594,5.121695939084228e-05,7.454373137977411e-06,7.673247487947754e-06
2854,15,3.8006280467380873,2.136749174615857e-05,4.183700684394461e-06,4.678928440598039e-06
2855,15,3.917168162409646,0.00040054956382360455,0.00010209554439002463,0.00011384316576343495
2856,15,2.9754855098553743,0.004410780979360383,0.0005136411776267952,0.0004592899908876633
2857,11,2.5541381104920973,0.07039950750273587,0.005861316941576199,0.005129485334076335
2858,5,2.8984129803017735,1.1531967770675486e-05,1.0061879576451332e-06,9.775446129693703e-07
2859,15,3.106516234639907,3.4556293877364385e-05,5.7749973553432995e-06,6.73316760387068e-06
2860,8,2.0191401569239034,0.04026315311277303,0.010303953297556224,0.009116816118518549
2861,5,1.8277946811344128,0.004173668692111569,5.6261201305438704e-05,6.586430223459205e-05
2862,11,2.1723270798177743,0.08340720974442918,0.009383182768666013,0.00752773688206453
2863,8,1.920725395706489,0.0018140390150517614,0.00020072303092768916,0.0001879543063234178
2864,11,1.8459669197839588,0.048771501103646656,0.0037188450598593338,0.0036394675727265285
2865,11,1.883936701901468,3.417946775736483e-05,8.607459950037826e-07,9.632012466759202e-07
2866,8,2.0712514401682545,0.03970667575662906,0.006284800297597887,0.005000630824020176
2867,8,3.5775388852199694,0.0015323235477146555,0.0003017886653189919,0.00025125547432825715
2868,15,1.5022622056729118,5.0252756618408754e-05,4.999590907290671e-06,3.9877157222420405e-06
2869,11,3.5681235550883503,0.028375803284933963,0.005346568348392665,0.006112997030425207
2870,11,1.9798453995770542,0.017634251626732652,0.0027532622972223464,0.0024597679453417527
2871,5,3.9284427688325176,0.004641523568948071,0.0013734018764847995,0.0013661200146953983
2872,15,2.8121687396439654,1.3471040540607165e-05,2.602678008494038e-06,2.1491503905614485e-06
2873,11,3.43546546983484,2.1903638870128953e-05,3.915208166110773e-06,4.089646959328004e-06
2874,11,3.973138923126112,0.07320940136029282,0.013034446805665706,0.013824164534759086
2875,8,2.2346363735819654,0.00010618083546788228,3.217975437348862e-06,2.7687007333163053e-06
2876,5,1.5328745357782825,0.06151646976123232,0.00671444846834113,0.0064938979108947565
2877,8,3.8260470994571563,5.668760526303093e-05,1.0888191360576654e-05,9.674448898504593e-06
2878,11,2.897361955488238,0.0001228862588996919,2.9832713825701167e-05,2.415136735592285e-05
2879,11,3.8215222009899055,0.19111809178242314,0.04343644552369845,0.044117506952752086
2880,11,2.9999819572020128,0.003090044071804589,0.001365767416637488,0.0010460446575404185
2881,11,3.547336967813129,0.08558910911861797,0.010702045923338045,0.02614378997331568
2882,15,2.744220598895835,0.018531560673449382,0.003380548780130708,0.003578149810284249
2883,8,2.764296801085651,3.35091016604938e-05,6.950124841564693e-06,1.3715733056970821e-05
2884,15,3.114879180946903,8.845121294626415e-05,9.73848244550791e-06,8.207503099780704e-06
2885,8,2.1868331273570822,0.00016993656770981734,5.5115556024776734e-05,4.996951092076824e-05
2886,11,1.9482973122677132,5.571107653297279e-05,7.326533774500048e-06,5.8103315305023955e-06
2887,15,1.846470945138597,1.3590180679927608e-05,2.19903299913143e-06,2.0793868816611225e-06
2888,5,3.7722758764678397,5.679507770660772e-05,1.3544436019501696e-05,1.112307489334366e-05
2889,15,3.7902344661875293,0.007254173457114121,0.0010263341203014175,0.0009756912947556521
2890,8,2.701232980371894,1.5182633873493346e-05,3.973518497272289e-06,3.268797106692883e-06
2891,5,3.87225128849318,0.0002760027287739309,5.134304903121465e-05,4.780196556935161e-05
2892,11,3.909911539534396,0.20810048485684454,0.03274084205765082,0.027426606049547237
2893,5,1.8666354521009996,8.767537464073815e-05,8.540845175280901e-06,7.51073475482338e-06
2894,5,2.146367424991752,0.006473807030663874,0.00011017093422169109,0.00016718954449606365
2895,8,3.2108583095328105,1.6556870814092844e-05,1.504390458917486e-06,1.4455559908983545e-06
2896,5,1.930134111679946,1.663045887754346e-05,3.5412035197988175e-06,3.2724962574894125e-06
2897,5,3.7461715585608273,0.009333638755145745,0.00266840537947485,0.0024377120347424757
2898,8,3.921499619661437,0.0002708309192197062,5.434202095258595e-05,4.712804295789381e-05
2899,11,2.1411461060272226,0.0003137506245767,1.2685977291035547e-05,1.2703143506666538e-05
2900,11,2.0423845964133474,0.001450404066106048,0.00012285784387323478,0.00013233663377597074
2901,5,2.6125545084943584,0.00032495641215777226,7.803846550656082e-05,8.538122182141031e-05
2902,8,3.669459325485043,0.10185828784760678,0.010697461752104998,0.009831864996759102
2903,11,3.2568109951346225,0.15949142094587432,0.030459751206573495,0.03475664412778994
2904,11,3.95530679161083,0.003519438496367449,0.0006107255679572379,0.0004899271422201593
2905,5,3.8277425766606497,0.0002314997252398543,9.272183838807558e-05,9.439587756061354e-05
2906,15,2.344914777036757,5.156722992054725e-05,8.188796416102375e-06,7.448149197168937e-06
2907,15,3.2538819958386274,0.00012914890830785083,2.960557773979176e-05,2.2770409969203517e-05
2908,15,2.167213543721115,1.3205973214106346e-05,1.3825099839369826e-06,1.8494685169390963e-06
2909,8,2.3190568926715076,0.010544313663438372,0.001554814837916526,0.0014848412933623437
2910,11,2.401154266437824,0.009251042137170913,0.00226538672747454,0.0017645323443168377
2911,15,1.6261589083007355,0.007560086251344781,0.00047362044502724683,0.0004374809715625725
2912,11,2.180352008275162,0.00017068857023408895,2.14028589844615e-05,2.129211553940814e-05
2913,8,1.9564164731964984,0.0930583426270614,0.010593112784919461,0.013220868078664828
2914,15,1.5583029024191526,0.002906826956955687,0.00018832340733622964,0.0001831306737999655
2915,11,3.575635897525024,4.157986950439561e-05,6.792956025236753e-06,5.7894811837350554e-06
2916,8,1.7038884780653574,0.004222235786620884,0.0005503641583679452,0.00047711564330313197
2917,5,3.754421673233049,0.004127864473418704,0.0015414661342192629,0.0015947694769528513
2918,11,2.985785526765917,3.970864081369916e-05,7.239105048805178e-06,7.5892945615690185e-06
2919,8,3.2577753313543862,0.0018116779076098653,0.000331183872174035,0.00031390808511515386
2920,8,3.0690341030812824,0.00029912700783796535,4.459537917824635e-05,3.9039106594131806e-05
2921,5,1.964483022059107,0.030604187227856683,0.004042785895706671,0.0032587761449133475
2922,8,2.8175627305240867,0.03754041827948499,0.006446759107329902,0.005704654559632656
2923,5,2.0447910015000144,0.00023541144610623706,1.8919275478997384e-05,1.618918320754172e-05
2924,8,1.669901385576371,0.000553679033360055,8.898311604417386e-05,7.942579689538867e-05
2925,5,2.49649001839106,0.09879413810097355,0.036551737035624976,0.043797427377683426
2926,5,2.57240445880147,2.507497773218408e-05,4.744500213406975e-06,6.102290795494074e-06
2927,8,3.3776276866851043,0.00043037996818900086,7.017033859902608e-05,7.883139065321784e-05
2928,11,2.73429998623428,0.0008418783571131869,0.0002472681167532782,0.00020134012294900335
2929,15,2.353391420639534,0.009946807590437784,0.0006481209927533991,0.000539085863346059
2930,11,3.5205441755951186,0.016331506797026742,0.0038620397627213083,0.0033550915477692906
2931,11,3.0305005436496892,0.02774200357824423,0.002279101867488742,0.0018745473000233168
2932,11,3.9755529914080747,0.02457635975374385,0.0047870759626288855,0.005141275376776495
2933,5,3.4798977111525993,1.8765889705416397e-05,4.001361220938421e-06,3.4170836600446233e-06
2934,11,1.96671414520101,5.890245127818995e-05,7.432330226157403e-06,6.009360463086617e-06
2935,11,2.631861463980579,0.003864773886056392,0.0006500082335496336,0.0005411971164865037
2936,15,3.2201963879620097,0.11640900662257359,0.025632036834958984,0.021607510642584853
2937,15,3.052519184975473,0.003156583689970949,0.00044617617478132706,0.0003438912526292702
2938,8,2.1116901590526522,0.062367071949339846,0.005234236832656995,0.004429232951080363
2939,5,2.415481098009086,4.844954294017184e-05,1.369962181995017e-05,1.1597915758354727e-05
2940,11,2.2861969336589882,1.4028142655444156e-05,3.995153664376242e-06,3.4509132276586012e-06
2941,15,3.5825195081543946,0.21858807924864693,0.013837218231192378,0.015108796697123
2942,11,3.561597343925507,0.21709278586969039,0.025808343745740044,0.025491985640802753
2943,5,1.5018574471604726,0.00017757928540398146,3.16663140402157e-05,2.465527389846596e-05
2944,5,2.6671236937408147,0.0005580224611550014,6.243567067975902e-05,5.470798722784362e-05
2945,15,3.5091647942205855,0.00022275008448137182,1.6689871823213173e-05,1.4379413599178758e-05
2946,5,2.8121137269028424,4.180997094289415e-05,6.950883278507132e-06,5.5044352184806385e-06
2947,5,1.7471152519464206,3.859518246095682e-05,6.313665266950983e-06,5.386184858888762e-06
2948,5,2.437607793328657,0.03187193970563883,0.006100988062944162,0.010050610802639283
2949,8,2.0126613557619724,1.0423363746223739e-05,2.3223455680594697e-06,1.8686206188742543e-06
2950,15,2.715579010001803,0.001013265640462209,0.00027263294281657966,0.0002611913661030913
2951,15,1.512207192232009,0.008979417027562595,0.00038798541164747563,0.0004784501643766497
2952,5,2.7014823194770834,0.015992760504863934,0.004726151922773168,0.004707047909348594
2953,5,1.9611406266170246,0.00011920881644995154,1.0839466929029838e-05,1.1802523929140298e-05
2954,5,1.7656558790931431,0.0016251827218712476,0.0003980824493430076,0.00031044920984284093
2955,8,3.6333652005392434,0.06300531080262588,0.014855269814258,0.01181284856627207
2956,15,3.547138373051057,0.0007336617429478653,0.0001907104787604096,0.00021617238916431573
2957,5,2.109143390692645,0.00013174859022315418,1.2197824740844448e-05,1.0457985272389542e-05
2958,15,1.5132771075478153,0.0007967096027766426,6.245195799634865e-05,5.546371378696467e-05
2959,15,2.5006339628913383,0.02195064039211468,0.0009559645697882034,0.0008119380374953227
2960,8,3.7861040943729116,1.005044024093012e-05,1.5022106663319837e-06,1.8110496478702422e-06
2961,11,2.045713001939152,0.022045022367017896,0.0044633814333608236,0.0033986832292832465
2962,8,3.1187411596444043,0.054233044023889565,0.008512226035000027,0.006788886819044003
2963,15,2.226768536807378,0.08811015466166734,0.004199569971581123,0.003400211717309865
2964,15,3.146355159862801,1.3875563782489042e-05,1.5196643087965067e-06,1.1867808559772671e-06
2965,5,2.353346431774074,0.021225832605503467,0.00420238412799835,0.00428068565318318
2966,11,3.3761048894295254,2.0866678015461842e-05,6.019444864450856e-06,4.727379735333186e-06
2967,15,1.59855351898463,0.005061573293013297,0.0004225772360690285,0.0003511117313626229
2968,5,2.1300299549913317,0.0798358119721082,0.029354526957005134,0.02304250750779893
2969,8,3.1631862107134108,0.00056995584523983,0.00014917107384829973,0.00017047269614408884
2970,15,3.608937894156016,0.14752047019963563,0.024436680187712185,0.020988231753654576
2971,11,2.2827518190428155,0.0043056679093745566,0.0003976025306243587,0.00037483392813631735
2972,8,1.6990835099036181,0.1017425208710602,0.012303234887305057,0.010586654699701742
2973,5,3.02496920636328,0.0010013087892946709,0.00020187335185838884,0.00015794110430559843
2974,11,2.791692871260454,0.0007541921965048398,0.0001461177606709296,0.0001379776464064969
2975,15,2.5987449340041406,0.2496380036112704,0.05446467442568378,0.04040377076488926
2976,11,2.675821022630089,0.001827941828247464,0.0005151658162609288,0.00048221935054751635
2977,15,2.0945174729810025,0.010126574221271185,0.0010762813414567814,0.0008942399065704188
2978,5,3.6911280334482335,2.8548176325948984e-05,8.142674426525265e-07,1.0267130109063801e-06
2979,8,2.0026431506565783,0.024437692087990844,0.003356088101759444,0.0027567174966600834
2980,5,1.9045716434909754,0.039306340665724956,0.012018396501846624,0.012067565289493907
2981,8,2.6102083065283006,3.6270339228116704e-05,7.160411788585025e-06,1.0234463085376937e-05
2982,5,2.020346188803153,0.06692298548069445,0.01909815420353487,0.015134665932711476
2983,8,3.3200479143913038,9.714845427234709e-05,4.525616654854565e-06,3.6737872826829425e-06
2984,15,1.8269897695078328,0.001032522159995809,3.829448185107256e-05,3.1314035881649e-05
2985,15,2.447264259501535,9.901383273255439e-05,1.010005766626026e-05,8.790626885077049e-06
2986,8,3.3513587592719674,0.002473045361631175,0.0005370256366219036,0.0004884825724660541
2987,15,1.6060999159493712,3.454753993812081e-05,5.131720924143735e-06,4.83948623074066e-06
2988,11,3.973386130703552,3.874237614482313e-05,7.147655078005796e-06,6.198590263227328e-06
2989,5,3.4148900972077203,1.6714443395852667e-05,6.0559457457071e-06,5.087998077779545e-06
2990,5,2.8949766138919073,0.0647272734873409,0.012888652459533157,0.012369724062736127
2991,5,1.770021124220459,0.001752742657011648,0.0001342621897840526,0.00010693240201195173
2992,11,3.1316657049522334,0.006536749344998854,0.0007632355677843344,0.0006820254622357928
2993,15,1.5360026371130262,0.13608537445183463,0.011414037870785243,0.008842207585439766
2994,5,1.7720144221278153,0.0001915760683888587,1.4715559958215952e-05,1.335750790197774e-05
2995,11,3.558581933051069,0.0492503525826333,0.010539742522096442,0.008407000162968137
2996,5,1.6261413976127101,0.006321421196500157,0.0017630681982486792,0.0016174430222501692
2997,8,2.4246641919430503,1.0380934413194908e-05,1.3760136100815668e-06,1.085759004691481e-06
2998,5,3.4335328568861194,1.278785959870024e-05,5.453648655362581e-06,1.00565826179441e-05
2999,5,3.1786902566909396,0.02548437520625374,0.005224387501441373,0.004290757709968829
3000,8,2.25264600371787,0.0004223627802211074,0.00011401571494168856,8.637550700550495e-05
3001,11,1.733311707831454,3.8046772765036377e-05,5.136483454349164e-06,4.148148756786156e-06
3002,8,2.15000798416183,0.00017282903765881337,4.487649701996092e-05,3.733451821279545e-05
3003,5,3.466155901363629,0.0012468294676637036,0.00034615525708175926,0.00028402162595074243
3004,5,1.8377476512753312,1.1321081979120128e-05,1.289791439056311e-06,1.016198240052022e-06
3005,8,1.9456151725617858,0.016782816082555347,0.001059161452643788,0.0012122329444702513
3006,5,2.641486626326189,0.05722929851368249,0.004023488347330624,0.003978696266764393
3007,11,3.4009375316672674,0.00013525723213870361,4.310886152448933e-05,4.125770643214661e-05
3008,15,3.933369909368834,0.027734501839359483,0.002760774177719495,0.002387284175658539
3009,5,3.3010635585973116,4.555681547637164e-05,1.909065262409879e-05,1.6224777937231915e-05
3010,8,3.2571492773707424,0.0014685672852778316,0.00043953575139123104,0.0003308066676544815
3011,15,2.5528408787801977,0.07300581556534784,0.009108398098617115,0.006763682369151487
3012,11,2.6886833982870892,3.5047164201893e-05,7.340605936046587e-06,6.079874939532527e-06
3013,11,2.7759988004184075,0.11960435748077676,0.02175947796045333,0.02298792744120476
3014,11,3.1869944057371065,0.016523683983275094,0.0029105343147341938,0.0026331652797437284
3015,5,2.5526388338275967,3.844251027478312e-05,1.135424960575921e-05,9.444803982433464e-06
3016,5,2.559901203396671,0.3474391312318458,0.10325513832183955,0.0797582997413807
3017,5,2.9214200301916993,0.0017198036381960017,0.00044589373135997556,0.0003772643018169827
3018,15,3.8234592848806885,0.037785636800429734,0.004080663082711456,0.0045608916097276825
3019,5,1.856462573835803,0.0017863187325673677,0.00033780655248316974,0.0004520479150704285
3020,5,1.7836547065353274,0.00032289841841246533,1.526718832045218e-05,1.6942904897887797e-05
3021,11,1.7811261032039316,0.0002964583995242117,1.6030278859676328e-05,1.5382384817309284e-05
3022,15,1.8091318353206676,0.000592848020584379,3.548991372639068e-05,4.8036920718200045e-05
3023,5,2.4071991110713316,0.0056773984886333475,0.0019595851869882172,0.002444510319012504
3024,8,2.483552862497815,0.24354373661656786,0.037365038902826074,0.030337322926359135
3025,11,3.7000261127677807,0.062071209399987386,0.009490400273187767,0.010221103954755601
3026,11,3.1238073326756357,0.14811322484910447,0.022121002228927836,0.020042778652916777
3027,5,1.9663724186171985,2.5845637258854966e-05,3.2116930222824656e-06,2.9409930374386016e-06
3028,11,1.6632259089287769,0.0007850677036542742,0.00010798793279884669,0.00013936565332482874
3029,5,3.522661225785734,5.0486429556537825e-05,1.755932851618333e-05,1.8825128416585156e-05
3030,15,2.757792532687238,1.1882967351478462e-05,1.7653673339405685e-06,1.4577502403593484e-06
3031,15,1.71631196685745,0.00020705819815924908,4.7081706020064384e-05,3.890481948575929e-05
3032,8,3.623579028534038,0.0005306954495830869,5.4565794557991616e-05,6.113741253960437e-05
3033,15,3.0212715116665305,0.00025313984002419413,3.3896701697580644e-05,2.6304655408040734e-05
3034,8,2.0585189153855556,1.847998254224728e-05,3.7133472842163132e-06,3.0524616545595186e-06
3035,8,3.004744475667537,0.01319232397474162,0.003198993159046107,0.0031645711797400273
3036,11,2.3713387870316778,9.571217887469005e-05,8.63258185527247e-06,9.328639077876508e-06
3037,8,1.8326986109077814,0.015452616735178072,0.001085280084710823,0.0009980027288461475
3038,8,3.3683036226625203,0.0007072204323615919,0.00011374065255522537,9.088267127692034e-05
3039,11,3.3479064310896374,0.11919461267919243,0.029231774031328518,0.02396553496679146
3040,8,2.2315468262024405,0.23480972560142532,0.0238437144196391,0.020250738755479045
3041,11,3.1458860508525506,0.0009110942966629971,0.00019470571438060148,0.0001793726889915691
3042,15,2.030256069220073,0.01352551847879904,0.0008678760206271487,0.0013653834667120036
3043,11,3.141985082477394,0.06620505494124679,0.005670781525775286,0.005341547465363882
3044,15,2.3280723811834116,6.564346311413344e-05,1.4893211580838251e-05,1.1398700300727726e-05
3045,11,1.833907869468967,0.001254710673675138,0.00015039422365639447,0.00013241219686050768
3046,5,3.8633140409371505,3.80487796192376e-05,4.4840654305908836e-06,4.028024532200803e-06
3047,15,3.593334255482397,8.928311892323358e-05,1.0007447794056864e-05,9.244688609386517e-06
3048,5,1.684227010386158,0.0006393402976204215,0.00015047516303763627,0.00014679396533551098
3049,8,2.479070365418013,0.024412062583771797,0.009247194843380824,0.013725721443077848
3050,15,2.6553040987646708,0.0005106630964195032,8.511533157786637e-05,6.565467795511272e-05
3051,8,2.4245645185543587,0.04246262504918396,0.009924644583569068,0.009394281668066278
3052,5,3.4497695409342595,6.3970929460345e-05,1.0793174158424175e-05,1.1884843746032198e-05
3053,8,1.9977808165856947,0.022597405096051734,0.003548544029879401,0.0032778365804910182
3054,11,3.010763681165301,0.049259113136345414,0.015496268338143769,0.014675783772544408
3055,5,1.5344307816416318,0.024938650002434302,0.0031577684555572265,0.0032167108646145
3056,8,2.2520611150591168,0.009889635332062505,0.0017451787821009667,0.001537770864525883
3057,15,2.55063789667797,0.0031751805559461226,0.00041769282543833064,0.00046851650882498387
3058,8,2.883089927532033,0.023087378291035923,0.0024289631843833273,0.0020486836089671358
3059,8,1.9124265847432937,0.0001085084307169609,2.3363138641901724e-05,2.407001762992466e-05
3060,11,1.9859464884146567,0.15283049872153143,0.00722659904636205,0.006128348136508349
3061,15,3.772855056331697,0.003537419000827732,0.0011560635316942129,0.0009034660963913833
3062,5,2.565788034602875,0.039230803899950546,0.01225432223520867,0.010774176077189756
3063,8,3.0511871665802373,0.0040421824116055405,0.001067708262635833,0.0010560270572745228
3064,8,3.3177952257371293,2.6644105387767443e-05,3.0121427848642947e-06,2.4965398624537176e-06
3065,5,1.944700325567312,6.0399365331395095e-05,1.0640241962281997e-05,1.8059577643984208e-05
3066,8,1.8597733410435886,5.5324247248746055e-05,2.1843470944196146e-06,1.7319175610519226e-06
3067,11,3.864545677830133,0.07222403560708159,0.013466423494179123,0.010248861547200177
3068,8,2.110033915758001,0.09663282186494626,0.022354068879334978,0.02049419258998486
3069,11,1.7428517039889735,0.0009351249879860972,0.00018120105121560763,0.00015528625674076548
3070,5,2.8101022064757433,0.012641187402848171,0.0009877366772683086,0.0008797959450579121
3071,11,2.1761128676415566,0.09433952725994689,0.005780691753938418,0.008653716927095911
3072,11,3.2843214768310505,0.07321358930729717,0.01270030364238547,0.010655420106386183
3073,11,3.5312311184068066,0.0023815589296356738,0.0005273515202944566,0.0004974951373824024
3074,5,3.5757492732738414,0.048143875818478454,0.010178737850711961,0.009423880598740206
3075,11,3.903349640110268,5.7657967403683806e-05,7.442176213853125e-06,6.786474995445338e-06
3076,11,1.764578091330946,3.4354549891551446e-05,8.066339287539978e-06,6.673276017664075e-06
3077,15,3.8007574209793886,3.988427787008498e-05,9.294926394419334e-06,7.518400965215192e-06
3078,5,2.6239319296969423,1.1857158992218847e-05,4.9752128851571215e-06,5.82239117672102e-06
3079,15,2.4594548471703805,0.029081635629466425,0.0031001792266708845,0.004501115212305599
3080,8,3.4110509888779017,0.0008006306878458735,0.00018826010098018197,0.0001631549444266774
3081,8,1.766115074771231,0.13061414902095872,0.037677033470943866,0.03025793741382908
3082,8,3.875229170762939,0.0006399084489775887,0.0001663300229189588,0.0001758576104508756
3083,5,2.850988049590641,0.00986047871666641,0.0020606809003298233,0.0017748097514023922
3084,15,2.187849419796756,0.01656342165145892,0.002048842028649833,0.0018812492833216858
3085,8,3.9346367568224276,0.12693909715382515,0.04351635128776445,0.03689532384581161
3086,5,2.4049761186004064,0.032105692842581066,0.003110864487506323,0.0032753654332762783
3087,11,1.9915179979695836,0.029181971657272272,0.002728450258329629,0.0022526572509172413
3088,5,1.8438138435289528,0.00617727649183285,0.0014598328131922482,0.0011381186139552536
3089,5,3.725868227404359,0.0009403780592744976,0.00016850210062880057,0.0001358365646290195
3090,11,1.555941453631152,0.011544316168763325,0.0005126046703863578,0.0004203985195948016
3091,8,3.1925174496947033,0.0060381058084767614,0.0009130592932610525,0.0011168245677184397
3092,11,3.749708430911243,0.007922119338080246,0.001412306291366428,0.001697613076709314
3093,11,1.564847627063524,0.018877767343299802,0.0010064321221876912,0.0008021724749934782
3094,15,1.5786275791400106,0.033978234160679736,0.001498863534964728,0.0015616201066703207
3095,8,2.239194334043398,0.035408529728584916,0.006081627875946277,0.010397330111466322
3096,8,2.0278775286960027,0.03892282912471608,0.002634073307677615,0.0026927987713351365
3097,11,2.476087608029814,0.1133729181703987,0.00721738664309199,0.006457348790370341
3098,11,2.5873576304686643,0.0011491591891815286,0.0002736717818757611,0.0002338803898121549
3099,5,3.5395060105707783,9.732845088082817e-05,2.778785963515032e-05,3.865457594976307e-05
3100,5,3.7054741053209908,0.04553016080092504,0.014901608410474599,0.014186979558934517
3101,15,1.6635272127615672,0.003575982743692126,0.0005189956175651241,0.00041242772328636373
3102,8,2.0023664745353904,0.05513694930739439,0.010359034776034014,0.009307675169134432
3103,11,1.5611235194727964,0.01766731859382991,0.002678083656149972,0.002696292696458674
3104,15,3.4196601932711794,0.04412468804237308,0.0026196557321519097,0.0023649485171848943
3105,15,3.284450261211423,0.001924238622141006,0.00021032291681237703,0.0002779087140297531
3106,11,1.5700820788902148,0.036033939342427324,0.004920084807273571,0.004449795509681386
3107,15,2.146283210371606,0.0023197016711182876,0.0001859531967804777,0.0001648464465117825
3108,5,3.9491295242002624,0.06728749460354043,0.03132641863535393,0.0240280724009845
3109,8,2.7741908385355516,0.041736568838863314,0.0013349912562640896,0.0011563225577019788
3110,11,3.9129054311560467,0.002669091004595773,0.00031583783074387725,0.00027755404609049595
3111,5,3.6866541379992155,0.13977929498857572,0.059877516394451144,0.057514953867495944
3112,5,1.5094710525281245,0.0016229972512044276,0.00021982423880858966,0.00018561843974171228
3113,5,2.5183240715947055,0.00022390921102181864,7.88013329750127e-05,9.332385487337946e-05
3114,8,3.924532059369746,3.499841795399303e-05,9.33944137657065e-06,8.591257547284136e-06
3115,8,3.8342630407201854,1.2685923209513392e-05,3.3308998602772056e-06,2.6801703948799433e-06
3116,15,1.9831894991191072,5.63443150943157e-05,6.95841423870428e-06,6.741756520965495e-06
3117,15,3.3013536435498523,0.008509644615690778,0.0010598367430346056,0.0011495053885548633
3118,5,3.1509273115096788,0.4284561105508944,0.04048663891332503,0.040578619577261436
3119,5,3.8807816293474735,0.018540357892356852,0.003171209971436141,0.0026793546807263326
3120,11,2.0675078912231726,0.00027146006262421956,2.930387318901268e-05,2.436930636736715e-05
3121,11,2.0779455703150944,0.00021716098950548375,3.0461653920164442e-05,2.4444181266785695e-05
3122,8,2.4730941259311816,0.013257621583600531,0.0019914390240157384,0.0022306170337849265
3123,15,2.6289703953734342,5.8010015003447664e-05,6.3474242842985605e-06,7.187466459658024e-06
3124,5,3.3822010905269737,1.317131866326622e-05,2.4669180656586874e-06,2.3453390260077873e-06
3125,11,3.2611600109199825,0.000677586360436442,5.924315573289768e-05,4.905519391913628e-05
3126,15,3.7400247753828353,0.006413044599379612,0.0011607294882690954,0.0008874077686614146
3127,11,3.2028472297821233,0.005587004255646177,0.0020766149177704326,0.0019322694050880398
3128,5,3.429221533198011,0.0001776877859469606,2.13120045350714e-05,1.6839589329394844e-05
3129,15,2.0251740235535225,0.0397717338643699,0.005637897901487334,0.006201763152678528
3130,8,2.187517405570083,0.00913525595310236,0.002088342833991259,0.0015483432463008007
3131,5,1.6383199819239564,0.2389187363124643,0.010832281384444283,0.008877979531389074
3132,8,3.2068037138400434,0.006547794534613611,0.0004939038083960301,0.0005616492135016261
3133,15,2.314910561200234,0.014438721512352938,0.0005014756437177178,0.0006092265374707791
3134,11,3.6681303060058585,0.0015153883728166043,0.0005661294694827546,0.0004391554143406993
3135,15,2.154075892183419,0.00018713869254709565,1.870067746235969e-05,1.918817003599993e-05
3136,11,1.8498861808101572,7.060886620063013e-05,1.0070547422681004e-05,8.420658746266254e-06
3137,15,1.7618957727263347,0.15096250375208817,0.009144850052116783,0.008274533397849736
3138,15,2.601006772508441,0.307212490769513,0.01681886064766553,0.0142148097257607
3139,15,2.4199308738630325,0.04721104452703248,0.007951662415525411,0.006386446009293489
3140,15,3.896879159286904,0.06250854463156891,0.0077181690173535825,0.008293080085431403
3141,15,1.8183821022870614,0.0036221827473390525,0.0004740067640866244,0.0004865639461235526
3142,15,3.8675412018334963,0.0011428635143397056,0.0001940390650302473,0.00017446202966875515
3143,5,1.954774828158667,1.7971445952731456e-05,6.840232018574498e-06,7.383821152272445e-06
3144,8,2.4950810679864177,0.05808782582854254,0.012259246201316576,0.009718374085018557
3145,15,3.1360686316052973,0.001008628996315476,0.0003214624307449133,0.0002553401957094113
3146,15,1.8354735964913969,0.0031819085479100474,0.00013552601219970795,0.00015906641754818092
3147,15,2.1624468155968586,0.005272910832726487,0.00094441874539514,0.0007486008049847102
3148,8,1.5558368913911864,3.511657839548798e-05,6.866494039115988e-06,6.27376912175414e-06
3149,15,1.6586856455902594,0.001958266554634603,7.718710305357195e-05,6.530699493512704e-05
3150,15,2.151518602371819,0.0009543766419341376,6.643839461855218e-05,5.450214668482074e-05
3151,5,2.916466671464149,0.032331505135621816,0.004131835581525188,0.00490932163531806
3152,8,2.4627233318630317,0.00023834500247837408,6.934338252746103e-05,7.17487829723093e-05
3153,8,2.1423221163516115,0.007976298065228156,0.0014548348609964784,0.0012583187489682158
3154,11,1.8841747200307142,0.06136352872336794,0.0027032375346896995,0.002206323430334282
3155,11,2.501776339076539,0.0660233190426684,0.006220501426331332,0.005279354777705549
3156,5,1.7037432613228907,0.004848086929464616,0.00043557508211598795,0.00039129162488312354
3157,11,3.0765057713566195,0.0001482891230385767,1.540275905749981e-05,1.6334616012865842e-05
3158,5,2.4314349342379,0.003601375027398584,0.00029064578243481645,0.00023641447476837054
3159,15,2.567889875371481,0.0018820377690872165,0.000167553801492848,0.00036346673085977245
3160,11,2.54235575997697,0.04399583620711036,0.0036237786972751424,0.003348311367332037
3161,15,3.8774938078693983,0.048420996208343524,0.006800397873142631,0.013262115339317555
3162,8,3.5341550248741256,0.0003218444860209193,4.723306652485088e-05,4.9190793107344564e-05
3163,8,2.556506650438738,0.09414166121600116,0.0339293093498488,0.03327779747238722
3164,11,2.6888500340256734,0.00012567036496385423,2.2298490349655102e-05,1.7497990255436738e-05
3165,11,1.7463593949393346,0.00012082030640321652,1.6484606698006632e-05,1.8107423104312106e-05
3166,15,2.86661375506251,0.017411957048972065,0.006402765930418381,0.005100595450940324
3167,15,3.198525439533382,0.008430232461324856,0.0009134008951916764,0.0008451309960958297
3168,11,3.812614686880225,0.0004590242353730166,3.900816990575479e-05,4.3237853502666925e-05
3169,15,2.599220009406137,0.003992738684023345,0.0006950545054633954,0.0006346635661165263
3170,15,3.7648648308094828,0.01165684063703051,0.0016203922538077864,0.0015527202715222262
3171,8,3.3759992001438754,0.00010181893805615343,1.0464964287761379e-05,9.399087603414461e-06
3172,8,3.020766410625212,2.8555818950653298e-05,6.607571496718545e-06,7.63028422175193e-06
3173,5,2.506628284288134,0.11895525743962772,0.033095652013393456,0.029335899518054556
3174,8,2.2593522381159454,0.0021421345945654216,0.00012734733034624053,0.00014348852366281715
3175,15,2.8399038394195726,3.3875691171276506e-05,3.517605903305677e-06,3.160491476027652e-06
3176,11,2.2955722473377884,0.0021886743684995584,0.00022210457476741388,0.00022748620192612157
3177,11,2.873548615021455,0.0003596162046352127,3.6559396305622284e-05,3.101729860696256e-05
3178,5,3.6843160343718635,0.00276652268975535,0.0005994646707119106,0.001319982864401988
3179,5,2.709486100622907,0.0009247780249333954,0.00021822271303197684,0.00020680097229267173
3180,15,3.1024736243871036,0.02557862044453667,0.007413327388326871,0.006285136018736266
3181,11,2.0164954587844455,0.09792989896234405,0.004084705109165258,0.0033665256146643086
3182,8,1.8561174217452407,0.14540132003845344,0.017298792325821932,0.014567758593129275
3183,15,2.1925578027982207,0.003465244022131255,0.00031843238037414516,0.00028418699660864307
3184,11,3.60838606980636,0.20173528541081537,0.04518484980614952,0.038047166041704446
3185,15,2.33885297646139,3.4058021676285304e-05,8.313016252031111e-07,9.758261199820248e-07
3186,11,3.3364443926841862,0.020522041070187614,0.0023409979566332605,0.0019138202838897465
3187,11,2.1397772667179393,1.713140171720586e-05,2.5561851137761895e-06,2.0827424129203603e-06
3188,8,3.2017619978710363,0.0007284379028370313,0.00015071599662134583,0.00010918176383627292
3189,11,3.7004619360782867,4.4633966811153994e-05,1.0643738568015704e-05,9.441443987593408e-06
3190,15,2.411213930353854,0.011838497684138465,0.0014575834656271555,0.0011712476973745707
3191,5,2.124326724386069,0.013674838711822752,0.001807217568355595,0.0018358579735516043
3192,11,2.475276016050344,0.013999124893578867,0.0036177334693664486,0.0032890951544439473
3193,5,1.9570376064168882,0.0009454071736049058,8.11992641622516e-05,0.0001439786536093334
3194,8,1.9543137762369431,0.0028143752584412983,0.00015971286667960347,0.00015308701506514736
3195,5,1.6704964665310558,6.532239179402418e-05,6.048605629480719e-06,5.540914901060589e-06
3196,8,2.824872213336147,8.873470598727668e-05,1.2592236072374008e-05,1.3380567534821743e-05
3197,5,2.7462000473482746,0.00012711650336283815,3.244617731407115e-05,2.6684917990750673e-05
3198,11,2.0144748209384273,0.13994800940388463,0.030579867243217023,0.025116868106052764
3199,15,2.4785307461712107,0.00259379722743699,0.00041859815836968386,0.0003269906291306108
3200,15,3.0993233855909152,0.028897772798166715,0.0025141720934098713,0.004548014238108084
3201,8,3.557144998904502,0.230545644425414,0.032599305501780654,0.036804484775948255
3202,11,2.732136077729509,0.01144783900176179,0.001380585144974844,0.0015672328769883454
3203,15,3.496147636814544,0.009170271960742476,0.0009874880219870824,0.0009227394173509952
3204,11,2.7654391761234547,0.01241823808598639,0.0012482482572449402,0.0012584106552929134
3205,11,2.5964443512140836,0.039004063243888824,0.0043678396031401456,0.005192473153918856
3206,5,1.6683177513235503,0.01965359368798799,0.001256850330169891,0.001149493787775701
3207,8,2.1393342096462047,0.0007391314345657786,5.6284367648363744e-05,7.331708494704532e-05
3208,15,1.8485977370843174,0.22481781028938155,0.009380301614318503,0.015021607578434399
3209,8,2.5686437994129214,0.1072965354498944,0.012862864291691395,0.011946749007202459
3210,5,3.8076000967543777,0.0019644986671202994,0.0006585533239281342,0.0006489534479838485
3211,15,2.1990629024890365,0.00012575366420383146,2.3701165546881544e-05,1.9723357863274683e-05
3212,15,2.3380270379910377,0.0009807852372558127,0.00012231920376317373,9.538631147754457e-05
3213,8,3.6050265632562706,1.5768225086732678e-05,5.193093262008838e-06,6.455077923541868e-06
3214,11,1.5322445012516857,3.0041976262555144e-05,4.053636377978651e-06,4.041330999946593e-06
3215,5,3.521378319771436,2.8695142244512368e-05,6.79817977190796e-06,6.2225135006836034e-06
3216,8,3.2205850257255557,0.00733568883138989,0.0017019694211582188,0.0012855193199857464
3217,11,3.4012534353102346,0.018497540171139838,0.002303366975316563,0.002386026695807303
3218,15,3.3263268014345826,0.019344204410163497,0.0009017228031097842,0.0011051509934951892
3219,15,3.692076593288263,0.0007756748465631788,7.416189641990307e-05,6.565891199836726e-05
3220,5,2.480807822944461,0.20207659841886488,0.026825717636635,0.029901018466339392
3221,11,3.014375322581615,0.05680311526187857,0.0068312446869070904,0.0055774178251042205
3222,11,3.418230083179812,1.3857706043086436e-05,3.281180186567489e-06,2.6427496768579354e-06
3223,11,2.9335619544691376,3.318939771863479e-06,2.829867733028773e-07,3.021515379402516e-07
3224,11,2.091813036689052,0.0002824878068972481,7.813603909295878e-05,6.018021704339321e-05
3225,11,2.6396968384874557,0.20964916538687614,0.043311681301420296,0.035661488122799435
3226,5,3.5148755250233967,4.346940567599754e-05,1.359352466393573e-05,1.1988594959145446e-05
3227,11,2.9846936909767083,0.031977313642103926,0.004115050220422771,0.004626584365536338
3228,11,1.683151239826627,0.031014394613190374,0.001885754110296837,0.0017005222048518255
3229,11,3.5455730993597547,0.05763180047051778,0.010066131530439237,0.011021076293237241
3230,11,2.070130993216975,0.00029414111738022266,0.00010570564443920489,9.397870842207433e-05
3231,11,3.0290086915067307,0.15139189994368138,0.04903747635675613,0.03727431830344389
3232,5,2.1468859459686516,4.407176688378021e-05,1.0814791964978676e-05,1.0915019514961753e-05
3233,5,2.336035484269539,0.015221715573035005,0.001484390199409427,0.0015066986238977333
3234,5,1.625355754603753,1.9849710695746945e-05,5.298544164260263e-06,4.260995263384102e-06
3235,15,3.757154636439836,0.0004902290371237669,7.813629829089128e-05,6.831287979443829e-05
3236,11,2.1364053375945335,3.4290642836193604e-05,4.218313294223219e-06,3.7654385554874964e-06
3237,8,3.0860834746479657,0.22132874481793025,0.05135678861051673,0.04663576767214714
3238,5,3.9989748897906887,0.006754962195422135,0.001604480491273881,0.0014619521870977102
3239,11,2.0221666961760425,0.001267482255212001,0.00010175024412848702,8.517467546044506e-05
3240,11,1.976029221881232,7.096122856881217e-05,9.217363698081461e-06,8.590657224922919e-06
3241,11,2.7043637924394073,0.01727672491616075,0.002029948412018835,0.0017818891526599724
3242,15,2.413235641604289,0.03211244683701003,0.0028443448251593006,0.0023833712351378493
3243,11,3.8892747808734716,0.10487762337621753,0.029783557517086855,0.028036865657772966
3244,11,3.2028386557999955,0.10628670921756025,0.017051666901993664,0.015291085041320079
3245,11,3.1511751205725638,1.4503223949432703e-05,2.3193861976448856e-06,2.1319217480483533e-06
3246,11,1.9891322028688916,0.05346761946560625,0.010554087771732617,0.012197161236525594
3247,8,1.5836937438780145,0.002402114486774099,0.00014985748349701747,0.00012894057052951927
3248,11,3.7569635019813887,2.8531103400056192e-05,8.266477352968155e-06,1.0209731448970095e-05
3249,11,2.1842465176665984,0.08680753038236745,0.007006554667676105,0.00557594039609398
3250,8,3.5538506656073316,0.0033346807572545998,0.0006478120993753593,0.0004812442810189964
3251,11,2.9791907344175117,0.00242410445102312,0.00047165805540437945,0.0003851148468687682
3252,8,2.884730748435035,0.2732119694651095,0.03935033326316318,0.04139602344016197
3253,8,3.94730745495952,0.019634715152020393,0.006693391228952128,0.006019871559920172
3254,11,2.8574747368246616,0.0009226812348809722,0.00017077506390168385,0.0001410518740408048
3255,15,1.8260014813134329,0.0003825687604121696,6.923635328231502e-05,6.805797528387748e-05
3256,8,2.568334518501483,0.0003162015840052513,6.182266693561363e-05,6.200992729920701e-05
3257,11,1.6924788979995236,0.1042656036668598,0.013034251535016356,0.010670218858878358
3258,11,2.6650000291071163,4.8159718489977174e-05,4.4237554998089244e-06,6.662153739101068e-06
3259,11,1.666383455800746,4.298838427306184e-05,5.616287114061726e-06,4.735017630977326e-06
3260,8,2.734538374646225,0.010065632774316048,0.000841117376688487,0.0008262544284461139
3261,11,2.5313857222922813,0.00016321955697403036,2.082605222180083e-05,1.7999338165779435e-05
3262,8,2.307617394439532,0.0035109880287965537,0.00029837530253184764,0.00022301573444774423
3263,5,3.106417139802347,3.858820568765844e-05,4.88624525017481e-06,3.5932447932166858e-06
3264,5,2.7806616010184086,0.0812571846499975,0.0030892690077034815,0.0030654884940918693
3265,8,2.113469081888925,6.994810337383609e-05,1.0764510218005839e-05,9.839254587329488e-06
3266,8,2.340621314099102,0.0016873204675499124,0.0005013272091966052,0.0005960524655178569
3267,15,3.076701468662986,0.1313196557614666,0.025261686145600013,0.019989425773217388
3268,5,3.842340559132456,0.0037634660376266588,0.0006966213987456284,0.0008364462826496713
3269,5,2.3854567814447316,0.17625393817137866,0.017592754353967358,0.020306153472417095
3270,15,2.8001985412597605,1.185972889719482e-05,1.4684312607415419e-06,1.4339497096795698e-06
3271,8,3.393849269458401,0.01462202485913725,0.001815651196911323,0.0020220446978842207
3272,15,1.8938045259959857,0.0009377317673558716,4.8377827584234284e-05,5.339460011002844e-05
3273,15,1.6184601704889408,0.006896871785877633,0.00016029309621867606,0.00014254166987009493
3274,11,1.631071105242445,0.09775542371971734,0.003515103187196912,0.003058541058583686
3275,11,3.9493537392906424,0.0861089648496475,0.02158963978612463,0.020116090246106267
3276,5,2.676155415934415,7.360388037399612e-05,6.768897621677317e-06,5.364085650001588e-06
3277,11,3.936781849234255,0.0005796404034268046,0.00012556350096368457,0.0001555067814939679
3278,5,2.4335670149160333,0.00023394283527244136,2.7621102868305127e-05,2.284233008053353e-05
3279,5,3.438428059812404,0.0006630733627511966,0.000144667735944526,0.00012097503885279191
3280,8,2.953938668195428,0.01719156947566961,0.0025842760834736108,0.002340644338457887
3281,15,1.9895794119947547,0.0002496875434755083,1.3529080940066078e-05,1.8727951991542894e-05
3282,11,2.595013086636204,8.03330127254543e-05,7.834041039127591e-06,7.667150536698095e-06
3283,8,1.6653174104926092,0.00018709651574090467,3.866619449488706e-05,2.999326570515692e-05
3284,5,1.6956563980655823,0.00017831809672046788,5.243531316188638e-05,4.0292413498250044e-05
3285,11,3.2028781356714524,0.0013091706127607205,0.00020173183466555577,0.00023850857019299375
3286,5,2.1239651400833495,0.009700155938459432,0.0020004719450975104,0.002100428958785839
3287,8,2.765908326034279,0.00017940881159745692,2.569660414005154e-05,3.154860382232546e-05
3288,15,2.2665214193581833,0.012032443078238302,0.00044915643966068127,0.0003537209612499496
3289,11,2.5556372823745255,0.011257724816335765,0.0013336422735720907,0.0011446585408150156
3290,8,2.18725679235283,0.0020256838435548357,0.0005362482844784518,0.00047024647158055776
3291,11,2.1155567364426644,0.0015302076243580362,0.0001541424604003394,0.00015252443408091674
3292,5,3.433452853515773,0.0026304981605925395,0.0005707263083186639,0.0007586685195357695
3293,8,2.3385642267110045,0.00730257618558192,0.0011650228551872126,0.0009886137614780743
3294,11,1.5155158377532414,0.054094079112246674,0.008167580549844273,0.006545585817142874
3295,5,3.915343756041798,0.001338829570911554,0.0005920630150359666,0.0005101456747724549
3296,8,2.4559250087499946,0.0006367508647066909,0.00011243892583645757,9.593735075858627e-05
3297,8,3.438624037328431,0.28647767937232244,0.024264577768945094,0.026945683266972165
3298,5,1.7831544829170827,1.4914420005156876e-05,2.618381519661033e-07,2.3699560642793752e-07
3299,5,2.1946023711693465,0.045206891083028326,0.0019519979416572377,0.003171529678632813
3300,11,2.916281480434689,0.00021677108729906114,4.81846296493943e-05,4.679362298102005e-05
3301,11,3.9628501740072526,0.0008874090517080622,0.00022547560378954244,0.0001874888969987319
3302,5,1.5285903912479115,1.3162486791273832e-05,2.528682287991301e-06,2.2875692679264985e-06
3303,15,2.2258867902510344,0.000869098400348461,9.164558612567158e-05,7.391973706385143e-05
3304,8,1.5723943089167065,0.03668587701572786,0.0038301259380917937,0.0038270612699554925
3305,8,3.8917308155182164,0.015033765939874497,0.004452089079676482,0.0036273374702213063
3306,11,3.274551499263553,1.7774870029691645e-05,2.6108570688980603e-06,2.9459773413480718e-06
3307,5,2.0690761883851176,6.318064687578001e-05,1.1969948937091543e-05,2.5700909340308095e-05
3308,11,3.1010041364351872,0.0008599021122321636,9.15827866207539e-05,9.322937328097773e-05
3309,5,3.9711283454731356,0.2556362693321484,0.062193603608010975,0.05404691583325616
3310,8,2.5677439377598623,0.06292896402702927,0.0053598668015615,0.006606763052956517
3311,5,1.5613636645968298,6.540388411619915e-05,1.087444552399038e-05,9.034280740051259e-06
3312,8,3.970970645584104,0.002006882982435458,0.0001952699694638095,0.0003093912929736897
3313,8,2.599936693711203,0.006369360530944765,0.0006494887959444352,0.0005710152584373696
3314,15,2.0499169152517136,0.0002591103220467468,1.4398673740174775e-05,2.5405410185250818e-05
3315,5,3.0173025678995753,0.05888575441099062,0.009879002624709554,0.01018088831429954
3316,5,3.3325336385652666,0.20256692491638975,0.028311234304925346,0.022189740605430736
3317,11,2.417622423356879,0.00011481541378751549,1.246119363017553e-05,1.0224829181578602e-05
3318,5,3.6447021941479214,0.0011238262815268577,9.931932554919803e-05,7.715679011580486e-05
3319,5,3.894810838447104,0.006704485607850295,0.0014067703748853167,0.0011750514312415432
3320,8,2.8547804561133248,0.0011041525163095632,9.463380078111508e-05,8.794816257016469e-05
3321,15,1.5359122855669227,5.7161716780948056e-05,8.374363359169035e-06,7.176466463562824e-06
3322,15,2.983296014104229,0.032461932054919616,0.0028495029130907183,0.002500513827876602
3323,15,3.9356716183551885,0.007323932593778186,0.0019059573735474827,0.0020221454091410187
3324,8,2.6260024995345863,0.04049598290125248,0.009649876963735957,0.013096714975993209
3325,8,1.5646520307235263,0.05073140292839571,0.005395802142906853,0.004686614710998778
3326,5,2.4051352579589462,6.945742063672293e-05,1.57697880461522e-05,1.2499682828839009e-05
3327,11,2.841264904271407,0.008979169216954595,0.0021286134904031665,0.00217031686845652
3328,8,3.1569732707193783,1.0205486749433033e-05,1.664678166206871e-06,1.42387470853287e-06
3329,5,1.6737448950380793,4.1816856400332236e-05,7.631626696867993e-06,6.262508922829296e-06
3330,8,1.8487629549592373,0.04824120287309831,0.008387039005764462,0.007402283798969319
3331,15,1.7158055049911227,0.13161923836096903,0.013528554978895744,0.010779941889633505
3332,8,1.9770953534866265,0.0002860902463450887,7.684124137312059e-05,6.671120569336408e-05
3333,8,2.1608048718551185,0.11572073144610286,0.016816366086196834,0.014181002613544
3334,5,3.95091065152204,0.0005197712041058989,0.00013230863271042865,0.0001353185203731577
3335,11,3.490617778919167,0.00012565114864914698,1.0610233241397201e-05,1.0150832502738691e-05
3336,5,2.64638109525077,0.012324861611847858,0.005256274352702701,0.0063613901457074224
3337,15,2.157872881077114,0.0075782175056187335,0.0009709017457565912,0.001212770195264305
3338,11,2.1355398045346137,0.0025394675209523274,0.000203706212769787,0.0002274596824547851
3339,5,3.7874574012144127,0.0002481985431372153,4.728056980498204e-05,4.3440783329809706e-05
3340,8,3.6441202196035127,0.4022818832525292,0.11457826349240305,0.09562945778345021
3341,15,2.1630083524521853,0.026066004723104247,0.0015303976247532229,0.0019028821275749817
3342,5,2.5640416278262865,1.4761089106306196e-05,2.990010092536724e-06,2.4459596256686994e-06
3343,15,3.855550966809144,0.0390976251762689,0.009842875529594976,0.008269182773358516
3344,5,3.6289296587758906,0.004151239972097913,0.0006501218070841877,0.0007808252564150353
3345,15,3.5257038990101606,0.3419840720632109,0.040465470590252364,0.034625863411530185
3346,5,2.582183449628752,0.07425840780076236,0.0014304081085768502,0.0011713855415705033
3347,15,3.960569478790651,3.819711720184865e-05,9.92045696617774e-06,7.559524601970872e-06
3348,15,2.9271991981374743,0.00027840138350301147,7.177134360248776e-05,5.4060427350072234e-05
3349,15,3.2376766174426956,0.0007879180754990637,9.753300815149497e-05,8.599723776270195e-05
3350,5,3.766672492962664,0.07595042091496804,0.0330020856609576,0.025608296059737187
3351,8,3.664233172437931,0.0064352239865586545,0.0009056369332441625,0.0006758408065994507
3352,5,3.3410782252436295,0.00035038374503308,0.0001295939341798387,0.0001188268570225708
3353,11,3.888701287069945,0.22344457575631052,0.024655898124572556,0.02349980669404955
3354,5,2.2992103005392743,0.005261253397105742,0.0007128942205499799,0.0007808163567265678
3355,15,1.5430330844179472,0.00025618104349647326,1.7924658578043255e-05,1.4449232944038272e-05
3356,8,2.6775681273934517,0.04324409982282958,0.013375846591384178,0.015443942309173599
3357,8,2.0863485139514717,1.3823669006210687e-05,1.6903656315763213e-06,1.3433722646503332e-06
3358,8,2.261378299366095,0.002076950396276078,0.0003701565859759023,0.00045719723449753517
3359,8,2.6286540599559984,7.910094438077994e-05,1.3071561350788402e-05,1.0407526638347906e-05
3360,8,2.038112887166168,0.003162517391356443,0.00035687303014389005,0.00041402815199805026
3361,5,1.5692519267259115,2.7014918493420318e-05,8.13219008087707e-06,8.63762360133615e-06
3362,8,3.089495995686041,1.8773190412543383e-05,1.4946179966111992e-06,1.3758207553319264e-06
3363,15,2.390037316743996,4.264782261319802e-05,9.386414967701007e-06,7.073715388721001e-06
3364,8,1.6017026237517882,0.12568003269626535,0.024065392099049975,0.023803819433214624
3365,15,2.1004998268881216,0.002418547356569721,0.000495869484221662,0.0005294029827526884
3366,8,2.55585914975251,0.0002250494427613055,5.823693197182613e-05,4.8970794700762e-05
3367,8,1.537814313067826,0.01617092718906291,0.0009960433775412767,0.0012732494977016522
3368,15,2.047519364790188,0.009574306355829032,0.0006203317290547991,0.0006030397074965651
3369,15,2.8254819877454276,0.005048561479506669,0.00029093086697435457,0.0005782807797763674
3370,5,2.1000808615195656,8.11606177422504e-05,2.385224769452135e-05,2.3418590399237473e-05
3371,8,3.991200444686601,1.1894252645829201e-05,1.2094146331144662e-06,1.7008193650501883e-06
3372,11,2.9011130876997506,0.4147611265346349,0.034406552825228365,0.030731013622232566
3373,15,2.668877806182234,0.0012164343488827957,0.00021943551206451333,0.0001705236121438342
3374,11,3.203626461581625,0.055718071630406055,0.009950568122538563,0.009089426123816483
3375,8,2.4997376366898516,0.0032986628980129383,0.0003486512304785938,0.00032227435595312136
3376,5,1.6850315683291617,5.8364707436300355e-05,6.890203349456589e-06,6.618233292643374e-06
3377,11,3.1730294832099553,0.0002044820381345155,3.830979205294331e-05,4.732576754941229e-05
3378,11,2.290019546662181,0.012052546753962931,0.002340147648039594,0.002337957701984695
3379,11,2.5574350844275977,0.0012634175859572165,0.00033389713909206625,0.00034380841609058367
3380,5,2.943898489504502,0.0013038121244062595,0.0004481945130525314,0.0003456960205710039
3381,11,2.5415987715127937,0.009424683624047091,0.0014639228595292593,0.0018025332358714476
3382,11,3.5596530822474093,0.05823902560188324,0.009437855106055078,0.011285928247466222
3383,15,2.351393294184738,0.02751439901928859,0.004212759695338429,0.004206026580475422
3384,11,3.71717978228052,4.7362215678121004e-05,8.086600187490626e-06,7.612960216163772e-06
3385,5,3.367979605081217,0.006883487939037986,0.001184631401645489,0.0009450937533369667
3386,8,3.8132782942142582,0.015251235311371096,0.0027870905315184294,0.002295334923284806
3387,11,1.5412779516262303,0.002799674617834215,0.00011280519734702455,9.716293715665676e-05
3388,15,3.8829833727293654,0.031012278196737283,0.009854543541294317,0.007359510423572672
3389,11,1.8922899550257954,0.026891411564348256,0.0023613264777555317,0.0026112459351326357
3390,5,2.7727701617913842,0.0002735535636770662,3.7769966544030654e-05,4.995001767283609e-05
3391,15,3.861991808492507,0.10252919761521498,0.01759547686171898,0.018228575234454623
3392,8,1.9304427427982849,0.04777406932985606,0.011685979618658334,0.010657595250337961
3393,5,2.8011004876643852,0.057350698142611595,0.015320565753990318,0.022126971744619174
3394,5,3.5524185143560056,0.015181938974424594,0.003377145789788517,0.0028483846044786393
3395,5,2.7908987946990274,1.9560841984925472e-05,8.33753495619469e-06,1.3490100606382377e-05
3396,8,3.3068203476539835,0.03547759669452874,0.010362185544361902,0.01020105724330304
3397,5,3.518849798009154,3.796219964300109e-05,9.293481418917843e-06,7.541763357360947e-06
3398,15,2.1946434952572105,0.0010347149274839889,6.848721035090442e-05,7.189958081328783e-05
3399,5,2.462938747085021,0.00023591469734978834,6.03842356710108e-05,9.987577899441958e-05
3400,5,3.9676311252755228,0.000500790370321067,6.378296238490021e-05,5.2650591453606725e-05
3401,11,2.923940745258217,0.08356300802247044,0.009021958217063088,0.008377671803510752
3402,5,3.9896734448618014,0.0037591759635802607,0.0009739879412823084,0.0008861009851995601
3403,15,2.4030387177423336,0.035781202678120294,0.008126039492483424,0.006229897908065992
3404,5,3.696385584023114,0.00034558829376117025,8.788417785930632e-05,8.13759769723763e-05
3405,5,3.452059438591487,0.0718681310845973,0.029620958363958873,0.022603888002246234
3406,11,3.569219858921036,0.0009710298945133951,7.001662897214482e-05,6.466534634644278e-05
3407,11,2.5089207230412054,0.00019242799835569649,2.3166647705900725e-05,1.8117109779133137e-05
3408,8,2.6242647334041536,0.009012399811854947,0.0015765198232305325,0.0014848225716376335
3409,5,3.5384492688260702,0.1554017691251753,0.010434885718355495,0.008646705053971093
3410,8,2.347836094318707,1.9486767997393443e-05,4.294587876479032e-06,3.284578371042571e-06
3411,11,2.7457082172766856,0.0061253289644595385,0.0010150294775381173,0.0009130331497731499
3412,5,3.082823053472387,0.00036224267620618646,5.670258015359976e-05,5.118622277568098e-05
3413,5,1.805234164170579,8.522038909453522e-05,1.5470164853846705e-05,1.3428430338052207e-05
3414,8,2.042430612578672,1.174582805755151e-05,2.0055099165039173e-06,1.6673505657417404e-06
3415,5,1.756827054567447,0.16835487454597645,0.05479734368664769,0.04485558680031241
3416,15,3.4813594344633403,0.05290849865088844,0.00633546461299539,0.005639620105668111
3417,15,3.2188847525647404,0.006508688045274914,0.0011852823745717009,0.0011048332588462623
3418,11,3.7613737546672903,0.0008440353497636097,0.0001442599187555806,0.0001273954818324393
3419,11,2.3454087478551777,0.00503903704614983,0.0003871577220814707,0.0008941524332559491
3420,8,3.48383386958547,2.4236026659648494e-05,4.922249165111484e-06,5.150829549048306e-06
3421,5,3.541209909457016,0.0002942008630888356,8.943465610819696e-05,6.734798650898583e-05
3422,5,2.4155526669541243,0.0011014409044063347,8.314902663886467e-05,9.565404717061236e-05
3423,15,2.3789371751964525,0.0345319420199673,0.002744934031442791,0.00251651047570404
3424,11,3.3260209296580916,0.011644613184835917,0.001989126595679895,0.0021905534612959806
3425,5,2.244595077732273,0.06425862718833542,0.013494471798549245,0.012647425585393848
3426,5,2.1856403312882273,0.008709393715994346,0.001219583181387284,0.001021471443749161
3427,8,3.396421018412491,5.704151127817602e-05,8.208540425896586e-06,9.858308569014273e-06
3428,8,2.0745268067930844,3.882807360693635e-05,5.282943691422643e-06,4.325852023738126e-06
3429,15,1.9447682559092696,0.0007097605017550469,9.932376223943236e-05,8.116048068344384e-05
3430,5,2.532931100622713,0.000866170169982635,0.00014355029611565044,0.00014194562035171554
3431,8,2.075467729350349,0.0006172680534373261,2.7047640775486213e-05,2.278069890197574e-05
3432,8,3.9090397992993005,0.00242768647948816,0.0010408362538483883,0.00133226317442711
3433,15,2.5009833618890225,0.009978266138924791,0.0017659420844321346,0.0015688746080585033
3434,11,2.6896952103890097,0.20768881134175793,0.04019274302497147,0.03697892715151395
3435,11,3.9281585539486485,0.0003425608349586048,4.8546764295440724e-05,4.144215722229817e-05
3436,11,1.994257773759744,0.08340992758926673,0.012158270779836142,0.013604788083716294
3437,15,2.1821807317395385,0.006159553775566955,0.00035253944278080976,0.00027716231471365164
3438,15,3.228192260252265,8.070457794248012e-05,3.1736193676655807e-06,2.6289988563813624e-06
3439,15,3.5708988496650473,0.00021735951295667006,3.489260187846245e-05,2.6340884032741262e-05
3440,8,2.1729050364060005,0.0035937854454900484,0.0001477862607793265,0.00015674872658636286
3441,11,1.8135048624110024,0.004901260579490399,0.0005523876074940729,0.0005185886752741823
3442,15,2.5719339559069856,0.0029743851246493815,0.0002003828124857488,0.00018931981832280779
3443,11,2.780370336192021,0.06864416756058771,0.007057920610519573,0.005664277755822016
3444,15,2.7293262517890975,0.005449823496215797,0.0012482565837843443,0.0011096519366789455
3445,11,3.874093530704094,1.5917709998508134e-05,2.514747441809462e-06,2.0219714130552823e-06
3446,8,1.7873140766082645,3.7454721835299206e-05,4.558621194484926e-06,4.616666696641017e-06
3447,11,2.9444417661248954,0.03636498552866684,0.005248927166823063,0.004107915291834879
3448,5,3.172429852975493,4.313868927778949e-05,1.4590295407492451e-05,1.5892561447842614e-05
3449,8,2.9254062709840825,1.991156159395879e-05,4.5674033462822896e-06,3.79152102157387e-06
3450,15,2.5659449353247434,0.0011358958606739317,0.00018885250231647093,0.00017312945746332528
3451,8,2.6814529895366306,0.00020287194890636776,2.8012447260156485e-05,2.5741908627669253e-05
3452,5,1.8360564754688462,0.1825354205859178,0.034411304799021936,0.055284174584973325
3453,8,2.7944111554442865,0.0014167214607047705,0.0002336562580700933,0.00017981624960065532
3454,15,3.6017440088047676,1.1418735176784833e-05,3.020266020479865e-06,2.5228470508451305e-06
3455,8,2.7521193992694375,0.051203993799279895,0.00656327699409566,0.0052687511133269645
3456,15,1.9361872169246117,0.0014504283691689874,0.0003767722474548823,0.0003031041181862667
3457,5,2.831215211360752,0.21640712800683845,0.053896703735251725,0.04360547781047632
3458,15,2.114361709390759,0.006777431953394596,0.0011188422885654902,0.0012133553571850686
3459,15,2.3172453260465433,0.005518786390260119,0.0003475300027197795,0.0003024092822247646
3460,11,3.729373654462263,0.0006811224076980901,0.0001166548809448034,0.00010100658635219331
3461,8,3.539881373311339,0.022143209744600996,0.004944681716226201,0.004794761898828194
3462,8,2.997244737579769,2.34352289735078e-05,7.633791917331773e-06,6.6696636292737585e-06
3463,11,3.1017546544799397,0.00014161633716583936,2.117670378885462e-05,1.7776293856410444e-05
3464,15,3.6002880089777425,0.004319041684537143,0.00052074011876805,0.00045502957817603696
3465,15,3.0798082932324533,0.006924069350793196,0.0010686587297565153,0.0012587120016541945
3466,8,2.1270067707950604,0.0003723552339933417,4.820361458502477e-05,3.8093175328904115e-05
3467,8,3.359380296128916,5.1287729554294965e-05,1.0831458374071743e-05,9.944896723358535e-06
3468,8,3.43697667565098,0.009388941249812552,0.001587154724751226,0.0022965006866683224
3469,5,2.279071512723498,0.0003522677780228949,9.998496188891372e-05,9.374509043087986e-05
3470,8,3.4191731024780783,0.03457243624189909,0.005152292131099193,0.006492104985138378
3471,8,1.917675192819436,0.003980953913871571,0.0004539464128178645,0.0003563366651790361
3472,11,2.7136393016179974,0.0981444755697415,0.02381257559019867,0.023366095428935026
3473,8,2.831373600723145,0.0008611866785204868,7.203100982152946e-05,6.648287522442573e-05
3474,8,1.7113213187477316,0.000526059050243229,5.38181096598204e-05,5.341230755559039e-05
3475,15,3.51683541464194,0.00493596201044293,0.0007611603439622062,0.0007526551166910741
3476,11,3.2613420754797193,0.20254030613946417,0.048884359137233775,0.038761860087332185
3477,5,2.0287896459756225,0.00026300162163945824,1.1673806351754134e-05,1.6082582504903436e-05
3478,5,3.053853991371701,0.00031274101577050443,4.455989918055143e-05,6.412333695997927e-05
3479,15,2.4880163131586244,0.12061629087561188,0.021213175586850812,0.018531039709872247
3480,8,2.412090184601754,2.9708785354245138e-05,8.26006434723009e-06,7.191975064710277e-06
3481,11,3.3234726697950987,0.00048690678690583683,4.6479873368393624e-05,4.0402086535413855e-05
3482,11,2.0135637627195027,0.00019547117092351854,4.2376577025744164e-05,3.3137611637600354e-05
3483,11,1.5254095323724002,0.001213747729957617,0.0002300410067736052,0.00021124080743068375
3484,8,2.0018871162085548,0.027712977494854234,0.004591861473920631,0.003734698326786313
3485,5,3.0018620387730754,0.061543823911497784,0.017629771473288473,0.019239081839674703
3486,5,2.4070502647207856,0.0005664561180918392,0.00015351952149322894,0.0001241193198011686
3487,15,3.446861852033975,0.00010045534411125047,1.862049926261954e-05,1.8602182296107797e-05
3488,15,2.2079235352957856,0.0005895983467116786,0.000113569124062559,9.296895668844608e-05
3489,11,2.0153897545195956,0.011835347853148518,0.002461737096903413,0.002095196763190964
3490,8,3.2468925647658433,0.0002108990723542234,3.32743031517765e-05,3.432478881580429e-05
3491,11,3.445181117908063,0.0002450808568955146,3.6952875518954645e-05,3.750460210668214e-05
3492,8,1.8050522073200974,0.0009753696957842936,0.00021013542597769633,0.00017551672715579702
3493,11,2.7518692448541286,0.0026785508111268745,0.00044762179696148334,0.0003602073783919787
3494,5,2.9452339887927628,0.07322832566878375,0.03202834184159792,0.023343701324646728
3495,8,3.3396011836430746,0.0002027901344293546,5.99834434116968e-05,5.0591149461460695e-05
3496,15,3.5412591526823407,0.0002021761204221665,4.154527782899669e-05,4.732316559648902e-05
3497,8,3.1867378134356157,0.03212335792374546,0.009089227662311055,0.009133180406487694
3498,8,3.8224416403239605,0.0009753421915847524,0.0001787876115415054,0.00021698810577797488
3499,8,2.4604337185002585,0.00042416233964452275,0.00010180069888894294,0.00010672994405281913
3500,11,2.1605695920043706,0.007008045895072169,0.0009931045226119306,0.0008319219560649494
3501,11,3.662109100062814,0.09712078638478672,0.017208060878469593,0.01488578025006709
3502,11,3.5202361372327675,0.001834714286103008,0.00020313781728706484,0.00016677675031053106
3503,5,2.6860503569185896,0.17020234291499292,0.01800118350940933,0.01654386685546463
3504,11,1.5297692876980202,0.16376643254573683,0.006847201231611033,0.006948581338188488
3505,5,2.5931980296450505,1.5018733218717115e-05,1.4182426425597068e-06,1.2143031908458309e-06
3506,15,3.555279182899996,0.0003959768383658817,7.76469117741203e-05,6.240102137496177e-05
3507,8,1.9218664029896932,0.005044734767205534,0.0003724417966332092,0.0004147585537150657
3508,11,1.9923857344255225,0.2273866689716534,0.028736757343130734,0.026187517084454746
3509,8,2.7216350440450467,0.00481395617340358,0.00030956016844011473,0.00034158977649249774
3510,5,1.6140487579875602,0.013437032446702647,0.0008947791733991237,0.000858007108496896
3511,8,2.2315253232822485,0.04794237052896199,0.0037717363006184107,0.0038551851460839016
3512,8,2.338308017308121,0.0003409025935042549,2.9425407503472003e-05,2.5129959368364986e-05
3513,11,1.9084289283221756,3.025300114382878e-05,5.5623852035652345e-06,4.745037402039623e-06
3514,8,1.6969267785230833,0.005552743466184051,0.00033459564120543427,0.0003958633537106359
3515,8,2.951820599966504,3.209412784054954e-05,4.72624433321909e-06,4.01016194694946e-06
3516,11,2.375833824828412,0.021341966674855384,0.003401777922309639,0.0033293479272458112
3517,11,2.6272680578797836,0.009929608171390807,0.0011537088528525527,0.0014714233259011855
3518,11,2.0776308707579565,2.9032776390492043e-05,4.421347891177019e-06,4.650191983940354e-06
3519,11,3.351656948809489,0.00031319057173219455,1.7976407823359544e-05,1.5386686688936573e-05
3520,11,1.9114782993523098,0.06345092040529621,0.006436279612805196,0.006122204583653082
3521,5,2.7539625337768396,0.0002178596766325703,2.8150395530554642e-05,2.574306906348109e-05
3522,5,2.6406723259226115,8.759017127811412e-05,1.7361285910134007e-05,1.3229015500441467e-05
3523,5,3.96199572904813,0.00013613675739946915,6.213975900057405e-06,6.339729505799024e-06
3524,5,1.752390003713556,0.0009917983712616897,0.00016534106620311127,0.00018425407736460953
3525,11,2.8262154495833527,1.004691920465315e-05,3.6791067688284144e-06,2.7921438694957274e-06
3526,8,1.8541553760595748,5.762704341360838e-05,1.1090535580825002e-05,8.415884386418863e-06
3527,8,3.6033317028150615,0.0012206007629023692,0.00042002186892360605,0.0003594906351561443
3528,8,3.7538378876403304,1.1324243478430111e-05,1.1555942628114331e-06,1.0034090485745526e-06
3529,5,2.3615192624614876,2.0456692806167983e-05,4.9218158592971545e-06,4.028154603242269e-06
3530,11,3.241804730757766,0.0003451983424923695,9.848801793775763e-05,8.196298077881692e-05
3531,8,2.30267001907089,0.004535913263718273,0.00012168937329772298,0.0001006648139060776
3532,8,1.9801692391457035,0.01753677574536673,0.0013664031444217647,0.0012022107647926725
3533,8,2.5880753795477087,0.008279483880755435,0.0009777593001515346,0.0010353382143377349
3534,11,2.840407118309682,0.025823805897141557,0.001820175119676493,0.0016847239641511523
3535,15,2.0036401809693873,0.0005617302988840479,9.258539168805487e-05,7.66188999731918e-05
3536,11,2.786897580685528,0.022540429240804086,0.00315759405350628,0.0028596977326613583
3537,15,3.7013036512133946,0.00017323711177006303,1.9512194034392136e-05,1.8570164411679407e-05
3538,8,2.2076261226722984,3.38808057845494e-05,3.297433778226242e-06,3.736306831525892e-06
3539,5,2.7023452343586998,0.14138078727296488,0.007997884332360134,0.006700003279755634
3540,5,2.070434331069,0.219946624814908,0.0807586084603929,0.06026557836746583
3541,11,3.855603024603467,0.14044568329667143,0.05154897451146352,0.04166189498427901
3542,8,3.9613998885410835,0.000346037290612137,2.7135027330054337e-05,2.6501458043161504e-05
3543,8,3.316876212690498,0.0011865553908935915,0.00025620648394698755,0.0003592231046815521
3544,15,3.301811985106409,9.586114866830826e-05,1.1562626252457651e-05,9.322149085017384e-06
3545,11,3.999696211026306,1.8223900741340857e-05,1.3861503899462848e-06,1.286555350505235e-06
3546,5,3.9938304045265043,0.004735627813042482,0.0002487730300664259,0.00021188987183885734
3547,11,1.9474356050742734,7.647907185325826e-05,1.2382332591061841e-05,1.2999288668841633e-05
3548,8,2.011435745877709,0.01978323548051474,0.005024879120173364,0.004096325988940538
3549,8,2.0420575528875866,0.04121352290992765,0.003769427912479612,0.004490773945720942
3550,5,1.9855274259606357,0.010564766750277479,0.0003859056631091393,0.0010363117492344343
3551,8,1.9792623528517803,0.0005364953483888383,4.2794467808682305e-05,3.557730790920672e-05
3552,11,2.77439903988579,0.22232248679486408,0.05324475124024292,0.04192271905255477
3553,8,3.512444877725839,0.007176252625969303,0.0016000407754508806,0.0020874343368528026
3554,5,2.412382566166579,0.0870598120454982,0.010207708628888732,0.008933152339220728
3555,5,1.7047368473478732,0.012195330919286372,0.0009368563130742929,0.0008113920533797012
3556,8,2.3521488312958363,0.022516931071693277,0.002635889501996348,0.002198226905481596
3557,8,1.635940741318573,0.0007822458551419656,5.831713403600917e-05,4.880988905304761e-05
3558,15,2.2369022051691383,0.019750747016293722,0.0035140736405941363,0.003082775892357882
3559,11,3.8855405950613733,0.02848239112707332,0.005536244119927692,0.0043164573887700345
3560,8,2.1663717746954476,0.0009203701559877812,0.00012653885361855333,0.0001269003489931717
3561,5,1.7581076692852347,0.002187347541615912,0.00019747458717086808,0.000204288436346976
3562,11,2.8392714916963837,0.00084300018934629,0.0002496525628951545,0.00025112078020759343
3563,5,1.9767965514459007,0.040075675093039345,0.011606343006797974,0.008819102679671417
3564,5,1.97768028867794,3.67840634392113e-05,1.7435020199099837e-06,1.5377178614055532e-06
3565,5,3.698024189095661,0.00010338722304796461,2.55622176353026e-05,2.384007632489557e-05
3566,5,2.4883261205199934,0.0009155787392707159,0.00031040158137119324,0.0003001758411068146
3567,15,2.372413804988326,0.005667276135486826,0.0011536239849408497,0.0009848204970344045
3568,15,3.6612778441053075,0.00020742098830944225,3.8148313913334266e-05,8.99621601089435e-05
3569,8,3.8411665290505406,0.0011599860303457554,0.0003157311163059645,0.0002730966097189262
3570,11,3.014959840019387,0.0021514431642402983,0.0006595579238590586,0.0005288970116590697
3571,8,2.083000083047885,0.4037724450619113,0.04632089990402362,0.039816710986064825
3572,11,2.446271752201117,8.3444177599026e-05,4.763085633235082e-06,4.229354899025179e-06
3573,5,3.2488324869030256,4.881782856923022e-05,1.2152807781123022e-05,1.2215808007805867e-05
3574,5,2.588990443442387,6.338461237771035e-05,1.3599468841586126e-05,1.5043834061365563e-05
3575,15,1.5862606806776545,0.0016101662166270782,3.4840445065966014e-05,4.264265141290796e-05
3576,11,2.7636934188671534,0.0015659123165607794,0.00025699230594679133,0.00025873224467161165
3577,11,3.9076065381843184,0.19335693655601482,0.062480362166418446,0.07910652609331559
3578,15,2.7412757160176127,0.002325159219977741,0.00012751444978773588,0.00019340314594907477
3579,15,2.9264345772720555,0.010050730219413368,0.001691718059881428,0.0012985228881903595
3580,15,2.341469916320479,0.011275171382131719,0.0025820786168430383,0.0023164290459320833
3581,15,3.0299025883218076,4.8946097943048666e-05,3.625498429723774e-06,3.189265845429499e-06
3582,5,2.1075967705119623,0.006177379084145025,0.0010731844474369198,0.0011320596565787538
3583,8,2.2356239834057923,1.3598466416965611e-05,1.847077501580543e-06,1.6722043884686425e-06
3584,11,3.8230564804810063,0.06871463023089579,0.01143060280051877,0.010932351576437984
3585,8,2.543569198181794,0.012865258573994879,0.0021905388645521813,0.0017830123183150775
3586,11,2.3371390659428886,0.031076762533948834,0.004420263439125223,0.006403486832473311
3587,11,2.914073483416837,0.03024772465489808,0.006790863874948611,0.005764600771612672
3588,11,3.3604221386791933,0.05288830832431721,0.004950342575760932,0.007001468706743002
3589,15,3.7772369229551974,0.011909531675793972,0.0026194468351362944,0.0023123148187937067
3590,5,2.8841249949055188,0.06255705354977421,0.008849242714491926,0.009668510768600183
3591,5,1.5289907060912662,5.521027519140451e-05,1.4404512900071687e-05,1.1581653496883082e-05
3592,11,1.863021014754343,0.00015673100744090934,3.1519961509421854e-05,2.3954830566358645e-05
3593,8,3.0739140969721217,0.009149901963483392,0.0012453546458028792,0.0010193431749674817
3594,11,1.8846505846014734,0.015175742953367054,0.0010288491063454156,0.0009461895069665855
3595,5,1.5737359451822872,3.074002683159797e-05,2.820387382749644e-06,2.5978614906680227e-06
3596,11,3.421882282233864,2.559844121874007e-05,3.5546684546850093e-06,3.083695732863196e-06
3597,8,2.280383161150216,2.7734434723834092e-05,2.2618713528322346e-06,2.444065448868608e-06
3598,5,3.083169847147066,2.0035250663814504e-05,3.486376489695051e-06,4.002614318051046e-06
3599,8,3.8181569349060736,0.07397056699217679,0.010902522281789827,0.010218997044573769
3600,15,2.2415012168934645,9.888725687243523e-05,7.699045695530701e-06,6.4444226997014305e-06
3601,15,2.8213602082358107,0.027202372443761138,0.004247408741633459,0.0033917382477064023
3602,15,3.658353263792808,0.011368560183745735,0.001266662981517031,0.00116869349299279
3603,5,2.8588262837065757,5.153550097474529e-05,4.9148683070794725e-06,4.088430841290927e-06
3604,8,2.8085876579477933,0.0020512664403895455,0.00016460354629214957,0.0001667230206226972
3605,8,3.9672632758508812,0.00018308609180718048,4.91169001736055e-05,5.49201515422075e-05
3606,15,2.489831771996349,0.0032975598243963292,0.0006125939774239138,0.0005602968219101002
3607,11,2.9917087192247944,0.0007846929897324157,0.00012738702860269342,0.00010727049953724746
3608,11,3.652368701807891,0.00025992768513424845,9.343004416769517e-05,7.069597730849959e-05
3609,11,2.659386541613596,0.01604511301398364,0.003973249587196234,0.0031035124465074284
3610,15,2.9842695505732935,0.005050402427344278,0.001279779844285402,0.001101843992633516
3611,5,2.4092985343860387,0.0003701981327953916,0.00010317387886889232,9.443514408404653e-05
3612,11,1.6658438111306828,0.00013759068046770537,2.840861160611092e-05,2.3199527479786174e-05
3613,11,1.6753809768459094,0.003405406854482621,5.608773393012099e-05,4.680418594366997e-05
3614,15,1.671614042670085,0.0022047903075382382,0.0003712038248008395,0.0002964514169886169
3615,11,2.210769907266377,4.119510320493061e-05,3.9927679766943815e-06,4.365737505737627e-06
3616,5,3.3584542686364274,4.789572052348014e-05,1.4494208571228336e-05,1.247470494417314e-05
3617,15,2.167750626316363,0.0660960189489301,0.0035418558405479095,0.002821273136862044
3618,5,1.7374188333010296,0.008958163586214164,0.0019986217723910685,0.0017984538923682461
3619,11,2.100044791973979,1.6426191871683524e-05,2.0520489245106597e-06,1.9332580573963026e-06
3620,15,1.720388512469786,0.00613444191348329,0.0007953317066858268,0.0008364511641815638
3621,11,2.18568464786443,0.00018315249623861504,1.130999321157521e-05,9.426138995086436e-06
3622,8,2.642605773447236,0.012968333941671201,0.0035674260443240196,0.003019352323288846
3623,5,1.5244979488196104,1.121506204191412e-05,2.4475706832092838e-06,1.886444544977494e-06
3624,5,1.5526353073374255,0.003645654539628897,0.0009606984873114713,0.000832806548628916
3625,8,3.207495898853698,0.05287490300643401,0.00886866886560278,0.00825897418959806
3626,8,1.7192233207123517,0.0025502119452243247,0.0006659506457646089,0.0005862624855744365
3627,15,2.9166787210651126,0.006734241917567996,0.0011786268423003084,0.0010334438775675364
3628,5,2.183285099489969,8.676747778868018e-05,9.393627387243944e-06,8.106674778137873e-06
3629,5,3.673218030469918,8.605599380332943e-05,3.1160736978771595e-05,2.853330763172948e-05
3630,15,3.2696537269410797,0.00563002898572189,0.0003378418164110869,0.0003161035611902641
3631,15,3.379369191607967,0.024980582822119454,0.001459021381921507,0.0012845042986025159
3632,11,1.8140648569719782,0.0010880342244866115,0.00027377417497064194,0.000296232959818461
3633,15,1.6939699872135363,0.0008300025685257307,0.00011016540989680309,9.685955671102273e-05
3634,5,3.8462565744724033,0.005093930853216569,0.0017388672448075669,0.001312013255108018
3635,11,1.7040488287544373,0.06325620000111765,0.00645324702721919,0.006653037719360491
3636,5,1.5319866986670623,0.2925616563820972,0.03374453539371698,0.0308374404450773
3637,8,1.9503075465633857,0.037873180869350424,0.0027572896417422978,0.002425280712577748
3638,8,2.6484433653080477,1.87680908687442e-05,6.3906418557389e-06,4.729379908617218e-06
3639,5,1.8938616076152388,0.07024481682749589,0.028175135473766117,0.02683740586741647
3640,8,3.4516333783395874,0.014415763007241615,0.001445742461743237,0.0017907015132743918
3641,5,2.958814089036751,0.007977526452189665,0.002678793118475304,0.0031186896061052333
3642,11,2.246319899683426,4.955760119072289e-05,2.958105710277266e-06,3.132555997867798e-06
3643,11,2.5661783140350245,0.00013478806685351467,3.482364977905896e-05,3.73246416641361e-05
3644,15,3.3018985083983936,0.012549235295051964,0.0012600507690004683,0.0024866302690138746
3645,8,2.0672357778887296,0.008841694709068376,0.0025729937293703957,0.0023053485226577743
3646,5,3.571010935016431,0.006912069502211936,0.0017174821752024066,0.0023543487472347854
3647,11,2.5767977623404184,2.7412625163509923e-05,5.447711156369892e-06,4.364301427406346e-06
3648,5,3.821627205063626,0.0016212820642123428,0.00047230879468257637,0.0004659943922879401
3649,11,2.3124529930107256,0.00028313889521188937,3.450274401208624e-05,2.9826371646619917e-05
3650,15,2.371178838894034,0.03459138098037687,0.00518671771647047,0.004378010655431019
3651,15,1.6559510204169376,0.0005194522656005663,1.5802011631163584e-05,1.804367450493377e-05
3652,5,3.334474130576568,1.2713010671646931e-05,3.7687634687933855e-06,3.121567452354751e-06
3653,15,3.601162849468107,3.0788369237765076e-05,5.50448822868337e-06,4.5375814047234325e-06
3654,15,2.0472020879635964,1.856418186034897e-05,1.296289900379258e-06,1.1532186713477296e-06
3655,11,2.7057857705283666,0.00021070238531441747,3.353034446924722e-05,2.9895581342276412e-05
3656,8,2.267595394963186,0.01731917654974825,0.004519395935848009,0.003734460409560234
3657,11,2.3625183906872187,1.811203949553228e-05,2.8163938782644156e-06,2.5235595978068257e-06
3658,11,3.6644733418098436,0.0034090871121079023,0.0006806940613609729,0.0005568115932861666
3659,8,1.725235531902107,0.0010792960702543826,8.625250443917083e-05,7.522574312370341e-05
3660,5,3.5827258652637544,5.763152963097056e-05,5.201418709070616e-06,5.0450814185126e-06
3661,5,1.7971459572845279,0.10902018421976378,0.015069297614104964,0.013047635663204929
3662,15,3.700403329151996,0.0006195422960805204,7.359576787390158e-05,5.770030915958907e-05
3663,11,1.8054848990680439,0.10625468821753775,0.015455635882682665,0.012948242405628408
3664,15,2.918985839081985,1.7269813156191077e-05,2.0275302318654463e-06,2.0389201558580728e-06
3665,11,2.221482603527278,0.006144372967707167,0.00042407957607448076,0.0017182489718016558
3666,15,3.840244657011861,0.06034112274748096,0.008075418667600436,0.006422927140198705
3667,8,1.9398443172950692,2.395605942121098e-05,3.800323863866294e-06,3.2159407508515927e-06
3668,5,2.5403304960380497,0.00013610369571564711,2.830359296538475e-05,2.4893304142564334e-05
3669,11,3.763657539545058,0.0004681635375509133,3.918727377818533e-05,3.172324235107247e-05
3670,5,2.3321924182299183,2.060251355418987e-05,2.816112102556578e-06,2.8284471417077016e-06
3671,15,3.5932685376849656,0.10002227788447486,0.008577606168688249,0.007568454303648489
3672,8,3.6953542339919534,0.0009921792104793555,0.00026186669039238457,0.00021579794372485013
3673,11,2.7739288717985406,0.00012068521429116534,7.885405201378557e-06,8.2717748729494e-06
3674,11,2.3691057437337766,0.005946820965132278,0.0005946730505133667,0.00047129767496891645
3675,8,3.732962891607742,0.00021888882127406558,3.222208747799716e-05,3.888747783177508e-05
3676,8,2.4479537762311367,0.0025005411595532,0.0006903081157321586,0.0007917280998951736
3677,8,2.6919071399313346,4.860236750639155e-05,1.129566285674169e-05,1.4902153697609955e-05
3678,8,3.908760537669866,8.041724401819157e-05,4.497024205219195e-06,7.76257629381771e-06
3679,8,3.760776744719615,0.00016433228099274068,3.937346656559124e-05,4.100425673293104e-05
3680,8,2.7084292160445704,0.00019962835676857262,5.7897717189933125e-05,4.769996710288105e-05
3681,15,3.339249067706806,0.0746396561988179,0.013742000057560544,0.011971731562525146
3682,5,3.0321848500431954,0.009228324372249805,0.004197108148973383,0.0035726495376146848
3683,15,2.5316380106002816,0.0031312099011395825,0.00024032118392232617,0.00023532162686866706
3684,8,3.691061406395128,0.0031810276648777495,0.00045678214484723976,0.0005418430591493378
3685,8,2.487687346110305,0.00225803454343974,0.0005102073624712454,0.0004400152418918766
3686,8,2.05629961338815,0.0452898116002902,0.0025298170057300147,0.00203711033790723
3687,15,2.5644590272489403,0.0012799936914919023,0.0002068870106717926,0.0001787156568326961
3688,5,3.747425516644038,0.34114214490625916,0.05381658612038985,0.0485757677817553
3689,8,3.1033644086253034,1.2045753414339269e-05,1.6339544537598337e-06,1.967497251750151e-06
3690,15,3.2410075556053393,0.08679668169153801,0.017384128755063975,0.013867187741574328
3691,11,3.9360022688208978,0.15460155523243477,0.037591174726371454,0.03564934336810108
3692,8,3.429417774284504,0.0001334420292719012,2.3792215271626356e-05,2.0322251242654295e-05
3693,15,2.1120272354523246,0.0006215257168879906,6.192791224575355e-05,4.795397854168403e-05
3694,11,1.8379944343190542,0.00023667337515389337,3.312724665493577e-05,2.6922895834288702e-05
3695,8,1.7095517388253976,0.04839496280814857,0.003562282173504485,0.0028938893238539746
3696,15,1.5478462951154737,0.04001050846725328,0.0071668246699473775,0.0057412004821699334
3697,11,3.3430957922232323,0.09104560276546814,0.012539036034842521,0.011717361938413202
3698,5,3.148316857861443,0.00043034481732008215,0.00016664166707353888,0.00018939611461033228
3699,11,1.6495887661393083,0.0010318811763855827,0.00010170277817055257,8.623600043393707e-05
3700,5,2.9712044063656005,0.02140671132587753,0.002815207053976,0.0027578186828699277
3701,15,2.2902134297322174,0.0001385787925369295,2.4812881709920572e-05,1.9341314896891806e-05
3702,11,2.2137837292057903,0.0011328255591665686,0.00013517216929580196,0.00010690761322685924
3703,5,1.726379197989743,0.11942128967058067,0.010032757488734736,0.009229420953968823
3704,5,2.06204132327726,0.001998181786945236,0.0002678736125884188,0.0002207069441841893
3705,5,1.5911091766048544,9.877925204231541e-05,1.657401352704342e-05,1.5961429254423353e-05
3706,5,3.3084323642777584,0.0018836144407981272,0.00047321155345854936,0.00039551621535772037
3707,11,2.823116076863759,0.0021100506199276804,0.00010095188919159647,9.163002021217674e-05
3708,11,3.0504919879001235,0.0005519180052836785,8.835486358593283e-05,7.478288445867868e-05
3709,8,2.4745116436050467,0.0037203652597066783,0.000506274741303836,0.0003864902031766593
3710,15,1.6042082045750128,0.03908474922460506,0.00485817836308602,0.0037394555628682937
3711,5,3.4550356945038634,0.017067530481177737,0.002763502500060229,0.002337524314554173
3712,8,2.8998932126644634,0.0032555997364339903,0.0004912405738516311,0.00041843637204874994
3713,8,2.927934427573398,0.00010427390763109551,6.991557962559428e-06,6.630644433174317e-06
3714,11,1.6094535881853504,2.761006182538133e-05,2.0819751574214185e-06,1.8980004375179444e-06
3715,8,1.655767346856748,0.0004891450262191068,6.694756519209834e-05,5.628832116949866e-05
3716,11,3.1530936055580634,0.001920759334923919,0.0004523454267129801,0.0003540027142553578
3717,5,2.6246107986024203,0.0021400166313307258,0.0004363583159644773,0.0005307007407619478
3718,15,2.4528687040603403,0.00011135091219717698,9.610519010949907e-06,8.355769610902488e-06
3719,5,3.1204518457220636,0.004705704035036067,0.000667781415717745,0.0007147464415264181
3720,11,2.5979636247174356,0.001201811873918066,8.134115996497783e-05,0.00019048431164354714
3721,15,3.3181957086563223,0.00488067050284735,0.00043195239737177935,0.00034814185402722595
3722,8,3.2934215656522268,0.0786251808275823,0.026170218888115694,0.033724162023488276
3723,15,3.6255471741941383,0.007944726936023948,0.0006832459473757081,0.0005383941802210056
3724,15,1.9426279482092188,2.1939770858150916e-05,1.414438473416105e-06,1.2186819875735047e-06
3725,5,3.836928086912394,0.0003251026014214668,3.661424147509663e-05,3.635999412008827e-05
3726,11,1.7314527002265834,0.00011505604911445873,9.648717419238035e-06,8.709361818939204e-06
3727,15,1.6421800899555057,0.06747401710588917,0.0023485325079897227,0.0024112623031945983
3728,11,3.1078687804351746,0.0007292303847673329,7.126829402518224e-05,6.423572733375896e-05
3729,15,1.6150081956081574,2.6010642260642107e-05,2.665154431262959e-06,2.9563603844859124e-06
3730,11,2.675526280604749,0.008416370324374665,0.0011779280944884444,0.0011411315264983227
3731,15,3.6776489566148167,0.009419802133405743,0.0015703116144626262,0.003030791892794734
3732,8,2.294470389131075,0.018708461144484368,0.0020398358675217483,0.00210272362395395
3733,8,2.3812236143499836,0.21562505664563456,0.014563031825710285,0.01565248966955933
3734,15,1.6073563416093128,0.0003628299628448382,6.9591789227428206e-06,5.377880494046411e-06
3735,11,1.720283926589326,1.504576593114742e-05,6.941941156032322e-07,5.762487066718012e-07
3736,5,2.8510061784330145,0.01929817033741269,0.006691321150523514,0.005297174980580966
3737,11,3.1268113927488654,0.045984007533729686,0.005495569545962502,0.004976099412809742
3738,8,3.7460877218423256,0.00189123630151277,0.0001542979991901663,0.00013415598405456408
3739,8,3.9435684013346832,1.0981440919173743e-05,1.4799975991948283e-06,1.3092821387798388e-06
3740,11,3.7969724157784035,0.035090524954673546,0.008838588959547249,0.023383919633125874
3741,11,1.5311075666326737,2.1104921778142947e-05,4.1188037849194234e-07,4.022629598791932e-07
3742,5,1.5698433240049638,0.18711146040600957,0.0045605794352575665,0.004105828738664974
3743,5,3.0551463372244507,0.07730119620948306,0.022381109146703042,0.01806669465659457
3744,15,2.6082711884826812,0.003263406153225288,0.0002629048466656675,0.0003169895382422787
3745,8,2.947176589817578,0.009927003515844045,0.0016044198783565565,0.0013511956805802383
3746,5,2.8106788251404105,0.005858937722648264,0.002053401592409617,0.005541844656113515
3747,11,2.9001193211270904,0.00026366520915179354,3.924120390853272e-05,3.591566853872462e-05
3748,5,3.7664740119863773,8.815408841309958e-05,1.3617151353837336e-05,1.920345561930795e-05
3749,15,2.6807186084061523,0.0022473156377820287,0.0003824210626464902,0.0003027150384861744
3750,5,2.0219531209465145,0.0001450137049462221,2.171869965913568e-05,1.7307532576474612e-05
3751,15,2.851477235501321,0.03732934734676,0.0025354528717924743,0.0022519801933302427
3752,15,1.7495207806324373,0.1251791575264599,0.006572578484943038,0.005534503506760194
3753,15,1.7114705402141,0.007899514497316044,0.0009260599831911658,0.0008157238468993063
3754,15,2.236129701745732,0.0003052296086337195,5.608009118438901e-05,5.5795314550018794e-05
3755,5,1.6723562405654002,0.008230099463146073,0.0016854063887048018,0.0014130051564571959
3756,11,3.9818393242686505,0.03632295822903496,0.0031489367550960193,0.0034598605110819527
3757,11,2.621595200189235,7.77888030768049e-05,1.2103388392678444e-05,9.854089285017757e-06
3758,5,1.8737151610242553,0.004494482227706651,0.0006652489062315899,0.0008407670121808641
3759,8,1.7061890133987614,0.00033024855317860736,5.53212009396783e-05,4.369200020225523e-05
3760,8,2.3740371048213724,2.4083923394425992e-05,2.541900201941922e-06,2.1949362347060315e-06
3761,8,3.9954859611801568,0.0071297976077983665,0.0013735522352691734,0.0011992656822815177
3762,8,2.160813430973425,0.0019112245258383568,0.00017285361119954794,0.00016999365995640464
3763,5,3.25054608718308,0.015232135362722455,0.003923919611595203,0.00304651518875708
3764,11,3.183324047151558,0.009138117950143498,0.0011540299690995849,0.001121153770278154
3765,15,3.118689900996299,0.008780256295362823,0.001011469992218021,0.0008365688452158471
3766,5,2.5558132129833386,0.11349972237265286,0.025468295734040067,0.028158984869089142
3767,8,2.6639320817568684,0.00043302327726532956,2.5377369672719486e-05,2.18251765415822e-05
3768,8,1.661269425991287,0.09976074252498567,0.02106595491330842,0.021348899661068326
3769,8,2.268762088411566,0.02485664124731794,0.005135869648693893,0.00468123041553188
3770,15,2.4439650875061605,2.5760416714657675e-05,8.932227031026779e-06,6.909487232881712e-06
3771,11,3.017575229747556,0.0017416104940727018,0.0003587491181213255,0.0002950420128314976
3772,8,3.3052499928524997,0.10377494804881766,0.016172325595446395,0.016741193269247657
3773,11,1.6461478075088565,0.0006051847549671826,0.00010579694991449712,9.045848622848726e-05
3774,11,3.8914171547706076,0.00876908047820598,0.0012746819306643426,0.001218233008096579
3775,11,3.7427292835296506,0.05683845177365461,0.0066880985633868285,0.005740884573696559
3776,15,3.1742606689881026,0.02192774402654933,0.0031281580343503965,0.0026363172541906733
3777,5,2.4146887023524015,0.0016506795077844822,0.0003857490167089872,0.0003749565978648852
3778,11,2.5316298214409314,0.00014363259419293242,2.575706825970789e-05,2.1061655836955033e-05
3779,8,1.9249167741032611,0.0004612545571786392,6.955556601726724e-05,6.22344495720036e-05
3780,5,3.2788234130766085,0.005155131281830479,0.0014082010593638576,0.0011566633993749349
3781,11,3.093219276544687,3.1539762203994965e-05,5.1353887114082566e-06,4.114923606550825e-06
3782,11,3.743175669914182,0.3153724574107821,0.04478731149736311,0.05490800949703468
3783,5,2.8573669063068707,0.10022329095983129,0.02367218730784306,0.037558284134791654
3784,15,2.0731574113030193,1.557302804883791e-05,4.500656646871546e-06,3.6270926875567643e-06
3785,11,2.2184288058159316,0.044363197997155185,0.007415045582749274,0.007806873767618227
3786,8,3.9178269827312877,0.006203918745033972,0.0017537471002662733,0.00154299919763674
3787,8,2.566873016098899,9.586043171102752e-05,2.655908020317618e-05,2.1950167048773748e-05
3788,8,2.1774983121661,0.0012465600607478493,0.00026107332603553376,0.0002196304905688605
3789,15,2.7502696649831697,0.0990457149660891,0.009564161726291537,0.00820974775385737
3790,11,2.0899212801253864,0.0013828882703777448,0.00012865887598881637,0.00010651586832087461
3791,11,1.9540972803737755,0.00028224880806426033,7.89472430989112e-05,7.13479051320967e-05
3792,8,2.555931404159499,3.122953400100516e-05,4.956126392378798e-06,3.9334414154730165e-06
3793,15,3.7956727834687243,0.00652426629709177,0.0007474025982289714,0.0009079562266849444
3794,11,3.0974855959211225,0.013101602516376704,0.0012789118233266564,0.004166444016575946
3795,11,2.027391822280591,5.4571952247744114e-05,4.035648843871848e-06,3.4721482873850325e-06
3796,11,2.1426407270489274,0.10554277623606426,0.01345036998662233,0.01149439890386536
3797,5,2.1651012118831954,0.00019333351346072783,6.011366261681929e-05,5.1540507817213035e-05
3798,5,2.0536530632842935,0.20636369084174166,0.06205567191565514,0.05994867780375143
3799,11,3.7595914123820346,8.107030737651509e-05,1.608470107880899e-05,1.5095620174692973e-05
3800,15,3.731324683052663,5.166347114668737e-05,1.157758634647918e-05,9.645230372706505e-06
3801,5,2.9776258836440164,0.00038445817581752553,5.339873500197758e-05,4.705873518112165e-05
3802,5,1.9776091866536991,0.12685655866126383,0.03839768103447037,0.04037887133145229
3803,15,3.4570581319410962,0.05428409229171727,0.006780355198021186,0.006837200638872392
3804,5,2.217498403212232,4.870160804337295e-05,1.272442802540476e-05,1.1169791897366174e-05
3805,11,3.4011775323170848,2.8964489769015084e-05,4.7518838601027515e-06,3.624582427487267e-06
3806,15,2.4097267088960397,0.0030507761656836637,0.00043622302680290865,0.00038746040807528164
3807,15,3.1751259220248116,0.0001145928555083099,9.889835015332103e-06,1.4131679805898494e-05
3808,15,3.5492631034691753,0.00022404463658216164,2.5870547917910927e-05,2.081454460172987e-05
3809,5,2.2817841683218756,0.053367700255409656,0.00031476194046152776,0.0002629138644413735
3810,11,3.8150183672452997,4.3314832841701995e-05,1.0093401369842703e-05,8.16906659995813e-06
3811,15,3.2805564781335725,3.3535825931802636e-05,9.168314061620478e-06,7.095114899529307e-06
3812,15,3.836574978657639,0.015853300231299734,0.0019615942450772555,0.0021727425102401
3813,15,2.049722014562801,0.002315759891175615,0.0002199758698689312,0.00017214883228921734
3814,8,3.600537148884122,0.15235062097835989,0.0671882640042041,0.05826399804488268
3815,8,1.9232626991662145,3.06781906988386e-05,1.087559011231858e-06,9.068536718475956e-07
3816,15,1.8007049282009793,0.00565510708687577,0.0009206597157811532,0.0008035517263592265
3817,11,2.180080624934164,0.00099125153310632,0.00019567131265451276,0.00019410745365835137
3818,11,1.6883142262665833,0.009131905617008005,0.0011383197411083176,0.001112313158712953
3819,15,1.7253236628421478,0.009095567332410666,0.0006762655934649902,0.0005711456730632642
3820,8,1.7523016458496063,0.31879316936445345,0.11644311185592719,0.09900820939425853
3821,8,2.1000248890526287,0.0658383206603384,0.014326205212942431,0.011857300523485055
3822,8,2.6095288959158918,0.0011782427163033206,0.00012985995601845723,0.00012365742374746756
3823,11,1.966220802402038,0.016029632182874773,0.002200366197277935,0.0021993805473993645
3824,5,3.300008578320538,2.4938534937826007e-05,3.9135565608419195e-06,4.87960167970296e-06
3825,8,2.3093165462934455,0.000607635716835097,0.00012562770752550073,9.931953659638719e-05
3826,11,2.8222646265418745,0.008635480272394169,0.0013002497685794584,0.0013204292473003364
3827,15,3.792528282790845,0.02454241820488994,0.0024254257250041463,0.001962031726608308
3828,8,3.881131075755844,0.1226233723947493,0.047984655110791946,0.04617656792518527
3829,11,2.507410935372342,1.3208129576638312e-05,1.2089183494390974e-06,1.1644913488398342e-06
3830,8,3.4619867201674874,0.014152991688604646,0.002656304857454468,0.0021237483464629785
3831,11,3.540597728747711,0.009044387564027683,0.002236219651751685,0.0018464715927285253
3832,8,3.279099629893394,1.0193134698610866e-05,1.8989127117889398e-06,1.7240066054525554e-06
3833,15,1.749231077740423,1.2559988796555368e-05,1.3529700138530833e-06,1.0415715553850918e-06
3834,5,2.315717304650443,0.004505402335327099,0.0007779088289374526,0.0006675600435172516
3835,8,1.6908104749010195,0.004156490824051513,0.0006474755714520051,0.0005869017722741329
3836,8,3.745674967497452,3.6601569562370335e-05,4.800572560343277e-06,4.687770006519843e-06
3837,15,2.5710559147888707,8.738372537563647e-05,8.434614542189381e-06,7.27363206841693e-06
3838,15,2.662764455000909,0.0983224856174138,0.02064922649381129,0.017566137638800588
3839,15,2.209002397736083,0.0004709959398837901,4.3380144413895916e-05,3.508003770757276e-05
3840,5,3.3991917218011003,1.3547832051229327e-05,4.229985447699322e-06,4.808579741666689e-06
3841,8,3.195869354601616,0.00012080338840089706,1.9209476180256852e-05,1.5321314626652295e-05
3842,8,3.729751402484804,0.0004193285701007534,9.13211043908068e-05,7.283017821939986e-05
3843,5,2.9562935050314496,0.11659940594996047,0.022765011021756723,0.021972142504712126
3844,15,2.4712538112699947,0.0006390474472066094,9.279956091039456e-05,7.002418325903146e-05
3845,15,1.7735462725181188,0.07584540396995064,0.006522380984973609,0.005551946749302685
3846,11,2.0194632921843563,0.014895806239290743,0.0011087001423764928,0.0009287034961710253
3847,5,1.5676798162179253,0.06718192741885129,0.00821664261328188,0.007819951468652778
3848,11,2.185663342990461,0.001229518223202193,6.276901869250011e-05,5.9066295421661336e-05
3849,11,3.6009988780308655,0.11089829344125167,0.021907725970939228,0.019824993167858736
3850,5,2.755378113840155,3.995976257665882e-05,1.536847960322333e-05,1.2461861720135133e-05
3851,8,3.935410299207155,0.0013660364356017783,0.0002996727242707008,0.00025112449246762763
3852,15,1.6992586302056951,0.21634085596438474,0.008793400097829251,0.007317561238208984
3853,5,2.7712893379569605,1.294482320558337e-05,2.7185545823187786e-06,2.505244638594708e-06
3854,15,3.5741168985426977,0.0006022528035344083,0.0001872239259244378,0.00014139301805789483
3855,11,3.342360148800293,1.918687293128608e-05,2.416359043435816e-06,2.2093941160942703e-06
3856,5,3.2507469658773536,0.002622165878267645,0.0007705757428748172,0.0006704980643532075
3857,8,3.1264428233342745,0.004703696991980962,0.0006478173593187293,0.0006588888297608317
3858,8,2.6535030558735713,0.432724566658291,0.17118708278604705,0.14029813953540096
3859,5,3.7469905891993855,0.05415486745536933,0.018437280935076843,0.02591240939915349
3860,8,2.0921671983155448,3.2100234956239924e-05,5.431240674176053e-06,6.65711900029459e-06
3861,8,3.526882271393778,0.08717373267511978,0.014427232014256478,0.01441459757278891
3862,15,1.5101049965527409,0.00873933076887676,0.0008726762828816712,0.0008295423592960058
3863,5,1.9555728935477645,0.015503467189488914,0.0023994408308993017,0.0021830582484752806
3864,8,2.5976964520789037,0.00011212651595123168,3.618262191919011e-05,3.338219284491774e-05
3865,5,3.783616568157991,0.010111669470251399,0.00399812379605312,0.0030985412526062833
3866,8,2.526631558276254,0.0002517176817204196,1.700765927323055e-05,1.50244220329946e-05
3867,15,3.780818287265496,0.020954635358097745,0.0030904013499252845,0.003109042684600045
3868,11,1.6305221682914484,2.0099940630560152e-05,2.5973557198924376e-06,2.7949843952929516e-06
3869,8,2.113175103151188,0.0005252184700311479,3.4031101162141774e-05,2.7852596852674638e-05
3870,5,2.7638773747391436,0.009085271114451067,0.0011419550097351797,0.0013266047337568208
3871,5,1.691090795613699,9.535467096199924e-05,9.401870972984571e-06,8.317995003090427e-06
3872,15,2.841579386445957,0.0004409920489115216,5.935608733809226e-05,5.975109702306727e-05
3873,15,2.6950458691060812,0.029044897307109237,0.0036998485028857967,0.0030043063541197695
3874,8,3.888300771442845,0.0029144224012875785,0.0006546172740336698,0.0007263232099078607
3875,11,2.0415426579376463,0.0009930113711686397,0.00023125815693876697,0.0001987355298450057
3876,11,3.530942009717926,0.05297935495806377,0.011641095160101311,0.01103546593092568
3877,15,2.624378670825096,0.003468731192188625,0.0005042121722736816,0.00042365623532004493
3878,15,2.399385713589785,0.00017307606953879593,3.512974398427396e-05,3.473531273155413e-05
3879,15,3.491040072825003,0.0001460150968495963,2.0225696726095403e-05,1.8468481082303473e-05
3880,8,2.5939468389092593,0.029675444430087978,0.006945689925134408,0.006288268165914542
3881,5,3.064117002584789,0.004464204599238967,0.001020677476090775,0.001253893454446658
3882,5,3.5267983343902314,3.539642011696124e-05,1.2765884407338919e-05,9.926700907848862e-06
3883,15,2.6767161314200614,1.103958337572141e-05,1.0159627183272945e-06,8.69439307616894e-07
3884,11,1.9615798179813424,0.007039048039926213,0.00024082691028059502,0.00019750227136048964
3885,8,3.2771286878595878,5.027289675860747e-05,1.508712613742118e-05,1.5206044268353358e-05
3886,5,3.4810156616398484,0.002337625416068988,0.0008200699013509324,0.0008629280854432574
3887,8,1.6172600643063717,0.009552054110604318,0.0006460396839153488,0.0005269605085148683
3888,11,3.6646446198071194,0.002658851349848694,0.00033781468838877326,0.00030622629185919837
3889,8,1.8886849332161835,0.00356452089919101,0.0006106948664651678,0.0005283021063428508
3890,5,3.1879997861197324,0.0002965393425361404,5.806028781403554e-05,5.386769120904941e-05
3891,11,3.5326350465862526,0.01938542398007644,0.0024499411679457473,0.002142409780729146
3892,8,3.0590981202336467,6.405312999747617e-05,1.7279746244171507e-05,1.5732111213382427e-05
3893,15,2.849387093032293,0.008974004192798153,0.0011036606675749337,0.0009146350611001725
3894,11,2.433908003000172,4.351043894470771e-05,6.9470334411331275e-06,6.187745658244559e-06
3895,5,2.928847148486091,0.0024198999312955004,0.00047140124003934754,0.0008230862899522791
3896,11,3.9161275321999236,0.00011052431292817579,1.4668637714691327e-05,1.301992952467687e-05
3897,11,2.4438753474814856,1.50902903806707e-05,1.4244541974177455e-06,1.1414947925325639e-06
3898,11,1.6275462011669486,0.006318916368408261,0.000694601208535265,0.0005275249649994482
3899,15,1.880517725435157,4.558727374192046e-05,5.9074574132527785e-06,4.58226983915751e-06
3900,15,2.4013355679874175,0.0011265442541898963,0.00013106682477436417,0.0001118294307117955
3901,5,1.591879654585335,0.05871847940235748,0.008257543664762865,0.008911312369434637
3902,8,2.917232255912482,0.09880437715606835,0.015862202252176067,0.013184706307611059
3903,8,2.6582391015826925,0.04258936681781841,0.005021651893973552,0.0049914912534246274
3904,8,2.6415562440196307,0.024277095541577712,0.006550633667251632,0.007341115930280941
3905,5,3.964848799425736,0.0008776574584850928,0.00022004580787493376,0.00023604403559517254
3906,8,1.9435322845124603,1.909689643187467e-05,3.5632127441827708e-06,3.4359413602290853e-06
3907,8,2.9853295888224576,0.0003198285583972547,6.450908326503974e-05,0.00015110234412474068
3908,11,1.519196487673638,0.00010554322857525999,1.4169886272176202e-05,1.2115845107502738e-05
3909,15,3.853363515280579,0.0007452384435691899,6.43611693950999e-05,5.2683505162575985e-05
3910,11,3.074927868895384,0.0017955465762398732,0.00028892619167601995,0.00023993341594217353
3911,5,2.6137785977581007,0.00784888930367862,0.00040626902001651564,0.000448723528173888
3912,11,2.1577347253619004,0.0003572907331836494,2.9935147874146136e-05,2.944280585413056e-05
3913,8,3.8934791767736465,0.032742261414495565,0.0033985881234908167,0.0045903843910139915
3914,15,3.3965025978070207,4.196196802612627e-05,1.0753235957472032e-05,8.39188920359032e-06
3915,11,1.919663882096451,0.0003700220081216869,1.518215712587378e-05,1.3655755517794498e-05
3916,11,3.008954179138781,0.006411822783858478,0.0009389841737296386,0.0007899251452547613
3917,5,2.955529023259711,0.04129551303835806,0.013055793341111059,0.012339986449311877
3918,11,2.342500666078823,0.07534013773589368,0.01032442922294272,0.008358770329181742
3919,5,1.9242380892216118,0.0048422478802131385,0.00023248058150648389,0.0002228048560972521
3920,11,3.861240753842616,0.01460434004099549,0.0021307413613782513,0.0021378543502403625
3921,15,2.2867584905504423,0.07186901318183592,0.009253738947039814,0.007372055107353408
3922,15,2.7156329597321105,0.016600765525206288,0.005258095149935646,0.004242157329615715
3923,15,3.1503452311245264,0.0035776629314284245,0.00029242380862981896,0.00023114401319560712
3924,11,3.8215844105994976,0.028179346178621653,0.006353147519859491,0.0060148912271216
3925,15,1.8342055927137193,0.057075106888228345,0.008648825105305482,0.007824412341615157
3926,15,2.5375558920714885,0.018358655601697835,0.0017915533883181775,0.001708048607039222
3927,8,3.5946714180644026,0.00367206074159041,0.0012283189087884902,0.0010018626128833884
3928,15,2.868145620301896,0.062173497176986364,0.005415979287300337,0.004568941797209073
3929,11,2.5902650750594263,0.007262150280358335,0.0006451515828525092,0.0007461880874734282
3930,11,3.4389152518803674,0.01160157013639873,0.002223505900857017,0.001907207433279801
3931,15,3.1251371195944,0.0001027176157603557,1.831699348953066e-05,1.5466849687312525e-05
3932,15,3.1991661428841085,0.017693542775674333,0.003722906085655622,0.00300268350136206
3933,15,2.9054417916798143,1.9032727910896157e-05,4.0685331420042795e-06,3.826263732592202e-06
3934,8,3.9444173309541775,0.18575928110137044,0.07253309905381769,0.056295198751763253
3935,8,2.497542826171927,1.96798694492918e-05,3.2083122312583906e-06,2.593889673445637e-06
3936,8,2.766906093119121,0.005575915387211611,0.0006130348613281622,0.000496843928181724
3937,8,3.3112004849708607,0.05634096532602269,0.015207891695123401,0.014532692445478295
3938,5,3.1120380917692283,1.333102200941195e-05,5.727836752081357e-06,4.278111030556888e-06
3939,8,1.5109182154978138,0.008317879724259082,0.0001999957230378131,0.00021383676975252443
3940,15,3.2424245471101845,0.00010936316850914452,5.088599915438048e-06,4.421175130872615e-06
3941,11,2.0094854589607842,0.0001278103786985917,1.0480803099034707e-05,1.0128770030552599e-05
3942,11,2.880208401668099,0.0005569514915697665,0.00010334088309978348,7.624538475763134e-05
3943,5,2.5760926265265316,0.014165291490608925,0.001554234096111824,0.0018771915002803131
3944,11,2.2291824671913063,0.007197531582778184,0.000840566767005527,0.0007665496462379398
3945,11,2.038023811607684,0.00042722051665372774,2.8844971192632487e-05,2.408097127284252e-05
3946,5,2.0547025792503977,0.02297160245945089,0.00047969746989604423,0.00041113226070308014
3947,15,3.4807333731128294,0.005176899196989201,0.0005928004305037371,0.0005805756995130323
3948,8,2.831467771910944,0.3551810428606795,0.06616508339299793,0.09674608095980822
3949,5,3.0278735561627745,0.0007913645789267571,0.0002584065575406761,0.00020037080925314137
3950,5,3.2156167179375563,0.008856380462822716,0.0016193395477354894,0.002886579559322718
3951,5,1.8405479434940588,0.009018830565540415,0.0008412340371077855,0.000878950778617416
3952,8,3.492066012078828,0.0003108133269022178,5.349767767385729e-05,4.215803060158397e-05
3953,11,3.9391304410128978,0.07381882128443741,0.011892161851260654,0.01535282393692326
3954,11,3.471922802258727,0.3902226304939133,0.05835218679023088,0.047481778718279084
3955,15,2.19317296639184,0.06072412798606556,0.0072568261484020685,0.005641449534653891
3956,5,3.269168283586015,0.12509503120159302,0.04002623776141487,0.035494266797909665
3957,8,1.9226039820206349,0.004609310930296422,0.00025139364565798794,0.0002999781776321869
3958,15,3.3212553905771727,0.009847417336457187,0.0015900927112618465,0.001290465921686873
3959,5,3.0692258756915014,0.0014433011833344072,0.00044276674755672305,0.0005078014291530707
3960,11,1.854644180522222,0.002427724700055192,0.0005123786667615768,0.00041616195394766496
3961,15,3.023313464628942,0.00030461200546073067,6.154862562392548e-05,4.634599600228134e-05
3962,11,1.9645933918164513,0.0018033795184006886,0.0004443644740560398,0.00039173176422522697
3963,5,1.9918718431387155,0.0011560327529848999,6.450442777892038e-05,5.78512245347856e-05
3964,11,2.0682719168245236,1.3096510625941034e-05,1.7865895516715903e-06,1.679801153102734e-06
3965,11,2.6036574660588507,0.00033258508264294174,5.295823246889699e-05,5.076154555292997e-05
3966,15,3.3152383771127263,0.0001367049493481677,2.9142851207104002e-05,2.585918828975456e-05
3967,11,3.837722509930941,2.346552157769891e-05,2.768434574008041e-06,3.1942586596538803e-06
3968,15,3.3859125324321235,0.002247384982770082,0.00020098410214588986,0.00019419972988791014
3969,11,1.9257029518578284,0.1001532720617418,0.019418008191741443,0.016069369919345572
3970,11,3.980038032016942,0.013889384607668828,0.0027666576340750343,0.0024108096552959
3971,11,3.5996894179684604,0.003844300344212068,0.0009278762408991613,0.0007929008957973707
3972,15,2.0315475543790447,0.007527604078219884,0.0013756388243198554,0.0011017758943195218
3973,5,1.9329257739804973,0.0007719773265917987,0.0003163794215538441,0.0002733094682562501
3974,11,3.539882316216048,0.008018901899884308,0.0012663288600605652,0.001180988380619648
3975,8,3.2163433206889502,0.16568285832980936,0.024267068689828454,0.020534336365047874
3976,8,2.7119932407079754,0.054485129585833056,0.007113212812280099,0.006005809461515495
3977,11,2.803667053989252,4.8566646266214855e-05,4.2323250590485795e-06,3.666973872423268e-06
3978,11,3.734486088376895,0.0572235927182567,0.01325689605232154,0.010714293555703379
3979,8,2.337320668164881,0.014736786533474206,0.0022292169821572106,0.001735120582679949
3980,11,2.913941549660513,1.0710527509695206e-05,1.2152778265006137e-06,1.254793762078181e-06
3981,5,1.5960502304913256,0.05062422597163023,0.008734804611188144,0.0094135804322439
3982,8,2.673114683810809,0.0010024706323049214,0.0001471145393787772,0.0001219057207749384
3983,15,3.202860380218289,6.187661184462985e-05,4.39761770964173e-06,3.831678763164534e-06
3984,15,3.5586695534051946,2.0311133476583863e-05,4.87758396033123e-06,6.16597266937569e-06
3985,8,3.8432687395339986,0.001995208758232415,0.0003828899927424932,0.0003251876764211533
3986,15,2.2519186615420517,0.0007783128970851818,0.0001467913410346638,0.00011857926803934574
3987,11,1.826217833771452,0.06937319503571644,0.0019902322811805213,0.0021175170935525222
3988,11,2.2346810110003528,2.1743240973414835e-05,3.8035524367850515e-06,3.026547536177397e-06
3989,11,3.4339443308816504,0.013861312062566609,0.0022920783471833354,0.001950031190063009
3990,15,2.291970436692059,0.07070533451372285,0.011073103264448488,0.009597362740793298
3991,11,3.4190595315407464,1.4408721160666914e-05,3.4458113421967848e-06,3.012370350018647e-06
3992,15,3.6815054160950993,0.0015234386713375851,0.0001595682920432454,0.00013756816317448016
3993,15,3.6524881370613107,0.0011930067598932025,0.0004502838404399677,0.0003546390503501845
3994,8,1.5572954093667852,0.0004841397231290163,0.0001394497699195786,0.000128469108538849
3995,15,2.1362167300755033,0.053196128648038216,0.003238371481994547,0.0050325945646933715
3996,5,3.992823617172768,1.5353727389586698e-05,2.8777557484613587e-06,3.5528595848838258e-06
3997,8,2.9388121936733196,0.015346719182129194,0.003266995567493928,0.003758174563442276
3998,5,3.7713616744373906,0.006803550926815283,0.001310388542989953,0.0011343071182433838
3999,8,1.5865168199703839,5.859258559143603e-05,3.885705887784847e-06,3.837379771227847e-06
4000,5,3.8528397874629396,0.03440184975212518,0.007330567396229618,0.006464426934288178
4001,5,3.7014814764484587,0.00017352601325803905,2.326386608358958e-05,1.888779496546212e-05
4002,8,3.844924395598315,0.025046799500103013,0.005619971210649577,0.004800779919673866
4003,8,2.3514014946031883,0.0011333835223535642,0.00020057030634353833,0.00017970199555086524
4004,8,3.580382634042092,0.009489367202532455,0.0006487471698387199,0.0010894622665658506
4005,8,3.4155375526777556,0.0015341210381550807,0.000296607498746602,0.00031501989381293045
4006,5,1.7500656035017859,0.0005479203888346524,2.409805218770854e-05,3.128995708553625e-05
4007,15,2.4370616512022516,3.0239157641524823e-05,3.362086721482368e-06,2.924314902072384e-06
4008,15,2.1521034378460913,8.620501787827803e-05,6.9382403675060746e-06,5.600937439691273e-06
4009,11,3.5498028028961786,0.06792269143420919,0.018151848585662912,0.01942553418912362
4010,11,1.9228417551860968,0.0007000581995253452,4.480813695933348e-05,3.9790868613119274e-05
4011,11,2.7018751119887643,0.05442570430330817,0.016766992946601816,0.01229749180113272
4012,5,2.7971527665476956,0.044308362859880664,0.015941727289706113,0.016165941152078048
4013,5,3.9179832959752003,0.000716876823789123,0.00020823086543862086,0.00021446995916432938
4014,8,1.8335287177907365,0.0007292017788046585,6.202653539420894e-05,5.455343399928837e-05
4015,11,3.4783699629664024,0.00856787693263393,0.0016716907891291682,0.002222862162355256
4016,5,3.5740496751183066,3.19085002526338e-05,8.639327168513813e-06,1.5720173049950673e-05
4017,15,3.3208019866899643,4.882263964459675e-05,1.1466636335229602e-05,9.965715773962655e-06
4018,15,2.69057561104225,0.0001532779921686454,2.0352272807323563e-05,1.7252730242142278e-05
4019,11,2.7744398073571537,0.002367004292656381,0.00022569709176352843,0.00028841271364500923
4020,5,2.644228566020836,9.823719489276492e-05,5.1977024896748255e-06,4.928531071062904e-06
4021,8,1.9855672538155509,9.919698387660717e-05,1.9046288899520104e-05,1.511209819556375e-05
4022,11,2.2376709466416145,0.0025117569978397297,0.00021275041183629824,0.00019170626647400718
4023,11,1.7489354489993385,0.0001742296932956731,2.161469652055449e-05,1.8178520539810645e-05
4024,8,1.765085991651119,2.9999737618058093e-05,3.2134131492154553e-06,2.743260170762054e-06
4025,11,2.5885588205913583,0.007787804661796044,0.0007073354758379096,0.0008476134407881194
4026,11,2.057604385477428,0.03023704629013172,0.002558929166428722,0.0019966053977198946
4027,15,2.9149652877512073,0.004531607419540696,0.0003965583950061056,0.0005145290600652708
4028,11,3.325967624282895,0.03421130123090651,0.004114496213848399,0.0034364704267197117
4029,11,1.6671385685096265,1.1682948408820953e-05,5.971454924222618e-07,4.7291302967987787e-07
4030,8,3.3302930776863215,0.03632647704018262,0.005076923744161069,0.004989281993355455
4031,5,1.6352445420917794,0.00023029412170473906,4.087762790289569e-05,3.2268525988844755e-05
4032,8,1.8185299973285076,0.003399085245448514,0.0007301517548890571,0.0007172936378225025
4033,8,3.0047040961127935,4.620910851234306e-05,1.099930754463772e-05,1.1108273335384169e-05
4034,8,2.4479587901644866,0.000735082117449988,0.00027341558051460893,0.00026390891881340013
4035,8,3.302490039300699,3.565803589605895e-05,1.6980849150654922e-05,1.3629991897639998e-05
4036,5,2.70566434918745,0.007145557488367522,0.002678179013638417,0.002131186547203373
4037,11,2.938004249588504,0.17665411641343942,0.032338804346181096,0.027801430708491892
4038,15,2.0718058335283716,1.6570063929964528e-05,1.007572603666853e-06,8.706248335548731e-07
4039,8,1.8484717794115353,0.02670787684942651,0.00539152642708169,0.004415665984816433
4040,5,3.0010484225762206,0.01631386309392405,0.002119615719135835,0.002653903910923143
4041,11,2.8357878168386246,0.002690098783405474,0.0005132380331926386,0.0003827960644803722
4042,11,1.8719115649963356,0.00033059946309234415,6.016800552727628e-05,5.2809983035776155e-05
4043,15,3.1204396381461894,6.0568550453197455e-05,9.13064148468099e-06,8.22545267185377e-06
4044,11,2.6854942765260454,0.04829480378114705,0.007125393777837587,0.005830201998308202
4045,8,3.3607145267057295,0.00022866620371384954,6.548625169761643e-05,5.1652445529511944e-05
4046,11,3.675978310241084,0.00026405924992630353,5.6272856040956754e-05,4.922839704051556e-05
4047,11,1.5514175184266017,5.026828715851769e-05,7.870040115131514e-06,8.048303292308045e-06
4048,8,3.3598126459615076,0.2008460295584611,0.024744335268316653,0.021490577346548176
4049,5,3.5754056940044623,0.052322294463126945,0.020808020697621506,0.018735763713303984
4050,11,2.5882159685866477,0.018105507413721505,0.0027437525617396035,0.002277990820550491
4051,11,3.6948756855008456,0.011797819459264029,0.0032381861344386986,0.0030886183922678207
4052,8,3.2685333291028438,0.005349690425847345,0.0007752011238204664,0.0006575105797930124
4053,15,2.2079200851929293,0.000495357866317513,8.44021832135467e-05,7.081400550498476e-05
4054,15,2.524785717839751,2.7861444985950546e-05,6.57639729655416e-06,5.352357590548506e-06
4055,15,2.8606487067756494,0.044576454188146375,0.0010064998708219732,0.0012075038058368768
4056,5,3.8271570241936774,0.0007737678552306716,4.5837298451085014e-05,5.185536273053429e-05
4057,11,3.5468433333440252,0.10490948408433431,0.022604907901326993,0.05408655412430878
4058,8,2.694754398794064,0.1420001902937231,0.03585481271478244,0.02976416844418979
4059,15,2.400105503209932,0.007998588383316728,0.0013757748252099227,0.0015679673490719512
4060,8,3.174325481223126,0.0961779521241033,0.017293945209788948,0.01424614060055141
4061,15,1.6996917868438095,3.3789516081886046e-05,5.06700699897993e-06,4.29680526284292e-06
4062,15,3.007808863141212,0.0028245885096054783,0.0006002968028921728,0.00048523115621547543
4063,8,1.879339529484028,6.967052496951189e-05,1.526845340475925e-05,1.573672631588044e-05
4064,15,3.6721966516443194,0.002225474751955926,0.00027860516503146974,0.0002470736606881207
4065,15,3.9067597206560505,0.0026526010086792722,0.0005720570676009209,0.0004441880928985744
4066,8,2.620753094217573,0.11786046932653056,0.030113584479307162,0.025791019789733065
4067,8,3.0547403854885737,0.09356871845007414,0.011950350990092824,0.009403875693471016
4068,11,2.5717544531081593,2.342051318012177e-05,2.2644592693066836e-06,1.8534470125216677e-06
4069,5,2.443253985498235,0.2782406748804002,0.048020984375454906,0.04143575914803688
4070,11,3.572651198350709,0.0007031845716056723,7.588682691902333e-05,8.96778156441578e-05
4071,15,3.1372010310430425,1.7790672530617968e-05,1.8979631424192531e-06,1.684765329715679e-06
4072,15,3.0304409032205664,1.047477149567658e-05,1.3418910750103765e-06,1.1785977696764658e-06
4073,11,3.7867231169279094,0.03899537630478404,0.013008926988483058,0.010760998248155863
4074,11,1.6389143811756748,0.059754521755455814,0.0031812561067586205,0.0034020185860129545
4075,15,1.9293308371218618,0.2443199090812032,0.05076218133593593,0.04152809698446735
4076,5,2.774313579825146,0.0021515237370510923,0.0007115516963330301,0.0005816880338054488
4077,5,2.2507596015743805,9.435654387099346e-05,1.0732446640288554e-05,1.1011671108960047e-05
4078,8,2.8679972956411026,0.0005310774837477093,5.097896843818745e-05,5.16167173862925e-05
4079,15,3.893426408031297,0.05322505495269645,0.009009167949376649,0.007217588902032161
4080,8,3.384207948048901,0.005336234970404893,0.0008334162435290455,0.0006200937990845709
4081,15,3.0054048676668366,1.398092967836416e-05,1.3666637446515585e-06,1.3929754832746932e-06
4082,8,2.476026713137096,0.004289751528144185,0.0008147796290691776,0.000689025973872581
4083,15,2.1606163535380247,0.017753423919746762,0.0021866897378008537,0.0017573644602655954
4084,15,3.83592871877403,0.1962086228813832,0.042670293877805784,0.03420632012117992
4085,8,1.87548287984305,8.546693918934438e-05,4.0917289164352525e-06,3.3278918869652147e-06
4086,11,2.6820623330283144,0.00022570896637444835,2.4872421912623066e-05,2.0153709619970815e-05
4087,15,3.5383801135922206,1.3193711769238367e-05,1.9966168320471875e-06,2.027139167690431e-06
4088,5,3.057955206995633,0.0001435824305824596,3.5682729637877e-05,3.5264619018240766e-05
4089,11,3.3250196028189656,0.00034773791816049217,4.148465411682351e-05,4.2893825555362845e-05
4090,15,3.696589311466544,0.0016447622612906299,6.995093170456408e-05,5.956629007159925e-05
4091,15,2.4127640318377153,0.039601212857781704,0.0026324216859988075,0.0029097788159349646
4092,11,1.7668962207111836,0.034325245833397744,0.004574510855719697,0.004116121323960433
4093,15,2.6639958369403893,0.018046624243338256,0.0019059235173710018,0.0016727170430842942
4094,8,2.334438573980771,0.09277743256500581,0.013747705811957073,0.012377042970643199
4095,8,2.4387393663833348,0.055804213731258774,0.013779229631043641,0.01318550593893065
4096,5,2.441100563198998,2.3119557721177865e-05,7.81170702711658e-06,7.035925834783948e-06
4097,11,2.337607881940608,1.1126675430906209e-05,1.3025666084667378e-06,1.0264101904488986e-06
4098,11,3.7780653775624846,0.005137069771677263,0.0012037822685245503,0.0009512153302305471
4099,5,2.4676141532007656,1.1858967926817773e-05,1.3520445391786969e-06,1.1242074980258975e-06
4100,8,2.26902371103186,0.0025865226030712773,0.00020339064623414957,0.0002833163518326551
4101,15,2.437215634444855,0.005532567771199778,0.0013758018890313289,0.0011445108681496779
4102,5,2.354873889044435,0.002457997164339184,0.0005409281626437845,0.00045869486061656233
4103,11,3.3977440421461726,4.074791040960026e-05,7.969811665534559e-06,7.382858149892478e-06
4104,5,3.5333984300032673,6.062547398842417e-05,2.0041858594172715e-05,1.7770892272735465e-05
4105,11,2.9491345739722776,5.067444836955753e-05,9.979012053604206e-06,1.2249197749374033e-05
4106,15,3.940701792192011,0.0006487536886485225,0.00012047693283224463,0.00010614358232474388
4107,15,3.9926946739519114,0.05270003545128929,0.005694989544341154,0.005343638368352871
4108,8,1.6320687707854784,0.03983278953278598,0.001982198603340456,0.001825194121859353
4109,5,3.6782497909324814,4.5496691652663575e-05,3.6239887966473254e-06,3.707406455703897e-06
4110,8,2.6284786288369206,0.0020978249231030214,0.00014095114685398644,0.00017003227983783902
4111,5,3.6092519630907827,9.111624906846775e-05,2.530758525479043e-05,2.156176199347415e-05
4112,5,1.6346498630345025,0.012570122466532704,0.0026395674118097788,0.00438867637319461
4113,8,2.9458942525542886,0.00014288476989293656,3.000540565576193e-05,2.6466795082668076e-05
4114,8,2.1721942311264577,4.3035992426125976e-05,7.434966800712705e-06,5.5730998181951505e-06
4115,5,1.8078386472930508,0.004744583007809201,0.000616959313797367,0.0005585793786006794
4116,5,3.9566713566043448,0.0002675879256622922,4.012453828402303e-05,3.7864945275942227e-05
4117,11,3.0573950658395415,0.12803078836145163,0.017773521058764466,0.01475047372152622
4118,8,2.47335394335195,0.03217987451541596,0.0033997841911897774,0.002617149090424373
4119,11,3.4227799304396966,0.0023165884637061677,0.000430083649594535,0.00043465746076616407
4120,8,3.0977693703261124,3.468277730210523e-05,1.332026337859999e-05,1.4750409677758414e-05
4121,15,1.7319094626525766,0.0065833868615636825,0.0006573885757661495,0.0005395879593102245
4122,15,1.752220181154616,0.03830532129309328,0.0016763320421156968,0.0013167082066289173
4123,11,2.413593665437758,0.011067151083964975,0.0014267286294745681,0.0016852263443043285
4124,15,3.33243610794522,0.08640751685318879,0.010933337477976233,0.008723423428270663
4125,11,1.5950658037691934,0.02870583516217591,0.005275427437825652,0.004645777127544479
4126,11,1.5646929691849618,0.00036692038816415806,2.8196472416423674e-05,2.2757340030091986e-05
4127,8,2.3669688591076916,0.01394656517085934,0.003639523682211477,0.002796685054610622
4128,15,1.8292040141822203,1.912239120485182e-05,2.407839196815951e-06,2.0275661568920027e-06
4129,11,3.5711461954585433,0.05203352999747364,0.00534943630879706,0.00631214057771513
4130,5,3.568692033367917,2.784001068097903e-05,4.5099937144123245e-06,4.45125099343357e-06
4131,15,1.6475181381005843,0.00010790783056780273,1.3324932788724208e-05,1.3493367083997752e-05
4132,11,1.8888270359524948,0.028399781295830928,0.0023711777052257245,0.0023738082964957882
4133,5,3.228910034337478,0.10823192195658744,0.02202241803326402,0.02792743865387198
4134,15,1.8704729628403303,7.00199950528897e-05,7.793350347079606e-06,8.773311501950105e-06
4135,11,3.2761751877660483,0.024006406188933266,0.003227655895933011,0.003607576270070909
4136,8,2.7076542167294932,0.00040332078019411416,0.00011773571384605744,9.174007880098665e-05
4137,15,2.576188431909725,0.007034302861217174,0.0009528292994906362,0.0007759854291862272
4138,5,2.6833838639905343,0.2249623306673836,0.042965282255533775,0.04351209217578334
4139,5,3.2105093307480583,0.07136285928103608,0.013813451568274755,0.011284602539884862
4140,8,3.686868170775996,0.16591402921996945,0.04014654201240183,0.03784984869147885
4141,5,3.5883127665693166,0.0001915259198654924,5.646405419220127e-05,4.453891062050078e-05
4142,5,2.4390856458113737,0.0047344266075743414,0.0007629957440455771,0.001042731511764593
4143,8,2.8048425802331574,0.0763622133311692,0.012346767091374713,0.01041041655030668
4144,8,1.7011023494098827,3.10324709032037e-05,3.0265630956147494e-06,2.5408908943776356e-06
4145,15,3.725221222288357,0.0010396850061523246,0.00010859851713373075,0.00012093188228319565
4146,5,2.3887628469182824,0.0880212612958551,0.03514295693480888,0.029124714685011176
4147,8,3.7223814073913184,0.00035283764521726286,9.750571522428787e-05,8.86838446226899e-05
4148,8,2.489634775929174,0.0001732822149389885,1.9908285888927237e-05,1.7476431116629368e-05
4149,5,3.369748924907764,0.0035775254338424748,0.0006387463729495339,0.0006684980478073196
4150,5,1.596270528515419,0.21455373920369922,0.024416189367347244,0.022095755284508484
4151,8,2.630850896148314,2.4990672882513742e-05,3.2714595426562895e-06,4.195646081360555e-06
4152,5,2.827749487491335,0.15349888032623535,0.05275598601382449,0.046887145270085515
4153,5,2.832324028134912,0.001743097336830539,0.00021236631403422808,0.00041405645441063547
4154,11,3.2693400440619405,0.007296238165857175,0.0012866021127133321,0.0010135445905227578
4155,8,2.3796255878831647,1.541125261100196e-05,2.3468397529999253e-06,2.6062343638158803e-06
4156,11,1.8851423378458567,0.000984865619560939,0.00022933099694268024,0.00022946641348861954
4157,15,2.516757039525976,0.06735548124062855,0.007629007508285792,0.011296629560994432
4158,5,1.8378127031741407,0.0007896937521138966,0.00011925642478648725,9.660524627640224e-05
4159,11,2.159021765013764,1.415793715387903e-05,2.3225900422468174e-06,2.1871033456571938e-06
4160,15,3.0267596851875576,1.9646309081659255e-05,2.441714616525996e-06,2.335400831461382e-06
4161,15,3.229179944341315,0.00011842184195996506,8.283973876443654e-06,6.43624234265756e-06
4162,5,3.697199504022163,0.00046336234531333927,0.0001320228559659266,0.00014327236939889093
4163,15,2.34075528517295,0.07343860284840036,0.009261029124626563,0.008566389791153461
4164,11,3.1053511784369174,0.002614262289369036,0.00032583565455715036,0.00033530083608503
4165,8,1.6698613806878235,0.09079343328601784,0.022016379917391606,0.020852062368915725
4166,11,3.674760030405464,0.022040834772232707,0.00588309014389134,0.004655941075139536
4167,8,2.3770886806062195,2.2505006902877855e-05,2.411030881896167e-06,2.1054339727536838e-06
4168,11,2.549007274689032,1.2995910231448611e-05,1.6941898191829304e-06,1.5590172421115486e-06
4169,15,3.32242852325154,0.012586700788951452,0.0008234494046666177,0.0007173432248667394
4170,11,1.999953321787507,1.2197795956698178e-05,5.839469804519594e-07,5.391110973188327e-07
4171,11,3.1631397079213475,0.001156055960194549,0.0003150498054973931,0.00026731185491950254
4172,11,3.099240383402802,0.00596445614602848,0.0010718984183305386,0.0010839331688711343
4173,5,2.4134638024480486,0.0027556846042215773,0.0003375471621055217,0.0002870069878212594
4174,15,2.624760404050478,0.007553664678186089,0.0005807666215152503,0.0005381024459017795
4175,5,2.4510556401820653,0.06681467158536429,0.01842943795564643,0.015501196917911927
4176,15,2.1943193807311854,0.01133797581839691,0.0015010622721517673,0.0013393925855433348
4177,5,2.5722930956417427,0.0001427295015774863,1.6971489872002484e-05,1.5675635193297782e-05
4178,8,3.432153330006807,1.779604767586016e-05,3.1826457283474467e-06,3.3137192245984326e-06
4179,8,3.393373468118336,0.03926114256857145,0.006374207703122536,0.008041997245015942
4180,11,3.5205787270495357,0.0008444812448269915,0.00013570048709929224,0.00012193315976033467
4181,5,3.118043166537427,0.0001930188281003445,3.6707031815377975e-05,5.210009802974223e-05
4182,15,2.7016050254167747,0.06127718528283781,0.004331722758213828,0.0034258925960604495
4183,8,3.2057259670972904,1.3878912973147855e-05,4.29811941489045e-06,5.865462903210134e-06
4184,5,3.0775154593232386,0.000173104158408407,6.428399366253471e-05,7.0296242764033e-05
4185,8,3.572111793995609,1.9871619388596558e-05,2.5206537422806656e-06,2.7447024100757817e-06
4186,11,2.704762144696229,0.02123983910945567,0.0016870827979613302,0.0015564776124996037
4187,11,1.9743121517292657,0.0006062041817982086,3.9487565005621557e-05,3.2238402876076784e-05
4188,11,1.932900394378787,0.0010539666908780461,5.7664383283949855e-05,5.401760119891601e-05
4189,5,1.9482711257070549,0.02845860753643803,0.004318619372285902,0.003888553979468194
4190,5,3.5754260822385673,0.0006876422284088673,0.00023171894247534175,0.00018062805176865951
4191,15,3.5489929899449684,4.529255048832553e-05,8.680627801396303e-06,9.168964836234332e-06
4192,8,3.3974556882456115,0.03209694550310227,0.00842548588774623,0.008924750167966872
4193,11,3.8162296135042073,8.84113810619756e-05,2.752904339793236e-05,2.6724860672409268e-05
4194,5,3.3344126351285266,1.6457902527356624e-05,2.6666289646071304e-06,2.1366763461263318e-06
4195,11,3.3377447247687986,0.05943061768293968,0.01782908293281041,0.014532245752116068
4196,8,3.3978179623552576,0.117130540116341,0.04695892770064015,0.03573839652199861
4197,5,2.5166301754515956,0.0002631058794935185,6.967354931483836e-05,5.8490977068618054e-05
4198,15,3.9484075149908398,0.01776682263384049,0.0016612316635930776,0.0014953857296727425
4199,15,2.8892911205888456,0.00037409043047732484,2.8864347991030723e-05,2.4708064382812668e-05
4200,11,3.4820548517823102,2.530550743686058e-05,8.840556288128165e-06,7.2914126134836415e-06
4201,5,2.8831281988804998,0.00019804370928204048,4.133705831189479e-05,3.336722338183824e-05
4202,15,2.174343979719156,0.003927533001786612,0.0003527561888355728,0.000280275463648431
4203,5,2.1756293041005654,0.014392680680573368,0.005355400916645254,0.004069539023179708
4204,8,2.2634404156405923,0.05023121072865559,0.006765605703592925,0.0063938805080376
4205,5,2.001759565277558,0.03123501308234396,0.004096983270835901,0.003749639296997142
4206,5,3.868159397813402,6.421230412912956e-05,2.026454295834052e-05,1.5318134979085338e-05
4207,11,1.9404926071235795,3.552309150006613e-05,4.546105271073732e-06,3.5180381159408473e-06
4208,5,3.9157990716914886,0.4611805849042176,0.1078793324303693,0.0796267621252141
4209,5,3.69678822388349,3.4328828933470666e-05,1.4222869943445598e-05,1.1393588665079822e-05
4210,8,2.8918053000075807,0.0001527487968011206,2.666345563283664e-05,3.074375828746378e-05
4211,8,2.071647834313185,0.07430281644704408,0.0027770840850104075,0.002649630003341972
4212,8,2.4043998927315333,0.0009428586698298616,0.00020240544564128574,0.00015794175316800275
4213,11,3.5077982231387894,0.00010233195036685065,2.0171181144876294e-05,1.7230479832837566e-05
4214,11,3.3995359509450784,0.0013938022471480522,0.0003015022037886141,0.0003283406858725298
4215,5,3.3019995397189645,0.04390521982836946,0.015897374801318327,0.013644859856300718
4216,8,3.975350383640503,0.0018428067531843875,0.0002456210258048255,0.0002466168097400823
4217,11,3.643092084238957,0.0028830039743715876,0.0006925558006727167,0.0005782783831643518
4218,5,3.5551760982528995,1.942837424947468e-05,2.978122790103991e-06,2.4994180385964033e-06
4219,11,3.660552688695271,0.0012412994576413692,0.0002787284787605926,0.0002428177645327057
4220,8,2.306878401409045,0.00029313592734300336,5.471794264951033e-06,8.892507823503216e-06
4221,5,2.8006587671598995,0.0006171977054183063,0.00027306445562639387,0.00022668083538653045
4222,15,3.1730363292005466,0.0006789340901640574,0.00011851334999428775,0.0001253360559092782
4223,15,2.942088967095339,0.0014419893627267125,0.00011505682982777573,0.00011233736573746014
4224,15,1.7680252834462653,0.0008716366217551341,8.90312449084695e-05,7.802134704848205e-05
4225,5,3.1128505680345784,9.938543175491296e-05,1.1220861114128504e-05,2.6803277687127613e-05
4226,5,2.1027575116014274,0.00019153047547488706,3.527751234778119e-05,3.4442419717804715e-05
4227,15,3.5452338153679115,4.8341664299175134e-05,4.626111083005619e-06,4.0991481170322756e-06
4228,8,2.4984634628843243,0.0005824001798794245,2.759521585086394e-05,2.8202310562843127e-05
4229,8,3.446461346375774,0.0007239576184542793,0.00017234645861349772,0.00035696185556768017
4230,11,2.253744624781956,0.07619964942672938,0.012621842125951781,0.009738431114477737
4231,15,3.2412567032510755,0.06389254427688425,0.010606004279376,0.011160614556767293
4232,5,3.202980390536651,0.00011035259072856054,9.88508454726311e-06,1.1495553348599093e-05
4233,11,2.257164183773,0.007459698305478612,0.0017794353034823178,0.001384002593039461
4234,11,2.8763602423271157,0.08450634716117139,0.003118740089688347,0.005605010468249868
4235,8,1.9810028430680733,0.0005596104321020677,0.0001418251701337237,0.0001397970695899801
4236,5,3.552314345981763,0.00024435743893096173,6.359188377310642e-05,0.0003932928626761393
4237,11,3.007930922289932,0.004148211036540144,0.0012287814160633036,0.001179155362544409
4238,15,3.2582957585710752,0.002302425003674791,0.0002070871785862608,0.0001958123125785596
4239,8,2.9047805029662026,0.2476761925334048,0.045511762493439495,0.046573266325164786
4240,5,1.994346594672477,0.0006880009416857878,5.4705808732956396e-05,4.6228917740658166e-05
4241,15,3.296317480008294,4.8151758226264205e-05,1.0596289940938014e-05,8.347148615447292e-06
4242,15,2.1508962585217386,0.006720669341761808,0.000870531145121023,0.0007319856123157141
4243,11,3.3592183682359478,0.0014423843228095255,0.0001388286406149338,0.00026168285336102286
4244,5,3.9168697424676995,0.21047679857258023,0.08926118013319254,0.06911405442864799
4245,11,3.393731621337213,0.05330140215266337,0.0048043729244422835,0.004777082708037163
4246,8,1.8534506921759464,0.00019574625247027177,3.9093439475004815e-05,3.789096599876074e-05
4247,15,1.655007029619931,0.0008805577083153259,0.0001083831571236847,9.472904557166301e-05
4248,5,3.88398969178056,2.0482323897183808e-05,4.362329659069951e-06,4.815529976403342e-06
4249,8,2.9052031244531884,0.22772889807082275,0.06106171037010922,0.05001118193606246
4250,8,2.137590482160924,0.0029772441707341395,0.00025777326530101747,0.00025241284654267784
4251,8,2.118304001294994,0.31476953309147765,0.0525211220508221,0.04116352694444099
4252,5,1.5493123155162958,0.0008174009893257519,0.00030672840639381496,0.0002815396688740581
4253,8,3.884677912541137,0.0007142460797946479,8.785212469570607e-05,7.765983140010444e-05
4254,8,1.604088132848438,7.568522320046923e-05,8.368758110240026e-06,9.463361962973579e-06
4255,11,1.5618464598925519,0.002265839015157047,0.00011522858495256385,9.181328278687594e-05
4256,11,2.0082651074817965,0.13426558487520485,0.0027528945630239735,0.003115271611738055
4257,15,2.1795792706740675,0.0021566880319438403,0.00010075668759533825,8.358514409805629e-05
4258,5,1.7059834654190857,3.565205455842683e-05,1.8565948880452966e-06,1.5222259832241126e-06
4259,11,2.8939685367923427,0.004237712698376199,0.000812190603915116,0.0007735766938372681
4260,5,2.4356087503408315,0.11536812294858056,0.020692069356121348,0.021452422809167104
4261,15,2.351252764064489,0.01641075708026751,0.003470078498574575,0.0032270161058147837
4262,11,3.8244322490736873,0.029916033999441857,0.007173406859346039,0.006135856829180785
4263,5,3.1127777867916375,0.00015979011100201326,6.589540802876497e-06,9.086985634186819e-06
4264,11,2.4289323784331347,0.0034762334245729146,0.0004604654375290289,0.00037732831288407115
4265,11,1.810427915549879,0.0002348945250248099,6.209017810750116e-05,6.19121681622302e-05
4266,11,3.4092738255779826,0.057089865079220675,0.00869130508534735,0.007311464551681014
4267,5,2.5388706409122146,0.001753927742647854,0.00020659791524074464,0.00024681486798369895
4268,5,1.633892706234234,0.005210540947056123,0.0008051457422086844,0.000701778081999389
4269,8,2.123788563097534,0.014882665824722755,0.0018149112567841575,0.0016579170093506124
4270,15,3.7714090340627484,0.015677631353718663,0.00375495606283909,0.0030428355304519647
4271,5,1.9571841012604372,0.10103768495726406,0.024697427444988568,0.01967928071226438
4272,8,2.4235032440459285,0.004612654205527512,0.0012138067906852267,0.0014407046612547275
4273,15,3.287503270206879,1.3200174854088345e-05,1.5904405566631635e-06,1.7532282977942177e-06
4274,15,3.5302362854388494,5.8173635283892935e-05,4.193788165766462e-06,6.644103443279348e-06
4275,5,3.736550681535498,4.911461531755766e-05,5.284207346650399e-06,4.6812235411678065e-06
4276,11,3.5745056686825576,0.00681089177357254,0.0008032903688090212,0.0006610944515638588
4277,8,1.6545858781482037,2.4141329588862473e-05,2.1421540697348533e-06,2.1564042484880337e-06
4278,5,3.8851451027968196,4.161379435324479e-05,1.4266025127407474e-05,1.0709160605857056e-05
4279,15,1.678725662558012,0.0025589522552135866,0.00021822129185849229,0.00020851580444858982
4280,15,1.507851222216226,0.06055335338645821,0.0014881829041370539,0.001391661907004296
4281,8,3.6577860828893334,0.0008072053767583045,0.0002128233940012754,0.0001680230445824429
4282,8,1.8398190830259418,4.644920489691408e-05,7.284039470441703e-06,7.774039609950113e-06
4283,5,2.660227559648344,7.694333336021527e-05,2.7797395778337415e-05,2.1229603130766053e-05
4284,5,2.1336982965438076,0.002769916517292084,0.0003635167145719327,0.0004226554669344273
4285,15,3.6514718785976155,0.000484372121591539,4.30759216001821e-05,4.817900400049415e-05
4286,15,2.3314864777839084,0.04275653121255318,0.0038151813000580543,0.0033316052058902394
4287,15,2.58506867853848,0.023126993056625602,0.004233978804849292,0.003955970023914679
4288,11,2.208954325661912,0.004096412431054629,0.0011622380806090658,0.000991215539884846
4289,8,3.6105481527420276,7.140457493614292e-05,1.0248745176368504e-05,2.046565313978205e-05
4290,8,2.4867460399352064,1.0334488686554491e-05,2.1439575012834494e-06,2.370952037371004e-06
4291,15,3.2251445415296787,0.011181343463505264,0.0002695766163717468,0.00033787250377629793
4292,8,3.8036546339018806,0.039645545342548216,0.012228727791987663,0.015278005256320575
4293,5,3.707631100831766,0.08273318008670155,0.012104326833097537,0.012246535716065083
4294,5,2.98163793402251,0.01803622218244948,0.004933985681613807,0.0054710505894281555
4295,11,3.659291642552672,4.32668114782589e-05,3.845841949166215e-06,3.6524711981958345e-06
4296,8,3.7419188836885877,0.020539148974286596,0.00361123107510309,0.004450112257617918
4297,11,3.1879620325219844,0.08313746998517159,0.016367734997831083,0.01500042756774277
4298,11,1.7388321402394755,0.0010157646389061064,0.00014553046147647576,0.00013201535997077712
4299,11,2.7075768119615278,1.9560440981637798e-05,1.9736215551983e-06,1.5954918633437334e-06
4300,5,1.6062446919918794,0.03276224042843219,0.004931576856255211,0.004737341867217563
4301,5,3.0604266633104404,0.005975372257012772,0.0019275952889065287,0.0014713035911041719
4302,11,3.9574526888639783,0.0005440706020890728,0.0001460521069089193,0.00012257706671164284
4303,15,1.926227261441943,0.003599825151801851,0.0004099067610091343,0.00038225801039125764
4304,15,2.3839247812588398,0.010979951141966803,0.002268004454736183,0.001984613415172515
4305,8,2.8395797766315445,0.034745489104648745,0.005504895846897642,0.0052722987308691125
4306,11,2.752313551813745,0.00047620970725074664,0.00011534602906566424,9.484888422750617e-05
4307,8,2.412330283428988,0.0004645258213869573,3.6763240391227554e-05,3.991545158345158e-05
4308,15,1.8195841765202323,0.00012468883954431316,2.0334161781778944e-05,1.6254810256546147e-05
4309,5,3.318361913325158,0.0015041994751047712,0.0005076247648680956,0.0004072269408719906
4310,15,2.093834821125034,0.000969474590844931,2.6666415489817402e-05,2.0607830502430378e-05
4311,8,1.6715234365051108,0.00016158273710447662,1.6997172037639553e-05,1.3687281815482943e-05
4312,5,3.839211420104211,0.00018826014168573936,4.269749291648839e-05,3.50301603366e-05
4313,8,3.9717996960004736,0.0005648767368195723,0.0001418791544617213,0.00010690917554502668
4314,15,3.4534815667766563,0.0465676828511712,0.006669023642995543,0.005816394212448917
4315,11,3.175944269824258,0.003746542831426558,0.0007751561692652315,0.0006169326910958756
4316,15,2.0939705888241145,0.0008371854260487471,0.00021469943541492156,0.00018046012583327998
4317,15,1.8636549955499913,0.00013328443476119081,1.20738562015373e-05,9.429651232834758e-06
4318,11,2.9853081579805796,1.530209701660151e-05,2.3254515725295664e-06,2.3088433052871506e-06
4319,5,2.6893564569152457,0.00249946027182215,0.00040960792238219686,0.00038899156790316285
4320,8,3.4152587217517905,0.014715723572286522,0.003895029721173982,0.0033036062458770294
4321,8,1.6976916108263387,0.021700051441384566,0.0020639158726374488,0.002378896950537334
4322,11,2.5528406891254867,0.0032621012972310803,0.0006322175683437867,0.000902434798336869
4323,8,2.9327147761968435,0.0027570888152780126,0.00032147034555432595,0.0003743207211186328
4324,8,3.554828380866061,0.004427318887813759,0.001694342078015001,0.0013549869789743969
4325,15,2.5814323282446843,7.382383233226268e-05,1.1646961150766429e-05,9.270875893998869e-06
4326,15,2.6718631360395584,0.002655944898540357,0.00047571879679719444,0.0004977294925310989
4327,5,3.35981158522671,0.0692746108193814,0.020670783753809475,0.01640459855731362
4328,8,3.8990752427185598,0.0445040475122948,0.0048493836325971765,0.0042131148831383745
4329,15,3.341866893887768,1.1189590951968598e-05,1.258820592527158e-06,1.1777600285535424e-06
4330,5,1.7420583928191489,0.12389304617120488,0.026607640607179503,0.027633668504575545
4331,11,3.618821402292295,0.010055730875541567,0.002589345634969921,0.002378972591455296
4332,5,3.6143089318105908,0.013004313032629132,0.00582122184994798,0.00549359208967659
4333,8,2.4952985776468006,1.3393428704891677e-05,2.2864866812024226e-06,1.8064597713540528e-06
4334,15,3.823959443184388,2.3625469031061313e-05,6.98141716531469e-06,9.442529130042953e-06
4335,5,1.51748342866419,0.01567837744547139,0.0008165568952777916,0.0010013646980159816
4336,11,3.3581099443556215,0.10385052139984555,0.012979255788546038,0.01094319734452551
4337,11,3.3962329482639046,0.1338540060879527,0.017489316867712514,0.01442378706843036
4338,11,3.1209006864893722,7.889320157223277e-05,9.328597443639736e-06,2.2022404867570124e-05
4339,8,3.8276796650294473,0.06559171292398762,0.02115875611778286,0.017763286057348854
4340,15,3.569070862930412,0.02092899794842767,0.003812908163981201,0.003924850055413327
4341,5,2.016153337042366,5.214608369515619e-05,6.862395507638223e-06,5.5299287808233465e-06
4342,5,3.1783577236463625,0.00010667866953852377,3.2071268474165876e-06,3.341533568125315e-06
4343,5,1.6740406171320648,1.9970737056282212e-05,3.4106365830052125e-06,2.828186618723217e-06
4344,11,3.8401475718463316,0.08987957380622294,0.02238693161402823,0.01981036660484174
4345,11,2.3744546819507337,0.03869174210021854,0.008357309640249732,0.007032813100966077
4346,15,2.9412865903665084,0.034639033422491604,0.005906468873567989,0.006447428951366961
4347,5,3.30423819623432,3.330745197121187e-05,6.667572883446317e-06,5.508088813099333e-06
4348,5,3.2198816051153933,7.098501302419094e-05,1.4548336217249246e-05,1.1913313132456509e-05
4349,11,1.9878612531661688,0.1569002610071205,0.011983141378737192,0.01564247150274311
4350,15,2.4882738316277533,0.004591404432168053,0.000427987677041353,0.00037342540677076804
4351,15,3.7585740521090507,0.02659212785532337,0.004825688968360592,0.005856245360401989
4352,15,2.595663218899065,0.3235636472634508,0.01250920880321511,0.012844683640845117
4353,11,3.903524399064136,0.019721708179935724,0.0027849989528849635,0.0027395333623070205
4354,8,2.297683700088526,0.026687433548808103,0.009832138159978628,0.007241485683007341
4355,5,3.7858201366444226,4.9133086680305144e-05,1.3200093413752644e-05,1.002409713340562e-05
4356,8,2.2915360328734007,0.00011347685920923114,1.4933796492264493e-05,1.1796316559277745e-05
4357,8,3.626201833977968,0.00015620989205052574,2.865162990126149e-05,2.396475405712917e-05
4358,8,1.674063843614134,0.0009605868122325262,4.39019880760874e-05,3.937415945765113e-05
4359,5,2.466787682363525,0.02664310568228516,0.008153476154124841,0.006112295579468109
4360,15,3.4759858516891655,0.00012982323230483584,1.3884659075937128e-05,1.5357554709571962e-05
4361,5,3.7568657011702467,0.0004098536517657607,0.00010967350457247113,0.00018930453301095192
4362,15,2.840072902644518,0.03610176717444935,0.00256979436905657,0.002154806290681174
4363,15,3.555369223865184,3.0442014541990083e-05,8.272142981841192e-06,8.040024655802183e-06
4364,8,2.7302496270325975,1.0131748484655894e-05,4.181850472693854e-06,3.154369886160951e-06
4365,15,3.906456157384139,0.00014745680795790137,2.4895306514521295e-05,2.12319859831175e-05
4366,11,3.9693184323218635,0.0004689038027698662,6.41399043311926e-05,5.5205575325535724e-05
4367,15,1.7971953292817722,0.00041608477595487435,4.3716126115252735e-05,4.0199777209349314e-05
4368,5,3.120388862193252,0.0011242529221234742,0.00030595537701573483,0.0003658542834894805
4369,11,2.134766381457647,0.0003124067913567459,3.394697610819486e-05,3.25934326073828e-05
4370,8,3.053686572495612,6.056219910390866e-05,9.003301541074262e-06,9.435898960564172e-06
4371,15,3.7051042022926133,0.034503103020799716,0.004723138487224962,0.003859665271264175
4372,11,2.2670386518337016,0.006337510135205277,0.00151373808749174,0.0011725125914310098
4373,5,2.535644033231011,0.031028294279870302,0.006659130584796931,0.007034173697896443
4374,15,1.6323619977777102,0.0026255658973105274,0.00027342551282289845,0.00029549915140012465
4375,11,3.8417897936602863,0.012390240774402388,0.004819262584466355,0.0036197929326253976
4376,15,3.586489756476066,0.016863772228717027,0.0030766185332396826,0.0028741628769697724
4377,15,2.385225540802734,0.014536185898678658,0.0019041139519089217,0.0017883693389887181
4378,5,3.353169306600363,0.001366954135523425,0.00016665025551247127,0.00014278807479897724
4379,15,3.283286999519984,0.005936872571518609,0.001052845903810591,0.0008975446587110537
4380,8,3.5859544208675036,0.009215865487640489,0.0033667541791497163,0.003598875454328544
4381,11,2.194504127288518,0.001776669971544147,0.0001565441258804128,0.00012485263097296707
4382,8,2.3735483638348276,0.0005618830579470343,9.702364059125857e-05,8.915498712176536e-05
4383,11,1.7818407384306179,0.01271205814523635,0.0005276345069455677,0.0006255093562579172
4384,5,2.721972696248609,0.2496328670881143,0.023889911160404818,0.028652100359291895
4385,8,2.9757686641579006,0.11446516494460711,0.02369575307568933,0.027376602848758737
4386,11,1.911971138575188,0.0233187204390203,0.0010380293138306223,0.0008945486354685248
4387,15,2.684522010836904,0.0009717960822001464,0.00018497856396180442,0.00014014675733204263
4388,11,1.7465481861107648,0.009432250103819819,0.001546871403373077,0.0013749001475848715
4389,5,2.2051977307231785,0.1473505566808889,0.03831205373373767,0.03044796652443087
4390,15,3.9923962317624397,0.08105632152254134,0.019887217698371984,0.017547296937790773
4391,5,3.485636513352218,0.06199361098444217,0.024384365243194622,0.020262533683479772
4392,5,2.342126557554906,1.798165954148977e-05,3.843379215027579e-06,3.2281111606226458e-06
4393,5,2.0137246355873906,0.005630071948140677,0.000769164908189993,0.000631292811563552
4394,15,2.564571494754152,0.1456757448642156,0.041627035859355455,0.031842923541985806
4395,5,3.174196713064803,0.012312969190086811,0.0015976096199188578,0.0013481396467782856
4396,15,1.502563138059251,1.1945305861774024e-05,2.6918042107719274e-06,2.1283414332168373e-06
4397,8,2.543226748936062,7.969964853005805e-05,1.7012084641583295e-05,2.1826922056196912e-05
4398,15,3.1250308965662468,0.0906446595018017,0.010396681434628813,0.009654295227419368
4399,11,2.4376068721978577,1.8728688668448125e-05,2.30454170777934e-06,2.0468099907599788e-06
4400,8,2.7694396979783247,3.114566763835107e-05,4.36502664271394e-06,6.0642026327683806e-06
4401,11,3.745558396169182,0.00019744741773521793,3.2011704587085835e-05,3.128471235716277e-05
4402,5,1.6117346800991847,0.0004692584383228534,0.00011799013658849693,9.706644090613893e-05
4403,5,2.1218291405576983,0.3568063050741219,0.04662111528203261,0.03842603683554991
4404,11,2.560406270671118,0.0011804681134227485,0.0001257104911173321,0.00010888617590546008
4405,5,3.4800683940290686,0.00031791712351247425,0.00012095406080640278,0.00011162667238946152
4406,15,3.803826229869684,0.06284231720538513,0.007721917483092942,0.006723279003124978
4407,15,2.4864221044733075,0.0001490215494256342,2.555174158926285e-05,2.38371897803686e-05
4408,11,2.226051723615217,0.00024401188884258805,2.4336716204908712e-05,2.596734406980557e-05
4409,8,2.6717318531767558,0.0044962385752569745,0.00035051176333470054,0.00033689479550291546
4410,11,2.839183418975958,0.0003269345233185227,4.681064962504707e-05,3.9920830923142945e-05
4411,11,1.5033653980310246,0.040697330804344636,0.0005079221148542193,0.0005831666700305058
4412,15,3.875636792183653,0.002189597537851214,0.0005515540367920446,0.0004439938557930813
4413,11,3.5820803628341737,0.016383831147057378,0.0018352179239881062,0.0016913930895252741
4414,5,2.0372250861394394,5.367162755674726e-05,4.981503415699078e-06,4.41417630132017e-06
4415,8,2.495614743864717,0.0005768473581802457,0.00017023817698388818,0.0001308783703859059
4416,15,2.643132351698204,0.04754922967571164,0.007003056323217426,0.006199497079922423
4417,11,2.2725714140802804,6.62681932724755e-05,1.9323896201340078e-06,2.8575513619772016e-06
4418,8,1.7561346650876724,1.5036281283494345e-05,1.1880747393929691e-06,9.977446100564912e-07
4419,15,3.3647105415133947,0.0016144852508325868,0.0003243030642171871,0.0002561078446939931
4420,8,1.7552563579244396,0.03606066882599554,0.004775467474452545,0.0052809691464180426
4421,15,3.181868459674936,0.00016345583488092396,5.02169416194405e-06,4.689055723678405e-06
4422,15,3.2465092389521746,0.00129341334029359,0.00010026273286408464,8.177236892129433e-05
4423,11,2.3894315965098576,2.760005359067126e-05,8.577953759422377e-07,1.0323988889168427e-06
4424,5,2.46817359192426,0.21108319216399674,0.036762175129412385,0.055607369082993616
4425,5,3.6633267710483297,0.0004550668524580932,8.154384215797419e-05,6.245389564952626e-05
4426,15,1.762347023770546,0.0024865964402520885,0.00012701620312421727,0.00011075969942050018
4427,8,3.1155425711398403,0.0072759984432954694,0.0022726225071756714,0.0021669888380263574
4428,11,3.7309979496050705,8.85326467915213e-05,1.6436664082196246e-05,2.1630505358573264e-05
4429,8,3.1161095571363164,0.05417079592472131,0.009516858243147361,0.010642606622041046
4430,8,3.9703827853440856,5.0843880162758677e-05,4.358708602695936e-06,6.433743353399074e-06
4431,11,2.1772233023846965,9.15756334954767e-05,1.2071290071747855e-05,1.012480726982893e-05
4432,5,3.73126000279197,0.008211416711043034,0.0003320866737940436,0.0002779057191599671
4433,8,2.7867124903106513,0.015532318652360974,0.0018238591234053434,0.0033195405768893247
4434,8,2.948780441243181,0.0005883997748458219,9.649955723390112e-05,9.380808807011214e-05
4435,11,3.752740807086796,5.3618701017579096e-05,1.3598069616164568e-05,1.4649314701034698e-05
4436,5,3.8146173102524283,7.898283405693369e-05,2.0554587495337176e-05,2.4360429388295703e-05
4437,11,2.3670344247147224,0.07777953022400659,0.0042661400926575326,0.003303126432875084
4438,15,1.867322098563757,0.000545345584396615,2.8225207507765784e-05,3.4573676913933146e-05
4439,11,3.5520207226136207,0.0009307864341797201,0.00010882839754321687,0.00019336089109944231
4440,15,3.35105435380416,0.04365563959096231,0.009218786778430386,0.007302990434633115
4441,5,2.1631021904873506,0.010845369805382922,0.0012171658776402303,0.0010459025568045463
4442,5,2.631867297261865,0.030636731847344445,0.0054578428974981184,0.004091066812816146
4443,15,3.8136714269019345,0.003848444518024935,0.0007323628678554858,0.000569318574893558
4444,15,3.395183735141137,0.004728704402131703,0.0006926997500987667,0.0005346633454122103
4445,8,2.115062467977595,0.02692889341391091,0.002625548462751963,0.0022028457713957747
4446,11,2.473235715273039,0.0015164473155676028,0.00022742495691270226,0.00024151062834104492
4447,11,2.322706970108053,4.836254524209464e-05,1.1026467349613594e-05,9.34349130850292e-06
4448,11,1.657299499463996,0.008180405635714337,0.0013350961809273213,0.0010748456434173934
4449,15,1.9473015348525913,6.165697933830583e-05,4.508594751239439e-06,3.7414510562780174e-06
4450,15,2.2688562446949527,0.07894088733760145,0.005938728500179284,0.005420635972753089
4451,15,3.80386766874839,0.0014594543651977236,0.0003055019004736204,0.0002751539079573161
4452,15,2.992826602763713,2.007727422655585e-05,2.8118200519394903e-06,2.463662538167796e-06
4453,15,2.2674712436406224,9.919416396227861e-05,1.6165095727329277e-05,1.3944738070672478e-05
4454,15,3.7263045935206005,0.000933413478820583,0.0001663378245796416,0.00014088559152884952
4455,15,2.252047215008303,0.003984039966138568,0.0004708346973028048,0.0003971013396029862
4456,15,2.301498088816905,0.04430008908512126,0.0042108685331305636,0.0040682139462589195
4457,5,3.9214873800360732,0.029860708715708853,0.008901844451320827,0.02864333083822598
4458,8,3.971892559178174,7.92913652029811e-05,2.210498313517965e-05,2.1322200773039436e-05
4459,11,2.7018306574059103,0.00017208642403528614,2.062824634694449e-05,1.6564055284300347e-05
4460,8,2.5056748338117956,5.297947480511544e-05,3.9400927485448736e-06,4.364200239300517e-06
4461,5,2.3282742493684956,0.003433175121475253,0.0006909121323831067,0.0011102650601693446
4462,11,2.7005371699178657,0.050059531200146584,0.0038531164202152044,0.003593862152937362
4463,15,3.117086763078988,0.009984846812327239,0.0007160856878254992,0.0005971947127099179
4464,11,3.098296246427688,0.021556995634130972,0.0055327651077906395,0.005348823951969395
4465,5,1.872504967529923,0.016000600200062068,0.005026091887753712,0.0063837236979902194
4466,11,2.711139115214198,0.038153885008046645,0.009922720582710773,0.008770182981270903
4467,15,1.960512081787341,0.020966007565194022,0.0030131919284623557,0.0024186854591701145
4468,5,2.5714619320503926,0.3723245814917756,0.07240798981351598,0.07555627834170447
4469,5,3.709155254516469,0.0001805461727309235,3.774936762556871e-05,4.240465697282707e-05
4470,8,2.7034595542138464,0.001800665965015717,0.00023825466008014598,0.00021715214760992168
4471,11,3.409766061053403,0.08998503691077027,0.0068275169723507325,0.005843441767282223
4472,8,2.4550131368618757,0.0001068508310490174,1.934205223464986e-05,1.7287152081558185e-05
4473,5,1.8836668780457722,0.0010199605254452354,8.674673976847005e-05,9.796759239209047e-05
4474,15,2.317580469547681,2.2379562534112442e-05,2.734331278096651e-06,2.8647392372048094e-06
4475,8,1.9120242076154403,0.011559728338212796,0.0015741052148411654,0.0012196286995009937
4476,11,2.745240266139979,0.00031557158651200845,2.2775685925669648e-05,2.2854737071920613e-05
4477,8,3.1889527706060754,0.004908277526454198,0.00043598294715394025,0.0004197094097336048
4478,8,2.8557188427830096,0.00019133306527947827,4.137465440351373e-05,3.352419527762413e-05
4479,15,3.735567506835865,0.00033466906499455065,0.00010927651773723166,0.00010017075104779238
4480,15,2.163388585936043,5.515489345901024e-05,3.6325246740456766e-06,3.6816385326997666e-06
4481,15,3.4525907083410643,0.010639445746528071,0.0015943127090372034,0.0014322976805314985
4482,15,1.6207146409698776,0.004079047628490767,0.000456929201744035,0.00037277286783759915
4483,5,3.8910667470983284,0.0007642710091142607,0.0003438885747969121,0.0003045714348218122
4484,11,1.745277432629625,0.007803821043890355,0.0010096434995834026,0.0009295034705550703
4485,8,3.5955963604356973,3.322130506741459e-05,2.918775775031407e-06,3.0595637577904325e-06
4486,8,3.4529403251032376,0.08386643525113535,0.012620865836863678,0.010632797306163993
4487,8,2.4894852286654383,3.433867783047525e-05,6.428664279284468e-06,6.9245208482788955e-06
4488,5,2.285601854518369,0.0002528423818917178,4.991127020237688e-06,4.274563628354612e-06
4489,15,2.0712776319111152,0.00481362966335643,0.0004382911379930527,0.00038936483316756696
4490,8,3.176541736885879,1.1186456893405614e-05,2.088669184388343e-06,1.824357561441712e-06
4491,8,1.5776832051224017,0.039353929449771334,0.0036337718494934158,0.003554692052543024
4492,5,3.8834437352768854,0.025822292412194876,0.002842728231186994,0.0026427031571243202
4493,8,2.031260987947711,0.00836701582486438,0.0008109688443204141,0.0007105657648888926
4494,11,1.5839390247412222,2.9389121228515995e-05,2.420599257711055e-06,2.1259244351939808e-06
4495,5,2.9770975101414856,0.051016955624153384,0.017945345705410502,0.038993421117256975
4496,8,1.7966889352513187,0.013543590238821124,0.0041235594001512305,0.003535180869823459
4497,15,2.217742697330622,0.000587669746092863,0.0001497497646135935,0.00013367018275994199
4498,15,3.3498214877295034,0.005845810538395399,0.0012515551922835503,0.0009815726603124976
4499,8,3.191221835563147,0.014472738354606541,0.0029727633017981214,0.002590813293808565
4500,11,3.5717736734255725,0.008396087719769657,0.0006383506554324008,0.0006432433353655513
4501,8,1.8848749628324688,0.09564185846726413,0.008513528759217074,0.006812010723757915
4502,8,2.9191138898487177,0.0034089452184693316,0.0006048271899799214,0.0005297201911347637
4503,5,1.5765179513052525,0.0003879330988037821,2.821454206029878e-05,3.283751827010025e-05
4504,11,2.23928724141823,0.12156642833513698,0.020526113929914713,0.024301257411866353
4505,5,3.649616734443122,0.0015096287736887184,0.0003711672773844168,0.000343106874140642
4506,15,1.549382177491804,0.000692926898121557,3.196086375504459e-05,2.5268645596060992e-05
4507,8,3.8857179643599733,0.00022613121180056547,5.130169164266956e-05,5.103598667673838e-05
4508,11,1.5197262700988712,0.00032859037642551275,3.1553662684779875e-05,2.6136687831092263e-05
4509,8,1.7804268895372963,0.0010254854441235513,0.00016578050062913898,0.00018419695799697412
4510,8,3.898835987687909,0.12893556247414592,0.0218495953303458,0.02739737269110163
4511,8,3.987754260889475,0.0002485108445373148,5.078971244133273e-05,4.802145179743736e-05
4512,8,2.5636389783579325,0.0018447813758023831,0.0003863953580509916,0.00034756088337097984
4513,8,3.2059493929919416,2.2888065423532567e-05,5.590786142867974e-06,6.814178772389448e-06
4514,11,2.8475074710633232,0.0018570555533663315,0.00036136797084035995,0.00031742743583012227
4515,8,2.7427436673217978,0.0008565193856940525,7.284697601401558e-05,6.25838884295162e-05
4516,5,1.5213001853835706,7.012031815000058e-05,3.3681143086953986e-06,3.5720808109005037e-06
4517,8,2.4970240196652322,0.021450162569765015,0.005936920373431468,0.00959813729689636
4518,5,1.9800146934589564,0.000896636282440622,0.0001417518596345965,0.00012227743588773808
4519,5,3.828609941009371,0.0019288290964410142,0.0008707525003777914,0.0008123786123710838
4520,8,2.9065345611472977,0.04133553509521567,0.005836720548899171,0.00700997413183898
4521,11,1.8282432520210887,0.0001320877467372861,1.7828879112062168e-05,1.419792244233835e-05
4522,11,2.2768756440894418,0.13355828157113273,0.008405199783468856,0.007261377866125686
4523,5,2.6178651552118866,0.005311979195904029,0.0005733594018875272,0.0008478345918819053
4524,15,3.5612837908775563,2.6142877591072347e-05,3.7129827119713227e-06,3.713017542723698e-06
4525,5,3.210728246851339,0.00027311080221906095,3.3408988500090324e-05,3.206498888457923e-05
4526,11,3.418274940913483,0.02033754495987788,0.002998437030917899,0.0027644041911631468
4527,8,3.5760110174761177,0.010426313866530373,0.00040628640032952523,0.0003358840834337264
4528,8,3.5562395163001552,0.02773678030054971,0.0075761216233606096,0.009301462687517335
4529,8,3.3976014494837656,0.0005137630966946799,0.00010200378964132822,9.31752508636378e-05
4530,8,2.386363272233549,0.02665933817670288,0.003775287285522855,0.0032893453065819755
4531,8,3.0140027441104342,0.014309037356925623,0.0023386057656175963,0.0021620360727897434
4532,11,2.7938927159339424,0.0005290532797445977,8.568151750025052e-05,9.698687743029126e-05
4533,15,2.2304386411328525,0.03397616805240214,0.002960239805188488,0.002809775930041796
4534,11,1.6269232866895882,0.0005360566153626515,5.1737653388112207e-05,4.866634499110999e-05
4535,15,2.146262631081557,0.04421057275850388,0.0046393070778697814,0.004491163833037984
4536,11,2.2557706371408996,0.0007647322997301699,5.9841078363462046e-05,5.084679502972226e-05
4537,5,3.481650005469472,0.33998964190760483,0.10056488433673949,0.10652473586339242
4538,8,1.898261007918235,0.018745988391575583,0.001664812218895524,0.0021832910034087533
4539,8,2.5338590783760613,0.0007840499694036894,0.00014818665898692332,0.00011567498181467
4540,11,3.113140309809536,0.36736256361581804,0.07844938925074751,0.06630671559791498
4541,5,2.5659682418864844,0.0054377986668441465,0.0008491235518244849,0.0008432577519294061
4542,15,1.7061362142726688,0.0005814559005717419,1.343083524502117e-05,1.4668824549053548e-05
4543,11,2.3373101447919575,0.00013316695102208754,3.9982358888463474e-05,3.0057389370424128e-05
4544,15,3.469719193428452,7.478924835071199e-05,9.316111354952278e-06,9.774239761842338e-06
4545,11,2.842015294130315,0.13783399265600263,0.00859876276170465,0.00676071420782769
4546,11,3.2875321715215686,6.595046063185936e-05,8.943126002522281e-06,7.59412352848051e-06
4547,11,2.6549582721987637,0.0035296470968977115,0.0004399096976241038,0.0006396828005835599
4548,5,1.9564621567350222,7.825811463158974e-05,2.777488243438424e-05,2.651854690789185e-05
4549,15,3.931012713629071,0.002526997704622681,0.0005362741214238892,0.0004315798348403053
4550,11,3.5064376387629137,0.013329458742615409,0.0013431335496085662,0.0013334367361464634
4551,8,1.7345583664755444,6.141178807302903e-05,7.966896167395498e-06,7.03566581025404e-06
4552,11,3.6186003911312863,0.0006415214922948838,5.882857950521826e-05,8.559207422794136e-05
4553,11,3.129591832633757,0.00042826642762284936,7.207291336505645e-05,0.00014969068484114157
4554,5,2.948136753856436,0.18875695567367376,0.0202365768012073,0.01682738865148281
4555,8,1.609885934508317,6.986650819662765e-05,7.251643889338513e-06,6.1692365698102405e-06
4556,8,2.9247480226210345,0.004288329602257018,0.0005390088105318374,0.0004437115449377356
4557,15,1.5783872989974133,0.16123493762462074,0.026209862743978418,0.021961372195706673
4558,15,2.18270230091601,0.0671994963949839,0.013118946680801415,0.01064583425959925
4559,8,3.7215222945115127,0.00023753563291838785,5.239718066785716e-05,5.838127812925822e-05
4560,5,3.123451806718976,0.003028130280139868,0.001255040722067234,0.0016446953002059522
4561,5,1.9349962722441658,0.03128053034181993,0.005080109817984525,0.004996151034232609
4562,15,2.8653589307569947,1.2705360234151966e-05,2.7692821299559103e-06,2.673760206184735e-06
4563,8,1.7832801152011473,1.8856867538052525e-05,1.3663834985194315e-06,1.4736474532953327e-06
4564,8,2.8299978145790607,0.00017091875810054907,5.8517940081641305e-05,4.669997232221889e-05
4565,8,3.3021255315067326,0.11331586124141653,0.0400339315932913,0.03337900788175136
4566,11,3.4087623507202336,3.115096506167102e-05,5.020776595477754e-06,5.44756799953195e-06
4567,5,1.9010638631173946,2.9729491658469928e-05,6.077701296018575e-06,5.334990040538622e-06
4568,8,2.998067774445536,0.0005445000079926959,2.0649349347446044e-05,1.8845799834610967e-05
4569,11,1.5295171380855828,0.001200974703794845,9.475950195342744e-05,8.28743326110769e-05
4570,5,1.9210835360872993,6.541348006905141e-05,8.962253567256317e-06,1.0660433649503206e-05
4571,15,1.9670800630691483,5.02617645185669e-05,7.724517138360111e-06,6.879519280546624e-06
4572,11,2.423313668008228,0.0008670623137056079,0.00015540606740372818,0.00014301864295714897
4573,15,3.0032256309386365,0.05106254359642453,0.01186901132800416,0.010180480251951451
4574,5,2.8161585715810395,0.08636632815486199,0.01346914169971837,0.01310982826703925
4575,15,1.8965538417675871,0.005900918257491203,0.0003748162529496878,0.00032379959284226795
4576,15,2.8250941074704805,0.0046290432669469665,0.0004374433306751916,0.0007690144657577082
4577,5,2.877899845860915,0.09860252441093334,0.004952206168005717,0.005959677874422787
4578,15,3.0361965903407553,0.0008505875045570262,0.00011935116901874308,0.00013398500282110903
4579,5,3.563663340085814,3.042148716330553e-05,2.6039595953326697e-06,3.2239261501104725e-06
4580,8,3.358435076766799,7.760249865396012e-05,9.476268867021031e-06,8.270811582184817e-06
4581,5,2.4659004064163037,0.004438565305412391,0.0005383581842279843,0.00041516910823730655
4582,8,3.7608726919027227,0.0015274779356666084,0.00018950136454524638,0.000176125183216406
4583,8,2.4049615957837442,3.166565372933599e-05,4.906640921079675e-06,3.933704508137074e-06
4584,11,2.0170980074126845,3.250796754703717e-05,1.2647903633717528e-06,1.455313477474657e-06
4585,5,3.805158030007464,0.025316886863184885,0.010141286874516858,0.016389506322758964
4586,8,3.0470215950233706,0.04671590712650588,0.010444990245389868,0.00876241446504573
4587,8,1.8429359189131442,0.013140854629104007,0.000755107361332252,0.0007565170365684319
4588,11,2.2985529109480445,0.0069812007216988785,0.0008934219471006777,0.0007441551670557828
4589,5,2.6690160045959272,0.030363645383235754,0.004161344243858324,0.0036500778582047653
4590,8,2.542657997942329,1.0757531038183637e-05,1.466557755499158e-06,1.5800350814529233e-06
4591,8,3.5168761627379386,0.09900650774758624,0.009645422807410813,0.007633651326894965
4592,15,3.706889715728391,0.0018168432072607535,0.0003453727140069143,0.00030866526787183296
4593,5,1.9006392839578048,0.31556963563249985,0.03586460820083914,0.03106546198734513
4594,8,2.5721367753563555,0.1253581555022544,0.033736090375889496,0.028977548904225242
4595,15,2.0999878684606363,0.00010702389384643805,1.586779151734664e-05,1.5892468829999047e-05
4596,5,3.493724259582677,7.718281296439184e-05,1.0838788661578894e-05,1.184714236763474e-05
4597,5,3.8172011700227997,0.0006455950100482587,0.0002799943273298118,0.00022280847488310881
4598,15,3.4325955643973782,0.02673275379623601,0.00425085173660817,0.0038893286261835946
4599,5,3.8855042051382473,0.001026429475073006,0.00047800295061796807,0.0004819796374684343
4600,8,1.5935875087284297,0.00013083540884781275,2.8391294813052304e-05,2.4337171403043452e-05
4601,8,1.6326540883695337,0.15348044327180008,0.018673014831406418,0.016184752992832036
4602,11,3.6950150910326363,3.868982703095663e-05,4.690070393375834e-06,4.333973714589931e-06
4603,11,1.7027108093588779,0.2829736471146713,0.06247294836820244,0.05213561003619796
4604,11,3.0894390178189823,1.1569070452985768e-05,8.697524776930309e-07,7.31482029360357e-07
4605,11,1.6705396895126678,1.2057701197274933e-05,8.169498518559042e-07,9.213058110621028e-07
4606,5,3.9736469016328106,0.0014177762715283364,0.0001874585399334862,0.00017904477386606333
4607,8,1.5162747894121138,0.009026912142989276,0.0011577912997237283,0.0009663129149284634
4608,8,3.000127943134579,0.007878061681552155,0.0024504080601352404,0.0021220222866170373
4609,8,1.9833218502817718,0.00013900486266123381,1.2049485747593598e-05,9.560275253157417e-06
4610,5,2.6296792057213887,0.0007046092737160551,0.00016516813459870405,0.000137146604439015
4611,8,1.7583125635854073,0.0004809772777463514,2.6138170697328396e-05,2.3563121250317154e-05
4612,5,1.527176264650436,0.005958747760453361,0.00025438438775166175,0.00030780269578373025
4613,11,3.9041222493300696,0.05848565837187192,0.009675519003777843,0.007966593180604914
4614,11,2.4469944676136635,6.753981971969004e-05,1.698022859843838e-05,1.4033088284554984e-05
4615,8,3.1240681091197686,0.0010630208219048478,0.0004030809891526374,0.0003063238435316851
4616,11,3.4097178909597328,0.0002631428974097782,5.5464251062899924e-05,6.39385448161015e-05
4617,15,3.5494079686348203,0.09435406121080583,0.01336293573503796,0.011214976843839802
4618,15,2.0911394351664963,0.0004765037891807633,5.253252149567206e-05,0.00010099073995376645
4619,11,2.1872123171836173,0.06639153468372917,0.00848604282604723,0.008166486909070039
4620,8,2.7630434682666905,1.4103568504979877e-05,2.8483113030025304e-06,2.5480911471505385e-06
4621,15,3.7764169700734405,0.0009242869443700785,0.0002091464281152377,0.00018113781839223375
4622,11,2.2216804796670835,0.00030052297987545953,4.467821469042143e-05,3.732708119655231e-05
4623,5,2.7193787624703125,5.50201774055802e-05,1.594408894674821e-05,1.3312497845512662e-05
4624,11,3.169070260855924,0.0005568119649351958,0.00010500076472852704,9.761363392389522e-05
4625,5,3.8381051519532248,0.00634092842016154,0.0018781111396071444,0.0014690594657072562
4626,15,2.1759052869545092,1.0161482202824435e-05,4.28687226288242e-07,5.561825558906561e-07
4627,5,3.835766803492683,0.00011544774984542458,4.100703273339748e-05,3.214851677564106e-05
4628,8,3.243049506740389,0.0972530298078661,0.015077983236063856,0.012854638406470349
4629,5,1.673925523280999,0.04264293153320979,0.0012849692736099858,0.0010508682133105397
4630,15,1.784592757055126,0.03173367513217532,0.0030056156260995816,0.0025961724933914183
4631,15,3.460015874781198,0.0015313008280342948,0.00023609428293691788,0.0003198065475418107
4632,5,2.3169443681078445,0.10807749034483649,0.025502447078143965,0.026855491238905384
4633,11,1.9766930798087925,0.0007063573941448146,0.00012247233995923263,0.00011199774148590536
4634,11,3.3418316358193443,0.009003827416611185,0.000668588577315031,0.0008815538334593331
4635,5,2.5675060425437346,2.57944583120388e-05,6.48145005074502e-06,5.380625494951002e-06
4636,15,2.1034463284647638,0.006007477004435664,0.0005248691270315572,0.0005076315136228328
4637,5,2.494289840130842,0.00012358554386925777,3.406497577512412e-05,3.7137912428586225e-05
4638,5,2.354362168077525,0.1711011763172309,0.0026709262389373175,0.0026271469557812184
4639,5,2.0538637440068896,0.000731480547453283,0.0002413268228923889,0.00019248024883770028
4640,15,2.4887784095615064,0.02628845670663664,0.0023470314314464236,0.00185248191005077
4641,11,3.9380009208677706,6.657415098137888e-05,1.7557697642252752e-05,1.496132190969469e-05
4642,5,1.5585235127780268,0.2458570587135995,0.03411572631857809,0.026854344858936872
4643,11,2.1782465366561152,0.3754517105256565,0.048255123867293206,0.044578221534655724
4644,15,2.405429225016801,0.0001885447148813285,3.128340796171573e-05,3.3057166664691805e-05
4645,5,2.0855762154890036,0.005494406088252036,0.0015525308482700353,0.0014797693020497116
4646,11,1.7367046506005819,0.10828835631469792,0.01672195500482948,0.014306914740616256
4647,5,3.9995223442835868,0.00013231367094247297,2.4054455712162285e-05,3.4438125624191006e-05
4648,5,2.908051103695477,0.00014085477354350257,3.405321262412651e-05,3.870449576163588e-05
4649,8,2.087629662423494,0.21856733646861734,0.03037090063511349,0.026891779478804244
4650,11,3.6474065905187443,0.0018516960223905823,0.0003618859136830261,0.0002880262427043016
4651,8,1.6110853141797326,0.004357359498337777,0.0002459925728691819,0.00023125773952384061
4652,15,1.9446575350165332,6.559741776989449e-05,1.3333872973306133e-05,1.0272178252862202e-05
4653,11,3.971470143581351,2.8596414657683886e-05,6.776047093299782e-06,5.524732815369002e-06
4654,8,3.565660937249884,0.00011671970797157448,3.506149070457949e-05,4.599275367662955e-05
4655,11,2.4382444219671933,0.0007572357558767882,7.618829469000038e-05,6.777236273117463e-05
4656,8,1.621872938591776,0.001242703882274096,5.560679791647272e-05,4.52905842926356e-05
4657,11,1.5264979194206905,0.024468042131058413,0.003930942576181566,0.0031630572520270584
4658,15,2.4536271856264134,0.059391912162371586,0.005863167950204449,0.0056086451628686255
4659,8,1.6992520109994442,0.0009298108645515513,0.00010606071723690493,9.051372100990944e-05
4660,8,1.612541160941729,3.492374836932469e-05,7.08693084580568e-06,6.0908849795278026e-06
4661,11,2.5035234093232765,0.009602208872039105,0.0010926282658876374,0.0009763602851375337
4662,11,3.950290685157136,0.0004035555958017095,8.478267419791526e-05,6.753706732488274e-05
4663,11,2.384372802442697,2.348019690797137e-05,2.8567449706314033e-06,2.2979255410664568e-06
4664,11,1.7064969841679076,1.3932342434945327e-05,5.904825302574179e-07,4.88306784932291e-07
4665,11,3.3731923032754945,2.1428102004115277e-05,7.112274583633298e-06,6.257210738892648e-06
4666,8,2.2484972283124773,3.604613071155331e-05,5.202095100683671e-06,4.3662327526917125e-06
4667,15,2.1182214258067518,0.0021835641945605203,0.00042508185990504024,0.00033137693644390455
4668,15,3.5599154059265326,0.007523863276879991,0.0016166895771238823,0.0013444846077557797
4669,5,2.6458135299560284,9.78541184174696e-05,4.548209181621062e-05,3.291913789763554e-05
4670,11,3.623066584712973,2.1870280970774603e-05,4.963056390131686e-06,4.909028322878288e-06
4671,5,3.553596356278604,0.010600784052377521,0.0018536323480506849,0.0015811497240163389
4672,5,2.367501877143125,0.00038230391579712706,1.9170445475571458e-05,1.9515541314792434e-05
4673,15,3.2621935614151663,0.03377429557800068,0.006570065403562849,0.006560877772758825
4674,15,2.299664057094444,9.49004639214646e-05,1.0735209042995367e-05,9.177027191678891e-06
4675,11,3.6756416318796017,0.017362840158335283,0.003708400330459904,0.003078274816755327
4676,15,3.6893184918274495,0.007627128226391065,0.001816982021881605,0.0014694051888800813
4677,15,2.8808055309211467,0.005410814391110149,0.0007563260359194227,0.0006842224086100896
4678,5,3.65152663658566,6.71352285177656e-05,1.3014481332861514e-05,1.4413108321157507e-05
4679,11,3.2317097175697467,3.2584559005956906e-05,4.874490601479217e-06,4.273534831080163e-06
4680,8,2.2105137904210763,0.0038564279311815077,0.0006596857524117236,0.0005829583404997334
4681,5,2.0252604259383613,0.08867094358207236,0.018054782748108948,0.015508788679790327
4682,8,3.078306412513931,0.006514198663331797,0.0009811060247307325,0.0007755556590882252
4683,5,2.5176835124125008,9.069583557344145e-05,1.5508903106521892e-05,1.3039003502963199e-05
4684,5,2.1535715048418105,0.0021335622060385004,0.0007166617969523384,0.0005896180370663258
4685,5,2.667097288180183,0.01837161849013737,0.006485478396413464,0.0062123628169154085
4686,5,2.4670542938102127,0.00029691514548311625,1.9380777917995727e-05,1.5784021113493505e-05
4687,11,2.774940069912292,0.001066774879486416,0.00029078874191566827,0.00026012139343122053
4688,11,3.8769614226781957,0.0005495715367204519,9.954686022270348e-05,8.512365028539279e-05
4689,15,3.359123622462884,1.635905640765921e-05,1.047143951811704e-06,1.1919416846364732e-06
4690,5,3.2739613376489998,0.000338712737852838,9.537249694200459e-05,9.053680376902535e-05
4691,5,2.4123853355234486,0.00036436160151696417,2.293101518794279e-05,1.9549105397508055e-05
4692,15,2.2108355315990247,0.0007144446942470964,6.449068840726294e-05,9.071544379125556e-05
4693,8,2.3381347616381865,9.437699161050326e-05,1.3657312378198178e-05,1.451121141089847e-05
4694,5,1.8977966381165619,0.04738699573203407,0.003369918047227363,0.002835390437235035
4695,15,1.8170057829360222,1.660509847035043e-05,1.1449295929478612e-06,1.051769554968961e-06
4696,5,2.1348625264631553,0.0032207194454537667,0.00043942764958977937,0.0003411331794508748
4697,5,2.906964501275275,0.0018121032795593702,0.0005423230362880253,0.0004288098590655288
4698,15,2.373994159503569,8.909535275130992e-05,9.526640350016308e-06,7.87062334032524e-06
4699,11,3.2759465323970733,0.07075588466943636,0.013396049372830943,0.01057415035960737
4700,5,2.1780748476384666,0.20457742278588512,0.04193512905443544,0.05840136663357843
4701,5,1.923558482418581,0.0010716963883192988,0.00010957356147009729,9.261271268657619e-05
4702,11,3.656443192799107,0.03959616039704839,0.00461774769821335,0.0036888530121227067
4703,15,1.6579989188563045,0.01706451836402704,0.0033631784245354538,0.0035116427110904024
4704,15,3.5403313125949927,0.009205557154416174,0.0006867809872579237,0.0005588183194106736
4705,8,2.885608043142661,0.0014882526445013848,0.00021982301769125716,0.00036480054769011746
4706,8,1.5846272408585689,0.005676093777184851,0.0008517420741487145,0.0007389908162130282
4707,11,2.0380430388780995,0.014452395978177893,0.0018979525039580104,0.0015034930823930592
4708,15,1.8622465681305906,6.35355871161488e-05,5.868779533361634e-06,5.258249353744051e-06
4709,15,2.6841828488979163,5.0402142000173647e-05,6.291161202096115e-06,5.666306028107981e-06
4710,8,2.150333445503996,3.897457790135233e-05,4.3213855473629934e-06,4.794320313129398e-06
4711,11,1.9746215362565722,0.024888862009536394,0.0023383885280925274,0.0019187000357260896
4712,15,2.84869408200377,0.025348180554029615,0.003007401766517386,0.00261255695172026
4713,15,1.5114312277542536,0.0011776112466944755,7.988939531893441e-05,8.280884716440561e-05
4714,11,2.748967838854736,0.004003929043109372,0.00040530173354636796,0.0003997309767276518
4715,8,3.487518031631261,0.0466249940702942,0.010603439179142865,0.018185525839352745
4716,15,1.8929632861889887,0.0003563653267555375,3.497196968635596e-05,3.2697550693805615e-05
4717,5,2.0966495814238146,0.010982639614542768,0.001028343738821813,0.0011104921179749044
4718,5,1.9451053106191578,0.12909664227681264,0.02506084284347639,0.0232801682776721
4719,5,3.9184679693062336,0.00012983844488983316,4.588640577570728e-05,3.727420029603591e-05
4720,5,2.832806203246519,0.01787518400867416,0.0025593907662404517,0.0021631461498312636
4721,11,1.888182556945219,0.0010741626243990303,0.00010711824445455099,0.0001551590596379586
4722,11,3.464857873453215,3.863591950871797e-05,6.787903904593484e-06,7.6184604739253116e-06
4723,15,3.5717607589068368,0.0014990044230350932,0.00028671339375704603,0.00023278787774300798
4724,11,3.096452743379505,0.011745143615615197,0.002028287453399423,0.001723159394229931
4725,5,1.711251557627542,0.0003683826232765378,4.1954992098017025e-05,3.749187545127074e-05
4726,11,2.066458782241269,0.0017875545193173762,6.611429118308998e-05,7.950644355779295e-05
4727,11,2.7352978150031766,0.0002718237636423285,5.922726982963955e-05,4.958364684462897e-05
4728,15,2.606043674239047,0.0024841454870011136,0.0002663650007154291,0.0002918351973116653
4729,8,3.267398784170138,0.022293615455229166,0.009275077902332616,0.007479059195965458
4730,15,2.6940813657392253,0.03634228573962494,0.0024238033218930894,0.003282708319733459
4731,8,2.8574425935308994,0.04458906622872304,0.005654733469811127,0.004712200891275208
4732,11,3.725573594915892,0.0033810328967733842,0.0003064842138598834,0.0003106237489873725
4733,8,3.1649640449383867,0.0001249105392633599,5.588019390144453e-06,5.324256364921299e-06
4734,5,2.5677882965058574,1.8978709069945114e-05,1.2884035103944512e-06,1.7385138280568341e-06
4735,8,2.977983280552331,0.0008859680384054768,9.015568228878921e-05,0.00016204836843540963
4736,11,2.636489134753978,0.00028936570876211137,8.570184110994865e-06,6.901686008250333e-06
4737,15,3.834752841936361,2.5911983280546787e-05,3.4973768165547595e-06,2.866695841563178e-06
4738,5,2.5902201314273134,0.0005760998344168256,0.00021290013808309828,0.00023088049559267967
4739,15,2.512943731650429,0.004671779979450708,0.0003432267839972652,0.00029805145839541697
4740,15,3.2233233137350665,0.19825576453036228,0.027929110875806146,0.025228386083573546
4741,15,3.0860965372006444,0.11312899637081442,0.01172054212932155,0.017721209064253594
4742,8,2.4700544586179176,1.3221204090252227e-05,3.061757935921754e-06,2.991561143056772e-06
4743,11,3.0788441011224563,0.0034166789068948394,0.00011112167666638858,0.0001102283467731033
4744,8,3.880675489588108,0.019998837785415932,0.002893351880268381,0.005778593391750619
4745,5,3.3256116562060565,4.986690602604378e-05,1.6422180087661224e-05,1.6429020169523486e-05
4746,8,3.7323761457657048,0.012717331364106169,0.0027150177217607954,0.0026322139410621774
4747,8,3.745849909086149,0.004733961249928189,0.0004966757229159995,0.0004453032005740992
4748,15,3.133256946482714,0.002452763689130443,0.0003959951453023394,0.00032190961817392654
4749,15,3.160697631788777,0.00045234200594358184,9.570280748275458e-05,8.826253890034887e-05
4750,5,1.7353993014848812,0.0002421231628304474,2.0789966009926514e-05,1.8483377520703652e-05
4751,8,2.515031804819441,0.030325875615593342,0.0035703812879989455,0.003683354028210245
4752,5,1.6554072008427474,1.7452397801161628e-05,1.900931121231774e-06,1.618590614324253e-06
4753,5,2.7593508760888654,0.025224125829913187,0.0062181806678096325,0.00503871976247093
4754,5,1.9950494415626179,0.09514014565196036,0.011639165672304375,0.009970482222684476
4755,8,2.3314446589076314,1.7290973202894403e-05,1.6518451278165583e-06,1.795175852162883e-06
4756,5,3.0855172167967737,0.0018930485967101232,0.00020890281322333818,0.00020182478344128287
4757,8,1.8514857958924407,6.416935100616782e-05,1.5127600164598343e-05,1.2481827825686186e-05
4758,8,3.2658798081813774,1.1661321883860319e-05,1.2622188990688066e-06,1.4641526882660384e-06
4759,15,3.608249019175148,3.170295417441493e-05,5.285578200022333e-06,4.760536344500888e-06
4760,8,3.922630237140228,0.000864219294866377,0.0001529764264435739,0.00012554347793981586
4761,8,3.7213598203601146,0.0013108206416289454,0.00019483922007548817,0.00022659620476339265
4762,15,2.807922641092181,0.01584067504666826,0.0015878214674405465,0.0018677206279865157
4763,11,3.237462088055543,0.053545751105436135,0.013417303711267115,0.011824773837411786
4764,5,2.1283906490566262,1.8378411134150486e-05,3.5999884441366394e-06,3.444417113251192e-06
4765,11,2.8259611422335444,1.654777656311679e-05,2.110935749018153e-06,2.718006022226203e-06
4766,15,3.217563351835041,0.007888392361204883,0.0008916220397979186,0.000710708032876186
4767,5,3.930559603586107,0.004913116879457501,0.0009476237509604086,0.0009469329423667412
4768,11,3.253519588991153,0.0022771828203779054,0.0004892244520736222,0.0004165438150159174
4769,8,3.1190012350662673,0.044515020588235345,0.005213750013448532,0.005104529385705272
4770,5,3.33030901801517,0.00016552817323622606,1.0288012866381626e-05,1.3901478618179384e-05
4771,15,2.7154038850752373,0.00019002152983887773,3.757394672572516e-05,2.9746183098502603e-05
4772,15,3.5047227393805254,0.001261745519471215,0.00019158556013356028,0.00015469363073888952
4773,11,1.793679470026177,0.0025391618992376447,0.00018274555516205337,0.0001542168383817336
4774,5,1.991685991026963,0.30664630242020713,0.04797508989116435,0.03797657499357293
4775,15,2.2244678681630607,0.005307637533392623,0.0006046197450995249,0.0005553824406873551
4776,11,3.376095948361711,0.01146006305624018,0.0012054440366837263,0.0013103743834670162
4777,11,3.206779774731256,0.00018468187383115193,3.924661565968702e-05,3.06748758888787e-05
4778,8,3.793729338486298,1.5424872287876458e-05,5.365381714048899e-06,4.756608092786969e-06
4779,15,3.9115298866134456,0.04744103177283288,0.005395384136739876,0.004559479214256334
4780,5,2.891679081211292,5.394693977456844e-05,1.1981280701043224e-05,1.0077688090108658e-05
4781,5,2.1656614642200602,0.04512155629311923,0.005642994596225153,0.01249029762413711
4782,5,2.668188031287019,0.0003460722671337814,6.102415082990209e-05,4.7621237978010796e-05
4783,5,2.8653378229407904,0.04902380251301719,0.00793838746948074,0.009078309595327835
4784,8,3.0358525903402906,0.00021060774613169552,4.74104741297903e-05,5.8119619446530586e-05
4785,5,3.6392228224986303,5.555888214220972e-05,9.605931138374704e-06,7.779346040154269e-06
4786,8,3.4050290952875,0.222643330889177,0.053729541269129356,0.04328493870580818
4787,11,3.8208414509243864,0.05391605811742694,0.009938239758181207,0.009930785036537517
4788,15,3.0592172278214065,0.0037499187459197098,0.0003819581719357427,0.00037991569709006236
4789,8,2.2803445050777262,1.7151802465261377e-05,4.536704366068401e-06,3.99489884471925e-06
4790,15,1.9109431075837353,0.0006792099614512784,4.996385590823276e-05,4.3601362328740394e-05
4791,8,3.2313622014512813,0.0005431656060477401,0.00017117610876138002,0.00018716489034949647
4792,5,3.203306254590632,2.2780712073797752e-05,1.6677420382229172e-06,1.5843923867406237e-06
4793,15,2.64935669612998,0.0018288226367483512,0.0001975346226008096,0.00021284029707590194
4794,5,3.344557771077198,0.02463065926703807,0.0027194044434487212,0.0023134274391251133
4795,8,2.570070906345255,0.00022790978661661182,4.064692312155205e-05,3.946469896156919e-05
4796,5,3.5177361705356573,0.0036865332626686677,0.0009285583654500039,0.0008557208423107163
4797,11,2.1156836019409524,3.5910782165735094e-05,9.27406066949141e-06,7.2449412046172954e-06
4798,8,3.589736907518041,6.041186641793665e-05,1.2607123512643821e-05,9.500429330528804e-06
4799,8,1.623157153920499,3.766995018657433e-05,5.2000495781248216e-06,4.595364691777228e-06
4800,8,3.0964375119959744,0.00022750452709275663,2.4874195101746034e-05,2.196006172274138e-05
4801,8,3.6726908345019877,0.00010275105481377005,1.599495388336009e-05,1.1982446656165269e-05
4802,5,1.5649296224564888,0.060475326000240054,0.006900673411677587,0.0063545152372405335
4803,5,3.0379931470983417,3.372823589604098e-05,9.922896274711227e-06,8.720869196406864e-06
4804,5,2.2270219806731864,0.11681558708843348,0.020569526415420668,0.022870642695022807
4805,11,3.8401120109109734,0.06253493917888392,0.014088793989701622,0.014153825014463394
4806,8,1.6355167040650576,0.021483468683974417,0.0030318937847418634,0.0025405834975251182
4807,5,3.093525816856429,0.00013033360622373205,1.8684102264063665e-05,1.624150776440573e-05
4808,5,1.8350212293530175,0.0007032128932878583,9.749560976390164e-05,7.72184239089425e-05
4809,15,2.9494913213520624,0.010725621561832087,0.00087382516943429,0.0008782562608705204
4810,15,3.3479423764752587,0.023155226547951595,0.001838059957977636,0.004037457582349708
4811,11,2.5362897728032303,4.783774167751933e-05,7.795319491989179e-06,6.153810935720392e-06
4812,15,2.8925266603668343,3.429711689429611e-05,5.816955408314916e-06,4.83476811518545e-06
4813,11,3.905219190817534,0.00010174317079395697,1.881883738245343e-05,1.8189331947332697e-05
4814,15,1.8932754285539939,4.9575598052749087e-05,1.9636125812175476e-06,2.7428602256165824e-06
4815,5,1.6315503843083101,0.0030845954843381185,0.0003627422598160833,0.0002951114679797918
4816,11,3.25596442116876,0.002333054341494787,0.00024074889565226117,0.00020081805554332278
4817,15,3.9948978458540614,9.496006282954594e-05,1.82463497609186e-05,2.2366988140218476e-05
4818,15,3.2381722670447775,0.03486592756757298,0.005803897724245777,0.007868934332159528
4819,5,1.6149638157725075,1.8781484071816606e-05,4.902926022009325e-06,4.7322499678806626e-06
4820,15,2.539377995614031,2.8727846095460195e-05,1.057527494491489e-06,1.1716166914041972e-06
4821,5,2.179284606370802,0.05038786470828799,0.005808653876016531,0.015615111853364462
4822,15,1.5001806853198993,0.07191719321029919,0.007123606809982131,0.00633899836296978
4823,15,2.8337851589297163,0.070421092457233,0.008738430435102126,0.008739576557737114
4824,15,3.6454318169396673,0.0004928049330702431,0.00012479107907393085,0.000157205878313928
4825,8,2.6096507463794496,0.00020416391358690864,3.8537884490844594e-05,3.598707568103057e-05
4826,11,3.7788268881132527,0.0006374581344492846,0.00012155829911965388,0.00025939853403929893
4827,15,1.7431836730302759,2.5644802350645515e-05,1.2315265301188994e-06,9.819449961337387e-07
4828,15,2.8932998107943915,0.032986769549838306,0.004462437823691408,0.004686962162879995
4829,11,3.669578627012427,0.0003325950577524928,0.00013553214092504887,0.00012851429812494355
4830,11,3.480767383939647,0.0005103960901448422,0.0001532710257666152,0.00015745839887939148
4831,8,2.5725540026514646,4.7687843378337436e-05,8.75939539768737e-06,7.32059343060702e-06
4832,15,2.534496867868423,0.009801521522314009,0.0015017046606925284,0.0011870150824156364
4833,8,2.3755940477235913,3.2387111852905464e-05,6.821767043762171e-06,5.142104253860559e-06
4834,11,2.9179092097833452,0.03942203699976129,0.003987975079062591,0.00416747757543734
4835,15,1.6002583726691761,4.0613881231767393e-05,1.2770539007507707e-06,1.1465572143439028e-06
4836,8,1.7721375207701593,0.00319039168861496,0.0002804026845764483,0.0002730150249649256
4837,5,2.6516903801472385,0.0008645768472167695,6.0936237023453355e-05,5.319135440158375e-05
4838,8,1.6875608904673098,0.02612164525792166,0.0014521468009984519,0.0015566984825609587
4839,15,2.775325880407277,2.27657688331175e-05,3.793712875438743e-06,3.1036632378359834e-06
4840,5,3.5973902578240016,0.04739779725531578,0.01403044443870686,0.011525426120177084
4841,11,3.587763222170049,0.014595106608678379,0.001825444967764362,0.0016301484999800418
4842,15,3.6883647188727156,0.010066155140614626,0.0011050601143295156,0.001934813171113795
4843,11,3.986973785239662,0.13573941715393556,0.02148216522121225,0.023757401481360473
4844,8,3.315493470292813,0.000354676582804267,7.049701808714193e-05,6.232660230296229e-05
4845,8,3.453161090255179,0.23421388073337998,0.06376060896432348,0.05136469733549862
4846,5,1.9237181899444944,0.0012273384163904357,0.00010893508451497602,9.172927644966077e-05
4847,5,2.183635328225028,0.00034665110256254804,4.301453844264034e-05,3.864270578589668e-05
4848,8,3.631366063114017,0.00015942158040749456,6.423494608036944e-05,5.556296320859477e-05
4849,15,3.1992218078136965,0.00012906828528806873,9.686368876029736e-06,1.0216658059332744e-05
4850,15,1.9552433856666183,4.276425456918461e-05,9.239970430955548e-06,1.1201300543172972e-05
4851,15,3.4772997828617824,6.488209549905724e-05,1.2026171502291938e-05,1.0440487282199537e-05
4852,15,3.964644426512492,0.004623211908766537,0.0005420241638040434,0.0004847172684221828
4853,5,3.5733923077212815,0.006337432099935384,0.0015295810736796942,0.001405654088136353
4854,8,3.717903739841913,0.000768505651595867,0.00011552524940116158,0.0001298994118222833
4855,15,3.4511792134012196,0.0019217177620134741,0.0004969143943872158,0.0003828399259070402
4856,15,2.0525947840884364,0.07609119866387756,0.009718587277935122,0.016105304629089625
4857,8,3.1861685600486296,0.1786875548202612,0.012506081447987248,0.010479690275052
4858,15,2.1645638905478086,0.001292751391847683,0.00011724253088183848,9.283355432612607e-05
4859,15,3.477148240151457,0.012634751196096961,0.004011548876333838,0.0031298132088813787
4860,8,2.5095076785361883,0.006211310684644296,0.0014394204200270687,0.00145116029367914
4861,8,2.266429839045579,5.63805181637073e-05,7.53014719941689e-06,8.535700808622053e-06
4862,15,3.977412815108406,0.002868071195719891,0.00044322514515689155,0.0003570972321712228
4863,8,2.464730156504716,7.096280112668058e-05,1.7599719516147874e-05,1.368747097575655e-05
4864,11,2.3476557562675153,3.963742385566924e-05,5.8230282269959275e-06,4.931549617386162e-06
4865,8,2.3124391753069062,1.0364515207130225e-05,6.444821135189451e-07,1.0904669515220186e-06
4866,15,3.260197544599132,0.00012759434414670037,1.4026495490098967e-05,2.334071085462325e-05
4867,11,2.8088625207158326,0.11638279824468714,0.016769908707873035,0.019171584840076823
4868,15,3.965787882613681,0.03546090494336765,0.0033381346483248907,0.002822752972187485
4869,15,3.1234036589821197,2.3456313228049343e-05,2.956035643108046e-06,2.8790238878719004e-06
4870,11,2.6606514603766533,0.00011290259789783088,2.8672690335561565e-05,2.2741411707639007e-05
4871,5,3.845204704586836,0.0002677141878569817,3.982917400225953e-05,3.438311366964078e-05
4872,15,3.3978809358399538,0.008289471498222747,0.0015551965961579759,0.0013667795792497448
4873,11,3.0191399856288927,0.0005038465179417312,5.831628661383214e-05,4.797433707166611e-05
4874,11,3.4732483962023215,0.11509544271133931,0.00556583305988366,0.005007983115370862
4875,8,3.544971684106081,0.034178199927100396,0.0021751328955289676,0.0045646322536754096
4876,11,2.743963147596157,0.009184077549791432,0.001985740016931267,0.001910680684380768
4877,15,3.807229323571079,8.607299388098826e-05,1.231823754549442e-05,1.1948518653203123e-05
4878,11,1.9684452305515485,0.004984104444302282,0.00043609355431760053,0.00032904834896911627
4879,15,3.0492736270559435,5.782460727144647e-05,4.8908544264686656e-06,6.2432083214130495e-06
4880,5,2.2961260182642924,0.018724746054643738,0.006303244154570945,0.005068165856021466
4881,11,2.7263298328803844,0.0165268536867029,0.002454571199869705,0.0022905336145729862
4882,5,3.016469813095628,0.000369107088030595,9.583341081709935e-05,0.00010620057226876564
4883,11,2.520354306267373,0.0140478504576232,0.0019889020298698608,0.0018206260721835526
4884,15,3.3178659892294537,0.004898009388819598,0.0010363961670862426,0.0015652601588596227
4885,11,2.512684196500122,0.12412147780325448,0.01991731472810325,0.020521631618692075
4886,15,2.5021094895861427,0.0008168894616547115,9.83290026725353e-05,8.854864078826721e-05
4887,11,3.486992642731857,0.006425276386090576,0.0008143241847184717,0.0008294409782715818
4888,15,1.850156468713295,0.0018646230037458293,0.00020252537457346066,0.00024083064989163702
4889,5,2.480596808877009,0.00022062472838110255,9.140322027038629e-05,7.466719251665296e-05
4890,5,1.8468205375358289,0.002015774732467025,0.0005648772167958526,0.00047567687228935475
4891,11,3.298130565588142,0.00031592048969798276,6.707898248011873e-05,6.0403326101147724e-05
4892,15,2.6615120680228537,0.008178004546790766,0.0002517267328015746,0.0002922834562947155
4893,15,3.61749321707778,0.22630086333501007,0.011485807136122864,0.013790809829685434
4894,15,3.57321906403988,3.666404524031232e-05,2.601308253065605e-06,2.1703843667720123e-06
4895,15,1.934460556827544,0.04860678561577672,0.006134521037352617,0.016133773109615224
4896,5,2.851573598548032,0.0411617629552838,0.002956366796932666,0.003445155156092414
4897,5,3.9225759405875387,0.2814961248676757,0.05994594853304594,0.049683040929942024
4898,11,3.3161686742491554,0.047849271791756784,0.007959427543456798,0.0065682843457849
4899,5,2.456853625680857,0.02179561224574828,0.0049609161713171975,0.005002958203945199
4900,15,1.7409342933960479,0.00012937798743310714,1.5229753163872695e-05,1.414715570724989e-05
4901,5,2.2784753927217842,2.164249705585379e-05,6.725704003948723e-06,5.654464333559746e-06
4902,8,2.0175425055110248,0.0001377764170303319,1.9093554729385204e-05,1.6231645771828885e-05
4903,8,3.664133822881248,0.0007707283788264955,0.00011032497642685259,0.00011234736446697066
4904,8,2.1129909852589424,0.016790529840603398,0.005299246601894259,0.004013425027099137
4905,8,1.6511567269318563,0.0013404452395646366,8.239360117491747e-05,6.714718995738539e-05
4906,15,2.212656540613411,0.005965093162128472,0.0007446792396666045,0.0006937933489493233
4907,15,3.2172294451897896,0.0020715766495787856,0.00020371046400939602,0.0001796586175435961
4908,5,3.3314286224714644,0.00032265590631921367,7.777677259916763e-05,7.925156819890274e-05
4909,15,3.82578951353919,7.427818232244303e-05,2.0875623983379082e-05,1.979055473970325e-05
4910,11,3.3767757390615896,0.018161911098821308,0.002933995087555034,0.002309483459149462
4911,5,3.1347173953563394,0.0006556479946054015,0.00020995683801066235,0.00022552625619571057
4912,11,1.9204928904872043,0.0006591440174543371,6.988568408322378e-05,6.06938674383069e-05
4913,8,3.735192429579191,0.019175648651831943,0.004666415002895424,0.00368490545636327
4914,15,3.477664392106711,0.00013832756036376848,1.8470160051129506e-05,1.5546948268252637e-05
4915,8,2.4714271100947416,0.005235174690024348,0.0003252269549336769,0.00036797951537771565
4916,11,1.8580323465598079,0.11618555166905502,0.006574874315023285,0.006306662042674269
4917,8,2.0044166849834313,0.02391494484321595,0.002279553812109252,0.0020318779003133
4918,5,2.140308538800754,0.0012002319982651638,6.208415690256273e-05,9.899100415096848e-05
4919,8,1.6900252073877735,4.1274153515571876e-05,7.3303644399377735e-06,6.553046184865036e-06
4920,15,3.007261714025953,0.00019542851302685463,3.9055580494675194e-05,3.132677027503111e-05
4921,11,2.7262417147095195,5.3133573679220896e-05,5.365482946838758e-06,4.707405513112698e-06
4922,15,3.638280730061988,0.022254195506705574,0.002968671383647958,0.002563827906714617
4923,15,3.5543588783444737,4.7236063040022095e-05,7.196961613483042e-06,8.929437031228654e-06
4924,8,3.5918181347251545,1.713891500118869e-05,1.6871531011763626e-06,1.8270279450724445e-06
4925,11,3.71032840321113,0.0007701533311693819,0.00022188091412234163,0.00020096129579519253
4926,5,1.7274411208977376,2.7285025778516553e-05,3.892799707079106e-06,3.5180726976272103e-06
4927,5,3.137355446996579,0.016814411228758833,0.0036076780977788384,0.004328522377874168
4928,15,3.469057270792355,1.1537266102041799e-05,8.937893519904037e-07,8.131577025864297e-07
4929,5,1.7439441447680848,0.05644805695941578,0.006520359430717159,0.006266856881618496
4930,11,2.068555274577991,0.18024699520174708,0.011598913310968921,0.009470957472404833
4931,5,2.7690078268139313,0.0009879908077009628,0.0003017028267745257,0.0003573645312667924
4932,5,2.7121602468383905,0.13181470924409042,0.03903913766715132,0.048674726118923324
4933,5,2.7404110184226367,0.010622789493546577,0.0022293519995376645,0.0025362886356236243
4934,5,1.8656159850143665,0.00034409649589846363,6.357834559778727e-05,5.9654383626743004e-05
4935,15,2.958905768376859,0.006593737972519202,0.0008868709337396744,0.0007839308635103386
4936,11,3.831042887395069,0.11956209924739586,0.020516994783931135,0.01716895995403419
4937,15,1.9338999226086453,0.0528356301771945,0.009887955993957713,0.009311336742894513
4938,15,2.317790216038872,2.4675258130915745e-05,4.873359613164189e-06,4.013457909422858e-06
4939,8,2.1109139865974984,0.0003158567150421141,3.570090196494189e-05,3.076618600531188e-05
4940,11,2.542474620874694,0.1435616916325908,0.033011833311769725,0.03069368851782621
4941,8,2.0969748896523295,0.008249179658552873,0.001048858082573179,0.0008050382494043522
4942,11,1.5453496415356816,0.08174321337421413,0.0030466884812801577,0.0029240286229320705
4943,15,1.602691028160239,0.049171386219338024,0.002072306663601085,0.0018404488880227059
4944,11,1.8945204038715384,0.0282747730770281,0.0017236402245621738,0.0024598002617652113
4945,8,2.609630290207184,5.44358714404854e-05,1.145861974421027e-05,1.1576305027919304e-05
4946,15,3.67596559837426,0.00010932528506024889,3.513939947943719e-05,3.2782408390545664e-05
4947,5,3.7938280130215,0.0037957043419946227,0.0018380135633941116,0.0018126314685375626
4948,11,3.861108298237829,1.80417366872825e-05,3.267079663089466e-06,3.1781834682465887e-06
4949,8,3.1416486110267545,0.018633744126542628,0.004382214850100075,0.009186770944177773
4950,5,3.4809149066397316,0.14209959951799328,0.040345851897200136,0.03239642612551283
4951,5,1.834817565709067,0.001607646958986559,0.00025775458464053023,0.00021240606487159277
4952,11,2.0208511887880105,0.1795661460116742,0.015110646354756736,0.012374541082776226
4953,5,3.750199561809518,0.025929020011694878,0.004397256741337058,0.003316194074346469
4954,8,2.1329069145445625,0.0005759747450594516,0.00015363651964937216,0.000121993102147917
4955,11,2.4843954410171216,0.007955944719565455,0.0005343785430352408,0.00047337815651577034
4956,15,1.5670375176636324,0.0005888486771310898,1.1013448123740546e-05,1.2619573208553626e-05
4957,15,3.4731278075062137,0.001017727559117438,0.00024828178239697245,0.00021672498455044611
4958,11,2.246854262342422,2.1791182329873986e-05,4.5074129113128814e-06,4.42267831551078e-06
4959,15,2.4653215188796502,4.8026759044483216e-05,1.0941519192619984e-05,8.703756856082374e-06
4960,11,2.791217075826974,0.021805565548023615,0.003742852454070314,0.00406630825997352
4961,8,2.8168851694690913,0.0003248741463381221,7.355177372315129e-05,6.069808907349545e-05
4962,5,2.848244481215545,0.08505953926331403,0.012825989183233619,0.010271732903776221
4963,8,2.7376278441210857,0.0012924192410048003,0.0003020097226261413,0.00028589995872458805
4964,8,2.9402855692064294,5.053565812576033e-05,5.041480973130796e-06,7.341801489672927e-06
4965,8,2.225193407122832,0.00023426466817701893,2.8936398297801183e-05,2.4540680099256018e-05
4966,15,1.6899487497538885,4.469273990484e-05,2.9008445021825594e-06,2.4562092423323234e-06
4967,8,2.320739897793938,0.16890206402667468,0.02261027512812131,0.02238863457697178
4968,11,3.7659102440923036,0.015413558774593406,0.0026113043385308557,0.0021313647389647615
4969,5,3.117086052136897,0.11751865633818148,0.04249218284183347,0.038186971703872426
4970,8,2.696195651662225,0.07545054606092899,0.01684814986673836,0.01411624187730045
4971,11,2.7639907539954978,0.04363946849880393,0.002524873149532314,0.0021149706240580885
4972,8,2.0865774424764583,2.6362988772923895e-05,5.770561527559945e-06,4.700209630271353e-06
4973,5,2.7167578257911944,0.040990674420342064,0.011344743595419208,0.012838644658775891
4974,11,1.7957032801688735,0.028774287381978358,0.0016309962895904116,0.0013174613404558712
4975,15,2.1457975209273723,0.00011081977770009452,1.1062725528633134e-05,9.151308267295414e-06
4976,5,2.3491012022276516,3.8678220535577536e-05,1.152090005088143e-05,1.682994520713941e-05
4977,5,3.919538806319392,0.0191560290936184,0.004244722991971324,0.0042590118408599555
4978,5,3.6421271167646876,1.1841784320401199e-05,3.99651296564993e-06,3.0007258408441793e-06
4979,5,1.9160716422521187,0.0008625062096753774,0.00011446820241281079,0.00010498213896421927
4980,11,3.4995213694740217,0.0015348293750112097,0.00024327418105938645,0.000202212773799867
4981,8,2.207375008067541,0.0010309954023005688,0.000230582275224931,0.0001980640256621408
4982,5,3.848429512332372,0.00012178738646672238,3.821003517691022e-05,3.2273193660646195e-05
4983,5,1.7109257922714423,2.3119390947618815e-05,3.692429863711743e-06,3.7495343069634394e-06
4984,15,1.571446126333076,2.8514298753489844e-05,1.8067815473621865e-06,1.765306507017486e-06
4985,11,1.5100091731886098,0.024834070531376085,0.002578943729675851,0.002698627829101227
4986,8,2.9548438549493974,1.5332460057299783e-05,2.7370803102659747e-06,2.2765940654028865e-06
4987,5,3.743346672452045,0.17084411376662584,0.04637021858896198,0.0358269197910205
4988,5,3.935748798474389,0.0007174538881667415,9.555739959785016e-05,8.775092950335634e-05
4989,8,3.591666461319618,0.006113994362630749,0.00118558947687326,0.0008851376385156972
4990,5,2.013691457142813,9.919896639530339e-05,1.952030857819074e-05,2.5966585682452706e-05
4991,5,2.6405222521326257,1.7025914933553796e-05,1.9193304572713684e-06,1.6173855393695026e-06
4992,8,2.912529642763624,3.744486267916158e-05,5.626176530300565e-06,4.815915231744771e-06
4993,5,2.9134322011817746,2.9401740920110928e-05,8.137695519541714e-06,1.0023808172966361e-05
4994,8,3.4723168507593996,0.007192109688353528,0.0019853951958444882,0.0020710266188542336
4995,8,1.882684825762993,0.01791451621384766,0.0005988796936371211,0.0005895070140056861
4996,15,2.526140031656066,0.027123017356486884,0.0061505557918636496,0.00676828176799482
4997,8,3.241754601819382,0.0006052751856853453,6.092381179580312e-05,5.8586661296617385e-05
4998,5,2.916874190525834,0.00047154139652192545,6.162279133802141e-05,6.280237104310953e-05
4999,15,3.1666161680845977,1.0841733252163215e-05,6.920915866185744e-07,5.904505886528857e-07
5000,15,3.7339625947866186,0.029470711199260143,0.0026747143595696066,0.003181765748125537
5001,5,3.269713399511152,0.12357063496691485,0.011208680297727567,0.011589932808834268
5002,5,2.3432963629246015,0.009733550868555397,0.0005861291848521879,0.0005557855042157642
5003,8,3.6029887295878176,0.031830990468855264,0.007595651196214109,0.007347567867459651
5004,15,2.7491665368628584,0.021618322901939848,0.004965672818873007,0.00414755057672635
5005,5,2.831032179840362,0.016365650606410712,0.00249106990925486,0.0029686439351338766
5006,5,2.891309553140552,0.19707371798524626,0.07060827360033982,0.05511890404587864
5007,8,1.521755332229737,0.18396444108154436,0.051558103144828595,0.039591472051217415
5008,8,2.5303470711112963,4.938403471679053e-05,1.2467593611478397e-05,1.047138384184999e-05
5009,15,3.346637036044306,0.0001218325509972699,3.1638828673588866e-05,2.6108783084854365e-05
5010,15,1.5151141134343509,2.4686757868551234e-05,3.2543346041656687e-06,2.6811617020913623e-06
5011,5,1.7795506189430939,0.05038350739977883,0.0027325821634021697,0.0027139745838385882
5012,15,1.852931353363375,4.707693053543064e-05,4.645288697056523e-06,4.109842727882423e-06
5013,15,2.068418240487421,0.001408474279106215,2.6758344986718704e-05,2.979729399670996e-05
5014,15,2.395079725635149,0.11777626960156508,0.025504652427315,0.020931908012233654
5015,8,2.9891870011533657,3.073912682626835e-05,8.915376412144582e-06,7.764729802122466e-06
5016,15,2.034915173575477,0.12120633742714276,0.00951373441541268,0.008048088505494527
5017,5,2.0440565579608285,0.000552820688849597,8.194521064833112e-05,6.516733855580582e-05
5018,5,3.9623140938943706,1.8851578129522848e-05,7.326845107467238e-06,5.926973771387592e-06
5019,11,3.7189971699928326,0.0748445332650998,0.013238924852270382,0.010427347019193242
5020,5,2.217935454411422,0.0001956030951335351,7.087272390650579e-05,5.843397312355625e-05
5021,8,1.9753668735858283,0.00030492118995786063,1.3981326175851523e-05,1.1150238108071566e-05
5022,8,2.3740778270052663,0.055955134017433274,0.003631465829931099,0.0044698050485793206
5023,8,2.453817620034084,0.0002854824012659984,2.6068316456185406e-05,2.2433145705072987e-05
5024,8,2.3453810390203547,0.22025397306501834,0.031483119078609706,0.031212682839193796
5025,15,1.8640331392880536,1.4026046756950555e-05,9.63833440301983e-07,7.703632175982717e-07
5026,8,2.000097222850414,0.00010206058801902927,3.411064287076112e-05,3.393731299940307e-05
5027,5,3.904761097088576,0.00020804792431741137,4.8556210160707e-05,3.805925914353833e-05
5028,11,3.8507360750561372,0.00027208117010914983,4.6061929215372634e-05,3.974483721225302e-05
5029,11,1.8102245734641431,0.17688374778108523,0.010844553806451409,0.010414960787935612
5030,11,2.40395930826219,0.048820939216750785,0.0059377020574766385,0.005942811551572093
5031,5,3.683320204119839,0.00013932890374656123,5.063425704145689e-05,4.933423161004733e-05
5032,15,2.5930172213612406,0.00033676491692995024,4.364739337405665e-05,3.50770715389253e-05
5033,11,2.1312830048891787,0.07437480332127035,0.01607791081620434,0.013417738862474245
5034,8,3.745726284453178,2.761696375294856e-05,1.0177099716910924e-05,8.68658424962344e-06
5035,5,3.8367520094593472,6.47080588335904e-05,2.206174199873626e-05,2.2585615825117864e-05
5036,11,3.0761524688672495,0.0012488131887888028,0.00011088951001490948,0.00012255961184546148
5037,8,3.3623525671496988,0.04286749560017108,0.015600127850673867,0.012695172577856755
5038,5,3.385224121084856,0.05311394216613109,0.008188875805114001,0.008916773959067904
5039,8,2.7336585963456588,0.07453578679786965,0.030203508968643607,0.02510302338285958
5040,11,2.6111583244859617,0.0016213472232460284,0.0002694478376784931,0.0002097333717669601
5041,15,1.5132749444494662,0.00011429890524261367,2.8946608984218637e-06,3.726750348389837e-06
5042,11,2.68291492147668,1.173129265851147e-05,7.920068617250488e-07,7.726875754925494e-07
5043,11,1.608489572982424,1.055860282174718e-05,1.1101454102454083e-06,1.1045297528393704e-06
5044,8,2.233281115599679,0.16895142795658782,0.015860117882168304,0.028446160398834967
5045,5,3.78987929943512,0.0002695142241474526,4.549907955117414e-05,4.414173723430532e-05
5046,5,3.6472548053888847,0.016760421826851637,0.0021154380000405933,0.0020321209651228884
5047,5,3.8398651815335483,0.01793442450166932,0.004178807708996769,0.0033384150991093518
5048,8,2.728167031116792,3.613330200379544e-05,8.710670096655496e-06,7.230282060205049e-06
5049,8,2.686164569355463,9.08747140648868e-05,2.3540481917282584e-05,2.134216640074856e-05
5050,5,2.553268148766046,0.0006585017490236878,9.41555650492089e-05,7.349968639739435e-05
5051,15,3.933882903672303,0.09902140101254711,0.010792261255997044,0.009618893665005611
5052,8,2.8112607666130742,0.00022023435468623357,4.0917624239758424e-05,4.0465816581585885e-05
5053,11,3.588916090626865,0.02984183314918007,0.004307301192638133,0.003273822934077784
5054,15,2.3131080733360436,0.00016835266456541556,1.747474063289132e-05,1.3742979619841817e-05
5055,11,3.563698426468822,0.0004025515977013587,4.454921207391347e-05,5.4792744925743045e-05
5056,15,2.4548992831650254,0.0024950051963231554,0.00017350472557079206,0.0002210480158138914
5057,15,3.8118156519397832,0.03385016513724056,0.005821608516012981,0.005642496744988972
5058,5,1.912808268742335,1.6371804744360678e-05,2.4889976535389125e-06,2.1016340490722473e-06
5059,15,2.772535502470675,0.006671361413615492,0.0012285447382863186,0.0009938255460916192
5060,5,1.7214822731150292,0.03434296092052852,0.005016697871841528,0.006274335882824887
5061,5,1.621962631726248,0.031788238171832066,0.003391316547265302,0.00279414337233907
5062,5,2.7050323468434527,4.158689001835499e-05,1.0015874660452317e-05,1.0562236527576294e-05
5063,8,2.382374449688272,0.050760311130266904,0.013756187783610213,0.010351406163029825
5064,15,3.4822309214761464,0.003200239195747571,0.0010212870442702121,0.0008074334187887397
5065,15,3.2809380334907914,0.00023915824101782216,2.8497019891139962e-05,2.3365801037642112e-05
5066,5,1.9865443247363053,0.003536528612899591,5.752105928160153e-05,5.086219682218355e-05
5067,11,2.228394949954659,0.00019123684824398274,1.779438041122394e-05,1.3977103081437163e-05
5068,11,2.2102939448558243,4.767404526894169e-05,7.155209729988051e-06,6.346531485206951e-06
5069,5,1.6356354198462328,0.13131728327930334,0.04737820731327639,0.036294716899640714
5070,8,3.471633029260826,0.0014292437151351928,0.00024961720389322754,0.0004938565940895344
5071,8,2.4539928281314407,0.0011088664175993221,0.0001594324530640104,0.0001305054138582252
5072,15,1.8291731545774492,0.02401423589132968,0.003914755595582188,0.003277379150548848
5073,15,3.63655561778519,4.875384984658163e-05,4.697835689518116e-06,5.259794785726302e-06
5074,5,3.7105029327589953,6.963665551971863e-05,1.9113396609256303e-05,1.5393387046845498e-05
5075,5,3.2695957556365474,0.005310292572918465,0.0009190238932369017,0.0008245570124080474
5076,5,2.1164937121454943,1.6543200376325803e-05,4.202321294377884e-06,3.4509865546329545e-06
5077,11,2.5189832211955454,6.724993995941017e-05,6.977650824135212e-06,5.438357282321417e-06
5078,5,2.8881599841692487,0.0009625938422549669,0.00029087505992273985,0.00024334968770089898
5079,11,1.806893309749612,0.0004181046853542312,6.007660630370687e-05,5.7207084051663954e-05
5080,15,2.6731161655454962,0.030185542724807543,0.0023327460240691773,0.0025170626983606497
5081,8,1.9488435655080054,1.77818392865062e-05,1.4287167005453583e-06,1.2229098507836596e-06
5082,15,2.3634340372191445,2.6681966374493642e-05,1.2023558645537447e-06,1.4652439518545214e-06
5083,8,1.8573184067020507,4.016781034170648e-05,9.035264621465439e-06,8.628630477776243e-06
5084,5,3.685864528515824,0.0006175871491369096,0.00019304710595389584,0.00020968814100671485
5085,5,2.923269495191087,0.3036098410583832,0.09561483585084962,0.12281693188500081
5086,8,3.929306898501093,1.9044929112762678e-05,6.429338167191998e-06,5.255618010532916e-06
5087,8,2.5233522548673175,0.0031064087694226434,0.0010361354819699918,0.0008730534381065453
5088,8,1.860332850839797,0.0011678664373778068,2.8044137042232594e-05,3.5760001506223656e-05
5089,8,1.5567721694152359,0.0008070017883396488,4.9123302809154254e-05,5.679721758335114e-05
5090,8,2.2026576450327395,0.0491903706009155,0.0070350833204164895,0.006538239754790228
5091,8,3.5401447185695,0.13901805611341045,0.013877679186925252,0.010642741849453491
5092,8,2.8626806484532814,0.00015323484961336678,3.995144438677343e-05,3.089434285065487e-05
5093,8,2.373608777111294,0.20994373039924683,0.04233679703609425,0.031947142104592686
5094,8,3.2455423278275237,0.0008259573216336769,0.0002922095383459276,0.00030730918003684786
5095,11,2.547270402810386,0.026283154823903896,0.005985478331151239,0.006350135611719248
5096,8,2.716090354590819,0.29070424046577376,0.10950416361285681,0.08372727899756333
5097,8,1.5558897811959418,0.1540754275994321,0.04083460485290778,0.04310694091994818
5098,15,3.5888178890809983,0.09865243201481574,0.012597617745990457,0.01102219732033115
5099,5,3.725467451036744,0.032876412181621885,0.01374544738184878,0.042314515275607055
5100,11,3.2815519830300146,0.14874300606749422,0.013115330137624105,0.012648429296318577
5101,11,3.8784397935290826,0.0003711352094946767,7.429913655781676e-05,5.6048460692350136e-05
5102,5,2.141882206195166,0.03320857928735927,0.004007166625939608,0.00606950322567729
5103,15,2.9527622136356033,2.3780355788398654e-05,3.888784655211429e-06,3.888495109519927e-06
5104,11,2.7451626784497543,0.01826219371033875,0.0019512696033634038,0.0021155153433703063
5105,15,3.4371275285400453,0.08339389401878591,0.01939874334760331,0.01666532673838109
5106,5,3.964326034441651,0.0015456054101439648,0.0004079425528211851,0.00033669507027546207
5107,15,3.0763250970347835,0.015952156243879485,0.0023487505699809046,0.001993105479647708
5108,15,3.2614048673505596,0.06235398542287388,0.004441889881050567,0.0035510688036883256
5109,15,1.589462096499141,8.288266167523375e-05,1.7866937647749928e-06,1.4514925839131266e-06
5110,15,2.455711239449621,0.05445638898907368,0.009173645310158046,0.00825216809600736
5111,8,1.6836258002131164,3.314422519728212e-05,6.305403946968387e-06,5.418780311465603e-06
5112,8,3.287584865051159,0.00019797598401944083,2.5882078571078084e-05,2.4777342932881443e-05
5113,15,1.5466852434560892,4.9728606490434035e-05,1.0737723063368939e-05,8.399291036160278e-06
5114,11,2.773616495486685,0.0017255569057476544,0.00019097411700097077,0.00024133813645311903
5115,8,3.2277461592092496,0.01215116151589045,0.00391344704525998,0.004817756076536567
5116,5,3.481850749927407,2.306022665570896e-05,4.4979420838465e-06,3.7103238428984743e-06
5117,5,2.03338862646876,0.12336634790458563,0.013739903631132356,0.012383004525628464
5118,8,2.614750606901424,0.0026457625389123204,0.0008195967444291562,0.0007390132283204691
5119,11,3.329786169344885,0.025115233221840942,0.005820741120277089,0.005896108609058609
5120,11,3.738677882168398,2.430028861812012e-05,5.103725163424694e-06,4.040981305711024e-06
5121,5,3.8965618467118586,0.0017072629375058455,0.000675498322562588,0.0006720613402599067
5122,15,2.3353760694253625,0.0007259596205682194,0.00011824025183998794,0.00011006873996081925
5123,15,3.0200361445314856,2.4204955333637902e-05,4.27192317031336e-06,3.750381021475123e-06
5124,8,2.3149821645582307,0.1339314445419773,0.037347859828676146,0.031420837844170164
5125,8,2.06868075449886,0.00015690792708248247,2.72379014987982e-05,2.3703644521189325e-05
5126,11,3.7663728378767662,0.008831885189838835,0.001016955206662779,0.0014870983148141162
5127,11,3.803663317539927,2.4005359371087577e-05,5.292730238743607e-06,4.330533447638066e-06
5128,11,2.956388392676648,0.015598847732017819,0.004048335695506899,0.004075324859971002
5129,11,2.1061151100781954,0.00012687591266995497,2.33876979688401e-06,2.298935144847933e-06
5130,15,3.1981494987762913,0.0028509009910121716,0.0008379899700225069,0.0007929053762473597
5131,15,3.3943469952181897,0.09307251869654512,0.029260288142597343,0.030586046407925633
5132,5,2.0963353603003547,0.00010636695106529355,1.2271393826144898e-05,1.4304939867890001e-05
5133,5,2.8335000741185388,0.030472716676467324,0.00488458307659198,0.004450618105268184
5134,15,3.638847111463609,0.000856664402966322,0.00013228878719625262,0.00016846417949183007
5135,8,3.6954427682310835,0.0006052515632502414,0.00012311205261421817,0.00010257680182355441
5136,11,3.670102141614624,0.26972355599111025,0.07688856372135684,0.0590987812751042
5137,8,3.349063101018678,0.00016304744697575937,2.183345169636777e-05,1.7914991731808168e-05
5138,11,2.7908327560163184,0.00031179589592852675,1.0123111677166715e-05,1.0569289665833046e-05
5139,8,3.1634731742131477,0.03490692789182543,0.009095956447691433,0.006962799837804886
5140,8,3.2412254736047785,0.004027995690379383,0.0009468402155336488,0.0007008778616045307
5141,8,3.1310502485442466,0.0002762344044562596,5.806661143783676e-05,5.718296127127993e-05
5142,15,3.0210626682421093,1.9497342731777566e-05,2.237612458537232e-06,2.55419138961965e-06
5143,15,2.5368937178960143,4.087990350997802e-05,4.374770715383685e-06,4.9040436030862515e-06
5144,5,2.2084543467444893,0.0004839918378919537,0.00019939664743121098,0.00017692083913945015
5145,11,2.0440654847320046,9.605549501191668e-05,1.0445468746134551e-05,1.057424200080507e-05
5146,8,1.9633590178243092,0.06520092452441932,0.009449898821311533,0.012261316765391666
5147,15,1.611739890676379,6.955000742381027e-05,4.022571169000954e-06,4.5788849429790355e-06
5148,15,2.560561854883469,8.884295897239227e-05,2.047763446725567e-05,1.7590699473138596e-05
5149,15,3.965118301167458,9.784171719160831e-05,1.1651766771930274e-05,9.880264208529106e-06
5150,8,3.548863278128386,4.522376571567893e-05,8.055398802136734e-06,1.506063747956622e-05
5151,11,1.7707398979913955,0.07106081726156736,0.008349563131790635,0.006630728809732186
5152,15,3.477926823345975,0.0025040050947563635,0.00047315287959733086,0.00041224142325106385
5153,8,2.8607240013654236,0.00015806358497737324,1.787887354956237e-05,1.537607561344259e-05
5154,8,3.604289301005773,0.0013576457040515633,0.00023191913409109662,0.00020239626470034398
5155,15,3.340002594990641,0.15373542779447166,0.026052513787902073,0.021920609477976728
5156,15,1.8144227595154028,0.0030556035165645117,0.0002578306428230491,0.00023051432185013825
5157,8,2.79246081354759,1.1380440352725998e-05,2.0688991967480134e-06,2.223651213219224e-06
5158,11,3.1242535258816373,0.0038141046478835827,0.0005143641054106097,0.0006594135232256775
5159,15,2.7693678404052573,1.1793248958112313e-05,2.661464599003038e-06,2.2928109746197944e-06
5160,5,2.441717852103696,0.00027480964785986373,6.449569085101534e-05,4.9195821474507544e-05
5161,11,2.253325090762092,0.0008510475202723118,0.00011784075128953469,0.00012370967856546004
5162,11,3.6454280769726477,0.02580065059637979,0.008442993981263358,0.01982979255729476
5163,15,2.0714845945801335,0.000327063752609509,3.2305590613915105e-05,3.171399580220931e-05
5164,8,1.9672215558424175,0.0009012021489913706,8.668975192433647e-05,7.204753541420947e-05
5165,11,3.1217559554148355,0.0005043295406314359,6.153268996101488e-05,7.005893811804738e-05
5166,11,2.8396181223735217,0.22279139658639027,0.021847589843134094,0.017293359580205125
5167,5,2.2643058328486583,1.9079935039776246e-05,1.7865604654571822e-07,1.4771098112965695e-07
5168,11,1.5953211935712126,0.0003674713025224489,2.7294491003494678e-05,2.2038788825193243e-05
5169,5,2.3333293942584294,0.013844153886338856,0.003493515587862987,0.0030603750296942954
5170,15,3.2930588119809316,0.02367961693339438,0.0056180086633997,0.004977528824042061
5171,8,3.459389031126923,0.003034405580495938,0.0008290692637808986,0.0013070926157788135
5172,11,3.8423624837584063,0.0004787224956187058,9.404607595018885e-05,7.957780853014578e-05
5173,11,2.604866965614326,0.0002125925220864362,7.1421315710411066e-06,5.903362770369416e-06
5174,11,3.72163954348462,0.025764096378183218,0.0019927333098549655,0.001997186958600234
5175,5,1.645919630272189,0.001126403640456717,0.00014723530885228043,0.00012145208149633659
5176,5,2.044564070607737,0.0006798451209907204,0.0001324659080625846,0.00010996687724942428
5177,5,3.8146508959936387,0.15100592895574078,0.045586308338141396,0.03489383843010538
5178,5,2.6038247591753905,0.012210897602293689,0.0019402710958338675,0.0017360884439028786
5179,15,3.565917618000652,0.03663798238016508,0.0030034966097850116,0.002558721567450937
5180,11,1.762362268110257,0.0003117800472238256,1.1188780731316079e-05,1.698711841240912e-05
5181,8,2.1683972146968955,2.0211772582539942e-05,3.62731396418182e-06,2.8456086645291953e-06
5182,11,2.027147530866965,0.003299543787544273,0.0005516798222552653,0.0005473822497945892
5183,15,2.8448215902407084,0.0003324826436240711,9.052591685668071e-05,9.628276894019529e-05
5184,5,2.8448158705628384,0.08668731337825038,0.005011478183420246,0.004938289517610628
5185,8,3.4886529219364006,0.01182148821450023,0.0010880696511609757,0.0009151100054727815
5186,5,1.8744041127635214,0.042628423596504816,0.01204774644244482,0.012489528715248705
5187,15,1.6733149597250818,0.00026784849550389394,4.098044962770336e-05,3.265419641528615e-05
5188,5,3.476033296891209,5.014124174786039e-05,1.0184399016967192e-05,8.321692199488104e-06
5189,15,1.904592865240955,3.547960405819806e-05,2.4904015661788547e-06,2.276446361869027e-06
5190,5,1.818185009771732,0.01930350597871123,0.0021832500506882677,0.004365799726765358
5191,15,2.1064470040782135,0.05495627455874828,0.0028894284452866104,0.0023749362958377287
5192,15,1.9417051599326103,0.11269082066667913,0.008150926674159998,0.006421673016482632
5193,8,3.9579349903060113,3.2080475572126436e-05,1.0601071782112585e-05,8.554444106353829e-06
5194,5,2.375539374605797,0.02166679817037823,0.0034662840834169145,0.003426913999036864
5195,5,2.1799547709845974,1.7687895686501962e-05,2.4622165932919336e-06,2.1384320741943477e-06
5196,8,2.819930914714597,0.010193494483499333,0.0008115428020171499,0.0008223319333024554
5197,5,1.738894400587733,0.01555276412745907,0.002224745141991044,0.0017182165614971518
5198,8,3.845243873403607,0.0018515839876394053,0.0005500822351632957,0.0004216920119687454
5199,8,2.7164743449501954,0.001126813190457101,0.00013276072337262547,0.00010582317611383117
5200,8,2.185440996924614,0.00017570441112498526,1.9409887805671464e-05,2.069979627917733e-05
5201,5,1.9197352282061717,0.00013683644334435603,4.103552355311073e-05,3.513655121430503e-05
5202,11,2.8992817282744534,0.08501614348492872,0.015704208952184072,0.015306979931104307
5203,8,3.781203653101127,0.0007804121315650875,0.0002377623700011045,0.0001783990301405612
5204,11,1.8468736145569165,0.08323353258376268,0.0012362597720618632,0.0011225373013698632
5205,11,2.4839318935032324,0.0007705669264717094,0.0001270174801534088,0.00014775155024937731
5206,11,2.542552914970897,0.0019494884230049454,0.00040758427972444283,0.00035647571376423297
5207,15,2.6973849340545595,0.00013498889120345132,1.7387598550575902e-05,1.4990539006776582e-05
5208,5,2.7622189596950477,0.0004155635778514529,8.656359718654592e-05,8.166366262553767e-05
5209,5,2.3369317700667485,0.0010589125606678745,0.00011116721767292828,0.00010440035407512738
5210,8,3.810133643077318,0.026201621471677157,0.004451589391919045,0.003693423131535425
5211,8,1.5284624865592757,0.026546257375121934,0.002826110598282597,0.002386196364143947
5212,15,3.1787928440527633,0.00037512674582683496,4.712808725298734e-05,5.1417498616555446e-05
5213,5,2.6813720746776397,6.729530533402625e-05,6.0176319903643106e-06,5.620296735165962e-06
5214,11,2.92249258015646,3.563885662275408e-05,5.322156637808461e-06,4.519695840255279e-06
5215,8,1.7978062700321424,0.0004780577652189598,0.00010292318415466259,8.874352094363529e-05
5216,8,3.1929343229284797,0.02996014541730652,0.007945056382085999,0.005865481013127138
5217,15,3.547130057024809,0.0010757888746008928,0.00011429256110990987,0.00012953427102444236
5218,5,3.5485728504770195,2.552208021539162e-05,1.9129647764633307e-06,1.6743746691935374e-06
5219,15,3.127471259632054,0.0003871849029957393,9.428260288078854e-06,1.3075342600244651e-05
5220,8,2.931984908354342,9.705413359195989e-05,3.140457788722078e-05,2.5363589258557023e-05
5221,15,2.7650730442385307,0.011739392499778754,0.0006570823065073319,0.0005411916122189667
5222,8,2.6532105548012277,0.231633967831058,0.07661991939192003,0.06490871733840088
5223,8,2.301392601461976,0.2525577163604829,0.03668224323837058,0.028230908719234823
5224,8,1.7227897123349774,5.551047270970209e-05,1.0866539172547444e-05,9.194171142310896e-06
5225,5,1.7265247164524145,7.950493298665746e-05,4.116994657994865e-06,4.5022662407308704e-06
5226,11,1.6093291230368436,0.03240043272644335,0.0014114331297435602,0.0012972463216599866
5227,11,3.449556438536752,0.28274283826089425,0.035039835911272715,0.02929701083454959
5228,11,3.101598091742211,0.061778353418345276,0.01107171361440186,0.009287416956321544
5229,8,1.8485069199672628,0.0018291957032245418,0.00019761634896156284,0.00018841819017665972
5230,15,1.5785703034903682,0.003476154046042148,0.000538116590659812,0.00042740205821259643
5231,15,1.8852871932255262,0.001336082414864166,0.0001990703366331033,0.00027415798407996457
5232,15,2.158870065604262,0.0006715822329897113,6.44632069662497e-05,5.5305006656789594e-05
5233,15,3.0259304998309497,0.021886863758539377,0.002117499019182807,0.0022404766601665433
5234,5,2.0037837572234385,3.595663581462207e-05,4.935264970194643e-06,3.989629021107001e-06
5235,15,1.9376206574951755,0.0022797586640764434,0.00014762787221990096,0.00012896811465665188
5236,8,2.737904219485917,0.004510574055610888,0.00036868491200089736,0.00032477680799635215
5237,8,2.0592583243008997,0.019638135809549716,0.0027659418865144223,0.003306199589608062
5238,8,2.294922728265862,9.075702667530735e-05,5.415821408152108e-06,8.466896496470933e-06
5239,8,3.0778257974858487,0.006909522565405015,0.0024791521321814018,0.0018288583356163373
5240,8,2.6730851376956766,0.00024714635009246203,4.791627424490823e-05,3.8119046056691574e-05
5241,15,2.998095821001644,0.014255772694742867,0.0033248558931207074,0.00309075152733006
5242,11,2.7734883341504903,0.05185277870572284,0.008161722332829666,0.006708047340907485
5243,8,2.803564253401123,0.00033679123410492075,4.968954893796063e-05,4.8018350182266864e-05
5244,8,2.939626371778524,0.006628395476924408,0.0006847046141570655,0.0006004877051051947
5245,5,3.3577795050597796,0.002540825920858833,0.0005364042828196359,0.0004516234372239768
5246,15,2.8953159623836338,0.00012650220981777775,1.9144647482312464e-05,1.5814608970269693e-05
5247,5,3.0428436664999543,0.00012145462018851203,4.832843433839858e-05,4.341844231570326e-05
5248,11,3.7175818684966773,5.6594330643650196e-05,1.2253340900521766e-05,1.7472780527800807e-05
5249,11,3.641103271913653,0.0023612254325065256,0.00025116683935757914,0.00023783315616781285
5250,8,3.901076014743863,0.0004252132622596609,8.257091329377483e-05,7.786450514648157e-05
5251,15,3.402346129638133,0.0056368689398473195,0.0009740382549127808,0.0016657058365732536
5252,5,2.212981200926649,0.1394452191967037,0.038417733182891885,0.03750787137074899
5253,11,3.1983728230370954,0.029366072869139056,0.0015101366827292638,0.0012339789082970844
5254,8,2.4840189244538653,9.103879176238759e-05,2.2793838969910854e-05,1.8131822907375485e-05
5255,11,2.1017557688443653,0.009877025973525478,0.0010667320270194573,0.0009435691088794439
5256,5,3.3815654488458313,5.698297651324793e-05,2.7547538990475647e-06,2.319188740389003e-06
5257,11,2.191988787875553,1.940341260588927e-05,2.7510119995623033e-06,2.639231400145958e-06
5258,11,3.38646203920564,0.0017517471127646727,0.0004694540705998479,0.0003983536918942573
5259,8,2.628218292136718,0.0737617001510346,0.0051218136450772375,0.004468091056505893
5260,5,1.784269247634545,0.04296737235800593,0.006161676627300487,0.0056629339872661015
5261,15,2.8486488595384665,2.1524886337239157e-05,2.7908448928455865e-06,2.5089435571627114e-06
5262,5,3.1539356615093013,0.00013622446004431547,3.061656170581022e-06,2.748378445228711e-06
5263,11,2.3164550569587554,0.004170010162549861,0.00036015907156537486,0.00043865979415019346
5264,8,3.903258674393862,0.0001606970663952432,4.9967857207188164e-05,4.6353987486666854e-05
5265,8,2.410401295323558,0.08720150501241197,0.013476119878128918,0.01333964147066728
5266,5,2.1865963113279463,0.0002516319307657674,8.563022903569206e-05,7.019650587835811e-05
5267,8,2.9346469528905885,0.02173802684781908,0.004888774558903847,0.003890540110468149
5268,8,2.091475372152081,0.00010545044104269987,1.6344779252995093e-05,1.6577686932840418e-05
5269,11,2.00403236227694,2.32560518801033e-05,2.880192336633987e-06,2.6584974811352404e-06
5270,11,2.066304027396593,8.175922159314805e-05,6.11473634375042e-06,5.383018884531896e-06
5271,8,1.5696054635697616,0.004879199819931085,0.00013511062266054113,0.00016027366371308344
5272,5,3.4731057406120374,1.6268506140275986e-05,2.2705999296089167e-06,1.8496205303271332e-06
5273,11,3.264337590962032,0.0002463209242859699,4.989997876975621e-05,4.08147499106379e-05
5274,15,3.8406334655848124,7.455723763417568e-05,2.4464514194809773e-05,2.1218436091404144e-05
5275,8,3.2117947872610295,7.852852572986508e-05,1.780954883233922e-05,1.3856449509615723e-05
5276,8,3.283008516770314,1.385742820073234e-05,2.251744879835392e-06,1.8565694327995159e-06
5277,5,2.15826713528413,0.2499002753656878,0.018643837175539524,0.015871203092306378
5278,15,2.543809366876528,0.045403720635125655,0.013587770227822912,0.01022245031888024
5279,15,2.407051251299519,8.687801377987616e-05,1.5725360691740238e-05,1.5774501466755126e-05
5280,8,3.4433930126493766,0.000146500717046747,1.974660020081554e-05,2.754871035809715e-05
5281,5,3.75233796637994,0.21917714681431902,0.08113403220990181,0.11230547290530672
5282,8,1.990876877333712,0.13899317335447336,0.034504305701482926,0.02877299977152187
5283,5,3.398428364343991,0.10503333908132494,0.019394947959565763,0.01934528733767343
5284,8,2.925624152446751,0.0023246948251327707,0.0002842313746949225,0.00027943759465886165
5285,11,3.0853556281911256,0.038894003091904876,0.0024298967681288253,0.0024195510223026413
5286,11,3.279095328499608,0.07663393481746705,0.016776460891239575,0.01511788919733814
5287,15,3.133064115357547,0.0003710986530487574,4.3084271245523556e-05,3.4878507386005946e-05
5288,15,1.5551688112663964,0.0004673462552819507,1.8337631662532183e-05,1.4647986936403259e-05
5289,15,2.2480287319699404,0.0002683815059379601,1.7259785849795e-05,1.5549003282027448e-05
5290,15,1.9221242779989165,3.56177187250048e-05,3.7372526042995708e-06,3.350453214478662e-06
5291,8,1.5448257162690355,0.00127570716216695,0.00042773937666840654,0.00033682775251201683
5292,15,3.3949259460044523,0.00013443252304633593,2.3753118411167418e-05,2.2309791882766614e-05
5293,8,3.107707623408033,0.004812002273386475,0.001207621552163344,0.0010385194714785948
5294,15,3.4146891772648327,1.69981783092057e-05,2.5675965995047108e-06,2.2510618892948272e-06
5295,15,2.563728747400382,0.00019692858259666183,2.6416059103738707e-05,2.397905130015198e-05
5296,5,2.3321651368864487,0.2169422059557756,0.07669857608957241,0.07431801481370229
5297,8,2.8946394408639358,0.023459637397467672,0.003950214428093971,0.003285217430403801
5298,15,2.7252642395460027,0.03823604758859275,0.005630989933987479,0.005459268610374594
5299,15,3.597173774689484,0.0016463437455816372,0.00023985170867375454,0.00022101052350874582
5300,15,3.9006441282162534,0.02393727570083034,0.003756047183315485,0.0028956292980380845
5301,8,3.287506665515756,0.04014491815554009,0.01015644883051079,0.008137118386781382
5302,8,3.592466217624237,0.008829206576243833,0.001947058136328738,0.001609955859465856
5303,8,3.414592403612268,0.0006097211499532671,7.911165643008646e-05,7.385281843263394e-05
5304,8,3.320399966650383,0.025494930726174505,0.006928592629837126,0.00523942565026078
5305,8,3.4263578527233416,0.0002872225830982362,0.00011338299235127592,9.904444857303073e-05
5306,11,2.3251927943876476,2.712862911536736e-05,3.1002473727923543e-06,2.611440004766831e-06
5307,5,2.855793514821352,0.0001584504113062021,2.007038202708085e-05,1.8183374751261986e-05
5308,8,2.5345599673768073,2.3779038698313556e-05,2.6761741195700758e-06,2.2015877241037177e-06
5309,8,2.0006626433475856,0.2472454837409408,0.031507621086561896,0.024775878722817817
5310,11,1.71674514592172,0.012175723617024832,0.0005512932067735554,0.0004556511340019478
5311,11,3.916419280922141,0.14584881639687006,0.027917588670929264,0.02210538789352912
5312,15,1.9473705217113393,0.05641383592127989,0.005226421900390031,0.004297281332623708
5313,8,1.7539546616582533,0.009827573923794845,7.300285065766927e-05,0.0001145243865942145
5314,15,2.9858773754932915,0.05222450270568861,0.006061213778858608,0.009593829072156458
5315,5,3.8598650579948264,0.13460375831536187,0.04969927271293091,0.03970346345907743
5316,5,3.8429014104213786,0.003893061701801072,0.0009442395389410497,0.0011110599882162544
5317,15,2.682508955621449,2.8934519677191045e-05,1.511697918156662e-06,1.7957325427834541e-06
5318,15,3.0061364842310327,6.802699892924363e-05,2.5763567991093864e-06,2.3200304907395725e-06
5319,15,2.781215294656332,0.00589063813423014,0.00048745298520689055,0.00043840803805433854
5320,11,1.7763443513476929,0.0006420077152721337,8.799382513725873e-05,7.75587095482334e-05
5321,11,2.3187242030528696,0.08579307812985759,0.023282310923996304,0.020591998609382607
5322,15,3.888955603186032,0.01190986974799629,0.0019535170605269833,0.001884650865395593
5323,5,3.9595778773540418,0.11682665636425707,0.020857656807359334,0.020811896223533473
5324,5,2.3395558446925637,0.00010322444967550987,1.7915628545663834e-05,1.712472803457555e-05
5325,11,2.6143053585125267,0.10400068364738153,0.03858398281907609,0.03190751163451946
5326,8,2.9732890461643358,0.0013260728198867323,0.00018396632724400005,0.0002189142304695276
5327,5,2.635521999513685,0.002875343299948941,0.0008562492974541043,0.0007185635910275537
5328,5,2.269448598441139,0.0012448169700970781,0.00014451879962855497,0.00018500078489743564
5329,11,3.1881966375298023,0.0017498452489041606,0.0003448621391413525,0.0003370682706134431
5330,8,3.408668922341684,0.00012924395208001682,4.281759022076232e-05,3.3115907903871296e-05
5331,15,1.884065139854659,0.005041446517759162,0.0001425411638401388,0.00011328622959247863
5332,8,3.1336603626784147,0.001378357002331693,0.00021790578711100355,0.00017829436761265073
5333,8,2.911692278894991,0.13418316693416107,0.02284986207135172,0.03613873740597338
5334,5,3.0591239602118994,0.07710902599014306,0.018223624888628075,0.01741525842475869
5335,5,1.6281218128761727,0.00017798974069461811,1.3058477787308237e-05,1.528444999839306e-05
5336,11,3.918655997609573,0.047121168218702054,0.006289780784362455,0.006080338273015685
5337,8,2.976324903091794,0.00776764130302344,0.0005249295610777653,0.00045662866116143137
5338,15,3.4705258802373917,0.008564970532180029,0.0018402564084136798,0.0015223574588005243
5339,11,2.484060461591176,0.001021741771826666,0.00010079515725219328,0.00010556681078725191
5340,15,2.7838195059925,0.020573599406488095,0.002160593400088097,0.002439186438555192
5341,8,1.9314886424982312,0.005774729764811131,0.0008081777123748628,0.0006990913109330321
5342,8,3.5375327569183783,1.1960899060986367e-05,4.5313250916315975e-06,3.490794564505767e-06
5343,11,3.951072841541639,0.029921039603174944,0.004109233294868668,0.0033429074494273577
5344,15,1.9283040896316312,0.06691299558106226,0.004277582311239148,0.003622221121301265
5345,11,2.22189897327057,1.2222904793313346e-05,2.616112466243847e-06,3.020271322039832e-06
5346,5,3.5522615015550203,0.024388821603908106,0.00401972687422693,0.003745769163508593
5347,15,1.9464322064124182,0.00396009490071963,0.0005401652012255809,0.0007605024507064556
5348,8,1.6420113902737983,2.3261125420305682e-05,4.7850118529471354e-06,4.121047848028426e-06
5349,5,1.7665448966652209,3.388778020184218e-05,3.047922792158743e-06,2.799931493453276e-06
5350,11,3.480578803429272,0.06386492562258812,0.009968582193349023,0.008765266432004126
5351,8,3.1663066661827592,0.007866489156244657,0.0011819634306265497,0.0009738888938996644
5352,15,3.947961214348579,0.0003470157977211116,1.9421270233555547e-05,1.9071916399864244e-05
5353,15,2.575752493338648,5.712210717633759e-05,1.8912985651418314e-06,1.7563238803905957e-06
5354,8,2.877252022824895,1.3296686666778577e-05,2.67513022579033e-06,2.2281591843096776e-06
5355,5,2.8395874709537665,0.003943561609267195,0.0006158917597478548,0.00048564976332212025
5356,8,1.8624420595240347,2.867540013752373e-05,5.7761270443691665e-06,4.877032316676949e-06
5357,11,1.7344118917488425,0.0064111421167753575,0.0003937398526818684,0.000674238856438868
5358,11,3.271592351495994,0.0030216654996846966,0.00044372810160801714,0.00036191912525071213
5359,5,2.5975604602061617,0.00024386792022958377,4.508783594732623e-05,5.402512273061504e-05
5360,8,2.2043912419538785,0.002157854774667702,0.000355046291945122,0.00048140897395736366
5361,15,1.556133930178361,0.000430199754061623,1.9886601005518382e-05,1.6448870851254863e-05
5362,8,3.59116663096511,0.0058091036987508796,0.001642065555337584,0.001588094962466365
5363,15,1.93110073010926,0.10789431206629774,0.00880792130428918,0.009655921576392563
5364,15,3.6249454852696132,0.00014814118463506618,1.1278176070434468e-05,9.182262579315905e-06
5365,11,2.9657746831639975,0.17773295683165347,0.00817408480109358,0.007299996238496004
5366,15,3.2873882403158925,7.010382934675001e-05,6.903512544879507e-06,6.898470245037056e-06
5367,11,2.910416673914465,0.00770975629431287,0.0014380547521801092,0.0012901948052912273
5368,8,2.5562532054928715,1.372661170437638e-05,5.527087108911105e-07,6.688286951970329e-07
5369,8,2.9114048153872276,0.0002368714706953048,3.4943140240574e-05,4.013715596905788e-05
5370,5,1.7468801696875265,0.0038051037483947795,0.0005804714129557691,0.000548109509022589
5371,15,2.732350831463503,0.0001704924172186513,5.793412161775484e-05,4.6787558336808134e-05
5372,11,2.3915015560770185,1.1856727696445797e-05,1.0721295389388707e-06,9.224866525634459e-07
5373,11,2.12630653825632,0.016952050204930076,0.00209947605741153,0.0017253381077626398
5374,8,2.8470395610966874,0.00010848067732310398,9.559705606189415e-06,9.078812810590618e-06
5375,15,3.037331599779503,0.21233011110387112,0.024432804672287027,0.021004792521831822
5376,8,3.212369319659108,0.00020747374884826398,2.742076278384032e-05,2.818985186633997e-05
5377,11,2.2804296891624563,0.02964606796200028,0.004141000125573802,0.004928381324806281
5378,11,3.3059228727719696,0.001440961049876862,0.00021779875811914876,0.00025003620362308023
5379,15,2.644929966454482,0.035746518142974006,0.006578873497474277,0.006877192778854839
5380,8,2.1123836587687155,0.029564255508277733,0.003150419240888906,0.005324855911379882
5381,8,3.633779606698372,0.003587166241796533,0.0008679029911041016,0.0017343214806792386
5382,15,2.089841320485402,0.0030999766198386985,0.0001462821941755939,0.00012061659950763472
5383,5,3.426177007950369,0.00010823179891153339,3.876208603521814e-05,4.907989844190058e-05
5384,5,2.961325518923236,0.019968792726187106,0.0025405305969043823,0.0021496706190022195
5385,11,2.7378059968262036,0.037528138393187443,0.006612542780912534,0.005558974278567694
5386,5,3.0730117821134244,0.10929519614060598,0.01812195304899614,0.016381007363291795
5387,8,3.8274104062333087,0.0001361444758045644,2.0936365454623714e-05,2.4301361662637535e-05
5388,11,1.9102100156624346,0.020932364321645056,0.0012756909476216035,0.0016043849824682623
5389,11,3.7884816749370414,0.007289672939949132,0.001307213528401025,0.0010663678547755216
5390,8,2.018878405208347,0.009984603216327248,0.0003709994325920381,0.00035828753649660354
5391,11,2.1452678676634296,0.054623951916174245,0.0033230577256209808,0.0027454135916219584
5392,8,2.204549223548056,0.07291859797190473,0.015781470297615747,0.018294225070010682
5393,8,3.64425212611601,0.003714849525644005,0.000492158174548127,0.00040616904348273635
5394,11,2.2350915936320965,0.020292135995087304,0.004235302026359634,0.0032444218430616907
5395,5,3.807569461184773,0.0013010613895747315,0.00015913284800741053,0.00016275359387222247
5396,8,2.065713793599911,0.00832122550304842,0.0009325996652855534,0.0008800759374506726
5397,5,1.6385268333931813,9.25263819456872e-05,1.6774910948880777e-05,1.3130467912872305e-05
5398,15,3.4738856417246344,7.268453713525115e-05,1.2950245098972673e-05,1.1038007669757016e-05
5399,5,2.9500497708147084,0.12850532947686064,0.04175903074069945,0.03382523687731002
5400,15,2.837855331713706,5.2109828294391014e-05,8.541441544316546e-06,7.245561253426439e-06
5401,15,1.6282016054607769,0.002298348951274172,0.00011450653563805419,0.00010886829026213588
5402,11,2.4239666480408806,0.02408642883017313,0.004553927288298742,0.0036216481447717865
5403,8,1.5188235665032184,0.0025374709024600663,0.0002359612310883199,0.00022353811033123472
5404,15,3.4765719302026477,0.02468121313295484,0.0020482907575906113,0.0016377815266783512
5405,15,2.7783739333317343,1.2762220886191168e-05,8.122963652396124e-07,7.630268026237282e-07
5406,5,3.639986429601779,0.00709086093537844,0.002772246566099911,0.002599322258861676
5407,15,2.6000756326462575,0.037051884830067834,0.005561050905950379,0.004427771598800692
5408,8,2.635680564874621,0.06463136276180184,0.008113313961372198,0.007222901623145465
5409,11,2.943832309482699,0.0012867452057093876,0.000155318338847768,0.0001204552547429019
5410,15,3.5357334048091404,0.06591265729551989,0.009320039282804851,0.0077113686154784335
5411,5,3.997153366594387,0.0011055154463666009,0.0003659240656682795,0.0004749614799441104
5412,15,2.3424127710580165,0.005240239914035437,0.0004385336685817304,0.0003518330248545013
5413,15,2.263357161593543,0.25577153140231645,0.015191697133286436,0.012799656457953492
5414,5,2.632105449761727,0.14507262700148815,0.053690167568567204,0.042090296788662836
5415,15,2.359915076763261,0.03173423297903123,0.00811696488505264,0.00812090728439933
5416,15,3.7923356406030795,1.2474877530407358e-05,1.4110559005025995e-06,1.2316515329302469e-06
5417,5,3.2475468873642264,4.3540099231873254e-05,8.187878516226894e-06,6.40175915790316e-06
5418,15,2.134295232898432,0.00013916094938970524,4.635965899130357e-06,3.878237567836806e-06
5419,5,2.80320499804909,0.08243450272093107,0.03053385182077213,0.0327624251679962
5420,5,2.807529241047888,0.00013498736084325563,4.458558310950588e-05,3.604360662525799e-05
5421,15,1.5375377774363757,7.709559812272003e-05,7.940842857208952e-06,6.948891148570713e-06
5422,15,3.547879778293094,0.07335894047385319,0.007108780093678124,0.009790617121660678
5423,15,2.793739017418157,2.5355197605119866e-05,3.9643936108769815e-06,4.314118366567402e-06
5424,8,3.311532536030232,0.019530397120349857,0.0034301663927023386,0.0029302486056826346
5425,15,3.857809301039779,0.0024179149981632814,0.0003846516248227499,0.0003018548345144548
5426,11,3.7994786760751835,0.0001392208015053156,2.60210452736829e-05,2.2689704245873768e-05
5427,11,2.829522375684473,3.350991063695286e-05,4.514892467332004e-06,4.396134711794073e-06
5428,11,2.1609641921349576,0.0271555498551836,0.004413480866158943,0.00382098933557808
5429,15,3.5441783407293985,0.0013566921016190552,0.00013148597314907045,0.0001222022834541457
5430,15,3.2573315096915305,1.693043825484334e-05,1.4584199830681299e-06,1.2345466864568247e-06
5431,11,3.9972802160019802,0.049026929600873397,0.010946223649765798,0.00938940869758064
5432,11,1.6391324144605444,0.0009964127026130048,0.0003015157604009058,0.0002664271439654727
5433,11,3.493543512695694,7.826683173366542e-05,1.055607321872396e-05,1.0870939037871929e-05
5434,11,1.8999559854799877,0.00020842605599719855,1.4405084712947154e-05,1.593381712102255e-05
5435,5,3.3440765521947666,0.0003220563360862251,1.9992138917738703e-05,1.8796754615339804e-05
5436,8,1.7709326662323572,0.004123940617855875,0.0012439943547036274,0.001274745305459228
5437,11,1.7881157768986968,1.4672498050191674e-05,1.12645894886938e-06,9.304186144953554e-07
5438,15,3.2453866185097864,0.02877198901018549,0.004682845631368979,0.0055216739767840126
5439,15,2.514882977737722,0.04371459911921628,0.004270457998589125,0.003938693873750696
5440,15,2.992481554898341,0.027192136137329473,0.0026158350707115997,0.003212884995734258
5441,5,2.5125769241524116,0.0007175220468417764,7.135208884072485e-05,6.80593666088474e-05
5442,15,3.7289072306739013,1.9303453413801304e-05,3.1684316688889214e-06,2.5667632112231515e-06
5443,11,3.260382312221074,0.0011279912882442122,0.00023886933607616975,0.00029207222523539093
5444,11,3.263595895449676,0.016818246688058033,0.003691053960441819,0.0035785587974624875
5445,8,2.938177630392784,0.00048509177935387304,5.1748869611394064e-05,4.083776889353077e-05
5446,8,2.675361887717165,0.0008931799033827762,8.713271891057567e-05,7.135662793754003e-05
5447,11,3.6134144181661076,0.06675892591957318,0.01475752509034274,0.01169821005684141
5448,11,2.1645970914727637,1.497715220530973e-05,1.1004068726423005e-06,8.572402099184275e-07
5449,5,3.1561475781173143,0.00011227846372162063,2.8735830029581903e-05,2.8491183735223937e-05
5450,11,2.1976978107750846,2.2551394213215017e-05,3.811192522854304e-06,3.471444829879228e-06
5451,11,3.0252060980890554,1.8951075562102465e-05,3.650844559450521e-06,3.572538123075051e-06
5452,5,1.8667763591076054,0.18167779971753523,0.037377205331741784,0.05267767988950286
5453,8,2.8538901644689014,0.000389455422383447,4.153666728341283e-05,0.00010784031154434517
5454,5,2.847664654080173,0.00519159532300821,0.0022185096199910247,0.0018395379410367956
5455,11,2.8381033787744845,3.222495128297717e-05,7.383562792503732e-06,6.123253740522416e-06
5456,11,2.8084375185462505,0.000540577603839576,5.4570001004770066e-05,5.465684778032402e-05
5457,8,3.9039904062866047,0.0002963821120091151,0.00010579949422406714,9.489695079414304e-05
5458,15,3.804481478835877,0.03622077253449836,0.008414145081222391,0.006791542344690436
5459,8,2.5359779098239956,0.08256316070498425,0.012967251351420149,0.010630429431006764
5460,11,2.14687619288227,1.3075747835700578e-05,1.1613006144346508e-06,1.0864864549803406e-06
5461,11,3.9365940956616075,0.0002827698144843519,4.5793247992434124e-05,4.0962168726476555e-05
5462,8,3.234843686106303,0.004910353812678095,0.0015982237144958832,0.002218857361473849
5463,8,3.151040460637093,0.03781963262427285,0.0032599383116274907,0.0027344031372080356
5464,15,2.9011117491571325,0.00046076040131374986,7.970968684093227e-05,7.204000584131411e-05
5465,8,3.9482399505506613,0.01905486092003242,0.00386891088712999,0.0033738212489836357
5466,11,1.5915098330718291,0.03835543107747765,0.007565172985348389,0.006158933627272004
5467,15,2.2062955522616963,2.380470493714484e-05,1.1409687920957326e-06,1.0633742968637976e-06
5468,5,3.430227548367623,0.0009905301065457734,0.000343719299567696,0.00025882388800069596
5469,15,2.877696672624716,0.061305668328917214,0.003416947966337594,0.003017272517123255
5470,15,1.5108604715560443,0.00012959879732535356,9.11481942214563e-06,7.5948461271061915e-06
5471,15,1.9117891204272546,1.4797243459342393e-05,1.1908080881087768e-06,1.020454665536885e-06
5472,5,3.740842951211731,0.000861379488049857,0.00014771797284802188,0.00014440789486067242
5473,8,3.3531089438823347,0.03574459015732117,0.007586320097015088,0.006025836251188682
5474,11,2.8549006806452275,0.005632425924783762,0.0008702004364110374,0.0007250268034822863
5475,8,3.577760668157691,0.017245040001298773,0.0049407322687829635,0.004678804052142896
5476,5,3.6800012728061766,0.00010005641107654474,4.52505203353911e-05,3.295995704271609e-05
5477,11,2.350413926847527,0.036582453999006524,0.003616440289139834,0.003333124532436637
5478,15,1.7721456015543193,0.3408395947776457,0.012781436975141152,0.013029475836584654
5479,11,3.9407894079582944,0.00972483686836134,0.0024884158254955095,0.00267220358180497
5480,11,3.336995653601827,0.03960896840602361,0.006915812103607233,0.005822967890058766
5481,8,2.6537354685322856,0.033420698610625965,0.00633987055459986,0.008144192089875265
5482,5,1.7220850593062056,0.0535541944525185,0.01824128744611501,0.023749255384695134
5483,15,2.0120957768559715,3.968641139540475e-05,6.849139655019151e-06,5.232194113669807e-06
5484,11,2.0966967439697157,0.00828183464450139,0.0003170144942118931,0.0002715055629518914
5485,5,1.847850275003627,0.00020431438601032,6.599099471736383e-05,5.9358214632904606e-05
5486,15,2.31556077347726,0.0704124077599975,0.004362305092343699,0.004051002909985593
5487,11,1.811350651115929,0.13344141061746267,0.026843975494675223,0.02939938122957792
5488,5,2.73726453328144,0.2372444230373219,0.03307212013635662,0.02901349057497949
5489,5,2.5676336622653273,6.990083254605665e-05,1.7433247671686546e-05,2.4444071921332214e-05
5490,5,2.2252537292237355,4.045711465990397e-05,1.2553104212933201e-05,2.1581519081609204e-05
5491,15,3.4654816644962985,1.3852122382501145e-05,3.804526320400684e-06,2.836950469097252e-06
5492,8,2.5322166270671502,1.5064767904293946e-05,1.354414523085449e-06,1.2941114502549572e-06
5493,5,2.2486167445672893,0.26390610872507686,0.029715593566496275,0.03771959712656002
5494,5,1.7784109555151868,0.0023998108064854206,0.00017603047629298417,0.00016206449838051748
5495,5,2.262826821564859,0.0005105673119952446,0.00010555749948439508,8.373986049762055e-05
5496,15,2.344784624587805,0.002212567402680434,0.00019693134484000154,0.00016211758577427268
5497,11,3.2788978573957306,0.0014880100377671918,0.0001746455069651635,0.00015164969503296693
5498,15,3.4210229774541805,0.0033112513541802783,0.0003720590172884417,0.00032524818768070446
5499,15,3.178696129244839,0.01620664801820115,0.003744682822978797,0.003333363862552121
5500,8,3.162204095590798,0.04256147017727552,0.005275193860520294,0.004320576530171887
5501,5,3.878382425035917,6.468633103797852e-05,2.0735677100990277e-05,3.532164198879232e-05
5502,8,1.5205554533091603,0.007559415215530482,0.0004301153356692475,0.0003694518199847095
5503,8,1.8714552925787338,0.001241694197329372,0.0002754670543112607,0.00021936103785082846
5504,5,3.750444298912208,0.0013640712640053201,0.0003638123080598098,0.0002808885807783495
5505,5,2.356106913898114,9.1935321823232e-05,1.9569502171610463e-05,1.7233936288559795e-05
5506,11,2.228416014820662,0.04222669405321699,0.005647762264412612,0.004467873774077502
5507,11,3.463065015398225,0.10371179823153745,0.013188117319321816,0.013773396056903014
5508,5,3.8806811620481234,0.003382621233025446,0.001419322002477322,0.0017340200128369433
5509,8,2.465247732044741,0.0007283843079565897,0.00010838985271852481,8.645134711953466e-05
5510,5,3.4408910655055047,0.17664024940947703,0.020590468989426503,0.017790423218220823
5511,5,2.007060719875873,0.0002945447463860498,8.6240182609049e-05,6.819236654040461e-05
5512,5,2.122646686725207,0.003930006294968041,0.0007381945536000057,0.0005944095912825943
5513,5,2.565629922927734,0.06065111523965037,0.007868194489329319,0.0063199492974949385
5514,5,2.7688798865164737,0.0001692674833848706,1.418492640648467e-05,1.7519489387155955e-05
5515,5,2.6316340476584057,0.08092744859775743,0.012726264746977375,0.011060231138223124
5516,5,3.1352316589016618,0.10867613394638581,0.010639747017230387,0.009486108071708643
5517,11,1.6084482916316531,1.6774711445088733e-05,2.4355978247392537e-06,2.5167977198132428e-06
5518,11,3.238444537064107,3.7693486660771624e-05,9.952734494219893e-06,7.527693464361177e-06
5519,11,3.5461451479169472,0.1016479448177309,0.015450331312067696,0.01170014426508426
5520,8,2.423468519977307,0.0015566717126221082,0.0002570839578671548,0.00028340923738727253
5521,8,2.158608928725176,0.07241863368532023,0.01728400985439956,0.014185025243628921
5522,11,2.2691204469037336,0.032079133583343286,0.0035716251140878582,0.0033206445595144987
5523,5,2.166639232192135,1.605258810723477e-05,3.794024817821161e-06,3.736251012809466e-06
5524,5,3.655110211081607,0.18255444331610418,0.08818458650290428,0.08831172819739347
5525,5,2.3633545241773954,0.0015666364065501778,0.00016977560046854792,0.00021057860036665548
5526,5,3.2075253773347603,3.869884668485574e-05,7.984756082009776e-06,7.341308242026347e-06
5527,8,3.9633984531519815,6.333854248086659e-05,9.218756538998173e-06,1.920516548291031e-05
5528,11,2.268037364865882,0.007841477919538103,0.0004819857598254246,0.00041480246786917296
5529,8,1.8288724380819672,0.040989625303231136,0.0033480632451185566,0.004467304401468054
5530,5,3.69002684075063,0.009195932920629495,0.0017248415382208266,0.0016566681533365525
5531,11,3.5903528966625866,0.01252497302227472,0.0016075647097135832,0.0013613231686653985
5532,15,2.52811783485591,2.2462826765156167e-05,8.969813772636051e-07,7.508175183011796e-07
5533,5,3.868635609533438,0.007423486027863247,0.002352732590896378,0.002625179227991335
5534,15,2.2587700940585864,2.0206972575475287e-05,2.0617353790639e-06,1.6569145724426286e-06
5535,15,2.0826617234268183,0.034332053063383945,0.004378978181069484,0.004063836596932204
5536,11,2.513265811445926,0.00026893935705831965,2.416734221966652e-05,2.021782878126379e-05
5537,8,2.119873097476348,0.058295639654334964,0.011645480041205289,0.010235578770351814
5538,5,1.8058722803973335,0.01997367141575675,0.00179649902384899,0.001801509367582127
5539,15,3.329716254616432,1.4904960666754278e-05,1.0060344465059798e-06,8.989991127198431e-07
5540,11,3.044215342810791,0.020881720185064068,0.002336552852487764,0.00512830011016695
5541,11,3.282260119074511,0.08176984388316624,0.01877106565135434,0.016155909093278117
5542,8,1.6355757511491409,0.002929742718212326,0.00027668643557022404,0.00026708970440597
5543,5,3.6819410110242425,8.698953336599093e-05,2.958112455379699e-05,2.4446432464302866e-05
5544,15,3.330509642066753,2.7858573484882778e-05,5.2885362173451615e-06,4.4142239442971574e-06
5545,11,3.6265625468107197,2.8076013267389944e-05,5.779295652275962e-06,5.884719141209232e-06
5546,8,2.2071417785857577,0.002389323621790921,0.00042882230488020966,0.000567825809246289
5547,11,2.6372852442702723,2.8914149540722722e-05,3.0712573044459873e-06,5.91131989698121e-06
5548,15,3.8157429000684826,0.00013070399599214835,1.9548791441863584e-05,1.7624492734248137e-05
5549,11,3.8006759559258727,0.0005781419694002432,0.00011308669906340008,8.748948590830787e-05
5550,8,3.427137704788326,0.000233365612399991,2.607050089207918e-05,2.2809752983469764e-05
5551,8,3.5666060789565797,0.004382474276850479,0.000532387004474153,0.000438651567861658
5552,11,2.2179240386703762,0.05921991187904209,0.008360531090188448,0.006883970733324843
5553,8,1.753709240344935,0.07802914220127921,0.005873403083521045,0.01608794647719525
5554,8,1.5189721424667497,0.0033511695791964727,0.00021920225302636472,0.0002368730469437195
5555,11,3.079452567118531,0.006293086840845612,0.0020051051511739753,0.0017233586463109856
5556,15,3.4417323878257777,0.10454980470772984,0.019575435315007713,0.01703061257198985
5557,11,3.5763099054272756,0.00015289218511786872,2.1751697383022335e-05,2.794200407463742e-05
5558,8,2.68367082601535,0.006811053360156796,0.0012567021823490748,0.0012036027374652894
5559,15,2.5460012522388427,0.02923979518756067,0.0028643197444527583,0.0027675530452587766
5560,8,1.7327543467849058,7.952667930364404e-05,9.357197190722897e-07,1.2212334815933689e-06
5561,11,1.8516466899207402,0.010108375995117382,0.0006900492835406328,0.0008178210099417216
5562,11,3.3991550457470554,3.4520478969344446e-05,7.870974325697989e-06,1.0412113745386499e-05
5563,8,3.8822371865607903,1.635300354466088e-05,3.8411199596520956e-06,3.125365950939183e-06
5564,8,2.2834137114056485,0.0010127986719894796,0.00019517504898583445,0.0001857474384271261
5565,15,2.4200270910653727,0.0034305492657772524,0.0007226044252673649,0.0006164710633806927
5566,8,3.0372812980082378,0.006400146947526901,0.002693981750236831,0.0021325247779435223
5567,8,2.80579346061629,1.3439147768748109e-05,1.280393361164849e-06,1.082848271720798e-06
5568,8,3.3997450755509244,0.001518147722938766,0.0006009510151693454,0.0004771038082706944
5569,5,1.5187544439762564,0.0016020104833016121,0.0003202668157557066,0.000268301092720241
5570,11,2.2408854780474883,0.0012095185182977102,0.00010416579231841765,8.912818734577212e-05
5571,11,2.870073048373203,0.0017630176189616107,0.0003755280122674997,0.00031251617558430896
5572,5,1.7594001464968907,0.0020638369085484204,4.920577015585436e-05,4.234437170242745e-05
5573,8,3.447647582717083,0.011586841479169071,0.004251740225755505,0.003460553944563513
5574,11,1.9166197808211412,0.005353529418528769,0.0004460209521228677,0.00039849918979098655
5575,5,3.9074027420616813,3.862145995682035e-05,8.092322873985297e-06,7.065245334612287e-06
5576,15,3.630697087046534,1.0751922043675258e-05,2.9735120752684653e-06,2.3454730226227907e-06
5577,15,2.354667023932559,0.11796636557066752,0.013577098014977623,0.010585023658758956
5578,15,2.587281817071541,0.0023955455514996175,0.0003818730633290154,0.0004495914243137976
5579,15,2.7780110445498267,0.00037058872372123684,2.1094752136234345e-05,1.648446154806676e-05
5580,11,2.726393130859406,0.05707536125321125,0.004415673596871982,0.00361665766749121
5581,5,3.6080178764416377,1.4705905936676973e-05,3.126526524987559e-06,3.771708272803593e-06
5582,8,1.635822960589262,0.03308613961692861,0.002899228402532235,0.002693389581934061
5583,15,3.4658719740905237,0.009813788918113688,0.002949634835069284,0.003135494673839228
5584,15,1.5774871331756608,0.0010422210774600857,2.1237873504984863e-05,2.2123645605167425e-05
5585,8,3.5360834143326585,0.10057728660981619,0.00526224827912713,0.005014567501130325
5586,15,1.7431863634931732,0.006016498071233141,0.0009654434546002305,0.0008344748635814864
5587,15,3.986715115099392,0.020381370353360663,0.004012177008124444,0.003090992333589915
5588,11,1.8796368242396186,0.0005359917948732909,4.324413441834984e-05,5.9697485443633304e-05
5589,8,3.7273851962608755,0.1575861656449226,0.0389642886885799,0.03249100668039195
5590,8,3.3601409468662258,0.00048391848328995825,0.00014469461334576112,0.00011827600345985656
5591,5,2.4827069034182196,0.0002355337307084061,9.03512998840299e-05,7.248883605539371e-05
5592,5,3.2530872984455756,0.28720592662408123,0.11043018323085807,0.10034555934834083
5593,11,3.2177721466721496,0.30450859699457994,0.029940195273710616,0.025521113924636702
5594,8,2.6658711793495606,0.37828936832460586,0.012404195486556299,0.009731783289534196
5595,15,2.4836136147946735,0.03259716313282674,0.001520205056796289,0.0017342214288473743
5596,11,3.3292335694237787,4.2630438434360604e-05,6.200558366580555e-06,5.982826808335411e-06
5597,11,2.287474021837911,0.000768807901814977,6.870918868433383e-05,6.462725647205975e-05
5598,15,2.977713889646517,6.501090818873119e-05,1.7000032721070983e-05,1.3805308143954813e-05
5599,8,2.8195195417643824,0.12240374023704235,0.04570191940349006,0.040761482534642714
5600,8,3.0556366927118264,5.5500758875961305e-05,9.66669942493774e-06,1.0070380341218076e-05
5601,11,1.9377905203630608,0.17644666190864314,0.011650701092781044,0.011511746813431032
5602,8,2.6137150622032497,5.26683733336697e-05,2.040820652813968e-05,2.5478955340015262e-05
5603,15,2.5230864623368165,0.007428062027818908,0.0005046085748372404,0.0004660887337762462
5604,15,3.779182649284483,3.3577377289649535e-05,7.371745384869444e-06,6.7293943357017784e-06
5605,5,2.029981995799513,0.0001713704399805834,6.871105339085668e-05,5.958479741458654e-05
5606,8,3.4946535771152343,3.9558736776291815e-05,1.1212321864547635e-05,1.365614017660722e-05
5607,5,3.496263929488916,0.00800710014642348,0.0008295077298189265,0.0006914356307082475
5608,11,1.9165243324033985,0.0008442382899282803,5.8732353290192104e-05,4.887575624429896e-05
5609,8,3.4921674671627443,0.02154226563720958,0.006361130507948749,0.0054578898204151
5610,8,2.0930855057580517,0.001320617171103986,0.00032652951071446957,0.00033783350003393765
5611,11,2.122171486749105,0.07532746920594544,0.010389371128241131,0.008737968104287827
5612,8,3.562136393590682,0.0832141794998983,0.020330812797147033,0.015968774372241878
5613,5,3.246507754857653,0.0002303209445329047,6.591114419572282e-07,6.522639723242518e-07
5614,5,3.968592833851428,0.0012403164009344193,0.00040605239646758853,0.0003982309293535828
5615,15,1.98863145152506,0.014443775608670937,0.0003561325136242775,0.00038127153646253035
5616,5,1.5581705506670802,0.04081688478091178,0.006506046275109676,0.005445436326028159
5617,8,1.56939138063097,7.427025830513851e-05,7.646510411996591e-06,6.188147445255246e-06
5618,8,3.031071708521824,2.239332092866583e-05,3.902100484325094e-06,3.6553131591504012e-06
5619,11,3.1928328430784694,0.026692574758864236,0.0018586306818300048,0.0018190346607934043
5620,5,1.6153990036689754,0.0004318172872054941,0.00014804755751086625,0.00012475576439483564
5621,8,3.2639898062074275,0.0010003533766732406,0.0003559708299742491,0.00028230745627777276
5622,11,2.0680152283205766,0.1641450489214468,0.01854717133369056,0.01986923857340649
5623,11,3.7024619556573857,0.0001635550995254805,4.873481297079368e-05,5.1795765550463166e-05
5624,5,3.2798885526093615,0.0001017191630451503,6.062538495447083e-06,5.07025324662629e-06
5625,11,1.5137656682332317,3.612663634176744e-05,3.869656213029287e-06,3.970977691969779e-06
5626,11,3.0820035331186855,2.663586194088477e-05,3.3754043329097586e-06,3.1935262764436234e-06
5627,15,2.382958857211457,0.07431073496633286,0.0023952355533845915,0.0029809889804757283
5628,5,2.379537633342207,0.0018361676858537797,0.00020826891742129858,0.00018615600271214045
5629,5,3.2380510554180537,8.197173688391763e-05,1.4384155772698229e-05,1.1357539305912445e-05
5630,11,1.7679221191429044,0.00014069506954720185,2.760978377402677e-05,2.4726462198563893e-05
5631,15,1.6616118445500083,0.05104558190346192,0.005818118857405195,0.005356496681007311
5632,5,3.7685947455324955,0.0002028424749126106,4.424067505458602e-05,4.778299186641293e-05
5633,5,3.388960579970002,1.492879222475668e-05,2.1472574388607474e-06,1.7486518188019776e-06
5634,5,2.564835813587128,0.021486339211550756,0.0029627051458862887,0.002688727403830883
5635,11,2.0518417848161747,0.02891503861258119,0.003105110051838874,0.002538172379360034
5636,15,1.9194076203570751,0.00019495798225622587,1.325459532415387e-05,1.1591883818301273e-05
5637,11,1.6281827757870033,9.172249989971533e-05,4.375731345601681e-06,3.795131353356627e-06
5638,15,3.4550707404089898,0.00010454199984284216,1.3238955312866093e-05,1.0196745891139062e-05
5639,8,2.3344966985788145,0.027204107268359413,0.002045864629117303,0.001960860472420373
5640,8,3.9645952270523406,0.18068435230548135,0.026484831262184923,0.02178015629610365
5641,8,2.2249555913919563,0.12212698765692956,0.033123354934994256,0.028103220948062897
5642,5,1.9345165123092252,1.1630213876920477e-05,1.560811929514323e-06,1.3068334578942684e-06
5643,11,3.113516675622972,0.005458168931397975,0.000966314507696963,0.0010051888381843687
5644,5,1.9493171936358118,0.012514851831982558,0.0008704830887043884,0.0012286036367110452
5645,5,1.5171436529605076,0.035489909133386975,0.004102312712282938,0.0035237074662596147
5646,8,3.2183008066160506,0.0003108106684210635,0.00010141947933469411,0.00010443238474564682
5647,8,2.3790855296598545,0.013325094114412567,0.0037058652427041775,0.0037232003470383736
5648,5,3.353789063077537,0.0007271157332669944,0.0002575771565736419,0.00019569064819155476
5649,11,2.197553738626246,4.489452901241431e-05,9.414746856466098e-06,7.195825600820038e-06
5650,15,2.5370032925034547,0.00023303772557102715,1.8781660392054198e-05,1.691214369211937e-05
5651,11,3.4642463787080353,0.0826725273347618,0.017026982290254924,0.015066066486582347
5652,8,3.2385615556878564,0.1981668334832048,0.03465866841481931,0.027870855138652655
5653,15,1.7197278293639393,0.002494977295979815,0.0003144160695064531,0.00025366436782771145
5654,15,1.5063917689921589,0.00010747692566989807,2.258638059445695e-05,1.9207653699926662e-05
5655,15,3.9990390565953327,0.0083193767358224,0.0009681843556275066,0.0008574025771856487
5656,5,2.997436207228389,0.00043573946162771775,0.00014846533531811076,0.00014449188182697517
5657,15,1.556206466929821,0.00014035487421442826,2.013733621028047e-05,1.5782251111205183e-05
5658,15,2.4051042123853716,0.00026752088106968714,4.14473913108424e-05,3.335500195555549e-05
5659,15,2.565038184324956,3.128281349557346e-05,7.766287456652716e-06,6.349483969382111e-06
5660,15,1.5413622415520267,0.029099620002189422,0.0022349290633876754,0.002397008016683577
5661,8,1.7754482253453137,0.004161617849154941,0.00020339947129845333,0.0002789630198080136
5662,11,3.284314161514527,0.04703655710840283,0.005342992134465993,0.005538181349606481
5663,11,3.9066670264784156,0.1567927001275978,0.05156765616968047,0.04910600897906589
5664,8,1.703406741375565,0.003041437934922031,0.0004457488248877208,0.00035927478806116854
5665,5,3.826363128484788,0.0008374299593355565,0.00028462123794827977,0.00022781641573157822
5666,5,3.680295923683625,1.7274338861662174e-05,3.676874472071267e-06,3.0741333338603212e-06
5667,5,2.491452524612105,0.00984260279899424,0.0022185853848287118,0.0035711405360295432
5668,11,2.0301689286637625,0.00015379300709792917,2.9740865113141948e-05,2.7671561903371478e-05
5669,5,3.1503747408767646,1.0849215760592937e-05,3.1663431309277713e-06,2.4810187927904694e-06
5670,8,3.110301332935743,0.0020746978803949227,0.00047460935377131364,0.0003661173142063513
5671,15,1.864487517503191,0.002707565053566637,0.00025687576290198307,0.0002507238974759487
5672,11,3.1221655105647965,0.00895002781733938,0.0014963664692785746,0.0013109895055009068
5673,8,1.761710175892889,0.0006210033549489872,4.876422739895208e-05,5.242259030741633e-05
5674,5,3.1115055375698017,0.1800255254669694,0.049282541537526495,0.04997114009153104
5675,15,1.5679544869066515,0.000633311952224896,7.445327197656826e-05,6.024987172235174e-05
5676,11,3.8568788082951593,0.003075106408374034,0.0006148193693834169,0.0005839375284869457
5677,15,2.7083456988937953,5.901632614279683e-05,9.53054039068468e-06,7.301541194212715e-06
5678,15,2.6967326900083815,0.06900952733707648,0.006504755342978481,0.005349345910639322
5679,15,3.148960720349193,0.07015719085206976,0.016614448158347186,0.012659856772466607
5680,15,2.129203145470461,0.0005595266303835434,2.9858733554864127e-05,2.4979015198734065e-05
5681,5,2.671333434411258,4.4161881288975444e-05,1.2273754802772455e-05,1.0282351247524458e-05
5682,8,1.5237343553404765,0.00019744042821998335,1.5128486528003149e-05,1.4481902494780244e-05
5683,11,3.528966191437199,0.06357029224792239,0.02110765396980771,0.01881300677226575
5684,15,1.5383434704073051,0.0365247095446332,0.0074800577971827365,0.0058122701135846335
5685,15,1.9028969245206162,0.012865520080131051,0.0012986541196795382,0.0012088579583230555
5686,15,2.033686881615295,0.10949917959825106,0.013507600585100416,0.012396863223369846
5687,8,3.233945378155914,3.51065972372728e-05,4.77455815724796e-06,4.246282639081205e-06
5688,8,2.5024267721135103,0.017577891215096335,0.0021746536037411134,0.001808787081045266
5689,8,3.1233286497480224,0.10095028008304817,0.024234496603691306,0.019957350425061936
5690,8,1.9236830520978936,4.5266523506765474e-05,3.1352430821689368e-06,2.475714503658775e-06
5691,8,1.9458417011039775,0.007492628923759704,0.0004380904984827749,0.000531764920376094
5692,5,2.67849411388198,2.3370571222184277e-05,5.153271120932363e-06,6.576431387958773e-06
5693,5,2.4728266521467592,0.0015467570843173488,0.00033105905513356154,0.0002593440497029383
5694,5,3.7891310558382902,0.044585371232986906,0.008226256891915737,0.009537798026240552
5695,5,2.5817106916884476,0.003484463307782791,0.0007038847935449035,0.0006589560536697741
5696,5,1.609945514444418,0.005309249489509136,0.0010175301921605008,0.0008523456563066698
5697,15,2.3694799308550554,0.005520922628003147,0.0005902654271560475,0.0004556391971881048
5698,8,3.4058426469892957,0.00016940557138217134,4.8519166981383996e-05,3.9878846962079375e-05
5699,8,1.5345663828112688,5.987267614689436e-05,5.122186225156791e-06,5.953890865094174e-06
5700,11,2.0152316860749737,0.14728927212935208,0.019355685655328848,0.017294074139157966
5701,8,3.8112767492565593,0.010299833011427804,0.0014606670170496851,0.0045295299624133955
5702,5,2.044939163977301,0.0076000923572635565,0.0017574727527908608,0.0019651606893725192
5703,15,1.811846067899899,0.01896192171530509,0.0014607880414727143,0.001294473644005805
5704,11,2.9526056230123494,0.00039265305266858615,4.1143296359842946e-05,4.442890630610665e-05
5705,5,2.2306421482298346,0.004441005407296548,0.0008428763916020704,0.0007721266241503405
5706,11,1.7067976377828242,0.005370408257474054,0.000921081650564973,0.0007930809485974028
5707,15,2.547768098544058,8.354693434014269e-05,2.1346251632458303e-06,2.072813389941832e-06
5708,8,3.829496326770789,0.011890617323879282,0.003442385097059792,0.005145924473778003
5709,8,3.2651901852847502,0.004611313024672176,0.0005173744511265897,0.0007827456355103817
5710,8,1.7951817621634603,0.11051198898336549,0.010899681329777054,0.011484416727650201
5711,5,3.568836001419999,1.4947446385371086e-05,1.6176899770874927e-06,1.3624667905355377e-06
5712,5,2.6043647845640296,0.00010720530976143696,4.394694580100922e-06,5.380617115532664e-06
5713,8,3.985275727443514,1.0231193382743476e-05,2.419896060619267e-06,2.649067963904296e-06
5714,15,2.8388004086957213,0.023688687154474756,0.0022600168887177852,0.0021951742590782
5715,8,1.9432803872635116,0.021629294776505884,0.0020814143001428483,0.0022305199616958924
5716,11,1.9036706032169364,9.815731718377712e-05,1.1149303118358573e-05,1.0025679951345872e-05
5717,11,1.817544060459953,0.00293038839449417,0.00022855611147703272,0.00017865843072064274
5718,11,2.0886520397609534,0.008363805194369255,0.0007981186596799003,0.0006533193300989382
5719,5,3.602355950225957,0.060440045546616916,0.008503600677408721,0.008612392045822866
5720,15,1.7090755399636037,0.056209854615324635,0.003932548388908328,0.0036693818155665954
5721,8,2.0207042698506106,0.165644179137184,0.00685549560045268,0.005502521005422528
5722,11,3.297303286614131,0.03622087536393178,0.0026075806777781465,0.0021483593613522917
5723,8,1.7832271076979123,3.6687605869166614e-05,6.142698886121461e-06,4.758207625497281e-06
5724,8,2.9654748944097786,5.3491799166173396e-05,4.629852583855223e-06,3.970121860890247e-06
5725,5,3.242810139566609,0.043129503238804594,0.017691164473678918,0.029090976422478036
5726,15,3.1664059231770176,1.1319707682766583e-05,1.2870020101765085e-06,2.563070679413984e-06
5727,15,3.0577342307679354,0.023300766411709903,0.0041150672803776,0.0054531852628974375
5728,5,1.7222446728210434,0.0005079095643196193,0.00010302004350649815,9.690056809427193e-05
5729,11,2.003720920472596,0.017194020015137236,0.002469011968141173,0.0024612241417491187
5730,8,3.0942732374286277,0.005031351276821343,0.00021721469893075808,0.00017403701248141796
5731,5,3.909973752683892,0.011345768423072404,0.004468061518373416,0.0054542189212894825
5732,5,1.653608912714104,0.0009727514605386479,0.0002503540902329538,0.00021571579156475602
5733,15,2.865289087862357,0.02485641616603013,0.0082319999958863,0.006830101036268736
5734,5,2.2902316305777672,0.13779244794841222,0.036759756531004675,0.029931214089198313
5735,5,2.005807004225055,0.0005487254917721978,0.00010528503223402504,8.706589092030432e-05
5736,15,3.0901614154759285,2.2245309217316284e-05,2.724433476053957e-06,2.306152855854155e-06
5737,15,2.339992710061396,0.00258662164475751,0.00011851335194783353,0.00017184660459758876
5738,5,2.8284911262715235,0.006842389815898443,0.0002070529314144537,0.0004428582565691916
5739,8,2.121877837556051,9.010274949859189e-05,3.062217628626322e-05,2.494498086910003e-05
5740,5,2.6330883377862904,3.6308698127247294e-05,1.4169713374955858e-05,1.3006190017107677e-05
5741,5,2.4186747193455194,0.006000533406993183,0.0004236949599772074,0.0003856091017369648
5742,8,3.6181665662868387,1.0893597885067688e-05,2.802630363536598e-06,2.4102551092952775e-06
5743,11,2.0047156985091115,6.934412730917703e-05,2.8096200261186475e-06,2.64807739659402e-06
5744,11,2.2585108383328993,0.02950489043102086,0.006686484300327696,0.00769952227090656
5745,5,1.825013721652634,1.084550862283834e-05,6.8627489671142e-07,6.15984682107761e-07
5746,11,3.1483614757134224,0.03712356057837656,0.0013295437195592413,0.0011129417162319935
5747,8,2.957026468888186,0.016282323229128128,0.002287038213512844,0.003962214317824006
5748,8,2.6928062286194683,0.001231491725870005,0.00030387108809752715,0.00034134681950688647
5749,11,3.150100242756547,0.0002485411199839022,1.5094839414357432e-05,1.2903173190811254e-05
5750,8,3.233846187355135,0.0074363276361456765,0.0018996267598880429,0.0015605779109462202
5751,15,1.8224921820502455,1.7106380630163973e-05,1.0015315765753442e-06,1.0210191442376677e-06
5752,15,2.4894208893119725,0.02345588594441085,0.0016890620854154931,0.0014241767363344813
5753,15,3.156169387428216,0.0034837555440790447,0.000854482083568143,0.0007524347830292975
5754,8,3.0213849295732667,0.0026855429942115204,0.0004399479281331524,0.0004008657901769239
5755,11,2.0949768499651817,1.373864629987266e-05,7.306548409366505e-07,6.0787696803471e-07
5756,5,3.7525164898441554,0.001042937130582321,0.0004345392725609674,0.0005278236464927563
5757,11,3.6411831942538475,0.034604178753262924,0.0031498643837470116,0.002838668824058109
5758,8,3.974017434669343,0.06561551020314858,0.017306881851883005,0.014437014063416045
5759,8,3.799390837314384,0.005107233622422735,0.0016250639969774031,0.0013149599629427306
5760,11,3.7949871044993677,2.5196218583587998e-05,6.247187412264502e-06,4.65935334952425e-06
5761,11,3.186336958650226,0.007849892428436155,0.0017185234636311578,0.0012689534137705386
5762,11,3.6465326047481263,3.9948454970787645e-05,6.439172099899809e-06,5.762972673448386e-06
5763,8,1.8975547365205072,0.0005514726632235196,0.00015308363799435297,0.0001269839830023682
5764,11,2.1141119981102356,0.05346725529024087,0.0032067235559141956,0.003133805610997839
5765,15,2.475976728618308,4.369099972632332e-05,3.854881292313235e-06,3.3279194142484964e-06
5766,5,1.6970655592801493,0.000193175733062512,1.663178723401579e-05,1.390194971917531e-05
5767,15,2.367451822872098,0.0009980643851809686,8.249583414902695e-05,7.726654431627124e-05
5768,11,3.3785595907820394,0.007192026073365836,0.0018629113090823028,0.0018631820090116652
5769,5,3.5328374808896656,1.9242756700887297e-05,3.7711293026139955e-06,3.468759990393985e-06
5770,11,3.835145269357698,1.4422776643178908e-05,2.7239641262933065e-06,2.4513416126521166e-06
5771,15,3.8992462098404648,0.018730134335620957,0.0021032752443577497,0.0018286847208859596
5772,11,3.0801530176570435,6.961228216902476e-05,1.7361209246661507e-05,1.3933986251160962e-05
5773,8,3.9358605627645415,5.7024227118852264e-05,1.4937744108164874e-05,2.5440803848712356e-05
5774,5,2.308903227606325,5.4345676613792e-05,3.168927974069352e-06,9.461618736708704e-06
5775,11,3.4363069884051685,6.507210308078073e-05,4.072429585166694e-06,3.887042825605469e-06
5776,5,3.943263145726046,0.05198690019418329,0.021158288119546315,0.017960065513685695
5777,5,1.5476577912591682,2.6063160996132676e-05,4.7098257219050494e-06,4.1605916180714535e-06
5778,11,2.5641510697387004,0.002707834412586429,5.190509291571175e-05,4.540234856938287e-05
5779,15,1.747688591075487,0.0029665608346366532,9.692664015973593e-05,9.256357890869008e-05
5780,11,3.508804398154917,0.037779469796199894,0.0016691231517820617,0.002295711074419905
5781,11,2.941364090153385,0.09671288476703978,0.014753240581997612,0.015203902737814965
5782,8,1.8157346546481241,0.04973162910011607,0.009003349058908549,0.006979351530454854
5783,11,1.9288995364864576,0.0049233171162283975,0.00029275089697135997,0.00030938079668805764
5784,8,3.6615328274081196,0.00011379637738462863,1.4502154809441146e-05,1.203681183330626e-05
5785,15,2.199823832335717,0.025724002106569818,0.00633576994933001,0.005491350024116951
5786,11,2.6038190171192057,1.0611130676866482e-05,2.2773832126991445e-06,2.0324055263081054e-06
5787,11,2.493330205893762,0.1203709442315554,0.018242749707170856,0.015533733830995199
5788,5,2.7697492484526034,0.013535252163147505,0.0019405416120785595,0.002131387077995752
5789,11,2.826596271451668,0.00047366767688166415,0.00010086117229326579,0.0001064857761329031
5790,8,2.3971160831170377,0.0852416450300889,0.019004623095863354,0.017811317821880925
5791,11,1.7974952678753615,1.4185908606004817e-05,6.24704795812333e-07,7.244423637880651e-07
5792,11,3.4231153959224208,1.811481602303639e-05,3.3744581240489083e-06,3.488875625452384e-06
5793,15,3.606297108997067,5.2437805918735785e-05,5.095015327590681e-06,6.5359337076233594e-06
5794,5,3.138527196106611,0.00015711612712481865,3.388540011566155e-05,2.9091276454344852e-05
5795,11,3.9746393471414327,0.0009445216017419841,0.00017634540532291266,0.00015093036189154258
5796,8,3.1561515165610756,0.04080299187137321,0.010939957782512865,0.01181265719977339
5797,5,2.9061470431553644,1.0743809253333436e-05,2.2753302988854625e-06,1.7140862142461425e-06
5798,5,2.309077986493762,0.27853031269146145,0.03184698488914313,0.028039071828596364
5799,15,2.492016359237455,0.015282238478443247,0.001414357283862331,0.0014790630138283142
5800,5,1.9637923883851072,0.16852072605358082,0.01536717667743909,0.016033493370158778
5801,5,3.0702774528486105,6.69078021730447e-05,2.2013375788445433e-05,2.2143785302756533e-05
5802,15,2.4345177477346467,0.022642095722217676,0.0024732128368735074,0.0022686835125084533
5803,11,3.410779186748974,0.0014840089363757421,0.00021227347183175348,0.00016941075472364154
5804,5,3.072811700275894,0.023926708252601365,0.002314924136874898,0.0018713280835733735
5805,11,2.2650263996321067,0.0006179991167300852,1.7879593861612158e-05,2.0205467761071905e-05
5806,8,2.435469623649308,8.398963132486264e-05,1.522077456894431e-05,1.1918008931722808e-05
5807,11,3.607396303924532,0.00014604770847782857,3.9502803460403815e-05,3.192174298909885e-05
5808,11,2.0361920823959574,0.021927651198879017,0.0024985196427188975,0.002271331213522625
5809,11,2.24798681284788,0.0001954901374335238,3.930275634735971e-05,4.1728912322332614e-05
5810,11,3.475649843710443,0.0001941537551497533,3.911332619375429e-05,3.653743783088594e-05
5811,8,2.819983792151416,0.00013020303968505528,1.3096504291849994e-05,1.3460136986662834e-05
5812,5,3.7627159276393707,0.0032087900461874076,0.000485668756248267,0.0027342455538765863
5813,15,3.6926586854671113,0.15817255651681242,0.01593546173165339,0.016181647335929257
5814,11,3.6922433389979235,0.0002030921432049599,3.7474552259503374e-05,2.9693997291109743e-05
5815,15,2.54479747467045,0.03108989544536654,0.001632953911671374,0.001578913443223294
5816,11,1.5170981563846544,0.004335316831391236,0.00034972078142235676,0.00036158007257627053
5817,5,1.6564937553446213,0.0037502025288850965,0.00041497585700389465,0.0004009510204573121
5818,8,1.723091800340082,0.00024468400591426295,1.5939052009282566e-05,1.5086154350488673e-05
5819,15,3.280493286676594,0.002184426830722075,0.00042290692235174085,0.0003659656443940025
5820,15,3.291737593176955,1.0483802734852388e-05,6.594435238662797e-07,6.655128593551143e-07
5821,15,3.1579515286066426,0.00773121758289607,0.0020029933324321736,0.0018137410086357868
5822,5,2.705892377898901,1.9299304373770548e-05,2.807918410606892e-06,2.888142911838921e-06
5823,15,3.2086584856702984,0.007964698517829917,0.0006410258693650332,0.0008411345622856579
5824,11,3.1245782016235246,2.61785297367566e-05,3.957575399884875e-06,3.4356414639850853e-06
5825,11,2.8959209999530167,0.00032806435418836487,2.4724955973754963e-05,2.547283363026221e-05
5826,5,3.013775620404136,0.0001340809635554667,3.565552202062303e-05,2.9791645491363438e-05
5827,8,2.203512220127236,0.000445906274297855,6.68667684337954e-05,8.636511133086254e-05
5828,15,2.6655561203217726,0.025385240321116498,0.0042172847820891035,0.003298071467532485
5829,15,2.0046281502765386,0.0016948648708562082,0.00016901222510663815,0.0001462877690431755
5830,8,2.2086103588891803,0.0009643173460876445,0.00018247983876394481,0.00019511027542961634
5831,15,3.582081801926549,0.02526471549319845,0.0022857399786633216,0.00204831307634672
5832,11,3.5367056714439435,5.42405351734038e-05,1.9303478049623848e-05,1.9121361453318206e-05
5833,5,2.519102288031348,8.536537836651928e-05,2.3806842807420813e-05,1.8714112476431334e-05
5834,5,1.6494864333886645,0.2521634572248595,0.02597357648748081,0.02204769185455213
5835,15,2.2333490248180152,0.023215003519277667,0.0031479929252249527,0.0032050934875330053
5836,8,3.5693136435800104,0.000613788923049877,0.0001035567048297104,8.809777973131915e-05
5837,5,1.8797168419674437,0.07721442816712776,0.0046227727734199815,0.003925951756222594
5838,5,1.7554104396097359,9.584653558734322e-05,9.382170143893087e-06,1.3727854749171797e-05
5839,5,3.6743611479822853,0.12519048034716912,0.002304572494924932,0.0019348122509116835
5840,5,2.7832405509682134,3.533551780405334e-05,1.4763764328074133e-05,1.1708812411744764e-05
5841,5,3.577559812555179,0.0039232873886829184,0.0008131124647695034,0.0006979489895459778
5842,5,1.7327002277237964,0.07513017314830346,0.008105010005204588,0.007157940860728267
5843,5,2.946354204910855,0.0008634495341263178,0.00018788126676517577,0.00016990569304660985
5844,5,2.15657522001061,0.0007630567840190242,9.891387233528992e-05,9.016293229998117e-05
5845,11,3.790851493879084,2.761717700645906e-05,4.516634101257046e-06,4.524407086277735e-06
5846,15,3.1839848195456226,0.030332266320662004,0.003038172300790412,0.002752683539930501
5847,15,3.4672103678954143,0.28520357272391067,0.047163535137084,0.037307110569836585
5848,5,3.3583809492348493,0.0003999249436766158,7.900592362690737e-05,6.341488814246438e-05
5849,5,1.6924270957161966,0.4233955336915469,0.07212599973100547,0.06053585379000407
5850,11,1.8409384626076948,0.00019368666785313005,2.8846468765491452e-05,3.888603925142763e-05
5851,8,3.823068690677329,8.331094068256299e-05,1.5979961298735283e-05,1.4323937720307731e-05
5852,5,3.121111985580079,0.0026483340368406447,0.0001241485318757329,0.00010888257759424703
5853,11,1.7398432708047904,0.0014795776026762097,0.00011738149045325472,0.00011220042155899099
5854,15,3.851340952306202,0.0103842541149467,0.0030175496371546776,0.002744717377827745
5855,15,1.8379654888300068,0.0012030699713207363,0.00028198265555726365,0.0002821153675402914
5856,5,3.4731164215048493,0.28155768109615614,0.09620575582734664,0.07350738339589068
5857,8,2.7159097035446913,2.8404325134944658e-05,3.1071844447675876e-06,2.468654874192678e-06
5858,8,3.435576188442295,0.00010236977629782158,2.1980150365597214e-05,1.8554981797529532e-05
5859,8,2.8650260759208748,0.010366803810295335,0.003901114431028277,0.0030108883442196126
5860,11,3.727881759464723,0.0335139082048696,0.007180881222830636,0.006770738590580189
5861,5,3.566973669629206,0.415345176454704,0.15689262246729965,0.14811500942669165
5862,15,1.9318990986605817,0.010216573973933133,0.0010909838533636341,0.0009179850229800453
5863,5,3.6994018382685807,0.17050598488926152,0.052135761701749134,0.043216645164570175
5864,5,3.0391587820727026,0.24483976513898462,0.03635944442613981,0.030111681645377374
5865,11,2.66719055822906,0.015215988939960512,0.00158556775663367,0.001501585939628168
5866,15,3.061402936627237,4.9992700481388936e-05,6.836104416038868e-06,6.30755627343977e-06
5867,8,1.5414520451430196,0.0007496331050358793,8.827630753651023e-05,7.749786292020607e-05
5868,5,3.7122572240196146,0.00020278845598133166,3.8534127653615306e-05,0.0001381837682878418
5869,15,2.303234725378571,0.008557281557750077,0.0006919531446669019,0.0005742772954094236
5870,5,2.8876755528705136,0.0001560875231601352,1.5795223007569063e-05,1.4995501826533283e-05
5871,15,1.6999774857850012,8.08848263507238e-05,4.3392324062173435e-06,3.593252425116442e-06
5872,8,3.7646408385968417,3.2122651465902974e-05,3.1033897869058973e-06,4.483952399317658e-06
5873,15,3.1004298263146053,0.000669186812682481,0.00014412582077588028,0.00011629504929955242
5874,15,2.0524760552578414,0.008822966686339646,0.0005259008285512443,0.0005063594285018
5875,5,2.765699985772393,0.0015148232732553912,0.00019092222129214162,0.00020863070708108188
5876,15,2.736110232558725,0.00020009204327180578,3.492464707695664e-05,2.794972421009009e-05
5877,5,1.9219811963823663,0.03851692610856764,0.006111568887342617,0.0049364538473276424
5878,11,1.5702836102330635,2.5003810185585275e-05,1.4108368870475725e-06,1.212247196613675e-06
5879,15,2.78546789629919,1.9498865893272054e-05,1.7951195934470523e-06,1.991485017361985e-06
5880,11,3.773655739050414,0.0001074106865330364,1.1590982945576808e-05,9.829167332767776e-06
5881,8,2.6401085042950134,7.571691196388618e-05,1.6069224664305424e-05,1.416894476402074e-05
5882,15,2.5056521351368484,0.0016049706650798445,0.000527398046107155,0.00040200885059483104
5883,11,3.446014318642429,0.0007174719632684348,0.00014149431404416658,0.000106713649097301
5884,11,2.091773776546308,0.002298084111832211,4.301694437626905e-05,3.481507193270395e-05
5885,8,1.661655120766397,0.00023440228039030753,1.922827649066006e-05,1.7397495456921512e-05
5886,15,1.9311797807426487,0.09578500555606823,0.0059459383535565395,0.004985130566752858
5887,5,2.1978485515857367,0.00017042909108285924,3.034059945006997e-05,2.41628143499347e-05
5888,15,3.0392851607106905,0.00015731434772783877,3.354400162607368e-05,3.548482101050622e-05
5889,15,2.54720167871516,0.0007464588733098699,7.903777082073276e-05,7.138462143380081e-05
5890,11,1.6768608163311367,0.0063324205159480465,0.0010244717522839447,0.0008388727793189182
5891,5,2.850501308709104,0.03161195113024839,0.009912435053565406,0.009215967735093143
5892,5,3.4633759834289592,0.004648651702276505,0.001405454839987594,0.0011650152482259905
5893,15,2.098877028961768,0.007147807172083097,0.0003676972383092324,0.00041289393997979534
5894,5,1.8935253681715534,0.3095450851500832,0.053499469180999376,0.043298220090196474
5895,11,3.6974197281996877,0.006226242337118278,0.001440670484983635,0.0014420749846936398
5896,8,1.8027051141365125,2.710500459014645e-05,6.251006892608564e-06,4.877114365439645e-06
5897,15,2.958415818134871,0.0010388920811691528,0.00016680122576276575,0.00015306014423215958
5898,11,3.7630046086663422,0.00014325251169189747,3.342893601352389e-05,4.1041147257501524e-05
5899,8,3.953757018263653,0.0007287039660809886,0.00015321805501110385,0.00014193269471880735
5900,15,1.9717336187371803,5.382092261521089e-05,2.867830689904948e-06,2.7153899768165033e-06
5901,5,3.6270941874180966,0.012530312213723095,0.001611991230098221,0.0016564845463149127
5902,11,2.0733799765503464,0.0023670850928562037,7.912109302008778e-05,0.00010038685292330926
5903,8,2.8770994735936397,0.0017166117630147324,0.0004730400146335117,0.00041648708062011095
5904,11,1.8929849100200844,0.0002609520532203998,3.404822006821656e-05,3.177745412585951e-05
5905,11,3.409766990072543,2.8044983588200614e-05,3.365286545339552e-06,3.292632013271769e-06
5906,5,2.186921540349998,0.03198679321519783,0.0065139560396486945,0.005900992767002424
5907,15,3.2371689126356276,0.0002403074245698359,3.8700590156267204e-05,3.5786909513534737e-05
5908,5,1.7602065697817715,0.015020047010388183,0.0015038692253073148,0.0012032064870341206
5909,11,2.7347050973971068,1.2031626191722426e-05,1.3592174525269979e-06,1.3249418146628468e-06
5910,8,1.8539424365466997,0.00014043422603837082,9.308161369247012e-06,8.78131094025164e-06
5911,15,3.3769894965129357,0.0021387174781439394,0.0004984404873413653,0.00039245583129127046
5912,5,2.1124154317264847,0.0008925944305788006,0.00017615132383211264,0.00021791604545796857
5913,5,2.777730279986419,0.0011287736318207602,0.0001830867746868153,0.00021698687747811416
5914,8,2.139439377762981,0.009721192300587978,0.0016955143434766702,0.0013315181179122467
5915,5,1.733391048234424,8.250889147028185e-05,2.8712555438005582e-05,2.3638465495397714e-05
5916,5,1.7634819205191283,0.013635553465719976,0.002137934846541084,0.0016747618861212446
5917,5,2.5944583576439175,0.0028576253621854365,0.0006229339281590583,0.0006272932003432407
5918,15,3.2399495060501944,0.040640851587887813,0.00670955051870132,0.005537202128464476
5919,15,3.642916490057223,0.005597371179660247,0.001188260337100674,0.0011806354128693342
5920,15,2.6312244754255647,0.020249719632153385,0.0019959979864106435,0.001798344343119594
5921,8,2.8063575835908674,0.05096898641572242,0.0036856559921889555,0.0030817995381504097
5922,5,1.80689257240066,0.0096522381178418,0.002474886522759513,0.002069858737722756
5923,8,2.3654205968677973,8.377441040539242e-05,1.624794350473093e-05,1.3624993165255832e-05
5924,8,3.1498009515313834,0.0002284659183118427,2.974307071442085e-05,2.462922485959647e-05
5925,15,2.660169940817639,0.0008872218443226898,0.00015452190553870968,0.00013051490128462308
5926,5,2.90571058496345,0.010899999463369708,0.0037816087211775436,0.0030226466913682954
5927,11,2.25724880905814,0.09511745327487542,0.007239661739881758,0.005981762374306896
5928,15,2.1140831712998724,0.05458531747405968,0.009257465810806392,0.009399322863381633
5929,11,2.4687966153684453,5.90989990661931e-05,1.8268608110548877e-05,1.3543205775639896e-05
5930,8,3.432743614393167,0.32992833964031526,0.05244722069128444,0.04509377321635956
5931,8,1.8877860586397257,1.976113476614546e-05,2.4822072817590213e-06,2.177746853487699e-06
5932,11,2.193838826513455,0.001100040683997268,0.00015604721707074726,0.0001582068979323139
5933,8,2.93734971529344,0.0032488416777366807,0.0007268711544966408,0.0018880083010334966
5934,15,3.9213979384083455,0.0002971185670838007,4.36708515959047e-05,5.594683405171351e-05
5935,15,3.4123587277497904,0.06653941333663722,0.01106969428030561,0.009582750837351875
5936,8,1.882877281126395,0.011667689892908227,0.0010816371669811777,0.0010571155162540594
5937,15,2.6342559748435135,0.00046533567509716566,3.1407512396360814e-05,2.4720674287466144e-05
5938,15,1.812793594145273,6.844809911648437e-05,5.779184910157827e-06,5.3542289309161305e-06
5939,5,1.7134755411497573,0.016574215331755557,0.003110840926541229,0.0027148367845839434
5940,11,3.9678598794813866,0.045717825474129004,0.013653642769339457,0.013429137820457071
5941,8,2.661025271864583,0.008828987802698732,0.0009679422550527601,0.000830334966281166
5942,15,2.633087412498793,0.017685567953580277,0.001786876452747632,0.0014232793793798023
5943,8,3.1936216933709094,0.000115973003706075,2.0622230687932258e-05,2.0162264276780467e-05
5944,8,3.3174012696178994,0.007409023806117665,0.0004548523833135925,0.0006265451888806876
5945,15,2.480295111169946,0.005327137365732908,0.00020280006462636619,0.00016450887077399342
5946,11,3.980523919153831,0.0001881496220384014,1.8088916636948674e-05,1.8054473630788835e-05
5947,5,2.8846112774547183,0.3101403035687039,0.09838703480838779,0.09200399803446058
5948,5,3.1701505322280816,1.01772162649764e-05,3.4712155946132492e-06,2.709719205875753e-06
5949,15,1.7979306086933136,0.002144734079600538,0.00010040777857938978,9.766430817792296e-05
5950,5,2.5779555823863,2.290638896705023e-05,3.5431338781731415e-06,3.1855629788656624e-06
5951,15,3.8039142068992655,0.017849373115333068,0.0018684504029815403,0.0018437210785459
5952,15,2.6634611071609964,2.0167617685386192e-05,4.6764580643951175e-06,3.5260259996846688e-06
5953,11,3.9113557441064177,0.0023895166822174166,0.0005455907909118084,0.0004942470186270129
5954,8,1.8399301243110862,0.0005142785960071911,0.00010472953885057112,8.46886317797313e-05
5955,5,1.8244425976601115,0.0298321413041243,0.008604864379729602,0.007988129651824204
5956,5,2.074098039547128,0.045606890204992444,0.0014217438190504985,0.0011958992539812482
5957,11,3.2591728357914587,7.899278638269941e-05,1.2026230391779215e-05,1.938097956600528e-05
5958,15,2.499861196026634,0.00016158437759662857,3.855828499790743e-05,4.1581421132568515e-05
5959,11,3.5646741307151943,0.02322709158357532,0.0020480383682650732,0.0018582920399421107
5960,15,2.9007665036915222,2.1467603536590462e-05,5.2354509971581285e-06,4.115633569708803e-06
5961,8,3.9197743352040684,6.818568672381644e-05,1.4101006138627173e-05,1.2770061864635518e-05
5962,5,1.9691920499548101,7.724867565140318e-05,1.5716428089389624e-05,1.2917499199436969e-05
5963,8,3.7908384480926256,0.059606394146642275,0.017083750292240393,0.01675846722707564
5964,8,3.3724017432905935,0.1129652344182456,0.011948722582171379,0.014605716792553056
5965,15,3.009794347117555,7.460795949808301e-05,1.0911865988365374e-05,1.2715457520630163e-05
5966,5,3.8448984816160907,3.867003053125094e-05,1.3666115083183794e-05,1.2179604509937125e-05
5967,5,3.2541404441197854,0.0001156264552786383,1.1979508851265986e-05,2.0027975779279263e-05
5968,15,3.4349522515233417,0.00017142185192091795,1.1243345712680541e-05,9.152931453348625e-06
5969,8,2.034218719895588,0.012588003811523292,0.000885678052438716,0.0008253474097890098
5970,11,3.231983937823747,3.7830584034278454e-05,7.833929451446617e-06,8.059009947310052e-06
5971,15,3.6165459243970317,0.01299287514042575,0.0007821648554749948,0.0007119946650166965
5972,15,2.667075312144291,3.64043944835954e-05,4.786602034520985e-06,5.87987946534755e-06
5973,8,1.9551193691513422,0.00012604368678973682,1.917476938492881e-05,1.5482198668293173e-05
5974,8,1.984727555586017,0.02795634724210635,0.005075162351505954,0.004755033034052405
5975,11,1.6599739176315529,0.08773608498287701,0.0010920042729454888,0.0009293313894729652
5976,11,3.4012498274301706,1.2833304552458878e-05,3.61494887420576e-06,2.747105360339139e-06
5977,11,2.518768742185061,1.9154959631976523e-05,6.806624467494773e-07,5.765024263115377e-07
5978,11,2.4657049240299935,0.016033236109786516,0.0028412083056255414,0.0023081481961307296
5979,15,3.9180578910722312,0.07837368686967856,0.0023934280585495276,0.001953781677387577
5980,5,3.6569163022624442,0.021702236881475743,0.004767870888628398,0.0047183621402289554
5981,5,3.1542512820864514,2.768382661935782e-05,7.378734098244272e-06,5.626848962952867e-06
5982,8,3.431435608285393,0.055688753517823604,0.01860213243024088,0.016291396951897196
5983,15,3.863190645260417,0.00017856869910084472,3.1814000500746726e-05,3.095191862668147e-05
5984,11,3.8680854894311625,7.516160892083763e-05,1.274900576776768e-05,1.13317395333868e-05
5985,5,1.514412533806396,0.07479522297241394,0.011879203446308844,0.010681459232653519
5986,8,1.8085511782833432,0.0013311550050552222,0.0003282265561971251,0.00028582145946107375
5987,5,3.766304683727865,0.011988876921031531,0.00231475166210301,0.0021273123063955913
5988,11,2.3638501592030114,0.08409372523484819,0.01945672005059429,0.01635752319481259
5989,8,3.880018640685402,0.09317408583583402,0.02079576628674258,0.01636103732126601
5990,15,2.690488638444525,0.0010526660447583225,0.00013024539415446154,0.00011344875479626214
5991,8,3.350344000652393,0.19198923430896098,0.018918499238103077,0.016429995936792254
5992,11,3.4926161606549444,0.0002309948011883661,1.9925126867549774e-05,1.648215118595475e-05
5993,8,2.829756355720119,0.03524197181573738,0.0032881993598687137,0.0031060508009510927
5994,8,3.4842603670676855,4.980131648398474e-05,5.1623686031162735e-06,5.1038069536763815e-06
5995,8,2.227457228571763,1.718102139767982e-05,1.8406337997235132e-06,1.7397028704279567e-06
5996,15,3.466351519625044,9.387035070602181e-05,1.7420438314080973e-05,1.5528897639451892e-05
5997,15,3.536218856012896,0.0046171052557455,0.0004170528344248841,0.0005152908300342836
5998,11,3.8332860140848375,0.00023227362804391239,6.87789966012261e-05,6.327623521235347e-05
5999,8,2.853706139855703,0.04471132648525317,0.00460602294620943,0.003954214231811488
6000,15,1.8324785264987706,8.672577721046646e-05,1.648186615065348e-05,1.2833404549423944e-05
6001,15,2.5876993873624032,0.0006448445914022671,0.00011667223211275622,0.00010317222800075483
6002,8,3.48838181690917,0.0006227182411720664,0.00010840444332951188,9.602094404267086e-05
6003,5,2.205486021617468,0.22973970181105063,0.041369586537611,0.033107575343529184
6004,5,2.2059715639917945,3.253120479819879e-05,1.0534735376243482e-06,9.854530590601713e-07
6005,5,2.283046151248209,0.002926710242860568,0.0012518886468417174,0.0011290331782550323
6006,8,2.0407636116030123,0.00013038205420869118,9.062103728710438e-06,8.216698667929958e-06
6007,8,1.5984341438797913,0.00012137203882778719,1.955011317160978e-05,2.2752392504795296e-05
6008,5,3.235256501780913,0.00035480824069255234,0.00010693865392414321,0.00010469843909565292
6009,15,3.3857487942193365,0.061573671344815034,0.008779483288209666,0.009203909790106227
6010,8,2.973850160230283,0.0005845074022556809,7.213279904955832e-05,6.761332970103064e-05
6011,5,3.1153114931480412,3.604639452748577e-05,5.580272235021258e-06,4.523381348828751e-06
6012,5,2.990887917582257,0.0012309261952117988,0.0003907735207025505,0.0003440915068527664
6013,15,3.3241761763886464,0.05441746698422993,0.004014936013942986,0.004101201261519487
6014,5,3.9414547222716525,0.11187351951058475,0.02393106768913015,0.02446380291737863
6015,5,2.388519631228896,0.0005343296751260724,8.27834189887235e-05,8.406236703171699e-05
6016,11,1.727326905484579,0.0004449825782981045,5.5372545138106705e-05,5.465188221816482e-05
6017,8,3.6663781293652855,0.0005284830470259561,0.00012012358506891438,0.0001326571951598936
6018,11,2.146110362961762,0.003147655765702215,0.0002015136531662964,0.0002408911725232157
6019,5,1.827689175050288,0.22906727831733267,0.021267612993625527,0.017904696233532302
6020,11,3.3630168920924235,0.19308113638609994,0.014761499363360818,0.011719071054257242
6021,15,3.562653602157369,0.03414407027921964,0.006412557067913804,0.005515318051684295
6022,8,1.6681312383902722,0.09221457342533965,0.008591555931003705,0.007019274819359835
6023,5,2.279582692667456,0.0010567689929185293,0.0002838120721111215,0.00022797053794967295
6024,11,2.8874761673565725,0.003209634264445294,0.00035811574413666054,0.0003741850811780446
6025,11,3.1727530616615094,2.1254390317431615e-05,7.056981652251241e-06,8.406980529611973e-06
6026,11,1.5971220193443136,0.00011967896369575563,1.6744105294490467e-05,1.2892489241960691e-05
6027,15,3.2703838175919144,1.9769944641484e-05,2.1530872911559895e-06,1.72165349955935e-06
6028,15,2.945300002424478,0.00012790059594802445,2.0655308549347426e-05,1.883253470364025e-05
6029,5,3.481971282647719,0.013047518100437819,0.0031749448313823196,0.002877025770362255
6030,5,1.523192606638542,0.0014904656521145185,0.00010039104033985705,8.932286730504557e-05
6031,5,3.8635605594739078,0.03195809355100345,0.014799034540527174,0.014745113379489276
6032,15,1.5412936173737415,0.009422090642065829,0.00030450164650912476,0.00028810432798550954
6033,8,1.5090470032329075,0.000538213158928009,0.00013408353398732225,0.00013335672323890898
6034,8,2.303444764704367,0.0013598759211173826,0.00016536424596156257,0.00013117992038922923
6035,11,2.616777460533569,0.00833859656394616,0.001029904569265053,0.0008670847190489023
6036,15,2.50677917339197,0.009392320786086707,0.0009511167447802622,0.0008762187450093687
6037,5,2.674321099752967,2.514509448000375e-05,1.1392855018458416e-05,1.1650626738451985e-05
6038,11,1.6845734864353359,0.00052576863810532,4.294303710247989e-05,5.414121940860562e-05
6039,8,3.347658069132339,0.003836508947736428,0.0005616618847934746,0.000597156990627444
6040,8,2.2617544403268215,1.2553093425545762e-05,1.4795333187741692e-06,1.1868652123500212e-06
6041,5,1.9535332627151802,0.010316232017911292,0.0013617213395521685,0.001192792057899047
6042,11,3.5532934421096223,0.002556398846583486,0.0006171352440496658,0.0005336483232320719
6043,5,3.4830126569087585,0.00040225161891118154,4.915186852549533e-05,4.538184489303045e-05
6044,8,2.6734075579853434,0.0010231850181518826,7.97581973662983e-05,7.756476470493776e-05
6045,11,2.7199067796320104,0.036902182889879544,0.004635611809329761,0.005156583649637108
6046,5,1.5662126526607327,0.002933345025273133,0.00047503942403633406,0.0003947869823053893
6047,15,2.5307702420981393,2.0862624217553614e-05,9.203863675083278e-07,1.3865562496584152e-06
6048,5,3.0606781623977177,0.00016278730907807724,2.924034347631362e-05,2.5637079127733054e-05
6049,11,1.6366045702757024,0.0028879324931384144,0.0008703595719472587,0.0009150332676402001
6050,8,1.5339497693011088,0.00020624173012185766,1.994765400556292e-05,2.0368034987397323e-05
6051,5,2.231409088258085,0.013428322333776544,0.005386159103025746,0.004295746650391254
6052,11,2.332064891369132,0.08679903512714451,0.011457019740474157,0.012494028764500228
6053,8,3.279591796269558,0.10162124547693013,0.010014611808216035,0.012189364992956418
6054,11,3.5493371191956293,0.08282597643477929,0.004299543599988795,0.004982805888577474
6055,5,3.228937047847556,8.456287754266097e-05,2.9580038085287932e-05,3.0216048446076994e-05
6056,11,3.648742734959693,0.00010976099722992987,1.2721548621639372e-05,3.8830331209358435e-05
6057,8,3.42412111664116,0.000101045785685808,2.189915316829601e-05,1.9012174559733866e-05
6058,15,3.508136492292322,0.00020729938641816123,2.326144818581935e-05,1.9939274064011126e-05
6059,5,3.5756659306366276,0.13757324236826526,0.009948100158618547,0.007762357379908939
6060,5,2.268203670948861,0.35662506412417544,0.11914833334666655,0.12339512055152306
6061,15,2.8427851162788254,0.0020165553953984338,7.699511498535154e-05,9.158155503109498e-05
6062,8,2.555930330145642,6.8927062788588e-05,1.0183093121156215e-05,9.73568495872563e-06
6063,8,2.203753283718989,0.0003290046060701657,5.649791583906822e-05,5.45542153858503e-05
6064,8,3.099333183751172,0.0016463406416657787,0.0004849600866666626,0.00038526393445626297
6065,8,2.9549986119701352,0.0027451291526616765,0.0003010229055200373,0.0002614736736849014
6066,5,2.314279042443183,2.525682572034977e-05,5.307038934939882e-06,6.675274115701e-06
6067,11,3.82420959240311,0.003308871866205074,0.0007483259394908385,0.0008902623929486071
6068,8,2.7102558277908577,0.00017202427193953768,1.754163373863843e-05,1.6586879834737472e-05
6069,5,1.7376426500962685,0.013094736285013377,0.0019667443569451066,0.0027488483351202756
6070,5,3.354847409669528,0.0031220323336685184,0.0011421438782841715,0.0012924208518305372
6071,5,2.2636985233317946,0.23978090970463006,0.054014751920295354,0.04759835320106729
6072,15,2.627261012360918,0.006355228056716078,0.0008198010257576062,0.0007406242240275052
6073,15,2.2676866092694716,0.005926338847360751,0.00033792561153122886,0.00032186015623585307
6074,11,3.555791873282484,0.10653355906240063,0.013484098688904326,0.012097010959668933
6075,11,1.5246181441231774,0.00016048242187799447,2.695559926941823e-06,2.878120942255958e-06
6076,15,3.4908588193666628,0.002095514781127672,0.0004061664883600082,0.0003361488330849166
6077,5,2.605820436818497,1.1437740758942586e-05,1.1141192843767193e-06,9.483281440177317e-07
6078,5,3.169360266825182,0.003667396732024139,0.0010260199916503556,0.0009891070393958162
6079,11,2.5186805564562347,0.06078100556649686,0.01250628089657058,0.012214391305861185
6080,8,3.470108932508631,0.10317606425199843,0.027853521778123454,0.022602979123549805
6081,15,2.679404958920006,9.212625523752651e-05,8.489196900465604e-06,1.0263643210871402e-05
6082,11,2.860517238346487,0.003175141703816505,0.0005896539600489341,0.00048550545189143444
6083,5,2.2057576094738263,0.00010559670132657236,6.243342844621537e-07,8.795891863021453e-07
6084,8,3.4606317916548544,0.0021351143686633876,0.000701038569088319,0.0005937291616165618
6085,11,2.2240039467687205,0.017432186316007233,0.0007022074463010992,0.0013799316473082108
6086,5,2.5543213368916313,0.005977145715510133,0.001113566434795017,0.0009693141894892018
6087,5,3.9027128253306507,0.000383217867065335,4.8377577006228585e-05,3.7885493110068654e-05
6088,15,3.7984402014435705,0.02962020876925552,0.003898635333187358,0.003458648038451852
6089,11,2.2154923722493454,3.376266728287246e-05,4.1242596008271264e-06,3.3795027364350338e-06
6090,11,1.9098437569080384,0.0020247604452731426,0.0003381628571376726,0.0002771178096508638
6091,15,3.8633620162557607,0.15221308173293907,0.019538209685678046,0.024311982287895745
6092,8,3.269275249539436,0.01613846706960938,0.0018067521277064335,0.0019534046214320358
6093,8,2.9741970215565208,0.0006085549321586702,9.373910737907069e-05,0.0001004402719489261
6094,5,3.5810501217984925,0.0011770631654344015,0.00013881628820695737,0.00011404283254962157
6095,5,3.4462851346673222,0.0014271528956641421,0.0001662926933421951,0.00012007120844777786
6096,15,2.8149394424526126,0.03171446388965449,0.005826301661878561,0.004671427766066476
6097,8,3.323637929969931,0.05455572221387427,0.014109733756381774,0.011054316846389852
6098,8,2.841905927481157,0.0013076172338255035,0.0002632653061064416,0.00039419548255130926
6099,5,3.052848436269825,0.002387505367206321,0.0006742126334118532,0.0005354177582765108
6100,15,3.773188334471789,0.044258909498631004,0.009719011157701978,0.008472324369243299
6101,11,2.835892874620735,1.4854188750961105e-05,4.193922479209929e-06,3.65878700146747e-06
6102,5,3.8225710456990933,0.0003727717523322363,3.9428279323619426e-05,4.440317733891356e-05
6103,8,2.3594943903800036,0.14232967993306975,0.01145155675773134,0.010998533757293349
6104,15,2.4557828714606686,0.03356039335679879,0.004444525153974,0.004538646029385256
6105,8,2.542191456589418,0.07927985418250945,0.007332033151395809,0.0070812414406983375
6106,11,3.64981368477777,0.00015951177294541756,1.9396105469640385e-05,8.466904346870612e-05
6107,11,2.928231679897745,0.00012702585565098375,1.3146803243450755e-05,1.7912790812116255e-05
6108,11,3.8407136998821154,0.00020681105137567023,4.665097145177162e-05,3.874122113054078e-05
6109,8,3.923187645237943,3.074494124375755e-05,1.0440134594316254e-05,8.244019005796624e-06
6110,11,3.9117719526992007,0.05541833079969394,0.015433666640696057,0.0206520018861693
6111,15,2.5279762261934025,0.0003977793430258225,6.4546351118369e-05,6.670302850290322e-05
6112,15,1.6691829368629627,0.0014600106370565298,4.431146237188801e-05,4.4105079442200856e-05
6113,5,1.57126595676887,0.0010538158648739715,5.840025049197994e-05,6.0485667845309905e-05
6114,11,1.6415393169003494,0.0001195077133661371,1.5095418725416407e-06,1.5888195636904107e-06
6115,8,1.889491372968306,1.3756765273216728e-05,1.6328189316237968e-06,1.6468943541120287e-06
6116,8,2.746697505147834,0.013271926752270392,0.0011803938736642907,0.001385507965703014
6117,15,1.9199759684939113,0.0007090332273502086,0.00014514449805289753,0.0001225313538123394
6118,8,3.2691382462456633,0.028465587489052126,0.002274586161488507,0.0020249834692459704
6119,11,3.6544059274382352,7.318522724981731e-05,2.104542603581254e-05,1.5923767203511014e-05
6120,15,1.849047896659351,0.08886092240085325,0.005590133803381939,0.0057135564595157395
6121,15,1.8103637046381857,0.04649600360692247,0.0014353383017156524,0.0015990960487898035
6122,15,1.9924015617428443,1.1101379003806689e-05,1.0748441645506586e-06,8.674835781649241e-07
6123,11,1.6898554204835443,0.0005335915784734445,8.857779331201817e-05,8.213499305350805e-05
6124,15,3.7048493419224036,0.0013887149519912405,0.00032806924163262093,0.00026062553372112253
6125,11,1.5201729937040804,0.007658752485583266,0.000606101927763109,0.0005217212946340258
6126,15,3.5221742767580158,0.0004956024284900851,6.367274036028803e-05,6.303101010510755e-05
6127,11,2.408942751592299,0.0002009108651357752,8.146210835769917e-06,8.529480496900937e-06
6128,8,2.7885525637144215,0.000332550537359243,7.427714167712212e-05,5.8833495995687824e-05
6129,5,1.5332895086072407,0.01369771615708757,0.0017785223008496577,0.0017837100793679016
6130,11,2.7515298220591276,0.0003952229341854094,2.733582500227647e-05,2.340508194863391e-05
6131,11,3.856458183131282,0.007616794433453524,0.0013562280565965075,0.001730991231915404
6132,11,2.049102147176586,0.003867150824768746,0.0015275434217019066,0.0013140911546609215
6133,8,3.7322738930250776,0.3717109576755048,0.03517353471657894,0.02891601252592931
6134,8,2.2806907167712205,0.000698107809149873,0.00011944921761349945,9.637438634037424e-05
6135,8,3.0151338991211403,1.2091245189070893e-05,6.896987260767523e-07,6.03782610092475e-07
6136,5,2.317053567801705,0.011338671658859354,0.002307802450121932,0.001934201523040125
6137,15,3.540729131808574,0.032501489546821354,0.008467060695194557,0.007145505472906805
6138,5,2.6881227737110187,0.1859708941378954,0.06594892964625154,0.05053177715075735
6139,8,3.5606765742268562,0.006118477582395215,0.0013920836139357398,0.0014365092390048767
6140,11,3.666227401928263,2.706738820463416e-05,9.25459756555589e-07,8.775584084375681e-07
6141,5,3.2099762055395353,0.0030419644923340553,0.0002940082198510509,0.00025715306455040846
6142,5,2.9294179571354455,9.07100924644626e-05,1.0309320174701992e-05,9.184749505100388e-06
6143,15,3.409473766540221,0.00043912563429843887,1.876152839737634e-05,1.7869803749504423e-05
6144,11,1.7126023706589169,0.04738195778783517,0.0036245665807651934,0.0033323627527232086
6145,11,2.879037523237016,0.004952786144343147,0.0005939545800623492,0.0004832586640182884
6146,11,1.8189174119724456,2.499369897005309e-05,3.4855228198727876e-06,2.7623977770204943e-06
6147,5,2.4639017369521867,0.00569423940490625,0.0009640647907838819,0.000890110915692227
6148,15,2.212596189402857,2.4220265923876342e-05,3.1742045477334426e-06,2.81821427913401e-06
6149,11,2.1730558775157407,0.011548520830957018,0.0027159284593032953,0.002123413619470988
6150,15,3.0247699370881325,0.00023630184696073843,1.9788092728735265e-05,1.7985230132906456e-05
6151,15,2.0089296773113388,0.013698153373901904,0.0004610032402627244,0.00037954042238710477
6152,15,3.8155426260026606,0.01116423391330336,0.001252285332126117,0.001074392716924766
6153,8,2.67289663182844,0.0003119448840565634,5.785594762088825e-05,4.800248599448937e-05
6154,11,3.520586279245595,3.0407883528695866e-05,9.132370977198814e-07,9.941575051673935e-07
6155,5,1.7223042856777306,0.3673497499711874,0.028510251291861972,0.04354732418361846
6156,15,1.809986492923462,0.0009092309176634073,3.580602113268768e-05,3.5573846720163486e-05
6157,8,3.458221113023546,9.575670286092869e-05,4.489545767888992e-06,7.880800558199175e-06
6158,5,2.7890196979245276,0.0005614802758373403,8.655690980735344e-05,8.51862095882842e-05
6159,8,2.201519678227326,0.1416044687110695,0.01887020226347101,0.015369372750898353
6160,15,3.069478948111679,0.0010214721104499782,8.148555390617856e-05,6.948674763385549e-05
6161,15,3.5029669991895855,0.00014518648761443863,1.134889855164215e-05,1.640409376324341e-05
6162,15,1.9222119594326585,0.00901742396857878,0.0012790808862387837,0.0009774100800810756
6163,15,2.4529682984852594,9.957799124725058e-05,9.436848560666888e-06,7.501720698949947e-06
6164,5,2.5465657475229753,0.0009970962244409511,0.000267207234985617,0.00027652569565663154
6165,8,2.6432809298814997,5.7372837747913825e-05,6.157812818087289e-06,4.760795767544829e-06
6166,8,3.194978351870095,6.85224154942146e-05,1.3620521677109243e-05,1.2502894693449457e-05
6167,8,3.432922085758111,5.642008012482727e-05,1.8578754271791168e-05,1.6273171552263075e-05
6168,8,3.433786690520745,0.00016264293093129245,2.9125239129475685e-05,2.7982368561654053e-05
6169,11,2.49165617110849,0.008879793660252076,0.0006479577022343409,0.0005817295745767471
6170,5,3.2644879756270377,0.00018084231239148688,1.641511729210326e-05,1.3818397190471784e-05
6171,11,2.1947510566402797,0.002016718301648849,0.00012162914570464214,0.00010185870332376788
6172,11,2.8288204816315847,0.0004968965177072471,6.257311272602669e-05,5.610746666124832e-05
6173,5,2.999940257422316,0.0002443097360444043,2.1278524431214338e-05,1.971559778715898e-05
6174,8,3.018057340814591,1.2803110297316711e-05,1.578990197070881e-06,1.2644720342683078e-06
6175,15,3.1777951334725256,0.0030148171606617694,0.0005474820314096764,0.00043600064138913335
6176,8,2.9257669161666775,9.684856582067573e-05,2.122665949410037e-05,1.7289713380600418e-05
6177,5,2.0872303275850035,0.001314485106956499,0.0003097685896143647,0.000256175047157295
6178,8,2.726737545756207,1.4094451780320822e-05,4.533201573233601e-06,5.482125973428214e-06
6179,11,2.7005218246562817,0.05492611603259957,0.01685533124024973,0.014106987497326345
6180,15,3.7100186542176505,0.011629703574800043,0.0011364149148334322,0.0010914040593775559
6181,5,1.9024843685779633,0.0014195175059280836,0.00044031927284242595,0.0003873789146452244
6182,8,1.6595767064735787,0.01665153793237314,0.0012680290967105015,0.0017144951552607484
6183,15,3.5008842963251996,3.57673648878951e-05,5.550891615421615e-06,4.857951050733736e-06
6184,5,1.5418606757597524,6.032510005287329e-05,5.682964308012665e-06,4.9105187558281545e-06
6185,5,1.8041829919687344,0.010559738483293259,0.001265768444196271,0.0011300484440854286
6186,15,2.8387071057387074,0.0003263495291515092,5.6444782774009704e-05,4.662071190912679e-05
6187,8,2.195704656863,0.012699416926063864,0.001472656553998449,0.0012617622982703256
6188,15,2.201579122470778,0.02459593526905866,0.002894105634730703,0.0022783002549947007
6189,8,2.166825090732499,0.03932672616297923,0.005539749030073517,0.004583471760948897
6190,5,2.655389618086123,0.004476577869202394,0.0012099087439570804,0.0010159804278868229
6191,5,3.2869798501108685,0.00016086916766872692,3.974115073153234e-05,4.5814045971719106e-05
6192,15,3.440389947128673,0.0014343939184649297,0.00025778988316554885,0.0002548638347979607
6193,15,3.9499450102133684,0.17081539324027065,0.03496529575934218,0.032101557669552534
6194,8,2.8089244390980648,6.728139372196113e-05,3.5483141119655867e-06,2.8298852917246916e-06
6195,15,2.855795041224331,1.728513323898009e-05,5.0510169141642996e-06,8.185768013532357e-06
6196,15,3.617459905330296,0.010152832424173927,0.002147901777364348,0.0017808784269644632
6197,15,2.7909092330902223,0.000131880497156176,1.3234911261901443e-05,1.5646299193891148e-05
6198,8,3.8021870248569902,0.0019991909054712115,0.0005270801767254963,0.00043196470536350855
6199,8,3.801090806531127,0.0006292369702994045,0.00013918947965548342,0.00010932584827528776
6200,5,2.2624121132557433,0.00018521370736539395,5.8330388248987354e-05,4.853459035937149e-05
6201,8,1.7997969729156673,0.2926808803759065,0.0568116663395931,0.04581141607117057
6202,8,3.399978855233877,0.0005458316775995573,0.0001403343819729293,0.00014340034832177053
6203,11,3.101594748044065,0.03658185167617401,0.008039560700553762,0.006209863059858048
6204,5,2.949740739145308,0.006202318200720791,0.0005799511033780719,0.0005040231973772615
6205,11,2.014672186024894,0.03183122856232814,0.00161448809300698,0.0014151168641371487
6206,8,2.6878924434956737,0.005630357424872677,0.0012716912836698143,0.0009766944296576226
6207,11,2.677762347807268,0.058980858386012185,0.005434113312102882,0.004704128537883889
6208,11,3.4212146931587495,3.160248840925976e-05,5.138244863253433e-06,5.320348004902657e-06
6209,8,2.5897002617956035,0.005526758149077444,0.0006699854355576983,0.0006348738444237043
6210,11,2.4477101380910873,6.409113727160048e-05,7.171113858239168e-06,7.125328573067134e-06
6211,15,2.7214362193239645,2.3302752747786455e-05,4.3348781750822095e-06,3.6201895925500713e-06
6212,11,1.7672285644964987,0.000477536604605289,6.2826375204541e-05,5.145733090659335e-05
6213,11,3.164173833931118,0.00017189543159361697,4.0275797551749134e-05,3.892041619232171e-05
6214,15,3.4137223230044715,0.00029429308290237946,5.775343323443288e-05,4.62691354009094e-05
6215,15,3.8731432892158484,0.15597065850138783,0.01299561754368847,0.01362303885511991
6216,8,2.8962910270925515,1.12863797662697e-05,2.3571725614331705e-06,2.162262883818594e-06
6217,15,1.6712206118855968,2.6171847019878187e-05,1.6030744909590276e-06,2.101220368663119e-06
6218,11,3.915084662468935,0.0021421624118486845,0.0004684077509491791,0.0004082625419424218
6219,8,3.092087556179484,0.00024620569371966135,3.703312574353832e-05,4.166877830955336e-05
6220,15,3.59946561211966,0.007116929682276557,0.0010564964151897826,0.0011650414370563936
6221,5,2.2147713825774087,0.0004173047432461083,0.00011411701305859008,0.00010287127496621702
6222,8,3.7965733806833013,0.004778020498526708,0.0013266762621910108,0.0011678896871335212
6223,15,3.959535410494638,0.00031064625379090185,7.380629794591552e-05,6.394439160247519e-05
6224,5,2.480918904772034,0.06835204410559897,0.003847305400514456,0.004062625216519396
6225,8,2.229544484634137,0.2633997651680266,0.049996250722309656,0.04985942285690269
6226,15,3.7342709062434385,0.042671902631744016,0.008114258242036945,0.006573432474285653
6227,11,3.5519390525960173,0.0003680607700777626,0.00012330185650941323,9.690212134285098e-05
6228,11,3.8527989394602384,0.0013342119907638937,0.00037657079881905513,0.00036735301492311944
6229,8,3.5612946972439032,0.00235738413226125,0.000511014246707295,0.0004251218089478463
6230,8,3.850552468680285,0.005719024943529762,0.0012365578403392852,0.0016946467146916537
6231,15,1.5487610447134643,1.6383669610597014e-05,2.1220038701190425e-06,1.9359432734613222e-06
6232,8,3.286145437561493,0.020532591858191115,0.0028109169213694457,0.0032247149541136124
6233,15,3.786073806471483,1.6664219291676592e-05,2.560787018427183e-06,2.5761294497189876e-06
6234,5,3.0543214051484613,2.7042897885440992e-05,6.850332173731301e-06,5.7093796023574736e-06
6235,11,1.8786624266248477,4.173280601462429e-05,7.527927988938855e-07,7.711046853266988e-07
6236,8,2.467625121983944,2.769280299804371e-05,3.8501908397551505e-06,3.6383657511470912e-06
6237,8,3.587497312362433,0.001953415724876871,0.0006132022934816591,0.000567750779357092
6238,15,3.8134937030400975,1.886267999103629e-05,2.3693359855515145e-06,2.5042838583343006e-06
6239,15,2.0322071718424684,0.018866002573549374,0.003260183632916991,0.0030215630575966463
6240,11,3.6941798957730994,0.004462128434448453,0.0004872192724849515,0.0003848070478028858
6241,8,2.5137271704988278,0.2545841641839674,0.030641184338928033,0.042274943856316145
6242,8,2.1278579655215863,0.0005447200175368194,4.887872171877509e-05,5.441154396661611e-05
6243,5,1.5395270500069835,1.2907389616085505e-05,3.5424829772723032e-06,3.0199194139458814e-06
6244,11,2.2698469253386566,0.003049652144935555,0.0003741707325826565,0.0005859302227810849
6245,5,2.1077989645674124,0.03659806858562379,0.0041265655908121705,0.0034547867204894355
6246,5,3.2717942396238584,0.006927229737221458,0.0008237535286541287,0.000736999898529926
6247,5,3.636925218098396,0.0014021702806735093,0.00037911278022712924,0.00034546441685309384
6248,15,3.6342593847808353,0.0034511416446420494,0.00035355177922033443,0.0002978406583767662
6249,11,2.236644669754126,0.0017758326568442012,0.00039054075193062035,0.00034822905616701194
6250,5,2.9648946371368794,0.12800354934345248,0.02146269693361738,0.01729771465224004
6251,15,3.516121954975046,0.012599094931000846,0.0026529420454931485,0.003015868377597114
6252,11,3.5376602726978046,0.05425018353196949,0.01219973263262433,0.010739560987773145
6253,15,3.1277653246581827,4.5348730499511365e-05,1.1955935528615215e-05,1.8360660104797965e-05
6254,5,2.3720545821561703,3.633763769082452e-05,1.2575032802828918e-05,9.335223666621775e-06
6255,11,1.640075196802385,0.0020617784534799656,0.0003019443507896576,0.000307259466143797
6256,11,3.5540582510612397,0.15142840475417124,0.028307079979343796,0.024426752450660134
6257,8,2.7322801081905346,0.013033318051540774,0.0015840964750422546,0.0013093354226728251
6258,15,1.6050211778474466,0.0007485661030114595,7.185283525231344e-05,5.8531191213486504e-05
6259,8,3.215916592555499,0.02594305320159628,0.0011313136760409015,0.0009955995328076843
6260,5,3.198980511867861,0.09431750046776217,0.04435707507622105,0.036639070751676966
6261,15,1.6282339007150743,3.715895519707688e-05,3.2274355844096617e-06,2.52196213351174e-06
6262,11,3.353045153117568,1.4846882245856462e-05,2.8451398171764158e-06,3.3206009397765744e-06
6263,15,1.6756733169205615,0.01737406566011692,0.0012633947379143192,0.0011940827720284825
6264,15,2.5386621031357017,0.06739882937802891,0.002774662300078916,0.0036320094868070637
6265,11,2.9296371856586108,0.1269788924127238,0.021963314398703478,0.01625198426880096
6266,11,1.6183999790777763,0.0002809226736298711,3.6208961858198595e-05,3.3310176802895733e-05
6267,15,1.5548173597906283,0.0027516704147762684,2.8610587495687223e-05,3.6544835383840405e-05
6268,8,3.592357812103382,0.0015785573690409638,0.0002906077694701842,0.00033370670532973854
6269,11,2.7475550899423316,0.00042797392718502077,5.0063034443708084e-05,6.99045722824666e-05
6270,11,2.920825223078225,0.0032527823683103554,0.0009618714512192753,0.0007646865818862538
6271,5,1.6629531698853697,3.096807108643988e-05,1.2090571353020948e-06,9.527986503033411e-07
6272,5,3.644980390686983,0.025173510998886917,0.005287256621979861,0.009856781999924697
6273,15,3.70303267935096,0.00017489300357646976,1.5674793705312648e-05,1.3348200828097946e-05
6274,5,3.781307201575621,0.09525547539767777,0.005777184425957275,0.0139098576644708
6275,5,3.9410409871496936,0.002557685078824314,0.0008627206817096872,0.0008304427422644557
6276,15,3.0107219673100767,0.025451234690826816,0.0014634911991305128,0.0016830260594082422
6277,8,3.099911216849023,0.000831688375789767,0.00016191113245129244,0.0002114560574907083
6278,11,2.7226181059184107,0.0024943397742318288,0.0003678067859273021,0.000299364383628515
6279,11,2.7820315481498223,0.0007287266523185012,3.6662534382210915e-05,2.9087938300697683e-05
6280,5,3.7266737281068,0.0014672481306606741,0.0005198415987885928,0.0004199394867929559
6281,11,2.0470900976255724,2.9601840729577922e-05,5.9038357473598445e-06,4.408711165769413e-06
6282,8,3.2982339067721713,0.016983990351314985,0.0036711543341076376,0.0029355637388010667
6283,11,3.828919800577535,0.002714386908508885,0.00032707759396457457,0.00031580353047361547
6284,11,3.274230252565684,0.0004730254523014528,5.457375105122923e-05,5.598719215067129e-05
6285,8,2.7284625009943504,0.22453054970606978,0.02463147340668808,0.023264917424188892
6286,15,2.5174916937225604,0.109119836759563,0.006134133184419903,0.006217945773690771
6287,8,3.2490644064006897,0.002463842730890773,0.00039013489031017356,0.0003063976496622203
6288,5,3.6717743258500257,0.007030593382030034,0.001124724940037577,0.0025636867153875096
6289,8,2.9271755776569184,2.7778624362775423e-05,3.2693645842707353e-06,3.285237304820715e-06
6290,15,1.5851748405172557,0.01966205755622755,0.0024215607718891313,0.002164285284350176
6291,8,2.6800389894286196,0.015405468696988644,0.00031585204178655245,0.00030859492281467383
6292,5,2.0520433427695974,0.11067643648440835,0.01847914280180961,0.014804475829743325
6293,11,1.928461088954983,0.0005055848803644288,9.341703173454823e-05,9.328894324876666e-05
6294,8,2.1182873909538813,0.006214953802174837,0.0006492450965769781,0.0007323964123981166
6295,5,2.9617263041021107,0.01206038878407831,0.0022148341346640683,0.0020510603969790867
6296,15,2.3145635536693514,3.002912364648303e-05,5.687850452195897e-06,5.145066077435412e-06
6297,5,3.4261262529321286,0.00018651239055745414,5.568275180477902e-05,5.2510589991772645e-05
6298,15,2.181235683011086,0.0008618673592121988,8.585339711523763e-05,7.280134042916573e-05
6299,5,3.6669983473675782,0.005379861283237939,0.0026048310055238263,0.002682244355329077
6300,15,2.105285872851579,2.3202139042072864e-05,1.2329206555496381e-06,1.4214939611726893e-06
6301,8,3.2129094418359916,0.04315171569722863,0.012831719016950401,0.011072188636071553
6302,5,1.667668815629701,0.02872882072466647,0.00791944305074049,0.007482556991115378
6303,15,2.0961978321783485,8.736679025991583e-05,1.4025452409806742e-05,1.119364276919446e-05
6304,11,3.592543809272375,0.0019235136325029224,0.000452080130604785,0.0003660160281939699
6305,5,3.286067417578759,0.25072010854460747,0.05581300096079516,0.04564296241239202
6306,11,1.6088385277618942,0.043549950437025975,0.0039003581274855825,0.00314031757955934
6307,11,3.0335540217360304,0.0809706871988573,0.012536019002129313,0.015842330247916665
6308,8,3.8816286876889863,0.00010517367027479875,2.5033104140950853e-05,2.3904864890478314e-05
6309,11,3.2868580510626915,0.0027426064199259693,0.0003033837873566075,0.00028439105578283603
6310,5,3.2297622215553705,0.01573981368957964,0.0019356786610854782,0.002061896872310578
6311,8,1.6845221445163192,1.659369074822289e-05,1.2450951795620423e-06,1.0786762675674572e-06
6312,15,3.2986862109605846,0.10199238573523238,0.005506907592323207,0.005948141533656023
6313,8,2.4086213121750206,0.0003587831506196363,6.309027031135375e-05,5.3614460653851766e-05
6314,11,2.7064616149176937,0.00802126919249543,0.0004970044484652448,0.0003930939446431781
6315,5,2.237207799872429,0.4000935222110493,0.15317611784244156,0.12092439435882606
6316,15,2.5737274423949765,0.0011701730138498018,0.0001811421894567146,0.00014159185432328417
6317,15,2.966378798446287,0.07772377156830354,0.013239312614750587,0.010803464024861308
6318,15,3.539483658849959,6.178969299753069e-05,8.06639373711654e-06,6.696932115204757e-06
6319,8,2.705875657000811,0.004778831793287821,0.0012818475079540048,0.0013175682030753765
6320,8,3.3710161623460486,3.8501929795119244e-05,4.318032312592135e-06,4.082213072039852e-06
6321,11,2.045071259053187,0.003402752870531475,0.0003222236132788926,0.0002926638298764659
6322,5,1.8876301673956786,0.0862780273682463,0.02454661539166221,0.02972757311876336
6323,5,3.688771933705263,0.0068417200922649656,0.0023954178663053104,0.002199194819595678
6324,15,3.584238413774794,5.326478849904253e-05,1.3628862342661731e-05,1.1213747974981923e-05
6325,5,1.8169740397814211,0.00013150414853751612,1.5636247553347268e-05,1.3148615363674295e-05
6326,8,2.2125409396175435,1.035316337610788e-05,2.12193841286271e-06,2.162950100400651e-06
6327,11,3.660521747821224,0.0002152140128273301,3.0487425878454418e-05,2.5036242323378955e-05
6328,5,3.4211406698757414,0.0005411055436989118,0.0001435976618612478,0.0001830178904467083
6329,5,1.5583611346821336,0.0018025439711806097,0.00014844071783038948,0.00014464595621835205
6330,11,3.0490275237592126,0.01056217966445711,0.0011943777702473949,0.0010441261084819218
6331,8,3.0593229572227667,0.016396494142574734,0.002356228001405171,0.002166016457645513
6332,5,1.9924752237480594,0.00028801383908543036,6.767542593894918e-05,6.083592337775427e-05
6333,5,2.6841134588357347,0.0003341320894660192,7.003805923476864e-05,6.458076932940293e-05
6334,5,3.4509062611893606,1.2088357634426526e-05,1.87669144444827e-06,1.5109959659454824e-06
6335,11,1.6160689079574226,0.061794760086922064,0.00410258669149695,0.003163462446270811
6336,15,2.3213944394405743,0.09860290163005259,0.00891173408842763,0.008090465419164182
6337,8,3.462508585248764,0.00047224360419179285,0.00011956597506802941,0.00012333222573974003
6338,11,1.5974211314714404,0.036168445727748015,0.005787651736996271,0.00483822849382693
6339,15,1.9965581561161192,0.01649855648857293,0.0007238562824388088,0.0008763626215312709
6340,5,2.5462574305732284,0.008215331560395106,0.0022405463934004185,0.002293035091549158
6341,8,2.414244763829364,0.0014610846723336196,0.00012661193080400096,0.00010054084804776401
6342,5,2.468280884182605,0.0014362354208185993,0.00026335784221754633,0.00021096835428756051
6343,15,2.746720937557379,0.02271676539238368,0.00328272375120077,0.002763402164780726
6344,15,3.6779868939102602,0.0007155524270367398,8.283233543910279e-05,6.704111614732736e-05
6345,8,1.739935234728779,0.13137642332608487,0.015206651747793485,0.012720718837244209
6346,11,2.574927787432685,0.12066247929710752,0.01618125132034272,0.013030641024562247
6347,5,3.197161799298894,0.006546081324549823,0.0007094891070236469,0.0007633127136911496
6348,8,1.6978841820327928,0.0007384725918400895,0.0001364502947036535,0.00011587759376987813
6349,15,2.4365272675819445,0.0007861531987103259,0.00013863258559960087,0.00011679618046637555
6350,11,2.8944429215347567,0.0024468733999649175,7.12171460987727e-05,0.00011873603513846001
6351,11,3.2474063748992275,0.00029934814786268483,3.7434749884585e-05,3.0481343469779184e-05
6352,5,3.702512904619453,0.019242333082981407,0.007064294727071561,0.005699436772157662
6353,11,1.9370648427492199,3.4493276328146044e-05,4.178833831051065e-06,3.3292927734070544e-06
6354,5,1.6297846475247286,0.4574020513741622,0.0272633599183289,0.024357234899646366
6355,8,3.6157575173241767,0.026096683657731497,0.006640073813505548,0.006486193041752342
6356,8,3.897537234924428,0.0022063516951017744,0.00012990893925243492,0.00012099221693378307
6357,5,2.4772115653492324,4.2544132538458674e-05,3.506904056730611e-06,3.2892827318522042e-06
6358,11,3.5854847389445372,2.519647831536726e-05,6.487272743897571e-06,6.7820900535936296e-06
6359,15,3.660938004516228,0.00018229244565421573,2.0662352537577384e-05,1.7577601254004817e-05
6360,8,3.663924792320163,0.009677146846978204,0.001026102716070176,0.0009416573469960486
6361,5,1.907437666097329,0.05327747263639996,0.013469710831053356,0.012910922476108727
6362,8,2.7391995331049483,0.006004825612793367,0.0013822346281551407,0.0014115708691012957
6363,11,1.5990900050997756,2.652926666509123e-05,2.5807700828437588e-06,2.1546386833860187e-06
6364,11,3.1591416837814634,0.002953569209875794,0.0004052808731385215,0.00033254555476861815
6365,8,2.8920709065959858,1.1082648782767744e-05,1.575850274831802e-06,1.4663279023504741e-06
6366,5,3.9188078495579806,0.02776473503851927,0.007096535060551251,0.0063283596496504025
6367,11,2.1311570036821865,0.044386044356447794,0.004946154620551508,0.004414031596311572
6368,11,1.7268030928778952,0.0027572864491873985,0.0006278443267005809,0.0005078055804699045
6369,8,3.0212797713209896,0.02455281523479983,0.004141833857172683,0.006330668124245235
6370,5,2.6555579814475645,0.0028503496150116972,0.0010868156355383425,0.0010403435000998407
6371,15,3.2324466341203357,0.004252316474235247,0.0007410543001621218,0.0006685083300072884
6372,11,1.9750548903994054,0.0193293643765073,0.0014111596075604836,0.0011861792158180669
6373,11,3.217268731305004,0.007783854834044051,0.0016680033687248208,0.001547640168098921
6374,5,2.370838661572813,1.1222303894599513e-05,3.3054824772476045e-06,3.460767569228978e-06
6375,15,3.7789649647872765,0.15192428346607617,0.03417936268214629,0.02923327591627171
6376,15,3.4229391374830476,2.9149703640466983e-05,1.134967819055252e-06,9.74992340575482e-07
6377,5,2.103496725813613,0.001421952403492371,0.0002536827933837881,0.0002049068922564155
6378,15,2.863436264651932,0.0003005587700335691,3.5047976565984916e-05,2.9117212754857083e-05
6379,5,1.7908237242372824,0.0012789934343768387,0.0003697244873428243,0.00038531280802435463
6380,8,3.9122177915178646,0.04241537380392541,0.006233861473742192,0.006380309114048585
6381,5,2.192066517072593,0.0007535584833557675,0.0003147874584213886,0.00032577388069684966
6382,11,2.7613993733620164,0.021787740995745413,0.004378675313059447,0.0032966163039765853
6383,5,1.7791596730839851,0.0141157768799829,0.0009117207610989024,0.0008193525333374952
6384,11,3.5436498000434495,7.892137433297709e-05,2.436127318311008e-05,1.8879132019192548e-05
6385,15,2.5479691108261093,0.016051106709654667,0.0004987193675116119,0.000641345555149869
6386,11,2.011558367483616,0.008899356068194655,0.0012958994094903697,0.0013835236639653694
6387,8,1.7621237251974027,2.1251168488997247e-05,4.497899910524362e-06,4.3003160518060425e-06
6388,5,3.482010450536256,1.4670054282297197e-05,5.852875081710069e-07,5.488949918876639e-07
6389,11,1.7797882863596088,0.00197788213726077,0.00025611242898206067,0.00021555705940307814
6390,11,2.951515916596082,8.690448210754812e-05,1.3474639782701091e-05,1.099528084131774e-05
6391,8,2.975927873245174,0.00039570633852428516,5.268504164394506e-05,5.1614369461113624e-05
6392,5,2.9502168991247704,0.017263940260948803,0.004028106424601133,0.0031916434104161976
6393,8,2.6936352696884507,0.038257119588106375,0.0048944527914668995,0.00664801444255349
6394,8,3.824245222211814,0.0007970237582058386,0.00016439378481634763,0.0002276687919465615
6395,15,2.7737555333404273,0.00011493353375352756,5.8548822068179895e-06,6.108361168794528e-06
6396,5,3.2136425610446278,0.002668840838690893,0.0007904670376461575,0.0007004778574306891
6397,15,3.9714935880738897,3.975662050025194e-05,6.928834698851591e-06,7.173750619557709e-06
6398,11,3.038736737681134,0.001346790131327256,0.00018332733009190924,0.00016088817580031946
6399,11,2.8723178109596197,4.208420039530467e-05,1.3708231152474287e-05,1.4303348052700722e-05
6400,8,1.6217510575275984,0.00024148839937263844,3.0216838720137538e-05,2.6641028870412765e-05
6401,8,2.9723395068520704,0.0399191126289355,0.007127987611290397,0.0069692904243967395
6402,8,1.8265105066494147,0.0029714290015386826,0.0007326904201261032,0.0006364406705667258
6403,8,1.5841626997967726,0.0007015927141917608,9.968384359864389e-05,8.403276826774995e-05
6404,5,3.479786208305881,0.2349606437725199,0.03830564294148847,0.03204208184151542
6405,11,3.4642254039812372,7.668706792193417e-05,9.594354238150559e-06,8.282535573065997e-06
6406,8,1.710134857452213,0.00011607943585653004,2.0287887241952004e-05,2.379055329054524e-05
6407,15,3.313550159385978,0.15172921992998092,0.0072518747341312195,0.011249972217035623
6408,8,2.936738610713292,0.0009823517503812216,0.00011254460254747467,0.0001386928413577372
6409,5,2.0653936437273215,0.0021119348326476394,0.0002778207561614869,0.0003443850723326189
6410,11,1.5028524559056606,0.025170552145986097,0.000939923287289007,0.0009129272701643271
6411,11,3.5613677214428194,0.0007941796662541891,0.00012255303753174287,0.00010536856334646263
6412,15,2.617671954614953,0.024601219641249433,0.0016047060073232254,0.001390004759768831
6413,5,2.880172873393631,0.05771698780013624,0.010894639073109103,0.0098435923069991
6414,15,1.8618496622923635,0.0002625021738162275,3.465027980384722e-05,3.05863780702298e-05
6415,15,3.348842313946507,0.056463748847916065,0.009986423592741527,0.009241358564314501
6416,11,3.1910986725615413,0.0015609181634057157,0.00030714403827306546,0.00034582125219713726
6417,11,1.8469986976649193,0.003795317417893044,0.00025112098874692393,0.0002307166034198341
6418,15,2.347970319835636,0.04606894405679464,0.0030816172560255454,0.0031821184730947277
6419,15,2.273878126268751,0.09306795981821746,0.01995116147304024,0.015619663096404291
6420,5,2.2867956716318583,9.320695041925636e-05,1.671507330269038e-05,2.0607018781602786e-05
6421,5,1.5149240869546283,0.050281892992912254,0.009245933672889336,0.008050002449239781
6422,15,3.116720896535419,0.0004141288217481101,7.722906976269599e-05,7.097914710396554e-05
6423,5,2.1973224412847463,0.04538406521115841,0.002899398665367936,0.0024016422578203712
6424,11,3.7847434936127966,1.3459928609402163e-05,1.9520687004518458e-06,2.5616862797119734e-06
6425,5,2.2517210663531753,0.0020770575189229556,0.00023038857723245063,0.0001898852657137652
6426,5,3.409695073990042,0.014608325013280968,0.0019598918387325553,0.00195791868186683
6427,11,2.649981004591582,0.17747314587898175,0.016953384115146283,0.02280747762627998
6428,15,3.7341859255848657,0.02262188210408206,0.004773739143139821,0.004419859957174575
6429,8,1.6440772730142261,0.007455179224953772,0.0019435938181470483,0.0015651036258717299
6430,15,3.5850058524477593,0.0007251721849700231,0.00014929232103362585,0.0001789517588160693
6431,11,3.9350966258602007,0.0004566543871964659,0.00012690393434185658,9.942857008949686e-05
6432,15,3.419710362534624,0.17135762301038893,0.03696467273531147,0.03011271855748362
6433,11,2.360135014652924,0.005003609258236626,0.0010420961783887274,0.0010610075665455027
6434,5,3.8253917788630725,0.027337627389329044,0.007204416836672448,0.006615569362605623
6435,8,3.3424954726611147,0.14560400922688976,0.03147235016439748,0.024706180267912856
6436,5,1.7860873944639595,0.0657879215442945,0.002131801291300244,0.001950685571138528
6437,11,3.0094644776954267,3.716906363038317e-05,3.7304924457832426e-06,3.836108362587922e-06
6438,8,3.2076200948115323,0.19566612624636787,0.07358018044600448,0.056006659804484334
6439,5,3.4997156587846456,0.10346180682091388,0.007209081025675218,0.006250685336035865
6440,8,3.7862722025185365,0.002205269879396389,0.0005751381227965112,0.000660568256205272
6441,15,1.9089457288496052,1.489917266094633e-05,2.8408099200291705e-06,2.337608221024298e-06
6442,15,3.3257820908321425,0.0026446632022906467,0.0007534544572396714,0.0006855319330186789
6443,5,3.9916308890021064,0.2230945380405597,0.06498898944883713,0.08783793904847924
6444,8,3.119764227623923,7.340117464968283e-05,2.1944978682144957e-05,1.7762870069947652e-05
6445,8,3.431894862222622,0.0010729390574087002,0.00022059366409611444,0.00021120550555338077
6446,8,1.8507594185572698,0.006240684784171847,0.0004258201259097397,0.0004335552514071177
6447,11,2.4419760558390555,0.010542671738444793,0.001192416413076148,0.001244539824154554
6448,15,3.476525651780303,0.00014589766320622686,2.3791872590097553e-05,2.6657542720152316e-05
6449,15,2.0785164643107144,1.0393332654101197e-05,3.1643544176039056e-07,3.040932988464021e-07
6450,11,2.435472961780296,1.325440666245348e-05,4.450206161528031e-07,5.084765814603201e-07
6451,11,1.900681367824345,1.7262893776317685e-05,1.4634773365739538e-06,1.5817877735017178e-06
6452,15,3.8677573372997878,0.006391019418357713,0.0011023504088554124,0.0008918215968067855
6453,5,3.702483039098599,0.008194688027885736,0.00290445153612434,0.003270625468588615
6454,11,2.151569873561897,0.00023380480064645864,2.5171655736910223e-05,2.2468928202918348e-05
6455,5,3.52317187639452,0.0004320958570970935,0.00012050748194080935,0.00013512594498227027
6456,8,3.794621559918521,0.14156302350976327,0.017276315322942944,0.013913390439818095
6457,5,2.654422047585143,0.008409271869432614,0.002592547767986466,0.0022384477818916102
6458,8,2.9812483079102763,0.07450252100155261,0.030623997455901657,0.030784345903093886
6459,11,3.977308069429682,0.0013068026935678769,0.0004045462934414042,0.00034001489907189476
6460,11,2.2977928379416706,0.004337738261021157,0.0003127757956322286,0.0002955641099982783
6461,8,1.5269066051619073,1.0406488843916272e-05,4.987456506043309e-07,4.296733609538199e-07
6462,15,1.9813284204122126,0.004103896958485873,0.0004541852431300362,0.00034905607886881327
6463,5,1.8362761700480315,0.022661068345975914,0.0015278150628795463,0.0013397573374128423
6464,8,2.586366195080291,0.02180120656363583,0.004437554893612101,0.005528765410370663
6465,15,3.248912193368433,0.0007786058484062622,6.989930823566528e-05,5.885079041575437e-05
6466,8,2.608106120726467,0.00013700222644307967,2.1382153390447533e-05,1.854906889644756e-05
6467,5,3.2675882167259895,6.195822260948898e-05,1.3989324046797362e-06,1.7495646922261834e-06
6468,11,2.3172787778283053,0.0011304441754956735,0.00017093151688776776,0.00019991059190789916
6469,5,1.811207778003852,0.0030951994513024874,0.0006690471473696878,0.0006251764736520842
6470,15,2.5346860535140388,0.2482263780601643,0.04673119460886638,0.039093143222202496
6471,8,3.6760362475487,1.0811701720670618e-05,3.90698684036071e-06,2.9110779545818954e-06
6472,11,2.2342739203740227,0.17768044413166692,0.02766025118945148,0.022585760869733212
6473,15,2.1049948734225983,0.0020411502406112647,0.00024367141410000244,0.0002164041135037554
6474,15,3.267139672372891,1.9880395052175678e-05,3.3303517846155294e-06,2.573134615466941e-06
6475,15,2.2851270856289396,1.2929239344900677e-05,2.788403130991626e-06,2.214405628577509e-06
6476,5,1.9806882364096814,2.3715027658370076e-05,3.5243114482613667e-06,2.818658565809756e-06
6477,8,1.6484067103180267,2.7191294298930543e-05,8.82300815557055e-06,7.476093679422157e-06
6478,15,2.7841638298653684,0.02368955242601695,0.0026325430681883736,0.003039980803987023
6479,5,2.0334579541114937,0.0007077021053437335,0.00020417628738354354,0.00016580003406338573
6480,11,1.5071790400342118,0.07207231281472334,0.003977885576021257,0.004982724753348563
6481,8,3.3317237822396346,0.000681210833380294,8.146347400417013e-05,8.348188455229467e-05
6482,15,1.5247177392360651,0.0003232777400076668,9.743766419487648e-06,1.1278040518096192e-05
6483,8,3.035471135317409,0.0005446625958339331,0.00010474725346396342,7.913799361879225e-05
6484,8,2.7491620178887817,0.03662053581629952,0.005238344005486886,0.00502163096509949
6485,5,3.721051618919116,6.126950911805276e-05,2.360915764881973e-05,1.827608296704241e-05
6486,15,2.698537121507312,3.467940177721329e-05,5.346555897946103e-06,4.547060711153693e-06
6487,8,3.30835985875727,0.01986014686553139,0.0019692461023232445,0.001879835061517205
6488,8,3.4966846861819145,0.013593822812425143,0.0049146503321294615,0.004983267085544357
6489,8,1.8540275210506483,0.00020245359243178972,1.8474862636594934e-05,1.614363654430365e-05
6490,5,3.778261450547947,0.00023607289986205972,6.955339687588313e-05,0.00012929853690382557
6491,8,2.9670057752578947,0.00013045573110014226,1.4006422393754462e-05,1.1617320078914303e-05
6492,11,2.904721724649822,9.022402580350233e-05,1.5529524704865535e-05,1.5327358715435666e-05
6493,11,1.9683839216982553,0.011655179556229753,0.0018416464461785548,0.0018816000310625718
6494,15,3.974175927742838,0.00014440506597855496,3.313598271048783e-05,2.6204538089367055e-05
6495,11,3.142904564618979,0.0018684756598277281,0.00017448707631578998,0.00014748297701080824
6496,11,2.129033909572638,0.0029205703517537576,0.0007276116240219429,0.0006310593868923503
6497,5,3.922995839623003,0.0002708738035830822,0.00012016934252436084,9.263680753382186e-05
6498,11,2.22465292709639,0.0012912411606810475,0.0002976263408825254,0.0002359267029647582
6499,11,3.536391777142254,0.0016609866397661469,0.0003243915291577844,0.00027843749643293955
6500,8,2.663431547262752,0.0006707550211931263,0.00011829298954020196,0.00010826553703741745
6501,15,3.837255253389404,0.03912257286761301,0.006416406602001571,0.004949152595575921
6502,5,3.8461966783940467,0.002462698812851609,0.000883975681961147,0.0008686387208482998
6503,8,2.904766441723294,0.11972831362331025,0.018289118619830423,0.019321768905097174
6504,8,1.6160377960384118,0.13255003401075238,0.03828877951035264,0.032503348637206844
6505,5,2.69652393323636,8.985607711684523e-05,4.156167093501427e-06,5.171138785177445e-06
6506,11,2.4869038190383166,0.010267025014260538,0.0018017581295979807,0.0013830772231571433
6507,15,3.4660834048367786,1.741244685233342e-05,2.103308485742348e-06,1.7630678028659285e-06
6508,11,2.5199763932120685,0.1289781632685062,0.005761474126962023,0.006611842092950143
6509,8,3.1778728198380555,0.0042828715430524265,0.0013808517377451729,0.001116488870396839
6510,15,3.8114265334395387,0.006254416539734094,0.0006917075681719392,0.0007197119144678253
6511,11,3.1553650642622926,0.0015343849126207754,0.00014538042487677194,0.00012868012950251109
6512,15,1.7899278659057996,0.08788946840500564,0.006357997635009854,0.005290421317110081
6513,5,2.5921948611793324,9.439034436814147e-05,1.1765445768263099e-05,1.9710100651225093e-05
6514,15,3.9236751790792534,0.03791077017383738,0.0067537820033364655,0.007202686964001978
6515,5,3.646008507160507,0.0023314166164497842,0.0008659586002118196,0.0008072487595120471
6516,5,2.1640630684551136,0.0015045023249633726,0.00016990466776905082,0.00013698226704723113
6517,5,2.9621461609553483,0.00011380460091873182,7.353582627045224e-06,6.135932503668609e-06
6518,11,1.6583723673184887,3.541430962232818e-05,4.510749957579762e-06,5.671669885889109e-06
6519,8,3.2769581151672784,1.6823466446458753e-05,4.708274466040457e-06,3.510325800060099e-06
6520,5,1.9689237894726852,5.426913593796917e-05,2.2924635463124974e-05,1.770021520096195e-05
6521,15,2.2282528876196674,0.1606473431146339,0.028318004637205758,0.021977554741731038
6522,5,3.3335660884140492,0.033201265364591254,0.011141082337150963,0.008377157818683532
6523,11,1.7235219989309067,0.15108680968276075,0.031456138178212634,0.026263802818969572
6524,8,1.7570564353593263,6.092113478442643e-05,4.823343652671905e-06,4.128885664213558e-06
6525,11,3.5282921580366793,0.00013408172821858735,1.8161996476568504e-05,2.536442190986385e-05
6526,15,3.2117864024988454,0.0002099195662753992,4.603523189529936e-05,3.897114424232679e-05
6527,11,2.188163469797582,0.0233838306064379,0.001144151648749024,0.0011960527425568196
6528,5,1.5361091815585795,5.31245502076551e-05,5.714007083806482e-06,5.167845074014687e-06
6529,8,2.4241115704000338,2.150035648898915e-05,2.587161790118583e-06,2.5935363286573495e-06
6530,8,3.5595113553103497,0.00499242481629932,0.0013319629678852202,0.0013773833721396958
6531,8,2.5451949169308574,5.4056668636325403e-05,7.014008288785342e-06,6.046003990112563e-06
6532,15,2.8727096848923472,7.095394919046112e-05,8.805254034872336e-06,7.345438089348068e-06
6533,11,1.5711870413712654,0.06723403730602448,0.005925727444952624,0.004538987284198237
6534,5,2.0264037832253865,0.006154154764010994,0.001586622530921878,0.0019156133072314888
6535,5,3.3533598501785833,3.0110590762228736e-05,1.0160233604474058e-05,1.5151728253240775e-05
6536,11,3.452139586854489,0.2932020444867148,0.07169972258831057,0.05729595438795315
6537,15,2.646310851591169,0.006557331432886792,0.0004757657266414123,0.0006923040981410074
6538,11,1.5652571874839105,0.008986855160199118,0.0010800426999539965,0.0008470392914256723
6539,5,3.5981608455562624,0.12833624509278868,0.04723221126794856,0.05116977529536773
6540,15,1.586531623564465,0.0015170564071266552,0.0001894393856133084,0.00016961171299657556
6541,8,2.4987187200822936,8.510396521127582e-05,5.3872372613545886e-06,4.096099085482866e-06
6542,8,2.1887023657274813,0.0002333566826960584,1.884532513975012e-05,1.8645690305287184e-05
6543,8,1.7462496162873127,0.00019416136325757751,2.808485706553145e-05,2.9404342267519385e-05
6544,5,3.1525400319183325,3.87168827832205e-05,7.20262357739242e-06,6.447042512699224e-06
6545,11,2.8032186580889085,8.96994749176576e-05,7.111886349612876e-06,5.6617734071822674e-06
6546,8,3.104213330348644,0.012417190264754772,0.002393669795761226,0.001924924471990991
6547,15,2.767858518996607,0.10128529678613524,0.0061018401534401094,0.004722549696896776
6548,5,2.465135547727823,0.10127313333285821,0.03895097168779938,0.0327052202534125
6549,15,3.7251655520862554,0.0018768382255237297,0.00017428193941107143,0.0001393160880748636
6550,5,3.9609265657683705,0.00215659296017929,0.0003922921376130968,0.00041817426010656904
6551,8,1.7761919257687604,0.0011736844447134559,0.0001558341727725165,0.000134726096872582
6552,15,3.642207470861545,0.001982233974594039,0.0002871990873272323,0.00047231163157252366
6553,8,3.759009839601329,0.020770758298576417,0.008571579330871423,0.006355211426451547
6554,8,2.362851688638911,0.006398854571340963,0.0005930287690853046,0.0006428286313783589
6555,11,1.6740353105593546,0.00017590205847822337,4.369909483686113e-06,3.460197527779347e-06
6556,5,2.7513461393159933,0.0024693341345092138,0.0005353903145015711,0.0004905275218363979
6557,5,3.57132239617555,0.006613712196992399,0.001317525411043647,0.0010622135088503015
6558,5,2.4892750505476986,0.15660632445105893,0.03414820109979062,0.02822520576516919
6559,11,2.049767552030027,0.13519177222405163,0.025028291089783973,0.02080587377457163
6560,8,2.2998446828977603,2.3871413592473243e-05,3.4493758939187996e-06,4.331600791823268e-06
6561,5,2.115390245420193,4.124926003221493e-05,9.552298950668602e-06,8.688263993094555e-06
6562,15,3.5751491530625894,0.006058189863471939,0.0007921969486157505,0.000649499388604598
6563,11,2.7077180122491518,0.00972449709318527,0.0018998127850689017,0.002350948606312368
6564,15,2.542752646426707,0.0010409000665188581,5.906724191354141e-05,5.761065770925436e-05
6565,5,3.199695603643348,0.016590852949704755,0.003992737430220773,0.003528773016864476
6566,11,1.6230595931870695,2.778303319824914e-05,4.726293125995224e-06,3.7198300072640922e-06
6567,15,3.101797718605884,0.0041219193356577186,0.0004994185433099348,0.0005084024966273614
6568,8,2.8560414606036626,0.015863533240747265,0.0010949261555641934,0.0013337109048857346
6569,11,3.2173597712356488,0.00974694860628058,0.0023192981353867713,0.0018154348973766186
6570,5,3.76898431187474,0.005369254743439266,0.00231504552970057,0.001826427759580304
6571,11,2.3412867665195725,1.3144587737838661e-05,2.304801114670136e-06,2.0448964161871653e-06
6572,11,2.3321813780385834,9.147851913706064e-05,9.426601835616532e-06,8.376782503827542e-06
6573,8,3.939318732185793,0.05938070080097316,0.012346723181796953,0.01185189512708414
6574,5,1.5678047128031665,0.00013563617866863825,3.359095721334574e-05,3.085525696827092e-05
6575,8,2.6842302829628744,0.11163399777157501,0.004582939560102398,0.004251699487365234
6576,15,2.582727573639592,0.001858724921548301,0.00037797273862415594,0.00030687959324394445
6577,11,1.8854565381909894,1.3573590516373402e-05,3.4298582543468324e-06,3.0874391083380054e-06
6578,15,3.449272284207168,2.649887819884276e-05,4.5156610749483345e-06,3.6923465922134364e-06
6579,15,3.9130759190619226,2.3408788955448583e-05,6.707232582971066e-06,5.009468688493266e-06
6580,5,2.681850202659565,3.971317859461398e-05,8.780083416205954e-06,8.641963806396362e-06
6581,11,3.163001335844781,3.0103437917098776e-05,6.208428847551928e-06,5.318688125456501e-06
6582,8,3.323335406245702,0.0016246215793275856,0.00036438371294215954,0.0002914298795331921
6583,8,3.0602496637215344,0.0554384526054087,0.004982934708814903,0.0050562567477417395
6584,5,3.411482620120692,0.0027577003839204628,0.0006967444931021908,0.000497677026361048
6585,15,2.779935294641183,0.31540677791515903,0.06474095709340832,0.05532989665686275
6586,15,3.1403912028087757,0.00023673163512014211,1.72782869948779e-05,1.3783542350408715e-05
6587,15,2.319550706562583,0.08531120405927183,0.011892213537642589,0.011334197916104335
6588,11,1.8852893253004142,0.0001970469660421796,2.1700549216224124e-05,1.8814207508777302e-05
6589,5,2.2473555377100687,0.0007011430131985736,0.0001185337115708528,0.00010809886489048447
6590,8,3.6149305682040316,0.004015614970072654,0.00043482181419519304,0.00037953615153523
6591,15,2.207668381200435,3.6681609229387116e-05,6.2724170024569894e-06,6.135200011820809e-06
6592,15,2.9062425057537746,0.0005704570823128971,2.3570871008556658e-05,2.114618402518359e-05
6593,5,2.9337095541600835,0.0007574154976344308,0.00018635393068497838,0.000205582952922092
6594,15,3.806859766138893,0.0009564517112000302,5.8876473152777216e-05,5.833958401191999e-05
6595,8,2.3661386639500264,0.008395843335217014,0.0010787227570016218,0.0012666990874379534
6596,15,3.454968541846863,0.01367427590180559,0.0017907430657059375,0.002335398403732699
6597,11,3.5306748373267083,0.006738149256278875,0.0011801673820908065,0.000997733450197623
6598,15,2.5416018440486465,0.012137329672634124,0.0008011631888016117,0.0008084449747849615
6599,15,3.5610486909844585,0.06453857802971219,0.005515413458659486,0.00560497228309895
6600,8,2.3451824702796626,0.00022258765563122775,5.3319702270772956e-05,4.1483951071072465e-05
6601,8,3.3639804086442,0.0016890779731378158,0.00043285953570113667,0.00034848638562551975
6602,11,2.671818721014595,1.4013415103657078e-05,1.5774587958688126e-06,1.8917328210508349e-06
6603,11,3.803804815760477,1.3800349531071057e-05,1.422075840358325e-06,1.3528328930767113e-06
6604,15,2.608158962866385,0.004985063836334104,0.00025634279673612223,0.00039469722813719653
6605,8,3.5692098812732445,0.12661398027252355,0.03814854988443422,0.037609395316525254
6606,5,3.3099294507599812,0.0001232256368416434,1.650604725633346e-05,2.0834368704174272e-05
6607,11,1.536080915720259,0.004844716438302162,0.0005328661321428082,0.00044044248586648906
6608,11,3.3234946087669606,0.006446497210999815,0.0009106147237985124,0.0011751348736898286
6609,5,3.326062955951638,0.06409796179717175,0.008852522220879113,0.00848183468287522
6610,11,3.9946894279868523,0.0014799972607862568,0.00027978061913978055,0.0003619505806292519
6611,15,2.499312415148592,0.000288693554478774,2.673075528715008e-05,2.3830081147161318e-05
6612,5,1.695086331925246,5.2473472617989934e-05,1.656704182217579e-05,1.4040664069264143e-05
6613,11,3.8085564344936813,0.0008260587914867303,0.00021906966689362066,0.00021106146183203444
6614,5,1.9266974675679305,1.3263105086378157e-05,2.5103675222172045e-06,2.0293951983377177e-06
6615,8,2.055354831199502,1.0180143216433605e-05,2.938495981920288e-06,5.507100783529364e-06
6616,11,2.0566252406098835,3.871073589495689e-05,3.8906948913476935e-06,3.478486520654695e-06
6617,8,3.5178173582394887,0.001662213265880279,0.0002306627243582909,0.00019238958592887338
6618,5,1.5806532432865232,1.575165757640252e-05,2.3990257335786818e-06,2.132544986778422e-06
6619,11,2.0263439054789325,0.0023524195000162763,0.00041252030410241685,0.0003370063204102689
6620,5,1.9095427343294369,0.2975905412299808,0.018710072888401548,0.019607653488248344
6621,8,1.5316528405837748,0.00023428446162919862,2.3097624442488033e-05,2.0371917410644372e-05
6622,15,2.808739761557505,1.4253993654335686e-05,7.91883170840131e-07,6.899960577755662e-07
6623,5,2.4373943222108263,0.022216351890332435,0.003464357314623,0.0030628255848904745
6624,15,3.625955813762559,0.034928135553877214,0.004215620501959946,0.004110188131002673
6625,8,3.1684492078569986,0.021536171232895054,0.004889541427601113,0.004789824730232473
6626,11,3.7516399232485296,1.7413084297417693e-05,1.600301286776136e-06,1.3922748361818647e-06
6627,15,3.7075161411051676,0.012558363508696041,0.001182912149547826,0.001241065693742668
6628,11,3.3247695128127916,0.014966015176100049,0.0034406600169359196,0.0032891792386756436
6629,5,1.705658219747126,0.009991680615693083,0.0014123570674950243,0.0012408227051332718
6630,11,3.029514878230544,1.3539357094697328e-05,4.640467271762614e-06,3.725545043298755e-06
6631,8,1.600062367843889,0.004514339566274755,0.0006646038603035879,0.000527761337871836
6632,11,3.428582152174695,0.00010536845709295796,4.1011464783805495e-05,3.0638372723355706e-05
6633,8,2.5345926969852606,0.00043725183560283843,9.70853773866389e-05,0.00012766746762604044
6634,8,3.9399904940579207,0.0485086999319818,0.010576871500319824,0.023262194577860815
6635,8,1.9282296650470183,0.01342868930942245,0.001790085846451415,0.0014217084682196896
6636,15,3.179432194985271,0.0007197246461555512,6.536119454816829e-05,0.0001116756052284979
6637,8,3.452694185473483,0.05921422501130139,0.018450534738296887,0.016553091455966066
6638,8,1.5380454622153026,0.0004301386371742212,2.631720567832774e-05,2.5303318476641206e-05
6639,15,2.3463294580074563,0.014595833526637398,0.001374750870099388,0.0011265468936098092
6640,11,2.5165690906018963,3.28450293428616e-05,4.930904540241838e-06,5.088455221184392e-06
6641,5,3.257007314454018,2.7064722547093412e-05,4.896977378242683e-06,6.3660970929140705e-06
6642,8,2.6034525683273917,0.3911670845894167,0.04720355970689383,0.040090713696411505
6643,8,2.3120400432341195,6.418356360811155e-05,1.0199615145114542e-05,1.6222807109444144e-05
6644,5,2.2631378063271828,0.03600930953456396,0.012187180484023185,0.009403740443366523
6645,15,2.138582653431124,1.6179821889207878e-05,1.728803248061851e-06,1.414928271190618e-06
6646,5,2.8028877841208995,5.2358858205153267e-05,1.9963325393139474e-05,6.717478050694188e-05
6647,15,3.0629950337922405,5.1881888199766936e-05,1.0200354940882987e-05,9.206902729719008e-06
6648,5,2.3213928707498876,0.001606970761039497,0.0003203318103123583,0.00039361952571555437
6649,5,3.937211015843184,0.008854880768014788,0.0022559133693973036,0.001735314015722912
6650,8,3.2396600073797357,0.00032152876486470956,0.00015192493728425748,0.00025120352169101404
6651,11,3.1278246228050017,0.002054627454210789,0.00020605531198634146,0.0001824925873755634
6652,11,2.5540985354531345,0.0002654148489063352,6.980662414453276e-05,5.607287846243544e-05
6653,11,1.9619679699323078,0.09385201631185078,0.006181444524619531,0.0060117152147564695
6654,5,2.969302116882021,0.0006840029533888856,0.00013205403578656714,0.00010032212550450836
6655,8,2.700143882048859,2.9615906155884967e-05,3.4952548877460304e-06,3.1187041482382146e-06
6656,11,2.6544745869660638,1.333475067939002e-05,8.467175464190532e-07,8.010773695114856e-07
6657,15,3.4445195935555084,2.753678119680238e-05,3.2135723156556853e-06,2.883446646313022e-06
6658,15,3.582156790304397,0.16229872223215108,0.024656567380424668,0.028082145042710234
6659,15,2.978410481128355,0.015613690299999226,0.0025784484596456537,0.00271662926801969
6660,15,2.799493852029023,0.010541522948601218,0.0008048847504733859,0.0006896459357001069
6661,15,3.2236098199620074,0.0013269004723459267,0.0002587459728794446,0.0002358248427999572
6662,5,3.0077460011101413,0.018574324071640082,0.007165589262434079,0.005687925356714252
6663,8,2.5012478885561245,0.0001107877306417912,1.9146019649137802e-05,1.9832053878355827e-05
6664,11,3.1046676885597595,0.0007742043506467614,7.285038529002595e-05,7.118210488813217e-05
6665,15,1.7785771299050543,0.010960605348505403,0.0005230426494369192,0.0004253668737781749
6666,8,1.9452148495560946,0.2818708938194771,0.0033821067193587225,0.0031105656771239203
6667,5,3.670264198137764,0.0002524949848765732,0.00010093370801551265,0.00012548519184325604
6668,5,3.675923581852009,0.039189795328317706,0.00692995109366034,0.007957969546441181
6669,11,3.474326904426381,0.00010347501702854339,7.944879766246094e-06,9.941541209989839e-06
6670,11,2.345206287224413,0.0005687869620526456,3.772227811553024e-05,4.603384135029948e-05
6671,8,3.923609120665318,0.19203086638953865,0.0572359545832322,0.0476523712711396
6672,11,3.310514384439807,0.08759240138426444,0.00960243735691509,0.008938646367709857
6673,8,3.589991644518305,0.00034087292892877606,7.809258119987727e-05,7.075659084432586e-05
6674,8,3.256638579140644,8.296728121183719e-05,2.0055752269455608e-05,2.3434982125102452e-05
6675,15,2.4583770599024546,0.002047293985558574,0.00028373573907810413,0.00022958986010998813
6676,15,2.8819335895774603,0.0011430961805648282,7.976065701814915e-05,6.919862466333501e-05
6677,8,2.214249284210161,0.007412499595289583,0.001452405889005767,0.0011900659639257891
6678,11,3.730110095247309,0.0015839819620412005,0.00020565625039830574,0.00034469196672128
6679,15,2.793779748035991,6.597170363572177e-05,1.0501106370241676e-05,8.785429619682355e-06
6680,5,2.9684510410083975,7.363580041290624e-05,1.2277945602075515e-05,1.0424460315371715e-05
6681,5,2.8360881402339344,0.02877124262728318,0.011255453436635168,0.010069365815231029
6682,11,2.5229412710360686,0.04034415333247823,0.0043043490398325165,0.003317340826097539
6683,5,3.5590402371330203,4.0327664088543585e-05,7.939649177191471e-06,7.057573179643795e-06
6684,15,3.432107331946437,1.7305404240708704e-05,2.6545274136844085e-06,2.2389844022315124e-06
6685,5,3.9069174810655456,7.656326616415733e-05,2.2168520730429983e-05,1.620861997309261e-05
6686,5,1.9351059300502693,0.00013054457868925048,1.9021900375434728e-05,1.6482845679961567e-05
6687,15,2.9115912112419333,0.000306955093868006,2.0377105784951428e-05,2.5786249122500376e-05
6688,5,3.4152393420883294,1.3314357648420086e-05,1.7159826527265886e-06,1.602454926842953e-06
6689,8,3.5226706752125767,0.0001357603825773503,2.3298897591199317e-05,1.8925978158513947e-05
6690,15,2.963260378679661,0.4578628517461296,0.07355627849284185,0.06399739085248551
6691,8,1.6866769602264426,0.001202881420693014,3.908164946769067e-05,3.386759160820437e-05
6692,8,1.9294592125519905,0.11150029085327456,0.005019646635710189,0.005545406202658406
6693,11,2.8908531374537385,0.0007655204546285147,0.0001461208371576988,0.00011971357467045354
6694,8,2.26201240814729,0.06401484114111702,0.004074237980247181,0.004549582962341337
6695,8,1.5548948596402528,0.0002289392050438786,3.4928407399497704e-05,2.9033031535569425e-05
6696,15,2.900885695537231,0.0023501415035849676,0.0002749754966790068,0.0002646132946148284
6697,11,1.9153200900440137,0.0007449712520610284,5.127590168153136e-05,5.52113053948636e-05
6698,15,2.5159065754240832,0.0008599134959148183,0.00010294122108157244,9.413099568528426e-05
6699,5,1.8379525817242182,5.6716676955674504e-05,1.4363005661284671e-05,1.3382599399665405e-05
6700,15,3.5464101917031305,2.5799554571537413e-05,9.493069877984895e-07,8.047854300315274e-07
6701,11,2.8106418831907134,0.022587625014982862,0.004198939204131439,0.0038659323973214686
6702,5,3.860641057117714,0.001640291820334846,0.0001894485054340682,0.0002226436164543418
6703,5,3.5843179526207494,5.6777090908931406e-05,1.8839435149106436e-05,1.3904848526325063e-05
6704,15,3.5417429559891733,0.07368529194709476,0.01469120762538274,0.012236832895186709
6705,5,3.791789730850023,1.2259006197460763e-05,1.8676181727365472e-06,1.8625049169906647e-06
6706,11,2.271019981061199,0.0020045001350807827,9.469381927626239e-05,0.00013521124458833048
6707,11,2.050672700619802,7.03138061127053e-05,1.4840054443446691e-05,1.2209059567392823e-05
6708,11,3.4219940546115115,0.0011478632607320712,0.0003179235618064257,0.0003535283345224281
6709,5,2.572097629858069,0.018930250147437506,0.0011227511192593157,0.0008920107608727692
6710,11,1.966914099419994,0.00040963392290361184,1.1424397143477175e-05,1.0014429351459928e-05
6711,8,3.4377191078763003,0.0006481839360860236,0.00016908737908994406,0.0001625694549976446
6712,11,3.9174377464758856,2.0298744705331657e-05,4.44886306564085e-06,4.3342230953014704e-06
6713,11,3.8796884413632515,0.001984362370452657,0.0003784819474495283,0.00032171436760993627
6714,5,2.696274843017822,0.00020648709687906783,6.805378274007704e-05,5.400676700866984e-05
6715,15,1.783859920589853,0.009932093372135997,0.001092248138505024,0.0009792903749217961
6716,5,2.294043783713287,0.0037811053175509065,0.0012074140842345403,0.001117364637542947
6717,15,2.340319928976749,0.09973470132492071,0.005435812834335146,0.005050007751101765
6718,15,1.9219584277732011,7.613272474557956e-05,8.229491328996059e-06,9.024258664733682e-06
6719,5,3.810018117470402,0.008564252468176345,0.0026719125293849016,0.0022555608838085643
6720,5,2.2917764780232552,4.344568054857881e-05,6.928536980129487e-06,7.31981773567756e-06
6721,5,3.153449924052633,0.0034064920042246784,0.00030783025424838584,0.0002844189969885001
6722,8,2.6568058669653034,1.2077087473942782e-05,2.927926562938851e-06,2.484014845230435e-06
6723,5,1.7698195475518257,0.19564019622305642,0.047079372124720145,0.05520707891674475
6724,15,1.5077279091091806,1.3170427491315285e-05,2.224120657225664e-06,1.9379730666659113e-06
6725,15,3.0005494027512394,0.0002857948741075195,7.791369592959281e-05,5.961391682374264e-05
6726,8,3.434152964825931,0.012653457097477965,0.003915576740064708,0.003272674584085781
6727,11,1.945903263051918,0.0009644728901391041,0.00019603116465751976,0.00014792003471134028
6728,15,2.004174921231601,0.029022388824307868,0.0035016236463763784,0.002906440457017923
6729,8,1.9229870775657294,0.05539582061205014,0.005498462360806972,0.004256428801981297
6730,15,2.9123454867921317,0.00024124581746522687,1.2207559491632804e-05,1.2345102127565798e-05
6731,5,3.203149616817461,0.00016114270863629122,2.1190096362391457e-05,3.085896802919421e-05
6732,8,2.7104284081979615,0.00018913045038482888,2.8970894407988165e-05,2.2292516197794466e-05
6733,15,1.9210263357484538,4.7573596188638503e-05,7.128813821577585e-06,7.98857551253135e-06
6734,15,3.2161778342290663,0.01898659926798081,0.0010408331124076788,0.0013294112650734074
6735,8,2.42681716670549,0.04285574934538768,0.0036387506450668524,0.003185521137801217
6736,8,3.1618475657830394,1.3712594876101102e-05,2.766060268766762e-06,2.2073366213063733e-06
6737,15,2.787084130108143,0.016767488908282915,0.0018128283416874104,0.0015012626342819056
6738,5,2.0138019112130623,4.3859574806361344e-05,9.43397223676364e-06,7.644963085296552e-06
6739,15,1.978890133791865,0.07577726721696167,0.005888302681445367,0.007154496967612501
6740,11,3.6393737078216297,0.05947517553650999,0.014260409933634838,0.013793911782354245
6741,8,3.943327454963436,0.01073881125582735,0.004472571132062996,0.005105106894008931
6742,8,1.649042337283137,0.12437579347512642,0.005697214059740762,0.006500069032210114
6743,5,2.5183854979067584,0.1993921374939071,0.04244664840625141,0.07080271473881647
6744,15,3.1197198891538203,0.06125150881042118,0.0041826707381835086,0.0038648236376116587
6745,11,1.5379761511804082,0.006512668758096239,0.0008768105655068581,0.0007453225284535133
6746,5,3.4739334829249686,0.0011748640011306985,4.927405506476067e-05,5.5883523977040386e-05
6747,11,2.8160277667129505,1.799575693087474e-05,3.6061284619814e-06,2.9399127353987646e-06
6748,8,3.49277812569714,0.2502972809523032,0.06955132704995667,0.058487603177941105
6749,11,2.4901303200676916,0.0013851218857395228,0.0004014280519284822,0.0003338855615112742
6750,8,2.5489469810317646,2.1223987516691795e-05,4.020292806763652e-06,3.3100440222278285e-06
6751,11,1.9924929663800852,0.07712157088887578,0.00813505764173214,0.00817455874780354
6752,8,1.5474313816523153,0.07436961433978757,0.007986367563576995,0.00646076857870863
6753,5,2.865707568781163,0.00013069476426147848,5.702476188416559e-06,5.105031568467415e-06
6754,5,2.355440212797911,0.00019795732984869528,6.856989460393101e-05,7.471319476199572e-05
6755,5,3.7904457939677636,8.80641874583602e-05,2.4881428497772093e-05,3.900437216336863e-05
6756,11,3.4917773933077254,0.10930667596837618,0.02163943609998293,0.018548765266243186
6757,11,3.7808152691018613,0.00034600321954998534,7.959581624634567e-05,0.00010511027985668908
6758,11,3.3604610078415083,0.0016369505965956723,0.0003142834902506479,0.0003965967781516825
6759,5,2.703749192175494,0.2335205029052953,0.03394419235892823,0.03608193418268326
6760,5,1.9370343024671577,0.00164910711823818,0.000473187796791154,0.0003690313222813224
6761,5,3.1652971775046503,3.2336816502569654e-05,5.906957018052575e-06,4.982212393983654e-06
6762,15,1.8566799196448314,0.0001759658243002896,1.599588417790442e-05,1.4256553566845078e-05
6763,8,2.472190802498409,0.07104384249655697,0.006343019701093438,0.0050823241941728575
6764,5,2.510943930018083,1.9902076591522506e-05,6.40739003023231e-06,7.247699153052006e-06
6765,5,2.1203990707825926,4.843633386279091e-05,1.453591168839979e-05,1.49477344907642e-05
6766,5,1.6860874320750794,0.08974347898233104,0.024233258864502998,0.01972107633111595
6767,5,1.5060426962813274,0.00023167390614020573,3.6942045606570915e-05,3.2863925572742887e-05
6768,11,2.501826541904368,0.000247107076773878,1.4420334666360557e-05,1.2894732239092239e-05
6769,5,1.9856073735859439,0.0003171247561180614,5.2154784309832604e-05,5.425283748164074e-05
6770,15,2.704961772983801,3.675921256730313e-05,3.1059330444901604e-06,3.074641619268536e-06
6771,8,3.8844519220472464,0.10458656217414737,0.017781044794585144,0.013117608728067345
6772,11,2.5351217823755188,0.02891333857976062,0.0029183565656379566,0.0038072654886362254
6773,15,1.702688546993495,0.020242664207793578,0.0011913188802472492,0.0012793784690364905
6774,15,2.2192343566254165,1.895305532521786e-05,1.4589427105753626e-06,1.6082442971108556e-06
6775,11,2.552896620162935,0.000793697764181713,6.421309309979513e-05,6.0149560766525123e-05
6776,11,3.2959268563556225,0.0002732851497049121,2.416487180455643e-05,4.541939983621795e-05
6777,11,3.3748484579251325,0.00016013030790272797,1.0112456433997056e-05,1.2646502439989063e-05
6778,15,3.254535507021506,0.0021150553444548455,0.00016616262065084593,0.00015932181183683612
6779,11,3.819881019079396,0.03569490517469863,0.010352354938993552,0.009672257296975016
6780,11,1.5220221397823075,0.16647484454235914,0.006393911648688416,0.008002912648634578
6781,15,2.9371516849403996,5.1633292801054885e-05,7.595191846287511e-06,6.1792384179026804e-06
6782,5,3.4872727046191403,0.005903961605088198,0.0015960361149767177,0.0011609542877747511
6783,11,2.4746430119537495,0.0017001484294237213,0.00028547068632988335,0.00023861865705258252
6784,15,2.9165649821763195,0.0017133886129876476,0.00018624571042460023,0.00014774905304493473
6785,15,2.1335561708824016,0.051614630503889175,0.005741834664239808,0.005872870758672104
6786,11,1.6018834845269172,0.10091714561931793,0.013823199558963817,0.011527650660954937
6787,11,2.5920304673842645,0.0006796623543074137,9.023461827929662e-05,7.616296727052093e-05
6788,11,2.6958469593465875,0.0010269199751445543,0.00021765424229715707,0.0001763957771314412
6789,8,1.8214979974022547,0.04538092393661527,0.005645925331416212,0.0048606440760015305
6790,11,3.468225993716976,0.001670683468623085,8.870590370657481e-05,0.0001112118594740292
6791,11,3.698786162966903,0.030781698146173084,0.0034788273412476077,0.0030395024975249734
6792,11,2.157580678300964,2.344071120889138e-05,4.2390775679791305e-06,4.44193830903799e-06
6793,15,3.885312064674337,0.0010583463655248345,0.0002447178289770555,0.0003189970749972871
6794,11,3.110492158613007,0.029853384518539746,0.007223636364432047,0.006419398753162919
6795,15,3.232093603993653,0.001321116151968581,0.00020467802798871247,0.00016487051298879634
6796,15,2.324907942508649,0.004155809440360636,0.0001178656105496713,0.00011682984773009354
6797,15,3.7625290325343688,0.09134193847405395,0.0070151881546749555,0.005996754803045597
6798,5,1.8324672808687072,0.0077106902731458905,0.0009623214196246325,0.000865891283717517
6799,8,3.590847749914346,4.925334919822741e-05,7.289976861221863e-06,6.476356606612762e-06
6800,8,2.6774404935698497,0.006011024614334437,0.0004301190679778647,0.00032988017173127477
6801,8,2.0845484736986952,0.003901564607233713,0.0006296160789796793,0.00060847702381515
6802,8,2.214620405913821,0.10140673239195651,0.01542894854026704,0.012709166801525973
6803,5,2.4095019497103207,0.36421778814067113,0.06642668127756558,0.05005400563794823
6804,5,2.1145187207714606,0.007733106972467613,0.0008867686545800618,0.0007854451778419457
6805,5,3.4475513168575325,0.0001508394165175829,4.3041413157119285e-05,3.488464039809265e-05
6806,8,2.9563994808940253,0.18013396245662253,0.023683280667190512,0.020180720841202336
6807,8,3.154963846266418,0.20977080406011805,0.04480031737685882,0.03251046879243292
6808,8,3.2726095694798496,0.01237992506222757,0.0008850543483492328,0.0007543385698593615
6809,15,2.3444483922342765,1.7837978845813326e-05,2.4798057432551832e-06,1.9166890856739578e-06
6810,15,2.319883411661852,0.011187488690538056,0.0008245454427698558,0.0008679994182778407
6811,5,1.812207931325363,0.0003042983633996306,3.091565332594484e-05,5.176419927021277e-05
6812,11,3.1931613951037376,0.001298708420054871,0.00021577328097123634,0.00021262752996131939
6813,8,2.971832499579385,0.00027522339386305833,4.767310159228447e-05,5.798376925702847e-05
6814,15,3.7969324289096575,0.0008870092097687189,7.332849022506836e-05,6.657096881155932e-05
6815,5,3.3069604955441396,0.018669792412754797,0.003789304461534548,0.0037557184136666863
6816,15,2.090730906369153,0.00024373117335272504,4.691910343110573e-05,3.8066483472003607e-05
6817,5,1.7467295733703985,0.005732548274392247,0.0006648903042080443,0.0007326425427591645
6818,8,3.9838024149933773,7.469396151249407e-05,4.454296050764156e-06,5.437816454388184e-06
6819,11,3.1172967847599584,0.015377152122995298,0.0028535537705191754,0.0023248955893266795
6820,15,3.3536014956844995,4.1543767152996536e-05,5.1987290999459805e-06,4.340624823013289e-06
6821,5,2.0898435397613326,0.3744463477706489,0.06527072764740954,0.05879466934759572
6822,8,3.214698586482399,0.0002621236107986696,2.5017746786385936e-05,2.1976942223273038e-05
6823,5,1.828156414725584,0.11814017433000269,0.031132626928366037,0.027847883729469097
6824,8,3.735153091366378,0.18561737980202944,0.019051838691867353,0.021406316191267555
6825,5,1.7885209116534493,0.0007931262093266782,4.984170794756236e-05,4.2608138700012795e-05
6826,8,2.7892067045781164,7.227024022765696e-05,1.2253134270189733e-05,9.836840385727034e-06
6827,8,2.46117218067875,2.9025787290990597e-05,5.715949256163763e-06,4.518588224067091e-06
6828,5,3.9809093990203483,5.3793002866405035e-05,1.1828713014360362e-05,1.4408778752430493e-05
6829,15,3.5312786581387394,4.547237985622064e-05,7.471980176404576e-06,6.8424693012307035e-06
6830,15,1.5929117119807756,0.07694984176059066,0.006521733596499664,0.005163433678250667
6831,11,1.830013827076869,0.06942185374288606,0.006694229558012415,0.006046804257103147
6832,8,1.9891227821541717,2.638782827920333e-05,1.9590037901270505e-06,1.6985919285631321e-06
6833,5,2.6972670694865863,0.06169219924606997,0.01105253107295973,0.009677588268219225
6834,11,2.6347744943509848,4.190048058179433e-05,4.944664362190318e-06,3.974544568551742e-06
6835,15,2.944581183197961,0.0020748193805194214,0.00042529261445536004,0.0005006704086376945
6836,11,2.6146119019112137,0.00968595303395474,0.002081469214290128,0.002032622402666959
6837,8,3.966893458937957,0.0002571081696085926,0.00010042858181059233,9.970912562466398e-05
6838,11,3.8937573448356755,0.057128213640274046,0.005003301807425131,0.004840595098725121
6839,15,3.836293111807918,0.04174915283280115,0.005540879234719621,0.004472484526618826
6840,8,3.1249626803713486,0.06146717277079228,0.01766185374826563,0.014735964886058913
6841,5,3.0775491430637416,0.002656554329415368,0.0006372941509325754,0.0005301487661406072
6842,15,2.511771462942486,1.858105108444843e-05,2.3885787722304518e-06,1.962597188172039e-06
6843,15,3.9370893277033687,0.015168480326486582,0.002760620244313845,0.0030765397201108157
6844,15,3.8640453104854338,3.8596764299479e-05,2.9861681433749866e-06,7.144159196874817e-06
6845,15,2.1777440583744845,0.0001167919178249541,1.734572067334655e-05,1.2971270837950662e-05
6846,15,3.456900379121705,1.7644898195508725e-05,3.2349935778885776e-06,2.854471224482928e-06
6847,8,2.0341871852587436,0.006306730273801809,0.00027242702252987803,0.00024547214829434685
6848,8,3.505400213407571,0.030401232923336574,0.00712412967717999,0.005732223442233217
6849,11,3.697415994331467,0.002619868785940673,0.0005850123829339259,0.0006139906865223212
6850,8,3.7172206362753353,0.0024116672507268097,0.0007546124349282978,0.0006819823946183482
6851,5,2.5646795646161573,0.14938918819806155,0.046979459812286926,0.04646797386728028
6852,5,3.5601922417638034,1.424464585905564e-05,4.605318091558362e-06,3.5315573003697366e-06
6853,5,2.440392505629877,1.1367980440829287e-05,5.683215390521997e-07,6.434291300157252e-07
6854,11,1.9207259242222583,0.1257196039615847,0.02033488293834775,0.017174228796153365
6855,15,2.3927390148178973,0.00017931694198910348,6.470952241257443e-06,9.747184332543444e-06
6856,8,3.4467456319956793,0.1623660320782717,0.02466165008589955,0.02666411463860701
6857,15,3.486660101254242,0.0018814980138510279,0.0005794873083004601,0.0004609415376443188
6858,8,2.7832919953865844,0.019788937336551342,0.006057837347249082,0.005186456286899615
6859,8,2.5164271795416884,0.005479544952785869,0.0010314928563854723,0.0009129531276142092
6860,5,3.128366401008913,0.0010561331525407189,0.00014957441653240105,0.00012023344969239961
6861,5,2.0418201826810796,7.718605865160545e-05,1.7186438299068796e-05,1.6682298811249694e-05
6862,11,3.375692173821827,0.00397236560908981,0.0005735114269187517,0.0005342472267071911
6863,11,1.5322354699976497,0.07902350565469815,0.010362422496753024,0.008337652375168984
6864,8,3.336273361361994,0.0020160403662582453,0.0006987809812408605,0.0006437348777784932
6865,11,3.880592695046678,0.16186131764855427,0.020851509420403407,0.01834890748179712
6866,11,3.0581461947360036,0.0024290078404927916,0.00022390408770417658,0.00019568317743986696
6867,11,2.881601070119896,0.018016461652125306,0.0009584377935766067,0.0010367931430348184
6868,5,2.514991093887654,0.0010388183731197221,7.174060432170779e-05,7.03271636630234e-05
6869,15,3.7329540633043052,0.0005465310753311603,0.00012430471503542371,0.00016804080073622014
6870,5,3.22358386525348,0.001490987629351866,0.00045423481017710127,0.00035151523838256775
6871,5,3.891810165059062,0.0010037013060207503,0.00019844096483356716,0.00021034676669516987
6872,8,2.8879703970713626,0.0010142036519205295,0.00016286479082882046,0.00014250094143721727
6873,5,2.1234827177401217,0.10724773608629411,0.01502272069143857,0.012124530401253737
6874,11,3.6522571542890105,0.04236609778170011,0.0064977249678241766,0.007420946485495793
6875,8,1.647306842595729,0.01608327716735546,0.0020503261073229933,0.0016723608099788948
6876,11,3.2741692487731524,0.0011046159440863334,0.00013746946937984254,0.00015715376975717916
6877,8,2.083144538362266,0.003254811293194476,0.0002805849625719186,0.000260225828418255
6878,8,3.603496720560569,0.0026401643947338528,0.00028050799836007207,0.00027929407554681926
6879,15,2.1285767271775575,1.0658073390728118e-05,9.143993061914895e-07,8.315395178187431e-07
6880,5,2.147742183508616,0.004372001901893414,0.000902711974380452,0.0007385406205780139
6881,5,3.7089174823847895,0.00020492678419114152,7.459947665193259e-05,9.403272688163126e-05
6882,8,2.021221626262031,0.001998437760514975,0.0001576563744778359,0.00018531439688202812
6883,15,1.9694032269153459,3.903689366899966e-05,1.5859709889951173e-06,1.5744342882115052e-06
6884,11,3.4080607444667055,0.005503453222177333,0.0006144715404535804,0.0008567383113967298
6885,5,3.33953177667809,0.10555868592734403,0.026079123285410365,0.025815632875649003
6886,11,2.7868730435591136,4.788680228222302e-05,4.388883592429677e-06,4.073044178099118e-06
6887,15,1.5598476423148162,0.08646753304858452,0.0019532159601998436,0.0022495051766955355
6888,11,2.5555411229930285,0.0004936394043323971,6.968829707559898e-05,7.395568393089374e-05
6889,8,2.33968611323032,0.022343478527683664,0.004036041784160517,0.003200017793231333
6890,8,1.8173792405310072,0.010088964239075477,0.0014491406535796537,0.0012534816156149942
6891,8,3.290870493559843,0.0034151989728218504,0.0010405465201975051,0.0010635153426762902
6892,11,3.7794061489257444,0.0002506414830067377,1.732896230710557e-05,1.6974334098945612e-05
6893,15,2.730179703413503,0.03130136848787271,0.004014336375861188,0.003480805369231134
6894,15,1.7665162087975372,0.0019751946970950414,0.00015831819698165943,0.00017609529912643182
6895,15,3.5155558349987563,0.00011063255551747586,1.297980904723252e-05,1.3133695191841623e-05
6896,15,3.9608100634792747,7.525176203724105e-05,1.724088973908935e-05,1.3132824209744231e-05
6897,15,3.0122147522036076,0.0009552461819035957,0.00013912777582586144,0.00011348625930968258
6898,15,3.2056798836780502,0.0008424300097548817,0.00013164472099921277,0.00013381150689193761
6899,15,1.8245152822990713,0.0014981170654586671,9.267295166450943e-05,8.88189844382272e-05
6900,8,2.084434128802209,0.010124304951099963,0.002203774293044995,0.0028741785664477015
6901,8,3.2537675130696226,0.1860972171819802,0.05573045176173147,0.04234434801293348
6902,8,3.7969086471531317,0.002473357696333793,0.0005999481057952802,0.0004825322233809836
6903,15,2.0680620145361255,7.492975753627121e-05,1.6351448530139618e-05,1.3114528375432064e-05
6904,5,2.2259599633881604,0.0752085731250175,0.02341615863092112,0.020567638890473767
6905,15,2.1380012319764425,1.8242153970066283e-05,2.0858130351460153e-06,1.7971822944271293e-06
6906,11,1.6019593215038905,0.08018423636925953,0.0031351339064631376,0.002407209133932859
6907,8,1.578325236209712,0.006028892006856721,0.000886731075210217,0.0007831155928709206
6908,5,3.861403002812981,0.1691543383329404,0.04978631969674888,0.04147034444872359
6909,8,3.6878395318006767,0.0031328708523423393,0.0006002281838269751,0.0006457758245919014
6910,15,1.9379041129610453,0.0008592998044935064,3.9241340143238614e-05,3.182714045327751e-05
6911,11,2.0424144163716034,0.0004985870827399371,0.00013076372917559026,0.00011031899584821044
6912,8,2.601259241947316,0.05532441935342565,0.0021615730640692707,0.0018994292976480943
6913,15,3.041298511006085,0.001900196212505677,0.00022646984547581992,0.00020086343827004397
6914,5,1.833729172255048,0.0004001267012172795,2.995940674098115e-05,2.5290827810200098e-05
6915,8,2.7428358237205486,0.0006487904331795864,0.0001847702470881441,0.00015633436125709731
6916,11,1.6655993159600313,3.4586683838569474e-05,2.4358749449435324e-06,1.9166124503921573e-06
6917,5,2.1062235385548407,0.37251638518351593,0.039886488438310254,0.03875258925346749
6918,5,3.7415993196699566,0.006538583801940694,0.0016571144308269367,0.007000116856520031
6919,11,3.1876565312274887,0.002933986122847737,0.00040109858282684713,0.00044256695917927814
6920,8,2.150160883692999,0.0013562740014774247,0.0001532880447210763,0.0001284137094918305
6921,8,2.104468364158399,0.004463323812834833,0.0004808978036442438,0.0004868809258586021
6922,8,3.7833911626172383,0.00016997136793893669,2.6217228920862833e-05,2.2073394221239054e-05
6923,15,3.31814759404734,0.01969250036120237,0.0036830472097904173,0.0030289502344572014
6924,15,3.8641722644288086,0.059300814077175606,0.011992845224484246,0.009580597786132917
6925,11,2.678479958774297,0.0002479953591438757,1.3886557851148868e-05,1.1456420480991509e-05
6926,5,2.1885824897843182,0.005196788615985632,0.00121170309087297,0.0016707302101099917
6927,11,3.6059788596346545,0.009421717277265438,0.0019435962307475867,0.0016778009917447897
6928,8,1.723759891280594,0.07501839943443794,0.005688864389717607,0.00461910585717123
6929,8,1.5987177623127535,0.05154911739854138,0.007220791266773396,0.00615535988633885
6930,11,3.4789659592440976,1.3876303460680506e-05,2.6120955792038987e-06,2.591890063189911e-06
6931,5,2.5032084959067236,6.620126104515877e-05,1.0992768029874913e-05,1.0872751638429152e-05
6932,11,2.9864742829849575,0.010418478967471728,0.002362510941347764,0.0018118399981492585
6933,15,3.428244212062529,0.0008165472802238843,7.521216100533337e-05,7.89189300257746e-05
6934,8,2.4119920998111404,6.80702171690553e-05,1.1982214933192725e-05,1.4173244360294667e-05
6935,15,1.8423907553533734,1.2311990800178572e-05,1.0436100808117064e-06,9.290474098232552e-07
6936,8,2.8070758020839217,0.00021093799092661148,3.458565770278958e-05,3.5664626236718524e-05
6937,8,3.867052620339715,0.00018974471400581353,4.025808409062129e-05,3.473879573009158e-05
6938,15,1.759141689971759,0.008857772998284589,0.00047483886990128,0.0004093220439952485
6939,11,1.615773863583698,0.03409466712473615,0.003281070038243213,0.004915622412208433
6940,15,2.2406052230029956,0.00753721332695329,0.001003745382660811,0.0010682923756581862
6941,5,2.370856735222377,0.05571465051329508,0.0074777306707705556,0.006543555225399195
6942,5,3.9924472569408693,0.00032656641783792477,5.035491340162989e-05,4.267619413601259e-05
6943,11,3.987856980958045,0.01696544664518802,0.006368582395760007,0.005068890598620089
6944,11,3.0108866892477613,0.0012380686998836239,0.0003018444202480885,0.0002602546627039037
6945,11,3.863511145051284,1.6966482076543676e-05,5.1330962393070304e-06,3.909959524930233e-06
6946,5,1.5007842646418597,5.8604836774499744e-05,5.287122407057113e-06,4.265198054703787e-06
6947,11,3.177449764144262,0.06673069142150023,0.011632337386712736,0.012106276308103497
6948,8,3.8414616128918158,0.0010412430110470557,0.00018386862794282925,0.00015223944967708786
6949,5,3.7041247606988947,0.05344302342749885,0.019451623459604998,0.017154166640599856
6950,11,1.6815721387349123,0.006480006732545038,0.0005873191900433485,0.0004792487184932754
6951,8,2.4274148463558336,0.0024040252354818937,0.0002267520351275911,0.00018542255720469452
6952,11,3.572673869046201,0.007644551462921292,0.0019059677593740313,0.001463199152617484
6953,5,1.657908581550093,0.00020768508544711327,3.519262066930795e-05,2.8626630890073863e-05
6954,11,3.1753952413863096,0.022267626866367435,0.0024633889070143763,0.001943526813444419
6955,15,3.3710843764809084,0.0014807563671724055,6.612453291641192e-05,5.690870853667964e-05
6956,11,2.2878799218274013,5.4720772089942095e-05,8.936227369388261e-06,7.439093471677829e-06
6957,15,3.3027602487766314,0.027649865205786675,0.006817490972048128,0.006032880253520154
6958,5,3.897038395777215,0.00016647107981314352,4.565562931627716e-05,4.0508695123179936e-05
6959,11,2.962642526909192,0.017503790621702386,0.005325219134708202,0.0044143274456469855
6960,8,3.5160299232395236,0.0017517671551746652,0.0003478332516058101,0.0003884078768901477
6961,8,2.1356592018445424,0.23998723963840563,0.004695633409067262,0.004022934559408739
6962,8,2.751140000320106,1.1777692793084217e-05,2.568631580178282e-06,2.602387507723736e-06
6963,11,1.8885138091520735,0.0005303563036306943,4.788763646299351e-05,4.3630102577545254e-05
6964,11,3.6651238204896126,0.0031517739806583575,0.0004252009299223737,0.0006070884108508184
6965,8,3.412146866284385,0.00047186729747751777,6.618516841578012e-05,7.460892428995283e-05
6966,15,1.5225063144611264,0.00012025225068272646,6.3749718159687184e-06,5.195714426375105e-06
6967,15,3.214096340910264,0.0003324017880726574,3.5120497370937515e-05,2.911354205465478e-05
6968,11,1.7831104007301803,0.0002418992417225446,4.192508782825739e-05,3.4708108049407746e-05
6969,11,3.641785885566381,0.013693973281690279,0.003967616623619618,0.0032286600501719286
6970,15,3.2318267071234668,0.02178173645144007,0.0022536189637269457,0.0029102883520792174
6971,15,3.151586021363534,0.0002581175802147632,2.6092706813953896e-05,2.1001112164945918e-05
6972,8,2.2168255136909387,0.012290419569887346,0.0006013424931371964,0.000571350832191419
6973,8,2.758950797908352,0.042345155459557186,0.009022684173566857,0.00703473543007991
6974,8,3.719625653254645,1.184773077553761e-05,1.1145650485973316e-06,9.424321183336777e-07
6975,5,2.508611049393546,0.031332850759536186,0.007919520412730507,0.006343459235319903
6976,15,3.842342350997471,0.008810042636902944,0.0013779321586926364,0.0011329635563855013
6977,15,2.4152227770913037,0.05038662474189061,0.005116929454067351,0.0047782745401348595
6978,11,3.912742319085838,0.040595097960127016,0.011749930540079574,0.009168210430602088
6979,5,3.8024591659716136,0.00268742552504939,0.00042690187616896186,0.0003912419632419248
6980,8,3.301316602850292,0.0006784056163520117,0.00011161914689704062,0.00010933842513678785
6981,8,2.1059548619629087,1.4794650350544879e-05,3.1994162552508103e-06,2.8990859780566437e-06
6982,15,1.590941745625647,0.022652559326934354,0.0014306397941724752,0.0011482640144506494
6983,15,3.0839050373638632,0.04895283288092002,0.0033135251737144095,0.003234318128535134
6984,8,2.6869529930980507,0.0005466347163705549,4.3160007101207765e-05,3.981103290079019e-05
6985,15,3.9164525411662745,1.020695113685395e-05,1.0671403295265123e-06,1.396079108824107e-06
6986,11,1.9054443531726242,0.16936601330927958,0.009135828179033887,0.009886793592852
6987,5,3.3363134580444056,0.00097776616947952,9.498956863854107e-05,7.718411555196311e-05
6988,8,1.7494662236569716,1.2507645797649564e-05,1.2097195339759974e-06,1.4481065685587318e-06
6989,5,2.248163567767784,8.286196550257625e-05,2.4734492062611073e-05,1.8411341788397186e-05
6990,15,2.3422883530634744,0.037517820125743846,0.008083179666239053,0.006364703599128031
6991,15,3.6914131089771907,0.20074585722935004,0.032669005182179925,0.030188535019103433
6992,15,3.9314706110217754,0.27014481896868453,0.0404858960946533,0.031072356306305
6993,15,1.7379847794908465,0.020314833201388785,0.0022119270156293696,0.0020238337084467492
6994,11,3.753331574652643,0.02240105967658898,0.005584849121050034,0.005192938948466604
6995,11,2.4854017808317477,0.09781253899490884,0.020536762238291345,0.020557735056903347
6996,5,2.6466716487689075,0.35438359114803575,0.05429479208707789,0.04967212215467789
6997,11,3.2805080956452937,0.0005586537643497091,8.124801980226751e-05,7.62991492822263e-05
6998,8,1.7089433654344128,0.00014269413810146078,1.8695662807472267e-05,1.815822219132292e-05
6999,8,2.537317107158106,0.05134299891018175,0.0141739266612613,0.013686250226824825
